row_id,label,predictor_group
ITIncident:3,2,673440952834154239
ITIncident:12,2,7862495347718705166
ITIncident:19,2,17205910831081290492
ITIncident:23,2,18140473816442463946
ITIncident:31,0,152155832389473589
ITIncident:39,2,6653462977498075654
ITIncident:48,2,4659301617815422939
ITIncident:61,2,7595482035540535165
ITIncident:65,2,1459935131656689704
ITIncident:76,2,5901909549353940326
ITIncident:84,2,17308521104434973873
ITIncident:92,2,10677255999626376578
ITIncident:98,2,4197968167592960992
ITIncident:104,2,15351203434930221260
ITIncident:107,2,5913741888844102580
ITIncident:113,2,16351644356446806287
ITIncident:118,2,3339939977579502139
ITIncident:126,2,15957713418053779303
ITIncident:131,1,18361443633641801720
ITIncident:137,1,15351203434930221260
ITIncident:141,2,1727333418607426606
ITIncident:150,2,9797938735035546857
ITIncident:154,2,3302442027771718986
ITIncident:157,2,2091516040976172084
ITIncident:167,1,15176051102380839319
ITIncident:172,2,5208546258986366120
ITIncident:174,2,9945941132196768584
ITIncident:179,1,1593926228265458046
ITIncident:185,2,14253560755883491106
ITIncident:189,2,8389830069399527747
ITIncident:193,2,3494810207160187843
ITIncident:200,1,11344437114935795460
ITIncident:219,2,11315761521028176589
ITIncident:223,2,16769758361073592411
ITIncident:230,0,5967860463678326958
ITIncident:238,2,12770864633472918045
ITIncident:242,2,4897344512583006685
ITIncident:246,2,8207999018921873214
ITIncident:252,2,8420614172175461951
ITIncident:257,2,11637584219702845270
ITIncident:266,2,9615198835627712997
ITIncident:272,2,14576315980303898192
ITIncident:276,2,8572996085173781095
ITIncident:280,2,6566324433892421078
ITIncident:283,2,18055740909677375920
ITIncident:288,2,113325898174435702
ITIncident:292,2,16769758361073592411
ITIncident:296,2,9213927834374678117
ITIncident:303,2,17974641872020210663
ITIncident:307,2,13751682817840589948
ITIncident:314,2,5909936298048866684
ITIncident:327,2,7973572924333040755
ITIncident:333,2,15649394538777124840
ITIncident:337,2,13625545400350947331
ITIncident:343,2,2220103840002293772
ITIncident:348,1,12879980009431885197
ITIncident:356,2,3792430503094155469
ITIncident:360,2,5254449627810494950
ITIncident:366,2,13374010077097818657
ITIncident:373,2,9297690461194695889
ITIncident:377,2,9522857331703083794
ITIncident:381,2,10363986781688218199
ITIncident:388,2,517200015843613161
ITIncident:392,2,5293207429521364556
ITIncident:396,2,13751682817840589948
ITIncident:401,2,12750935047596946907
ITIncident:405,2,16769758361073592411
ITIncident:409,2,12956477371067426317
ITIncident:413,2,5293207429521364556
ITIncident:416,2,3979507699233217358
ITIncident:422,2,15028464925632420294
ITIncident:424,2,1914219131320520184
ITIncident:435,1,11963297702860813217
ITIncident:442,2,171507200858783260
ITIncident:446,2,12746109847538349618
ITIncident:450,2,4133683158252028124
ITIncident:453,2,7408952654849099208
ITIncident:456,2,18329903193198230849
ITIncident:470,0,8568329690884139085
ITIncident:480,2,2701929684761558006
ITIncident:488,1,6388854008444885814
ITIncident:495,2,10229518140533291382
ITIncident:498,2,15670884275757897122
ITIncident:502,2,2943529047392839800
ITIncident:505,2,5160940890369151714
ITIncident:508,2,15173706927620176065
ITIncident:514,2,10726542390457030705
ITIncident:517,2,2091516040976172084
ITIncident:521,2,11595420538359936828
ITIncident:547,2,14956673628817346241
ITIncident:549,1,13546719886130856852
ITIncident:553,1,17594882237306776716
ITIncident:558,2,4234715145098763206
ITIncident:563,2,5036045638600377884
ITIncident:566,2,14765079795498387209
ITIncident:574,2,2171244314602113833
ITIncident:581,2,9367257645222116624
ITIncident:587,2,9292719351534232056
ITIncident:592,2,7330224854982912501
ITIncident:602,2,17053188934669390155
ITIncident:606,2,6348996088551732789
ITIncident:616,2,17745519910671299829
ITIncident:629,1,2910239914757732093
ITIncident:633,2,14700748489539980296
ITIncident:637,2,15101034656560193045
ITIncident:646,2,11094615354936589721
ITIncident:663,2,1917408611366775871
ITIncident:670,2,1056414402556758149
ITIncident:674,2,15433553222243775818
ITIncident:684,2,15098311725471379386
ITIncident:687,2,17888611347161269899
ITIncident:695,0,8897923636740991235
ITIncident:703,2,7308594703028732549
ITIncident:711,2,16473708921560111185
ITIncident:723,2,15277819677937006842
ITIncident:741,2,3516621934887767669
ITIncident:743,2,2508235343769023642
ITIncident:755,1,13496042039803973464
ITIncident:761,2,11939929257884686541
ITIncident:767,2,9574574514192462503
ITIncident:771,2,12227692257350115693
ITIncident:783,2,15227693211385353492
ITIncident:787,2,231167210905791487
ITIncident:796,2,4314532618453934601
ITIncident:802,2,18005868386883126968
ITIncident:808,2,17547397496871104055
ITIncident:813,2,11051545368059524375
ITIncident:815,2,3613652874584595223
ITIncident:825,1,4769868516223183226
ITIncident:846,2,1917639196859842398
ITIncident:851,2,6618614881810180717
ITIncident:857,2,6087565058568797605
ITIncident:862,1,2450302820385409416
ITIncident:869,2,17645594506841854696
ITIncident:879,2,13479159435943272125
ITIncident:887,1,13907229300815004670
ITIncident:893,2,16031205281674726928
ITIncident:903,2,3863926445357377500
ITIncident:907,2,11772564002694214241
ITIncident:912,1,6301616434219286633
ITIncident:916,1,11124802529774396605
ITIncident:922,2,4549620927228935547
ITIncident:928,1,10267783776614814834
ITIncident:934,1,265651002294832218
ITIncident:939,2,770806310245674025
ITIncident:941,2,5746657514928028145
ITIncident:946,1,4110066174695203542
ITIncident:950,1,10896664303207122890
ITIncident:966,2,17947671142985793786
ITIncident:971,1,10896664303207122890
ITIncident:988,2,11425407989347533603
ITIncident:991,1,2432309840921996170
ITIncident:995,1,112790952559991485
ITIncident:998,2,7216145585855784956
ITIncident:1003,1,265651002294832218
ITIncident:1006,2,14318654652955782410
ITIncident:1014,0,16018966651755551512
ITIncident:1019,1,2300870211195418603
ITIncident:1028,2,7197723495305903175
ITIncident:1033,2,8767847219506010067
ITIncident:1038,2,10491376999021660552
ITIncident:1045,1,16383197322900806906
ITIncident:1049,1,10896664303207122890
ITIncident:1051,2,7501438360233767354
ITIncident:1053,2,7049719019519388624
ITIncident:1058,2,3806697633743132084
ITIncident:1067,2,270779121627560316
ITIncident:1073,2,8757597159793312186
ITIncident:1078,1,3796358618860328685
ITIncident:1087,1,16864546924357699284
ITIncident:1095,2,10771313883609254540
ITIncident:1100,1,16064887989699034198
ITIncident:1103,2,16717582510943103162
ITIncident:1109,0,13163921327354134134
ITIncident:1115,1,16107730917675423038
ITIncident:1119,2,8278330575749276097
ITIncident:1124,1,7280040783085608669
ITIncident:1128,2,5254449627810494950
ITIncident:1135,1,17360740190125445868
ITIncident:1139,2,8197698007800032149
ITIncident:1143,1,15522771233338836362
ITIncident:1147,2,9286212964924065499
ITIncident:1150,2,11109244618615730973
ITIncident:1154,2,4410233274841038239
ITIncident:1164,2,8791057950983133045
ITIncident:1173,2,14192992781318446732
ITIncident:1180,0,16610813815379906410
ITIncident:1186,2,15482012313673547179
ITIncident:1190,2,1257664810536953357
ITIncident:1202,2,2891495768365399264
ITIncident:1215,2,1755924981470195855
ITIncident:1218,2,3185684740611066392
ITIncident:1220,2,8823370602224812795
ITIncident:1233,2,3562828743501024351
ITIncident:1240,2,7313438066015671777
ITIncident:1262,2,17032966930342420473
ITIncident:1266,2,15828527521464393055
ITIncident:1276,2,2353910478088860573
ITIncident:1281,2,14248097723978285874
ITIncident:1284,2,1038978667268215376
ITIncident:1292,0,6838882115419518261
ITIncident:1296,2,6566324433892421078
ITIncident:1300,2,7246169565230239637
ITIncident:1306,2,2945065487805876006
ITIncident:1324,0,17302184509400008559
ITIncident:1328,2,8656281639332930313
ITIncident:1341,2,7260411409599928495
ITIncident:1346,2,9871936305199038698
ITIncident:1357,2,4415206196009270809
ITIncident:1363,2,13361424761718138297
ITIncident:1367,2,11050403157125725304
ITIncident:1371,2,5079723968307187796
ITIncident:1380,2,8257160089332544091
ITIncident:1393,2,9101070337857153515
ITIncident:1399,2,3873740070725004442
ITIncident:1403,2,13822444985596045185
ITIncident:1416,2,8998846847064128673
ITIncident:1423,2,6460983310353164501
ITIncident:1432,2,6420924902482425320
ITIncident:1440,2,18120035169962829662
ITIncident:1446,0,4941581969211232027
ITIncident:1452,2,12776662901077747304
ITIncident:1458,2,17438665402129535885
ITIncident:1465,2,8809065909393383827
ITIncident:1475,0,14582569311656524116
ITIncident:1482,2,2034994084777752885
ITIncident:1489,2,17085119827259166818
ITIncident:1494,1,9011613307115027151
ITIncident:1498,2,10187953272657610090
ITIncident:1503,2,2767749377396366695
ITIncident:1508,2,1459347779642060927
ITIncident:1519,2,6738257601274161057
ITIncident:1525,2,800455090616809820
ITIncident:1531,2,166426339427822401
ITIncident:1535,2,8591571680658882701
ITIncident:1548,2,10056487397686499239
ITIncident:1558,2,13847009963755819170
ITIncident:1561,2,12884538789787241214
ITIncident:1566,2,4564432899877697645
ITIncident:1572,1,15649394538777124840
ITIncident:1575,2,8292001946340316978
ITIncident:1581,1,10993727385538323184
ITIncident:1589,2,16317110623800215371
ITIncident:1593,2,18426082409233566953
ITIncident:1603,2,5979958462560569531
ITIncident:1606,2,5958975910835125598
ITIncident:1610,0,5549676776598832276
ITIncident:1617,2,15599135801940898072
ITIncident:1620,2,3891651575771516705
ITIncident:1645,1,7140053009539237968
ITIncident:1654,2,13620935995783938470
ITIncident:1659,1,8325528453164243726
ITIncident:1662,2,15130836115267301978
ITIncident:1670,2,16776369116936058193
ITIncident:1676,0,13754499890548126188
ITIncident:1682,2,1141096202558813539
ITIncident:1694,1,18095347238792491585
ITIncident:1705,2,11360146355181195005
ITIncident:1712,2,17910286147102298351
ITIncident:1717,2,15450643465813754417
ITIncident:1721,2,17594882237306776716
ITIncident:1743,2,8561198500444593608
ITIncident:1754,2,13042864320380090524
ITIncident:1762,2,2769259812207829349
ITIncident:1767,2,7110703402386415391
ITIncident:1774,2,3152321005413390794
ITIncident:1779,2,14986672719965520413
ITIncident:1785,0,2377700812685802003
ITIncident:1793,2,12257807866638200280
ITIncident:1801,1,10310435583316652679
ITIncident:1807,2,15951415857305588305
ITIncident:1819,2,3416995818359836938
ITIncident:1826,1,4318531747557757620
ITIncident:1832,0,16269906920885437844
ITIncident:1845,2,11216999065305448940
ITIncident:1852,2,1099021449770488979
ITIncident:1855,2,882357821737494263
ITIncident:1859,2,5488573437673639677
ITIncident:1861,2,1814461872972757048
ITIncident:1865,2,14395793747603539879
ITIncident:1875,1,16199806196615925658
ITIncident:1891,2,14679303418897597592
ITIncident:1903,2,9361897637417825290
ITIncident:1909,2,538286420185018289
ITIncident:1918,2,2031407428830829035
ITIncident:1925,2,15662820620019355707
ITIncident:1935,2,418238721020887722
ITIncident:1941,2,14917355345728610235
ITIncident:1952,2,10648376908057491624
ITIncident:1957,1,9851553211355412499
ITIncident:1967,2,10394066532190717368
ITIncident:1975,1,15798734706098155590
ITIncident:1977,2,17640330404849335524
ITIncident:1988,2,1976125035596770742
ITIncident:1998,2,3218143545689332039
ITIncident:2010,2,8143957602189455189
ITIncident:2020,2,1271204481640799437
ITIncident:2026,2,7784721895369587298
ITIncident:2033,2,2903874906886175897
ITIncident:2039,2,15951415857305588305
ITIncident:2045,2,13470066870867853352
ITIncident:2054,2,4130317566527377575
ITIncident:2058,2,11003029867960192351
ITIncident:2066,2,11797762829303282977
ITIncident:2069,2,7370262386178164726
ITIncident:2077,2,16538790274245009804
ITIncident:2082,1,103075216150069538
ITIncident:2088,2,15649394538777124840
ITIncident:2095,1,15045359622421036711
ITIncident:2101,2,6484467252507803187
ITIncident:2105,2,15634482134483548888
ITIncident:2115,0,7524205629728469418
ITIncident:2120,2,4178061827576658030
ITIncident:2125,2,5662384608621974358
ITIncident:2130,2,16324966997665015941
ITIncident:2134,2,827516282265014256
ITIncident:2146,2,13594224429486582551
ITIncident:2152,0,11697456077468304441
ITIncident:2156,2,44365086054481402
ITIncident:2161,0,9940538676750405326
ITIncident:2165,0,9778245595184979602
ITIncident:2174,2,17768151869729598375
ITIncident:2177,0,3185684740611066392
ITIncident:2181,2,17534515789312455606
ITIncident:2198,1,5230806063722950885
ITIncident:2201,0,3185684740611066392
ITIncident:2209,2,10056961053783797730
ITIncident:2212,2,14332564444322985140
ITIncident:2217,2,11099761914647573422
ITIncident:2223,2,2388788337572888090
ITIncident:2225,2,17640330404849335524
ITIncident:2232,0,10426062845245760672
ITIncident:2235,2,7225917593134253934
ITIncident:2241,2,11069626087096991382
ITIncident:2245,2,5452837607712563861
ITIncident:2251,2,12589435109341183072
ITIncident:2270,2,11907915509362033726
ITIncident:2275,2,17163295483606989077
ITIncident:2280,2,8813629907960671741
ITIncident:2291,1,13110516985239114834
ITIncident:2298,2,8088448580081821703
ITIncident:2301,2,532800163139014704
ITIncident:2310,2,11802413779039336750
ITIncident:2317,2,263427438607606527
ITIncident:2321,2,4733655639692532068
ITIncident:2327,1,4453932850259721141
ITIncident:2331,2,6836069668970952715
ITIncident:2333,2,17640330404849335524
ITIncident:2335,2,14746366582405263923
ITIncident:2338,1,13704156387928065450
ITIncident:2341,2,532800163139014704
ITIncident:2344,2,532800163139014704
ITIncident:2347,2,532800163139014704
ITIncident:2350,2,532800163139014704
ITIncident:2360,2,6073265827432433056
ITIncident:2363,2,532800163139014704
ITIncident:2366,2,532800163139014704
ITIncident:2370,2,6941705117724635382
ITIncident:2373,2,532800163139014704
ITIncident:2376,2,532800163139014704
ITIncident:2379,2,532800163139014704
ITIncident:2384,2,10928173407248661700
ITIncident:2393,2,10883953500950009566
ITIncident:2397,2,1514819558540787731
ITIncident:2403,2,4892765599786984014
ITIncident:2406,2,13006485138891029677
ITIncident:2423,2,2545366095336754777
ITIncident:2427,2,166916598186180957
ITIncident:2438,2,666359288582621888
ITIncident:2442,2,44365086054481402
ITIncident:2448,2,3762637216129005129
ITIncident:2454,2,9955447578633408948
ITIncident:2464,0,156895070656391666
ITIncident:2480,2,8590647044418728419
ITIncident:2484,1,711835225305368905
ITIncident:2494,1,2127866451118918841
ITIncident:2496,2,3613652874584595223
ITIncident:2503,2,8047309091265985610
ITIncident:2509,2,3126039481503110208
ITIncident:2519,2,2383306217562845753
ITIncident:2522,2,3185684740611066392
ITIncident:2532,0,13188105564985720155
ITIncident:2541,2,2263952112630944230
ITIncident:2544,2,10468242544779260215
ITIncident:2548,2,917075141902209880
ITIncident:2552,2,9995986478555877357
ITIncident:2556,2,3464691621004277202
ITIncident:2566,2,13625702795732678812
ITIncident:2569,2,12324812608020004004
ITIncident:2574,2,863743902069658756
ITIncident:2580,2,5012044144445149632
ITIncident:2583,2,13811263092893272923
ITIncident:2586,2,7706371869479415142
ITIncident:2588,2,15268339217307948528
ITIncident:2597,2,6717628025778177552
ITIncident:2602,2,4394685365215802065
ITIncident:2608,2,9075315714582071661
ITIncident:2612,2,3639369966584251036
ITIncident:2622,2,7935071793758179114
ITIncident:2626,2,14279008380802956392
ITIncident:2640,1,12730580212465757164
ITIncident:2658,2,2990868751817327637
ITIncident:2668,2,3128450954473775629
ITIncident:2677,2,5012761149428369227
ITIncident:2684,2,2904093982080083577
ITIncident:2692,2,6418866637062788097
ITIncident:2708,2,11483769620901998197
ITIncident:2714,2,8409368669252276016
ITIncident:2725,2,17900930338022457609
ITIncident:2729,2,4458836963219201223
ITIncident:2732,0,15921026832650312618
ITIncident:2739,2,12611809271222129262
ITIncident:2744,2,3517029249329591603
ITIncident:2750,2,6468470366548426021
ITIncident:2768,2,6790324507007281809
ITIncident:2775,2,17454380021340785559
ITIncident:2784,2,10056961053783797730
ITIncident:2787,2,376913241578668067
ITIncident:2793,2,2001029694403857912
ITIncident:2797,2,2664596388820946982
ITIncident:2801,2,5488573437673639677
ITIncident:2808,2,14462704095891823875
ITIncident:2812,2,12243226334451298119
ITIncident:2815,2,15142985385048416730
ITIncident:2819,2,7931266052770076526
ITIncident:2823,1,4465317695594456218
ITIncident:2830,2,12184517047609863822
ITIncident:2837,2,7640655809442332605
ITIncident:2844,2,9648826082359536906
ITIncident:2850,2,4598445129467353374
ITIncident:2856,2,10059886548962857815
ITIncident:2862,2,12623351539351224086
ITIncident:2869,2,11371565701019978665
ITIncident:2883,2,1227419152258208364
ITIncident:2891,2,18180613674591092821
ITIncident:2899,2,16394280810617910794
ITIncident:2925,2,16628887587231021879
ITIncident:2936,2,3867925128803846475
ITIncident:2942,2,6121618465526981083
ITIncident:2946,2,6179818101766953386
ITIncident:2966,2,5499249981013671678
ITIncident:2970,2,16945383568750726312
ITIncident:2979,2,6075494259596047864
ITIncident:2983,2,4544510221719870474
ITIncident:2988,0,3796358618860328685
ITIncident:2991,2,106968459235067543
ITIncident:2999,0,7423625355634282527
ITIncident:3004,2,7102100738326912664
ITIncident:3011,2,2850783574851100550
ITIncident:3018,2,3090608737115727194
ITIncident:3026,2,13861866885785050420
ITIncident:3033,2,8387077494019088490
ITIncident:3037,2,4544510221719870474
ITIncident:3043,2,2069780250999434242
ITIncident:3048,2,11329720437365538235
ITIncident:3055,2,4946176041762934367
ITIncident:3058,2,2269418023102975735
ITIncident:3070,2,8602243428722645039
ITIncident:3077,1,1093628604060250067
ITIncident:3080,2,4185136945031815934
ITIncident:3090,2,9213505486187895879
ITIncident:3094,2,877711399976591513
ITIncident:3100,2,6098551482932632137
ITIncident:3105,2,18315603897013346265
ITIncident:3111,2,4626622097171865087
ITIncident:3116,2,3005514732384657503
ITIncident:3129,2,17202158263346561850
ITIncident:3132,2,3891651575771516705
ITIncident:3137,2,12634255483082752486
ITIncident:3142,2,3005514732384657503
ITIncident:3149,2,2660492107440750555
ITIncident:3154,2,1467108371209130238
ITIncident:3162,2,13472764244651496098
ITIncident:3169,2,8488733762444050713
ITIncident:3174,2,1819236092228618296
ITIncident:3181,2,4300021192651530681
ITIncident:3186,2,15154191744227542164
ITIncident:3191,2,11722765275642123609
ITIncident:3197,2,2078437419128192476
ITIncident:3202,2,5502124448190561502
ITIncident:3214,2,11284885121396543380
ITIncident:3221,2,17832607062031331379
ITIncident:3235,2,12152457903856116897
ITIncident:3240,2,950271369225087358
ITIncident:3255,2,16105877555176707451
ITIncident:3274,2,7043634104240977611
ITIncident:3284,2,15120863631328986596
ITIncident:3290,2,3028558962019090727
ITIncident:3304,2,17244769427455998235
ITIncident:3325,2,7064140489244749784
ITIncident:3334,2,8077859202803086466
ITIncident:3341,2,5268644366412556766
ITIncident:3360,2,7484815806110579828
ITIncident:3365,2,13884392456702772008
ITIncident:3370,2,2673088350496068889
ITIncident:3379,2,15838211591940897730
ITIncident:3384,2,18041743620239228720
ITIncident:3395,2,3541756401228234706
ITIncident:3403,2,4623351221140496565
ITIncident:3410,2,7730961798208799069
ITIncident:3422,2,1775129529299561742
ITIncident:3428,2,2229740878690373707
ITIncident:3443,2,17905862791152758138
ITIncident:3447,2,11958178933198369171
ITIncident:3455,2,1488740588378951759
ITIncident:3460,2,12342319467006473337
ITIncident:3464,2,13543058271614234259
ITIncident:3473,2,15974816986838948770
ITIncident:3476,2,3777213307242509825
ITIncident:3479,2,1282619723905088072
ITIncident:3482,2,532800163139014704
ITIncident:3485,2,532800163139014704
ITIncident:3489,2,4989608084866969152
ITIncident:3494,2,17885844202058779737
ITIncident:3497,2,1282619723905088072
ITIncident:3501,2,12007543152937193114
ITIncident:3505,2,5488573437673639677
ITIncident:3525,2,5439250319922545233
ITIncident:3530,1,357557781272759816
ITIncident:3532,2,11975173940078704418
ITIncident:3535,2,9045394002679349367
ITIncident:3539,2,15560087617391890735
ITIncident:3542,2,5958975910835125598
ITIncident:3549,2,770801611333763077
ITIncident:3552,2,16321242078251582113
ITIncident:3557,2,12695623091466303356
ITIncident:3560,2,17442571338544762169
ITIncident:3568,2,5388474539804925562
ITIncident:3577,2,6227320173605566270
ITIncident:3581,2,2307842876638100028
ITIncident:3586,2,4852702698282679824
ITIncident:3589,2,3282155443125849369
ITIncident:3605,2,10310780797089033886
ITIncident:3610,2,14940618343490651209
ITIncident:3623,2,6075889342003174447
ITIncident:3630,2,8829788940225075888
ITIncident:3649,2,4807261624323763888
ITIncident:3656,2,9296961454242399488
ITIncident:3669,2,2111830334120637785
ITIncident:3682,1,8337268149884409114
ITIncident:3696,2,4987097400864797987
ITIncident:3701,1,1512522285733155271
ITIncident:3704,2,11095196714759601026
ITIncident:3707,2,10468242544779260215
ITIncident:3713,2,14346843422898295947
ITIncident:3721,2,1308700824811444565
ITIncident:3735,2,8470329031896512198
ITIncident:3740,2,10928173407248661700
ITIncident:3768,2,13891390765033769775
ITIncident:3775,0,9660275373367209838
ITIncident:3781,2,12787939675776668504
ITIncident:3785,2,6836069668970952715
ITIncident:3794,2,3134882437379185731
ITIncident:3803,2,4536595633884700690
ITIncident:3813,2,8387077494019088490
ITIncident:3817,2,10132232340965688681
ITIncident:3821,2,14295813381444001519
ITIncident:3830,0,4820081623529727640
ITIncident:3840,2,829514229931364126
ITIncident:3844,1,7681893875026838406
ITIncident:3850,2,5662382096918177164
ITIncident:3857,2,13876774463714650455
ITIncident:3862,2,18039214224799572534
ITIncident:3868,2,7986869516268654879
ITIncident:3871,2,7469212196891391657
ITIncident:3874,2,16940698555728165176
ITIncident:3884,2,13945084669626619637
ITIncident:3896,2,8285866363771724156
ITIncident:3899,0,13889847149054586708
ITIncident:3902,2,10207061436365747448
ITIncident:3917,2,12374057236634001556
ITIncident:3922,2,3776021323385610590
ITIncident:3928,2,12895000098735911378
ITIncident:3944,0,10334637197965361470
ITIncident:3951,2,15772547878301857800
ITIncident:3955,2,5001396333126028692
ITIncident:3962,1,18185834239072365537
ITIncident:3967,0,9637707561868863834
ITIncident:3974,2,3158631787060394526
ITIncident:3983,2,16814086200763407359
ITIncident:3990,2,2651251387063803513
ITIncident:4004,2,4831400624510791218
ITIncident:4011,2,13145852394201275946
ITIncident:4028,2,9414217586630730919
ITIncident:4033,2,4114249005640042112
ITIncident:4038,2,8774385194134618131
ITIncident:4045,0,2757382712702400008
ITIncident:4048,2,17513716614587685547
ITIncident:4051,2,16137737781250804814
ITIncident:4055,2,5447166704655459537
ITIncident:4060,2,2878885494004088168
ITIncident:4082,2,9066951482889411900
ITIncident:4087,2,15826183682590239833
ITIncident:4094,1,15761215686055117382
ITIncident:4109,2,7190978800038317385
ITIncident:4113,0,12372015148135595018
ITIncident:4119,0,758684514112429454
ITIncident:4127,0,6930262694025946483
ITIncident:4131,2,11124802529774396605
ITIncident:4136,2,7311264842010703533
ITIncident:4145,2,4514705041493731084
ITIncident:4149,2,15867416888976318253
ITIncident:4154,2,14970711834439841513
ITIncident:4158,2,6835124800297510159
ITIncident:4166,0,11711657625549632621
ITIncident:4177,2,2398222743066128704
ITIncident:4185,2,10051821401037597493
ITIncident:4191,2,11310531343412144216
ITIncident:4196,0,15395049593438815413
ITIncident:4200,2,11124802529774396605
ITIncident:4210,2,14461737670859849080
ITIncident:4214,2,16754991852538196093
ITIncident:4223,2,7908658743685137748
ITIncident:4229,2,2465275201693286968
ITIncident:4233,2,12645839405531990053
ITIncident:4244,2,578637435347986884
ITIncident:4254,2,14250282973434629295
ITIncident:4258,2,17147870965789307190
ITIncident:4263,2,1126279101500112918
ITIncident:4267,2,2632435171388997070
ITIncident:4274,2,11051545368059524375
ITIncident:4279,2,16956285743567779770
ITIncident:4284,2,3568960227760223644
ITIncident:4289,1,9518981479702355802
ITIncident:4293,2,16238840429422530391
ITIncident:4297,2,12408573439583885935
ITIncident:4301,2,13268085025078604592
ITIncident:4306,2,13105577028037836599
ITIncident:4315,2,10438026680141543318
ITIncident:4319,2,91857321663221967
ITIncident:4323,2,17280969426790351781
ITIncident:4325,2,14622813495675557127
ITIncident:4332,2,9425116712847902071
ITIncident:4336,2,13710587722793554705
ITIncident:4340,2,112790952559991485
ITIncident:4358,2,2318095130439572459
ITIncident:4375,2,14947590066422651596
ITIncident:4392,1,12636948303896174113
ITIncident:4396,2,112790952559991485
ITIncident:4400,2,11585789000784307879
ITIncident:4411,2,5349304348542358370
ITIncident:4415,2,4363778941609382507
ITIncident:4419,2,5046202811825684979
ITIncident:4427,2,6627568041997601661
ITIncident:4432,0,13076340405405686837
ITIncident:4436,2,17275709199888702750
ITIncident:4438,2,7170845951714238041
ITIncident:4445,2,17370664906590776386
ITIncident:4449,2,15834327314115346913
ITIncident:4452,2,16821523112978729126
ITIncident:4455,2,13484984780424093121
ITIncident:4457,2,5569597389310417307
ITIncident:4461,2,11016358249184264619
ITIncident:4464,2,18292544085154036205
ITIncident:4472,2,2284590830770121565
ITIncident:4478,2,17701744809662414615
ITIncident:4481,2,8847709547005009846
ITIncident:4485,2,1048365615981415259
ITIncident:4490,0,17977765850966729572
ITIncident:4498,2,2425166233456843471
ITIncident:4505,2,4208260826137711426
ITIncident:4508,2,1795791432101824483
ITIncident:4511,2,10391863156932917495
ITIncident:4522,0,9270433606636323078
ITIncident:4525,2,10252410862075100677
ITIncident:4529,2,13630030259413681239
ITIncident:4536,2,3686979760002485339
ITIncident:4539,2,2675909947998113592
ITIncident:4543,2,5258673945911084997
ITIncident:4546,2,14085139874806148684
ITIncident:4553,2,2126502649545451093
ITIncident:4559,2,15649394538777124840
ITIncident:4571,2,5439921297168049508
ITIncident:4575,2,6918282041023470718
ITIncident:4580,2,17606231917089405115
ITIncident:4592,2,4948647195013898027
ITIncident:4596,2,3113836847290391807
ITIncident:4601,1,15592686412138850452
ITIncident:4605,2,11936235666532287856
ITIncident:4612,2,15966230281218438893
ITIncident:4614,2,17640330404849335524
ITIncident:4631,2,9230178844792984184
ITIncident:4635,2,6199543917204914361
ITIncident:4650,2,12579406243093225561
ITIncident:4656,2,17069431521243852646
ITIncident:4660,2,18241298640801253886
ITIncident:4663,2,9863973305471177937
ITIncident:4666,2,1858115592969109917
ITIncident:4669,2,8341829744707021276
ITIncident:4676,2,14927936773808829786
ITIncident:4684,2,18411180985278792914
ITIncident:4700,2,14701319190743174298
ITIncident:4708,2,16551387967307623208
ITIncident:4714,2,18344482942840363257
ITIncident:4729,2,579786805285006372
ITIncident:4734,2,15395049593438815413
ITIncident:4736,2,17047311369611152717
ITIncident:4740,2,7115369969801653034
ITIncident:4745,2,8341829744707021276
ITIncident:4759,2,10226020633166252501
ITIncident:4762,2,9863973305471177937
ITIncident:4769,2,13250477495976153694
ITIncident:4775,2,10264009258923723141
ITIncident:4779,2,14546061118999522603
ITIncident:4786,2,16799494510521898765
ITIncident:4795,0,18031313883322007648
ITIncident:4802,2,18241140974447330347
ITIncident:4821,2,11843311342297224233
ITIncident:4829,2,10677255999626376578
ITIncident:4838,2,18144343525161231861
ITIncident:4843,2,2393523404979895526
ITIncident:4849,2,17946349857535509848
ITIncident:4853,2,14099007319913427131
ITIncident:4865,1,2017172256551339676
ITIncident:4869,2,14099007319913427131
ITIncident:4874,2,2137396227360635420
ITIncident:4884,2,4098219793591670511
ITIncident:4891,1,6394402062328189079
ITIncident:4905,2,15429900438668055843
ITIncident:4912,0,4726034315325629385
ITIncident:4919,2,48268661943766391
ITIncident:4924,2,2627838127917588522
ITIncident:4929,2,2996355006091640511
ITIncident:4934,2,537800983363437612
ITIncident:4946,2,15511807894625287228
ITIncident:4949,2,13477753022642577956
ITIncident:4957,2,17985268721481010300
ITIncident:4963,2,2942593289970923458
ITIncident:4968,2,13861344681902736677
ITIncident:4974,2,2265951298623362978
ITIncident:4988,0,7671199793991282049
ITIncident:5003,2,8506606811331504754
ITIncident:5007,2,15929845934066256611
ITIncident:5018,2,10869160173207793149
ITIncident:5023,1,13836427760359593345
ITIncident:5030,2,2063244345905908927
ITIncident:5033,2,17084122721288120995
ITIncident:5041,2,6699833831869109553
ITIncident:5044,2,12647822096725887642
ITIncident:5050,2,16742328529004083667
ITIncident:5053,2,11512494289217189540
ITIncident:5059,2,10821128822628973452
ITIncident:5065,0,18307478076360940689
ITIncident:5071,2,14888422078873732134
ITIncident:5078,2,14190520904878284813
ITIncident:5082,2,12218865810778992771
ITIncident:5093,2,5004148448606951561
ITIncident:5104,2,5650421410664135374
ITIncident:5116,2,1315634337336065401
ITIncident:5133,2,6031219318796538815
ITIncident:5139,2,16809705739374246602
ITIncident:5147,2,9863946762700490219
ITIncident:5155,2,5488940526709697674
ITIncident:5163,2,15672563987008480109
ITIncident:5169,1,11041070466861949885
ITIncident:5174,2,5086185344921402209
ITIncident:5183,2,13216015126896815842
ITIncident:5203,2,9864756214225802297
ITIncident:5206,2,15876271876479795585
ITIncident:5226,2,16292008517933749910
ITIncident:5240,2,17178899649254314976
ITIncident:5246,2,6195305964637070540
ITIncident:5248,2,14929188728329527087
ITIncident:5254,2,12327166723889350100
ITIncident:5260,2,17793470376349421027
ITIncident:5271,2,31335527413611607
ITIncident:5280,0,14643438862406203647
ITIncident:5287,2,9241421063062000896
ITIncident:5296,2,4903934205351798847
ITIncident:5301,2,16041466008817586008
ITIncident:5311,2,9189257925216395765
ITIncident:5318,2,8096377091625584721
ITIncident:5326,2,17294419759754838311
ITIncident:5331,2,11275914827921898695
ITIncident:5335,2,10888021790149231019
ITIncident:5345,2,541587362512094372
ITIncident:5351,2,10125236660538599194
ITIncident:5353,2,8144465606434403149
ITIncident:5356,2,4728121895386806698
ITIncident:5360,2,6918282041023470718
ITIncident:5362,2,2461266091629935072
ITIncident:5368,2,4961273304465252319
ITIncident:5384,2,10549806248467447060
ITIncident:5391,1,14916938366044095361
ITIncident:5397,2,14150440946741545581
ITIncident:5403,2,6266037763870404501
ITIncident:5411,2,15955434284765291516
ITIncident:5414,2,9863973305471177937
ITIncident:5416,2,17047311369611152717
ITIncident:5419,2,11515858823034812075
ITIncident:5424,1,11329720437365538235
ITIncident:5427,2,16501757623720732711
ITIncident:5435,2,12509247146216387524
ITIncident:5440,0,6973591893564399231
ITIncident:5444,2,8341829744707021276
ITIncident:5450,1,12618408761013170842
ITIncident:5455,2,16833936060137121711
ITIncident:5461,2,15573830241996665277
ITIncident:5479,1,9148391309173992084
ITIncident:5483,2,10391863156932917495
ITIncident:5486,2,17208310794335724441
ITIncident:5491,2,4795448971340760429
ITIncident:5495,2,14399837703022977378
ITIncident:5498,2,11515858823034812075
ITIncident:5503,2,14062278347590580842
ITIncident:5507,2,1729746110849938622
ITIncident:5514,2,1004644232002866096
ITIncident:5519,2,136761534409929936
ITIncident:5526,2,1056414402556758149
ITIncident:5532,2,12149871801416808535
ITIncident:5535,2,1858115592969109917
ITIncident:5538,2,2813347006191495929
ITIncident:5541,2,9863973305471177937
ITIncident:5543,2,8144465606434403149
ITIncident:5551,2,7050539287128958300
ITIncident:5559,2,1221585033205499270
ITIncident:5566,1,6265249470169303654
ITIncident:5572,2,1191989820566121248
ITIncident:5575,2,2398181831000915214
ITIncident:5582,1,7693817523422832249
ITIncident:5590,1,4489796505183703740
ITIncident:5592,2,17243772852149302328
ITIncident:5596,2,7279689928484038381
ITIncident:5610,2,12472637496608226406
ITIncident:5627,1,14581927427215297188
ITIncident:5635,2,17599067461281193468
ITIncident:5646,2,15212276708858504600
ITIncident:5650,2,17338683915453258936
ITIncident:5655,2,591267546827477736
ITIncident:5659,2,4564420884803912757
ITIncident:5662,2,7259936972453656692
ITIncident:5666,2,11153163327301937439
ITIncident:5670,2,12721694729538190173
ITIncident:5674,2,13036106595186752350
ITIncident:5677,2,14504808644821660171
ITIncident:5681,2,81934902258287620
ITIncident:5685,2,8541929732504209703
ITIncident:5692,2,3375871034960855129
ITIncident:5695,2,14504808644821660171
ITIncident:5701,1,14446240028448806693
ITIncident:5705,2,5083018708822561810
ITIncident:5708,2,15429960322676378179
ITIncident:5712,2,7110901816691670604
ITIncident:5715,2,7213021637755193303
ITIncident:5723,2,18246917326577435511
ITIncident:5727,2,14088262481769703531
ITIncident:5731,2,17725990179730784811
ITIncident:5735,2,7152003492286003271
ITIncident:5738,2,13259811596772679605
ITIncident:5753,2,11362535602053043260
ITIncident:5758,2,10938074284868471265
ITIncident:5761,2,14446803013203103544
ITIncident:5764,2,11990001410913988639
ITIncident:5769,2,12837150425768068369
ITIncident:5772,2,1113754440525728101
ITIncident:5776,2,9711581208316105628
ITIncident:5781,2,14944751476201680054
ITIncident:5785,2,13720421272700697427
ITIncident:5797,2,4998931554917970146
ITIncident:5804,2,8461418895450111955
ITIncident:5808,2,14088262481769703531
ITIncident:5814,1,897440454312493135
ITIncident:5817,2,8221601443217081581
ITIncident:5826,2,1850332684991076517
ITIncident:5830,2,4982661273708529485
ITIncident:5848,2,15099462812949061563
ITIncident:5861,2,4070978833832486662
ITIncident:5864,2,14365509660618872009
ITIncident:5874,2,13778322264804151862
ITIncident:5882,2,18307478076360940689
ITIncident:5888,2,980113010930353489
ITIncident:5891,2,4379235507685955051
ITIncident:5897,0,3040464809065941512
ITIncident:5901,2,14088262481769703531
ITIncident:5905,1,18014683609878207671
ITIncident:5910,2,16831267365147800031
ITIncident:5913,2,9950922756670408727
ITIncident:5916,2,48268661943766391
ITIncident:5919,2,665089499401101797
ITIncident:5929,1,2800761224926504575
ITIncident:5941,1,304910126429396485
ITIncident:5948,2,4771082696698640182
ITIncident:5954,2,720603915732154374
ITIncident:5963,2,12249351107440551430
ITIncident:5967,2,991788294446220295
ITIncident:5973,1,14471271289334368075
ITIncident:5979,2,16206666650373158264
ITIncident:5987,2,8486665853927220284
ITIncident:5991,1,3659143882882954322
ITIncident:5997,2,4297706743089416002
ITIncident:6001,2,2628745513214411277
ITIncident:6014,0,5646273128459939129
ITIncident:6025,2,4933003342472916739
ITIncident:6035,2,9275131278995581910
ITIncident:6045,1,18078844973184418367
ITIncident:6054,0,13972635128254763288
ITIncident:6057,2,17052046183828221424
ITIncident:6083,2,15992052626045122053
ITIncident:6090,2,10679324800767175014
ITIncident:6096,2,2873199792659048553
ITIncident:6102,2,13979940414308323241
ITIncident:6120,2,8045382078495852181
ITIncident:6123,2,5790208330948879461
ITIncident:6130,2,538607563145006753
ITIncident:6135,2,11650120874416948485
ITIncident:6139,2,12063740540864845190
ITIncident:6144,2,757948740932127054
ITIncident:6147,2,12063740540864845190
ITIncident:6173,2,17122700629190118887
ITIncident:6188,2,5645548197825151269
ITIncident:6192,2,4686404846275096253
ITIncident:6199,2,8149954115874179817
ITIncident:6206,2,13665517846165273198
ITIncident:6217,2,840518906283053171
ITIncident:6226,2,3177241288162640638
ITIncident:6234,2,3291889489507162517
ITIncident:6247,0,11902956289386136632
ITIncident:6264,2,11537696502414782883
ITIncident:6270,2,10054630656921857467
ITIncident:6277,2,3659169642245963230
ITIncident:6293,2,1300884085395883412
ITIncident:6299,1,12618408761013170842
ITIncident:6311,2,8108317685102702127
ITIncident:6315,2,15708680166695209738
ITIncident:6320,2,6607819588743030147
ITIncident:6323,2,601486209974397882
ITIncident:6326,2,9863973305471177937
ITIncident:6331,2,7048894248911370504
ITIncident:6337,2,12866786527935342425
ITIncident:6343,2,5185843611156024912
ITIncident:6347,2,10312109769137692953
ITIncident:6362,1,10336492889545029871
ITIncident:6365,2,9078130144604918693
ITIncident:6369,2,17108017964931307207
ITIncident:6373,2,6002952105198782142
ITIncident:6378,2,7879267688144750588
ITIncident:6382,2,17108017964931307207
ITIncident:6396,2,5304422120887348904
ITIncident:6403,2,15789785017224294685
ITIncident:6407,1,8897688480405432787
ITIncident:6411,2,2281378748997925364
ITIncident:6415,0,7811174552789977073
ITIncident:6419,2,6391565269045023772
ITIncident:6432,2,6210599862274990945
ITIncident:6442,2,13630309882740047522
ITIncident:6448,2,4756251304243972681
ITIncident:6457,1,9176144441089495147
ITIncident:6462,0,15178585037708687757
ITIncident:6465,2,885083266439714655
ITIncident:6470,2,3290955068961236137
ITIncident:6476,2,13829602828856504637
ITIncident:6488,2,8279045219887398851
ITIncident:6495,2,13424240918979218592
ITIncident:6498,2,3706188672012812362
ITIncident:6501,2,18257938609047813504
ITIncident:6505,2,2845500603806030095
ITIncident:6515,2,3369251027002152157
ITIncident:6521,2,894510695543922999
ITIncident:6526,2,426191036017127772
ITIncident:6529,2,452593531333820022
ITIncident:6538,2,17384454109172394759
ITIncident:6542,2,13253086504852675591
ITIncident:6544,0,10342256885165641770
ITIncident:6553,2,14367604084875998349
ITIncident:6562,2,266918819723643541
ITIncident:6569,2,14146163087500580081
ITIncident:6577,2,6215346769959307153
ITIncident:6582,2,14728859951219866509
ITIncident:6584,2,1814461872972757048
ITIncident:6596,2,17140581332447785421
ITIncident:6607,2,6562174751806148089
ITIncident:6610,2,17607144206755684906
ITIncident:6612,2,2854368626250823518
ITIncident:6616,2,5931366055826296826
ITIncident:6637,2,17167699801680927256
ITIncident:6641,2,15708680166695209738
ITIncident:6644,2,16208355253662283238
ITIncident:6647,2,3706188672012812362
ITIncident:6650,2,9935364622114109867
ITIncident:6653,2,1795791432101824483
ITIncident:6657,2,15560087617391890735
ITIncident:6670,2,9184401578548821880
ITIncident:6679,2,7930834496423733243
ITIncident:6694,2,11803474256321014350
ITIncident:6698,1,17103760426476156116
ITIncident:6703,2,16772838083037121325
ITIncident:6707,2,7524077503702559679
ITIncident:6711,2,6918282041023470718
ITIncident:6717,2,11816479397135400446
ITIncident:6723,2,10820285306410943097
ITIncident:6726,2,11651659538522084283
ITIncident:6729,2,4745311647773839931
ITIncident:6733,2,9984732014854259413
ITIncident:6738,0,18028388235255393288
ITIncident:6747,2,1965446733855790449
ITIncident:6754,2,14395371987744993380
ITIncident:6759,1,5465464842403238063
ITIncident:6765,2,13876787475274842004
ITIncident:6775,2,11939064818162336971
ITIncident:6783,2,14839873092903094346
ITIncident:6793,0,16240015977077086515
ITIncident:6797,2,15560087617391890735
ITIncident:6800,2,2305259878601856338
ITIncident:6809,2,8334282514522786374
ITIncident:6828,2,16236398907690664603
ITIncident:6833,2,10514123854600623652
ITIncident:6837,2,9494704739668980221
ITIncident:6845,2,11823312710992093183
ITIncident:6856,2,9514666123962125839
ITIncident:6865,2,13227497652555771744
ITIncident:6867,2,1984880886759545755
ITIncident:6885,0,17946735667350973546
ITIncident:6888,2,2232156962573003119
ITIncident:6892,2,17287648366459051956
ITIncident:6898,2,13236402510092008918
ITIncident:6903,2,3356909805773191625
ITIncident:6906,2,2453397793082956610
ITIncident:6910,2,13226815325647788452
ITIncident:6913,2,14213474742472645196
ITIncident:6918,1,15103434334834202346
ITIncident:6923,2,17150444605271936818
ITIncident:6927,2,388592670445924965
ITIncident:6931,2,2119640042467930704
ITIncident:6939,2,11889879862268948094
ITIncident:6945,2,9581661868639549288
ITIncident:6948,2,5603747429714778196
ITIncident:6957,2,2121231844458161880
ITIncident:6969,1,16860484551000291345
ITIncident:6982,0,4065462370151666446
ITIncident:6992,2,10142686325063122964
ITIncident:7005,1,496263561905672438
ITIncident:7008,2,2232156962573003119
ITIncident:7011,1,1311304349622497547
ITIncident:7019,1,14550108541975476040
ITIncident:7027,2,17403537345297391707
ITIncident:7033,2,15634533245381543641
ITIncident:7040,2,442156889842452185
ITIncident:7051,2,2389982130226057152
ITIncident:7057,2,894510695543922999
ITIncident:7062,2,6219949964669558530
ITIncident:7066,2,17108017964931307207
ITIncident:7069,2,10468242544779260215
ITIncident:7076,1,4820081623529727640
ITIncident:7079,2,3697380779261742430
ITIncident:7092,2,12398597412661446546
ITIncident:7097,2,13009723273627365157
ITIncident:7106,2,12533853128185372836
ITIncident:7109,2,16451536657888597257
ITIncident:7118,1,13897003948610381716
ITIncident:7125,2,16735483523452946898
ITIncident:7129,2,4329304072870599322
ITIncident:7136,2,4010119612494847556
ITIncident:7150,2,14081077210257602976
ITIncident:7155,2,3143816305284663201
ITIncident:7161,2,8264382549978721397
ITIncident:7173,2,6664471330123282082
ITIncident:7177,2,7774863646449740925
ITIncident:7185,2,7003900010403901875
ITIncident:7197,2,1461283694011595406
ITIncident:7202,2,12762887512054307130
ITIncident:7206,2,7115369969801653034
ITIncident:7216,1,18062854342255974936
ITIncident:7222,1,13293628540505231004
ITIncident:7232,0,13833514425978986724
ITIncident:7235,2,16761315293440684485
ITIncident:7242,2,18194202310510239119
ITIncident:7245,2,1282619723905088072
ITIncident:7249,1,15437790579601762597
ITIncident:7253,2,9063905919125898189
ITIncident:7257,2,13690975890401111055
ITIncident:7270,2,16410191318276100199
ITIncident:7278,1,3350965147703327137
ITIncident:7288,2,6803800189359749581
ITIncident:7291,2,8580525559920901115
ITIncident:7294,2,5603747429714778196
ITIncident:7303,1,18393182015545628843
ITIncident:7307,1,7472851701023130843
ITIncident:7315,2,4333641702143228200
ITIncident:7319,2,11600781078347734846
ITIncident:7323,2,5188190764448161896
ITIncident:7337,2,4089061642741622325
ITIncident:7341,1,15489646161937029978
ITIncident:7345,2,511081975562668616
ITIncident:7351,2,10938794923241927520
ITIncident:7362,2,8148511385107773798
ITIncident:7373,2,12822659782533086699
ITIncident:7376,2,15247525943395006069
ITIncident:7380,2,10401589160842980144
ITIncident:7383,2,8969281623159107693
ITIncident:7390,1,341616789182603510
ITIncident:7393,2,4107106618373577081
ITIncident:7398,2,3506295413243993392
ITIncident:7402,2,7662561428477645540
ITIncident:7407,2,9814242646001500427
ITIncident:7419,1,17646061843094427954
ITIncident:7421,2,17599237195844659798
ITIncident:7429,2,8949275877656685119
ITIncident:7435,2,11146300178112153540
ITIncident:7442,2,17631324898506952549
ITIncident:7447,2,9733714956441765848
ITIncident:7465,2,12579518709514925715
ITIncident:7470,2,10900040278958545133
ITIncident:7479,2,1254858576971508116
ITIncident:7482,2,3232629658694005132
ITIncident:7490,2,13522144525979113226
ITIncident:7501,2,7991992270020166049
ITIncident:7507,2,9022485113827927914
ITIncident:7516,2,2107281056196549253
ITIncident:7531,0,12344260231866224650
ITIncident:7537,2,4455734393557813168
ITIncident:7542,2,15426284322788832165
ITIncident:7550,2,18233500582352994093
ITIncident:7556,2,1859706863053443516
ITIncident:7570,1,2040685501355228833
ITIncident:7579,2,17198077688948007845
ITIncident:7586,2,13889294714896562390
ITIncident:7596,1,2358874913079039947
ITIncident:7602,0,15902451997389952087
ITIncident:7605,2,6683538187966157787
ITIncident:7625,2,6114617859805585095
ITIncident:7629,2,12207497143073631839
ITIncident:7638,2,10034059411353776527
ITIncident:7655,1,2309930948616819445
ITIncident:7659,2,16042915310388616574
ITIncident:7667,2,7149770782176935383
ITIncident:7675,2,5972472041301882907
ITIncident:7682,2,3555950764743860958
ITIncident:7686,2,5046202811825684979
ITIncident:7694,2,1598401388101751777
ITIncident:7707,1,17612128527393553839
ITIncident:7716,2,12390196629812334544
ITIncident:7720,2,9808936459509159046
ITIncident:7726,2,4218102510605617392
ITIncident:7733,2,8283268450036320219
ITIncident:7747,2,7867263263332095262
ITIncident:7750,2,2838434660985451996
ITIncident:7760,2,12864131784520771933
ITIncident:7767,2,13328938323467520692
ITIncident:7788,1,15366301821614956618
ITIncident:7791,2,10757132867242976744
ITIncident:7802,2,12505384706096602853
ITIncident:7806,0,4627092870426717551
ITIncident:7811,1,5860529136243435639
ITIncident:7816,2,5181562663844148298
ITIncident:7825,2,12781608099064968061
ITIncident:7830,2,2270350839310296126
ITIncident:7835,0,2310278020515271837
ITIncident:7845,0,8117807163083066997
ITIncident:7860,2,16282794172819672232
ITIncident:7863,2,15130836115267301978
ITIncident:7869,2,5898388751466964525
ITIncident:7873,1,9648642314352751385
ITIncident:7882,1,15839258943717744993
ITIncident:7886,2,16173485350389883870
ITIncident:7895,2,1496362749146580849
ITIncident:7898,2,11990001410913988639
ITIncident:7906,2,12540952418845933392
ITIncident:7921,1,2851186609969606956
ITIncident:7924,2,4982098779728444713
ITIncident:7940,2,2143870420791892372
ITIncident:7943,2,13748411041721650288
ITIncident:7954,1,10124414985074673220
ITIncident:7957,2,11630618907313459071
ITIncident:7968,1,14412454056694165227
ITIncident:7972,1,10778065780459530301
ITIncident:7977,2,14386576352241489406
ITIncident:7983,2,8517561390343849228
ITIncident:7987,2,3327400558930155162
ITIncident:7995,1,15925943097060245605
ITIncident:8002,2,14607580665739161649
ITIncident:8005,1,3706188672012812362
ITIncident:8009,1,12707712073615675484
ITIncident:8012,2,3155218543373422071
ITIncident:8026,2,2747932118348812464
ITIncident:8033,1,2055036810123987519
ITIncident:8045,1,7857777680143167856
ITIncident:8048,2,9926174186108992843
ITIncident:8055,2,1957326531470678974
ITIncident:8058,1,9926174186108992843
ITIncident:8062,2,2739180821931621598
ITIncident:8065,1,9926174186108992843
ITIncident:8072,2,12589435109341183072
ITIncident:8084,2,741709219208640678
ITIncident:8093,2,6507368811460811471
ITIncident:8102,2,5160205090657847475
ITIncident:8111,2,3917846473483820281
ITIncident:8118,2,10245923143929213040
ITIncident:8122,1,5326384556623072112
ITIncident:8132,2,2015225225503851643
ITIncident:8145,2,10902619937546256336
ITIncident:8149,2,4969564763421736927
ITIncident:8153,2,10837673637686382836
ITIncident:8157,2,1512522285733155271
ITIncident:8159,2,1966063814445627921
ITIncident:8167,2,12499576501090202099
ITIncident:8190,2,934669380083042966
ITIncident:8195,2,4795448971340760429
ITIncident:8198,2,11636593262078559533
ITIncident:8202,2,1514819558540787731
ITIncident:8204,2,14746366582405263923
ITIncident:8207,2,4694598015892355477
ITIncident:8230,1,4824744017694617388
ITIncident:8243,2,5152458716793957438
ITIncident:8246,2,11636593262078559533
ITIncident:8253,2,18167689803008005770
ITIncident:8259,2,5872850487125310594
ITIncident:8267,2,15276508580203038027
ITIncident:8272,2,16735756915017116888
ITIncident:8277,2,3877548056392555054
ITIncident:8280,2,3900257672098680292
ITIncident:8285,2,6136427447911414336
ITIncident:8294,1,14248097723978285874
ITIncident:8303,2,6849263464070076421
ITIncident:8309,2,1040188957924000551
ITIncident:8318,2,17432228363072427995
ITIncident:8322,2,3292781943762776839
ITIncident:8331,2,2364425541755909950
ITIncident:8336,2,9176426519662608737
ITIncident:8342,2,10264009258923723141
ITIncident:8347,2,1467108371209130238
ITIncident:8351,2,12192681922901865007
ITIncident:8354,2,18350578144868433009
ITIncident:8360,2,13440701861165418551
ITIncident:8364,2,6566324433892421078
ITIncident:8371,2,13949661799825985864
ITIncident:8378,2,11067945819589806860
ITIncident:8386,2,15799776620841924681
ITIncident:8391,1,12892410987497772190
ITIncident:8408,2,8659857447165927533
ITIncident:8416,2,873251393275115641
ITIncident:8422,2,15925443904018010002
ITIncident:8429,2,6231559951475601387
ITIncident:8439,2,8540531869391040296
ITIncident:8446,1,4836798176090911649
ITIncident:8455,2,3875004107330128409
ITIncident:8467,2,6481090116549208544
ITIncident:8472,2,9939332383019902292
ITIncident:8485,2,7649332682604779571
ITIncident:8491,1,15273406430042182743
ITIncident:8498,2,11051982370988860289
ITIncident:8507,2,9331491193517252325
ITIncident:8512,2,7720960390233897814
ITIncident:8517,2,16851556224778804492
ITIncident:8522,1,13596912752905309429
ITIncident:8532,1,14162570315506581446
ITIncident:8536,2,711835225305368905
ITIncident:8539,2,17857036501337031865
ITIncident:8544,2,8151325562130254304
ITIncident:8548,2,13720421272700697427
ITIncident:8554,2,14307143557026219420
ITIncident:8561,2,18299543690539902809
ITIncident:8568,2,1852329763382852878
ITIncident:8574,2,16100532048509634543
ITIncident:8581,2,12075496634971101066
ITIncident:8590,1,8659464433932565813
ITIncident:8594,2,8457203577265054535
ITIncident:8599,2,16851556224778804492
ITIncident:8603,2,4624433020717505644
ITIncident:8608,2,8912062081381847618
ITIncident:8620,2,14312543620855312268
ITIncident:8625,2,9010878025388196342
ITIncident:8630,2,17964241106738990955
ITIncident:8641,1,2259108898656241072
ITIncident:8647,2,12687761683221042201
ITIncident:8652,2,16584406977326014022
ITIncident:8657,2,2879913021799587552
ITIncident:8660,2,514419787230374635
ITIncident:8667,1,10845241159466628630
ITIncident:8670,2,8037008411489970371
ITIncident:8677,2,154114071101336992
ITIncident:8680,2,5445401055825940953
ITIncident:8692,2,15146903164152421207
ITIncident:8696,2,11016358249184264619
ITIncident:8710,2,4963590485582491898
ITIncident:8717,2,11446794904489096363
ITIncident:8722,2,6125973553377871892
ITIncident:8730,2,10484110996823829001
ITIncident:8737,2,17454678378016517960
ITIncident:8746,2,3124985193334315109
ITIncident:8749,2,14964112562137444229
ITIncident:8753,2,930507635622940387
ITIncident:8762,2,4630076394851751702
ITIncident:8768,2,10066941065710882120
ITIncident:8781,2,12271173309482259201
ITIncident:8787,2,9574574514192462503
ITIncident:8797,2,18001535830409366063
ITIncident:8802,2,6149806017400144668
ITIncident:8812,1,16295037974201954227
ITIncident:8824,2,6931868980791730939
ITIncident:8831,2,2953131958075742238
ITIncident:8843,2,1071253966891847323
ITIncident:8851,2,4709657785931657676
ITIncident:8856,2,8338758169897740080
ITIncident:8865,2,8317739278771738822
ITIncident:8868,2,9682096037719060405
ITIncident:8875,2,15296908906318314102
ITIncident:8882,2,1089380851280700007
ITIncident:8891,2,16317110623800215371
ITIncident:8901,2,8284825105494436815
ITIncident:8908,2,7778147794280941435
ITIncident:8917,2,11416262244669565430
ITIncident:8922,2,12634370643053651147
ITIncident:8932,2,3351671617382935259
ITIncident:8937,2,5443950374201274688
ITIncident:8943,2,16545315121835134253
ITIncident:8955,2,14354125796888411048
ITIncident:8959,2,1225632548579566561
ITIncident:8966,2,7090189964353140050
ITIncident:8976,2,9255242053962261361
ITIncident:8980,2,12227692257350115693
ITIncident:9001,2,1173096312718760523
ITIncident:9005,2,4195301573724219550
ITIncident:9009,2,18036848029298376158
ITIncident:9019,2,8988070292232113420
ITIncident:9024,2,10803464420965600480
ITIncident:9041,2,2290864388663666913
ITIncident:9048,2,14192992781318446732
ITIncident:9052,2,16110527220328490609
ITIncident:9058,2,16881985214251187528
ITIncident:9062,2,11016358249184264619
ITIncident:9066,2,11687307273191712497
ITIncident:9070,2,3487030658124549872
ITIncident:9090,2,1445461459373725527
ITIncident:9099,2,16149002380713746363
ITIncident:9115,2,7055795217313813402
ITIncident:9124,2,7267577894499740577
ITIncident:9128,2,12344854427524273859
ITIncident:9135,2,3858649797713613623
ITIncident:9144,2,3128450954473775629
ITIncident:9150,2,15716164324674946863
ITIncident:9154,2,5975269745332651918
ITIncident:9160,2,5372089057959687007
ITIncident:9168,2,3166766160408186538
ITIncident:9179,2,10919282375068361318
ITIncident:9186,2,3830160568251795250
ITIncident:9190,2,8269688278025240214
ITIncident:9198,2,927956047067453867
ITIncident:9208,2,9323301524703117442
ITIncident:9213,2,13112629305320852014
ITIncident:9220,1,10210062927102942499
ITIncident:9256,2,2374346715359834871
ITIncident:9260,2,13112629305320852014
ITIncident:9266,2,5236259362416667529
ITIncident:9272,2,11067945819589806860
ITIncident:9276,2,710204650845151069
ITIncident:9283,2,723694120943735449
ITIncident:9297,2,12485851810003253448
ITIncident:9301,2,17039787447004998934
ITIncident:9309,2,4659301617815422939
ITIncident:9315,2,10033492527031054086
ITIncident:9336,2,4896324418529816016
ITIncident:9347,2,5819542188995002344
ITIncident:9364,2,18066451298622291589
ITIncident:9371,2,15423281517256607981
ITIncident:9384,2,3302335327454956752
ITIncident:9394,2,2304662982435308564
ITIncident:9400,2,8979769471144272385
ITIncident:9409,2,11388868949521978087
ITIncident:9411,2,7911112342008201624
ITIncident:9417,2,4620668391427879025
ITIncident:9420,2,1188275644217576387
ITIncident:9425,2,10429711007240143993
ITIncident:9435,2,4342532813954436401
ITIncident:9439,2,16173485350389883870
ITIncident:9445,2,7456162039514504731
ITIncident:9450,2,10283424928949349975
ITIncident:9456,2,10177550238384662169
ITIncident:9458,2,2461266091629935072
ITIncident:9462,2,15407091307860797252
ITIncident:9465,2,17919659409128943844
ITIncident:9472,2,22378140919214498
ITIncident:9483,2,9068266816467199398
ITIncident:9488,2,12085729798246827798
ITIncident:9492,2,16967500629960212655
ITIncident:9505,2,5190892232155365602
ITIncident:9511,2,5003913520677081094
ITIncident:9518,2,13112217492909138636
ITIncident:9529,2,1551522242670764937
ITIncident:9533,2,12843283188887523204
ITIncident:9536,2,8969281623159107693
ITIncident:9539,2,5555087462001658191
ITIncident:9548,2,13437851335484869330
ITIncident:9558,0,3928375072801624337
ITIncident:9562,2,17333424363760429780
ITIncident:9565,2,10757132867242976744
ITIncident:9577,2,17871165491710421196
ITIncident:9581,2,14395793747603539879
ITIncident:9584,2,3933313271850687759
ITIncident:9597,2,18291424489942693737
ITIncident:9602,2,15460412240554814413
ITIncident:9617,2,15137199062951886650
ITIncident:9623,2,15338829449075152407
ITIncident:9633,2,2019643579481772358
ITIncident:9639,2,13578494569025196443
ITIncident:9643,2,14903775275309449132
ITIncident:9651,2,3549404323689644595
ITIncident:9655,2,16027281059984781489
ITIncident:9660,2,7720960390233897814
ITIncident:9668,2,17944719924901750520
ITIncident:9672,2,12273529741532941922
ITIncident:9677,2,4644674378627482009
ITIncident:9684,2,8408559113808779164
ITIncident:9687,2,4274182544958776507
ITIncident:9690,2,10468242544779260215
ITIncident:9702,2,18444493509054487255
ITIncident:9710,2,5276159349554574055
ITIncident:9714,2,16770710819225567060
ITIncident:9717,2,17363258293704822358
ITIncident:9720,1,11333337230639349133
ITIncident:9723,2,15986903913301114474
ITIncident:9729,2,6095552974977488464
ITIncident:9735,2,75533467660843884
ITIncident:9740,0,12864852810099047541
ITIncident:9747,2,17946022477003056325
ITIncident:9754,2,3348443451114378306
ITIncident:9757,2,9134714281675923757
ITIncident:9772,2,10685658019531851544
ITIncident:9779,2,13696405637494727529
ITIncident:9790,2,4157193656867026789
ITIncident:9798,1,13365749666672350638
ITIncident:9804,2,14660370802797265594
ITIncident:9816,1,9352568538900618498
ITIncident:9825,2,15408585609359039402
ITIncident:9831,2,8643852503046279134
ITIncident:9843,2,1145319193037054878
ITIncident:9851,0,10749935783732848461
ITIncident:9855,1,11314199872079425017
ITIncident:9858,2,13956560674907910697
ITIncident:9862,0,12872668209033364241
ITIncident:9874,2,7749513515369418124
ITIncident:9879,1,15881622476977331301
ITIncident:9885,2,9119091323852488828
ITIncident:9892,2,15296908906318314102
ITIncident:9896,2,2865117948016380392
ITIncident:9916,2,10943399863731143924
ITIncident:9922,2,12767462868854876624
ITIncident:9934,1,11983709939222674262
ITIncident:9949,2,9336669492257958865
ITIncident:9954,2,15475165593662888295
ITIncident:9962,2,10549388576648916014
ITIncident:9967,2,14905284819065572167
ITIncident:9976,2,15439439364199486269
ITIncident:9982,2,5696337702713802360
ITIncident:9989,2,9589850963705585345
ITIncident:9995,2,9924558758185676349
ITIncident:10002,2,3950287789773751115
ITIncident:10007,2,5971061717138627342
ITIncident:10011,2,9232626438698751064
ITIncident:10015,1,2452793743795428081
ITIncident:10028,0,7892171512999631004
ITIncident:10033,2,9336726063601218802
ITIncident:10037,2,2713782446938490848
ITIncident:10053,2,12455843825752927218
ITIncident:10057,2,11958178933198369171
ITIncident:10063,2,14466834100448534022
ITIncident:10077,1,18305481683922960791
ITIncident:10081,2,6109529410090321686
ITIncident:10088,2,10400661524559058971
ITIncident:10093,2,12189858441330651825
ITIncident:10100,2,5128107614368192581
ITIncident:10103,2,3891651575771516705
ITIncident:10107,2,16173485350389883870
ITIncident:10112,2,11864654270881284804
ITIncident:10116,2,17581626119005630194
ITIncident:10120,2,8445730073314804423
ITIncident:10124,2,827516282265014256
ITIncident:10136,2,9390021808421884604
ITIncident:10153,2,16378908337192574274
ITIncident:10157,2,8019112033020594437
ITIncident:10160,2,619526666411708479
ITIncident:10164,2,17567149274776138269
ITIncident:10168,2,13235062584574763353
ITIncident:10173,2,16158423476630790613
ITIncident:10183,2,2937991339541449243
ITIncident:10188,2,18304112249288663801
ITIncident:10196,2,12451390676348288738
ITIncident:10203,2,15515895556910604820
ITIncident:10207,2,5888116690417299843
ITIncident:10218,2,5742327033278900165
ITIncident:10223,1,7077100596313601564
ITIncident:10227,2,1852895488252506773
ITIncident:10231,2,6886271209402090569
ITIncident:10235,2,13185836501161001630
ITIncident:10241,2,8643852503046279134
ITIncident:10243,2,9144702059265239596
ITIncident:10246,2,3256123579808208733
ITIncident:10252,2,13277884328024732056
ITIncident:10278,1,5588554984718627184
ITIncident:10291,2,1297916952531162055
ITIncident:10298,2,15945416017066655480
ITIncident:10315,2,605044348223911172
ITIncident:10331,2,12550753319095552015
ITIncident:10336,2,8446708239411622905
ITIncident:10341,2,5408076451274568328
ITIncident:10343,2,17846426689073451670
ITIncident:10347,2,15464904658032972865
ITIncident:10356,2,18224721374428244067
ITIncident:10365,2,17433432295676067167
ITIncident:10376,2,9793702921429964769
ITIncident:10382,2,5470015077212655276
ITIncident:10385,2,12587224667662585192
ITIncident:10395,2,7025399920891727133
ITIncident:10399,2,1569618126295088763
ITIncident:10407,2,8475030062727821235
ITIncident:10412,2,9733714956441765848
ITIncident:10416,2,18038284988459009468
ITIncident:10422,2,4173552438555289233
ITIncident:10432,2,4896432027057634568
ITIncident:10441,2,3244480597002190219
ITIncident:10448,2,17605867080015307375
ITIncident:10450,2,11975173940078704418
ITIncident:10460,2,8787399318809180677
ITIncident:10466,2,7102100738326912664
ITIncident:10470,2,14249339690453849375
ITIncident:10481,2,9884592648066039011
ITIncident:10489,2,1188476761832329098
ITIncident:10495,2,5048183527211879017
ITIncident:10502,2,3755969625113819927
ITIncident:10507,2,14933907652749778474
ITIncident:10511,2,12433610886511841339
ITIncident:10515,2,11780131701492433616
ITIncident:10525,2,7639307042479175609
ITIncident:10532,2,10679172131898882917
ITIncident:10536,2,7929573951400321208
ITIncident:10541,2,15482012313673547179
ITIncident:10548,2,7773315314643138247
ITIncident:10557,2,17632517378879752760
ITIncident:10582,2,18037412534120090841
ITIncident:10594,2,15225416021413787320
ITIncident:10599,2,4090898728884482238
ITIncident:10606,2,17992115904844449325
ITIncident:10611,2,2034676357694141090
ITIncident:10632,2,4597099206536225532
ITIncident:10637,2,15341274893080748293
ITIncident:10644,2,3460406092104643112
ITIncident:10646,2,4360975847133699321
ITIncident:10649,2,5328122545492962838
ITIncident:10655,2,9984787684035500335
ITIncident:10658,2,3674608134856546415
ITIncident:10662,2,11958178933198369171
ITIncident:10680,2,8013856955485305688
ITIncident:10686,2,6555023206414734037
ITIncident:10689,1,9656725800820113397
ITIncident:10698,2,9993615031305948448
ITIncident:10708,2,13640085259160867357
ITIncident:10716,2,5482790807298809915
ITIncident:10726,2,18181113927371159945
ITIncident:10733,2,1538068044411003733
ITIncident:10736,1,18350578144868433009
ITIncident:10750,2,17270834875276943343
ITIncident:10759,2,16185749904566699680
ITIncident:10765,2,13192504608545898484
ITIncident:10771,2,16269906920885437844
ITIncident:10781,2,12973966651757380764
ITIncident:10789,2,7825274096072798354
ITIncident:10793,2,14000244649252934497
ITIncident:10801,2,8029250290302646658
ITIncident:10813,2,3803563701883885177
ITIncident:10820,2,16267724921975515492
ITIncident:10824,2,17901440494880368650
ITIncident:10826,2,2015207452406718208
ITIncident:10831,2,16213981581558723347
ITIncident:10840,2,3382714703496986363
ITIncident:10851,0,14840696080267434230
ITIncident:10853,2,4534309499174030722
ITIncident:10860,2,15735814536947563330
ITIncident:10863,2,16968227265155734446
ITIncident:10869,2,10832913878580173073
ITIncident:10889,2,5914340023219177998
ITIncident:10897,2,4676759728250580927
ITIncident:10903,2,1893548834387387814
ITIncident:10910,2,17394322583333382786
ITIncident:10915,2,10820783582297722101
ITIncident:10918,1,18130858510619637411
ITIncident:10922,2,5488573437673639677
ITIncident:10926,2,894510695543922999
ITIncident:10929,2,8735737179941256959
ITIncident:10933,2,5001396333126028692
ITIncident:10942,2,6525124647584916722
ITIncident:10945,1,18130858510619637411
ITIncident:10951,2,11511449628966418138
ITIncident:10958,2,5527760570530420013
ITIncident:10967,2,14719358029476231413
ITIncident:10970,2,16451536657888597257
ITIncident:10978,2,601390454322342573
ITIncident:10995,2,11526873475944444082
ITIncident:11018,2,8113947803786937534
ITIncident:11026,2,12589435109341183072
ITIncident:11030,2,1229896179942971176
ITIncident:11037,2,9897299552959258931
ITIncident:11053,1,5925910665784371008
ITIncident:11062,2,8967528359659674033
ITIncident:11068,2,926778634043185191
ITIncident:11073,1,1214477175020144916
ITIncident:11085,2,13218873538693831294
ITIncident:11090,2,11275914827921898695
ITIncident:11096,2,7327025696469211113
ITIncident:11102,2,16506250935956974371
ITIncident:11114,2,9278489769106663481
ITIncident:11124,2,18305868755593567427
ITIncident:11132,2,11721773572174705413
ITIncident:11138,2,4453419573239351320
ITIncident:11149,2,7674018007946584236
ITIncident:11153,2,13185836501161001630
ITIncident:11156,2,1802404244228960362
ITIncident:11159,2,14964112562137444229
ITIncident:11165,2,2377700812685802003
ITIncident:11174,2,15671290415754699626
ITIncident:11179,2,9931677895931593182
ITIncident:11191,2,8595472182629942823
ITIncident:11207,2,3274067209803081959
ITIncident:11209,2,7880279784743235020
ITIncident:11215,2,4961273304465252319
ITIncident:11225,2,5009512349493518751
ITIncident:11232,2,1109278109437547785
ITIncident:11257,2,2865883979866760532
ITIncident:11263,2,14442757288562312233
ITIncident:11273,2,13290731738767411784
ITIncident:11279,2,13462754881971165174
ITIncident:11283,2,15230447501753195981
ITIncident:11288,2,4617344670875536776
ITIncident:11291,2,1568930442768683197
ITIncident:11293,2,15031320475974762729
ITIncident:11299,2,17876857656739739553
ITIncident:11303,2,1159904274145170593
ITIncident:11305,2,4174679455400280844
ITIncident:11314,2,2520268857925201848
ITIncident:11327,2,13916914504313081505
ITIncident:11330,2,6138539654986829048
ITIncident:11346,2,7660963285452458554
ITIncident:11350,2,14804450487874276274
ITIncident:11356,1,10120712786628911651
ITIncident:11369,2,5862643608037040476
ITIncident:11373,2,1512522285733155271
ITIncident:11380,2,2753165454941330444
ITIncident:11382,2,1517987321280500726
ITIncident:11386,2,2353499536469972851
ITIncident:11392,2,18111827082489450896
ITIncident:11399,2,5283441563555456104
ITIncident:11404,2,15889964850394203577
ITIncident:11415,2,10603141450351583219
ITIncident:11419,2,11329360397638318933
ITIncident:11427,2,5081908693158800149
ITIncident:11445,2,7298551793067476300
ITIncident:11453,2,14150260044137338151
ITIncident:11457,2,5079723968307187796
ITIncident:11464,2,886350396501704825
ITIncident:11467,2,9741570996812739232
ITIncident:11471,2,16992137958889379597
ITIncident:11475,2,8745102538628910222
ITIncident:11479,2,13847065656362887113
ITIncident:11489,2,7766858334317859868
ITIncident:11495,2,7441685198164316796
ITIncident:11499,2,13720421272700697427
ITIncident:11509,2,10417447278213259312
ITIncident:11513,2,13678715654752730820
ITIncident:11521,2,9965238250751383397
ITIncident:11527,2,6803284236312624552
ITIncident:11545,2,5700695652319419899
ITIncident:11554,2,10299534413627573328
ITIncident:11559,2,5675083503183553163
ITIncident:11569,2,7820824085780213307
ITIncident:11575,2,16399674140802772527
ITIncident:11579,2,6827083186971330545
ITIncident:11589,2,6538869973194835616
ITIncident:11592,2,9619440631119658370
ITIncident:11600,2,4560052735483939230
ITIncident:11618,2,5875271341246666915
ITIncident:11621,2,15163401844118894601
ITIncident:11627,2,17088635025622226494
ITIncident:11634,2,3962149220104857361
ITIncident:11644,2,12811797957466543010
ITIncident:11653,2,2336782422378836514
ITIncident:11662,2,4901462476756646388
ITIncident:11666,2,12674543543152516415
ITIncident:11680,2,575268440873349711
ITIncident:11688,2,3555950764743860958
ITIncident:11693,2,3841694543744068139
ITIncident:11698,2,8573557064666318681
ITIncident:11707,2,5020143513706667928
ITIncident:11718,2,1629698562942804280
ITIncident:11735,2,2322532595425295231
ITIncident:11746,2,5428424346698706646
ITIncident:11748,2,14755258693494467698
ITIncident:11752,2,12008874023746424670
ITIncident:11766,2,14874292527085453601
ITIncident:11771,2,9085346144195074080
ITIncident:11773,2,620989264822555263
ITIncident:11777,2,4997384911020640586
ITIncident:11793,2,461938240291788861
ITIncident:11805,2,5731168283181599463
ITIncident:11813,2,11311315920946803796
ITIncident:11821,2,16812231608001257415
ITIncident:11827,2,12239801564824016313
ITIncident:11835,2,9447788826204150191
ITIncident:11837,2,18184011036451039721
ITIncident:11842,2,12634255483082752486
ITIncident:11850,2,8801865526979737645
ITIncident:11854,2,8348326854543252272
ITIncident:11868,2,7123736083391577281
ITIncident:11872,2,15933943577842822306
ITIncident:11880,2,17128613274781086171
ITIncident:11894,2,1239310729937218322
ITIncident:11904,2,9276796069979544214
ITIncident:11909,2,3859461884887201970
ITIncident:11913,2,7725943765529339297
ITIncident:11920,2,11627165559650499133
ITIncident:11939,2,13398158809563445934
ITIncident:11942,2,11884900191461290938
ITIncident:11948,2,7100789831040952243
ITIncident:11960,2,111827243139890378
ITIncident:11970,2,161350824123936657
ITIncident:11978,2,3291889489507162517
ITIncident:11985,2,12864237265788688189
ITIncident:11989,2,15685688599065622021
ITIncident:12000,2,16815895535314760212
ITIncident:12009,2,9207341323834157669
ITIncident:12015,2,7301925750488592383
ITIncident:12020,2,2289113011423739840
ITIncident:12036,2,10699262670623392812
ITIncident:12040,2,4608966846140408753
ITIncident:12043,2,7976919087004750212
ITIncident:12061,2,7126615111864408377
ITIncident:12069,2,8854235274085989521
ITIncident:12077,2,14290437597366660069
ITIncident:12090,2,8243772367636164717
ITIncident:12094,1,1919300284744585625
ITIncident:12104,2,2600757430224606594
ITIncident:12114,2,11204738221846912405
ITIncident:12121,2,337868793762202745
ITIncident:12128,1,5033588607926525310
ITIncident:12130,2,7911112342008201624
ITIncident:12134,2,4960795175223223323
ITIncident:12138,2,4823044750686924740
ITIncident:12151,0,10209220009637662899
ITIncident:12154,2,4498128211663927516
ITIncident:12158,2,13185836501161001630
ITIncident:12164,0,889426555090612386
ITIncident:12170,2,12303944632223733425
ITIncident:12178,2,1092061996752795147
ITIncident:12183,2,12085729798246827798
ITIncident:12187,2,2120886933723732056
ITIncident:12196,2,10158818335993412758
ITIncident:12203,2,5283491255190939984
ITIncident:12211,2,13625702795732678812
ITIncident:12214,2,16636210267332018856
ITIncident:12223,2,9054760804341227869
ITIncident:12231,2,14486534532781444416
ITIncident:12237,2,13859406959994249823
ITIncident:12243,2,14869254553556186868
ITIncident:12253,2,12730266882701891053
ITIncident:12261,0,8891734294906828322
ITIncident:12272,2,12886284103915655543
ITIncident:12280,2,3407620056198851245
ITIncident:12287,2,8415452186269515608
ITIncident:12289,2,1078911669070523521
ITIncident:12296,2,1787164644414808630
ITIncident:12302,2,2617636780184428277
ITIncident:12305,2,13319622713174445774
ITIncident:12309,1,9859345734811635449
ITIncident:12311,2,1078911669070523521
ITIncident:12313,2,1078911669070523521
ITIncident:12329,2,5436990969212268041
ITIncident:12331,2,1814461872972757048
ITIncident:12355,0,6920670245224134506
ITIncident:12364,2,382369213857755020
ITIncident:12369,2,18421156507043794064
ITIncident:12374,0,1305741042510408460
ITIncident:12390,2,2043727127234561018
ITIncident:12395,2,9172913411414847720
ITIncident:12409,0,17988359685235088276
ITIncident:12421,2,15816131937706107456
ITIncident:12427,2,4200246365234502221
ITIncident:12440,1,7483987961071052775
ITIncident:12449,2,9190480409636668006
ITIncident:12461,1,10967295360356317970
ITIncident:12469,1,1260366121171062230
ITIncident:12477,2,3824785986800444289
ITIncident:12483,2,16278941467226834746
ITIncident:12495,1,14110435565602668000
ITIncident:12497,2,7092251577290921596
ITIncident:12499,1,10561844252247790020
ITIncident:12503,2,16280317939802884833
ITIncident:12511,1,3830053991056423698
ITIncident:12513,1,8418320868644272112
ITIncident:12517,2,11958178933198369171
ITIncident:12522,2,8477141305542425139
ITIncident:12526,2,15540137647803217881
ITIncident:12529,2,3319038850199156346
ITIncident:12534,2,13598439385170127842
ITIncident:12537,2,6378322033757843947
ITIncident:12553,2,224696426944372396
ITIncident:12560,2,13653505149762757194
ITIncident:12568,2,2548958042886004088
ITIncident:12588,0,8855583360712427526
ITIncident:12591,2,583577687964484698
ITIncident:12594,2,4904663812266317094
ITIncident:12597,2,13723141245972382889
ITIncident:12600,2,251865738927634710
ITIncident:12603,1,8926206782080649086
ITIncident:12608,2,10587034883833110265
ITIncident:12614,2,11932181704198239286
ITIncident:12616,2,17599237195844659798
ITIncident:12621,2,198231041433556242
ITIncident:12638,1,6882764557804969389
ITIncident:12649,2,10022882709483186654
ITIncident:12661,2,6332685773357310575
ITIncident:12666,0,13467587633361916454
ITIncident:12673,2,17217489816618554608
ITIncident:12678,2,3489845831454044439
ITIncident:12682,2,10820589897055178714
ITIncident:12689,2,3915917820038169498
ITIncident:12698,2,11012794938952159210
ITIncident:12719,2,14642722573375052204
ITIncident:12738,0,13856725372164359380
ITIncident:12741,2,11630618907313459071
ITIncident:12744,2,10468242544779260215
ITIncident:12747,2,16321242078251582113
ITIncident:12750,2,16321242078251582113
ITIncident:12753,2,16321242078251582113
ITIncident:12756,2,16321242078251582113
ITIncident:12759,2,16321242078251582113
ITIncident:12765,2,2149331312714554839
ITIncident:12769,2,13720421272700697427
ITIncident:12780,2,5582789962246621587
ITIncident:12790,2,9526297905351947512
ITIncident:12793,2,13465474374777883176
ITIncident:12796,2,10963927748427418753
ITIncident:12805,2,2232661252217778663
ITIncident:12808,2,7564857973439493873
ITIncident:12811,2,4274182544958776507
ITIncident:12814,2,15173706927620176065
ITIncident:12822,2,5972472041301882907
ITIncident:12828,2,17077613151313994019
ITIncident:12831,2,15173706927620176065
ITIncident:12835,2,670758302504511474
ITIncident:12841,2,9323531955282229960
ITIncident:12845,2,1514819558540787731
ITIncident:12848,2,4988893919733309980
ITIncident:12857,2,733982446545338334
ITIncident:12862,2,12085729798246827798
ITIncident:12872,2,11393699831968692031
ITIncident:12877,2,2206178825632133157
ITIncident:12881,2,15708680166695209738
ITIncident:12884,2,7832020671263299607
ITIncident:12886,2,1299103612613485384
ITIncident:12888,2,2508235343769023642
ITIncident:12895,2,9000048517613768689
ITIncident:12897,2,11975173940078704418
ITIncident:12907,2,8869179556188535554
ITIncident:12911,2,17647528955742333027
ITIncident:12922,2,6513701339830716987
ITIncident:12934,2,5544278121778746325
ITIncident:12937,2,12587224667662585192
ITIncident:12951,2,9531806574007240038
ITIncident:12954,2,4439936093825119937
ITIncident:12961,2,6211627348655559419
ITIncident:12972,2,15608133731820108747
ITIncident:12992,2,16186854795992209559
ITIncident:13002,2,17858514466814386235
ITIncident:13009,2,10648376908057491624
ITIncident:13019,2,13658249318513983882
ITIncident:13024,2,13252704036301093814
ITIncident:13033,2,6537857229840959082
ITIncident:13036,2,1585064704544518328
ITIncident:13042,2,17081265318680787178
ITIncident:13047,0,7140829623578065094
ITIncident:13056,2,8630396977183587331
ITIncident:13066,2,4192018597321025932
ITIncident:13072,2,9649794083486836372
ITIncident:13080,2,8651710212635749826
ITIncident:13088,2,10812766789848538372
ITIncident:13091,2,15173706927620176065
ITIncident:13094,2,15173706927620176065
ITIncident:13096,2,2940500935178959262
ITIncident:13099,2,5603747429714778196
ITIncident:13102,1,3649282863425363874
ITIncident:13123,2,17696941387000791441
ITIncident:13126,2,4274182544958776507
ITIncident:13135,2,11917308518777732669
ITIncident:13144,1,8345422924935185626
ITIncident:13160,2,4002514057662246065
ITIncident:13165,2,11390382977843658078
ITIncident:13168,1,15173706927620176065
ITIncident:13172,2,10619023780809605826
ITIncident:13181,2,9289631990056811404
ITIncident:13192,2,6513988130384690176
ITIncident:13198,2,20988600811303489
ITIncident:13211,1,9607300915102654454
ITIncident:13221,0,18059736416269047487
ITIncident:13224,2,12503979437297121136
ITIncident:13228,2,18208913215170222006
ITIncident:13231,2,10757132867242976744
ITIncident:13235,2,10483776390824140534
ITIncident:13241,2,4570715809110772646
ITIncident:13258,2,12976780649469826560
ITIncident:13268,2,1265919298487527390
ITIncident:13273,2,17878972480357979284
ITIncident:13276,2,619526666411708479
ITIncident:13284,2,12699651223838718816
ITIncident:13292,1,1436888950340215731
ITIncident:13299,2,15402215176653006883
ITIncident:13302,2,3710069436465929283
ITIncident:13309,2,18369475851427085624
ITIncident:13315,2,5637992150321131901
ITIncident:13319,2,10748346690839343660
ITIncident:13331,2,6515033271221156243
ITIncident:13334,2,4745311647773839931
ITIncident:13339,2,15648556143399527243
ITIncident:13346,2,17080249649140719906
ITIncident:13352,2,6350046426899409132
ITIncident:13356,2,3867997889238406306
ITIncident:13359,2,7073292478076928027
ITIncident:13374,1,1907247508937273718
ITIncident:13377,2,5771806526919326537
ITIncident:13386,2,7863719472180517400
ITIncident:13402,0,8910343869124020090
ITIncident:13408,2,14999540320164463407
ITIncident:13412,2,18256642142610924081
ITIncident:13417,2,8355381377444257343
ITIncident:13422,0,9710880169402190502
ITIncident:13424,2,11341949533094006118
ITIncident:13438,2,5295009810968069027
ITIncident:13447,2,3766777798037341412
ITIncident:13451,1,5554124411064828438
ITIncident:13456,2,3115510738271809027
ITIncident:13460,2,9234265028285185655
ITIncident:13466,2,6308995214231698287
ITIncident:13474,2,224570851495329143
ITIncident:13490,2,429737609290678711
ITIncident:13497,2,16821681153276800641
ITIncident:13503,2,7910265326639133038
ITIncident:13511,2,5992093306935764374
ITIncident:13514,2,6854833003663265263
ITIncident:13519,2,12233424192968207256
ITIncident:13521,2,2461266091629935072
ITIncident:13525,2,11750817472593420300
ITIncident:13528,2,11333337230639349133
ITIncident:13535,2,1900806958337084343
ITIncident:13540,2,16850157032672738795
ITIncident:13543,1,14496412033146842081
ITIncident:13555,2,5074194143096306309
ITIncident:13560,2,198231041433556242
ITIncident:13570,2,11001552519789535928
ITIncident:13576,2,4601816507324547075
ITIncident:13591,2,3288837879324559676
ITIncident:13595,2,1025966511654883826
ITIncident:13598,2,18130858510619637411
ITIncident:13610,2,7509598463199108794
ITIncident:13616,2,5398559393079629732
ITIncident:13625,2,12413142323169611509
ITIncident:13629,2,12075413907745803259
ITIncident:13655,2,3775408950435109051
ITIncident:13664,2,13016135784479959976
ITIncident:13673,2,14775695207483594481
ITIncident:13679,2,13423976120682165510
ITIncident:13688,2,10029895923504622330
ITIncident:13701,2,4116061438195634319
ITIncident:13728,1,10760474755658505401
ITIncident:13738,1,17061250549916894416
ITIncident:13749,2,6563869509923322447
ITIncident:13753,2,4074582676889508982
ITIncident:13759,2,3458495007808105442
ITIncident:13761,2,3613652874584595223
ITIncident:13771,2,9099036845396427979
ITIncident:13780,2,5933754542483235158
ITIncident:13788,2,7363340193467472640
ITIncident:13796,1,622321870996399451
ITIncident:13800,2,10767098871606865509
ITIncident:13803,2,5998800376932478746
ITIncident:13809,2,8338002091519764145
ITIncident:13820,2,1447189787638425130
ITIncident:13824,2,3075622774368430025
ITIncident:13835,2,6335597099519053317
ITIncident:13846,2,9414217586630730919
ITIncident:13854,2,788338687217969497
ITIncident:13861,1,16978343823722048892
ITIncident:13872,2,1417315883416967307
ITIncident:13876,2,5046202811825684979
ITIncident:13888,2,1669321248578816336
ITIncident:13900,2,15819416403005609913
ITIncident:13915,2,15949747257651704725
ITIncident:13921,1,10094767558590614090
ITIncident:13927,2,11256555872906909467
ITIncident:13932,2,13319424724288759976
ITIncident:13938,1,3356909805773191625
ITIncident:13942,2,2723645133230637005
ITIncident:13946,2,9330540478225594195
ITIncident:13957,2,5719284808865141139
ITIncident:13961,2,13761213416674169599
ITIncident:13968,2,7241827134999919679
ITIncident:13974,2,15445975216455162082
ITIncident:13981,2,14690565646939540685
ITIncident:13992,2,4077521957077004574
ITIncident:13997,2,12016236981437101880
ITIncident:14002,2,3960400445768670899
ITIncident:14015,1,3773697234650259188
ITIncident:14019,2,7378796186022073155
ITIncident:14030,2,16510427181301227014
ITIncident:14040,2,2569700873599493939
ITIncident:14048,2,18086996272526738958
ITIncident:14055,2,10054630656921857467
ITIncident:14060,2,609764703766042315
ITIncident:14070,1,4951238074376078718
ITIncident:14074,2,13956560674907910697
ITIncident:14087,2,8900655250011064957
ITIncident:14094,0,15776985784435043192
ITIncident:14103,2,8504999073254063450
ITIncident:14117,1,5621241208943415567
ITIncident:14127,2,2407477139128867876
ITIncident:14131,2,9639977423580178779
ITIncident:14137,2,17695797656828045012
ITIncident:14147,2,7905402959344366172
ITIncident:14151,2,14320310098013163812
ITIncident:14156,2,3798070644658866757
ITIncident:14165,2,4609327816417576374
ITIncident:14172,2,14318028841701049678
ITIncident:14181,2,17052742279410970808
ITIncident:14185,2,13887780906866098158
ITIncident:14194,2,15257984562655021111
ITIncident:14208,2,2984910318002881270
ITIncident:14216,2,16744866209401681775
ITIncident:14232,2,4348050921639235290
ITIncident:14234,2,7880279784743235020
ITIncident:14238,2,5025333196686324178
ITIncident:14247,2,7725292763305145808
ITIncident:14271,2,11148416370651743437
ITIncident:14274,2,18350578144868433009
ITIncident:14278,2,3006174199484742022
ITIncident:14286,2,13862594072464069995
ITIncident:14293,2,6950398945923252561
ITIncident:14302,2,2207928698965374630
ITIncident:14307,2,5348570170274983181
ITIncident:14311,2,15990976243745432301
ITIncident:14320,1,3487925343969604785
ITIncident:14324,2,6665764199221485382
ITIncident:14333,2,16034897065974285314
ITIncident:14341,2,1263516635316107002
ITIncident:14349,2,5486481205184141462
ITIncident:14360,2,13484816953113378649
ITIncident:14366,1,2904738768713003521
ITIncident:14371,2,10925676588510530537
ITIncident:14373,2,11341949533094006118
ITIncident:14377,2,11958178933198369171
ITIncident:14410,0,11504741746602871722
ITIncident:14422,1,10398825805019566318
ITIncident:14426,2,9788934978279619111
ITIncident:14430,2,11958178933198369171
ITIncident:14439,2,11013823212743174965
ITIncident:14449,2,10273517669052688950
ITIncident:14454,2,10868067687835760828
ITIncident:14459,2,13319424724288759976
ITIncident:14468,2,9495141403110352051
ITIncident:14474,2,9470174617011348714
ITIncident:14483,2,11750817472593420300
ITIncident:14486,2,3891651575771516705
ITIncident:14489,2,619526666411708479
ITIncident:14493,2,17656500388212519864
ITIncident:14501,2,13998700973123810940
ITIncident:14511,2,17464287489129301059
ITIncident:14514,2,1431877547662094649
ITIncident:14517,2,16528376820523827775
ITIncident:14521,2,1181438701211929328
ITIncident:14526,2,13647117369460121662
ITIncident:14532,2,9863973305471177937
ITIncident:14537,2,13192504608545898484
ITIncident:14541,2,14714373116135574136
ITIncident:14549,2,13730700953039541632
ITIncident:14556,2,12191016812386257877
ITIncident:14560,2,15290078491476807714
ITIncident:14562,2,12350160515196740148
ITIncident:14567,2,11390382977843658078
ITIncident:14572,2,3349677498831509298
ITIncident:14582,1,7163485270415891085
ITIncident:14586,2,17043153601923831527
ITIncident:14594,2,12634327296969111481
ITIncident:14602,2,10777906109792211873
ITIncident:14606,2,3397099733179335793
ITIncident:14625,2,7318604213843264022
ITIncident:14630,1,2567607412567765774
ITIncident:14640,2,17289237836876918905
ITIncident:14648,2,16488054580244976690
ITIncident:14654,2,16952321365882701199
ITIncident:14664,2,2085670900932436090
ITIncident:14675,2,4008863329329958795
ITIncident:14680,2,7439456546000244662
ITIncident:14691,2,12042555990210380499
ITIncident:14703,2,9278489769106663481
ITIncident:14708,2,2596329285095334948
ITIncident:14713,2,141699810877615537
ITIncident:14719,2,10662476092357985470
ITIncident:14724,2,7879267688144750588
ITIncident:14732,1,7996895754976502868
ITIncident:14743,2,4879210578770728464
ITIncident:14763,2,9073903993883243269
ITIncident:14776,2,3334360768062351509
ITIncident:14787,2,14432745010183560791
ITIncident:14790,2,14267151235594242365
ITIncident:14799,2,11393699831968692031
ITIncident:14803,2,14870278218719702119
ITIncident:14807,2,15358454609637870794
ITIncident:14811,2,1970370101263766467
ITIncident:14817,2,3497882777421600903
ITIncident:14826,1,17652043740865676434
ITIncident:14831,2,6476943901152085848
ITIncident:14836,2,10094289393826986055
ITIncident:14847,2,13648183971069948872
ITIncident:14854,2,4430597898182506986
ITIncident:14865,2,16820922732090756674
ITIncident:14872,2,17845887741767251983
ITIncident:14878,2,8648028980319954841
ITIncident:14882,2,10489650309049788907
ITIncident:14887,2,16544731083514945030
ITIncident:14889,2,3452049817738705250
ITIncident:14894,2,6455260940467410915
ITIncident:14898,2,3395601913293821153
ITIncident:14905,2,3447510108861631521
ITIncident:14913,2,12404837688642793299
ITIncident:14920,2,7011341559891320168
ITIncident:14925,2,15926790554678833305
ITIncident:14933,2,12514911375760472775
ITIncident:14937,2,13943149357462627075
ITIncident:14943,2,1056414402556758149
ITIncident:14950,2,9220390197117315034
ITIncident:14952,2,6293795009870917455
ITIncident:14961,2,17561193573910123421
ITIncident:14968,2,13561413823903070049
ITIncident:14974,2,12217634048075557049
ITIncident:14982,2,2810782535832437462
ITIncident:14992,2,14415823981630911390
ITIncident:14998,2,7443916118988480959
ITIncident:15002,2,12440847481530056140
ITIncident:15010,2,16914472010654465294
ITIncident:15021,2,218721413418100455
ITIncident:15026,2,16304248250278931820
ITIncident:15030,2,7924945466495383712
ITIncident:15038,2,18296852983268359654
ITIncident:15042,2,2466644119819767760
ITIncident:15046,2,12161342276745746204
ITIncident:15064,2,14000892337859436129
ITIncident:15068,2,14600787749142715428
ITIncident:15075,2,2959563020626134509
ITIncident:15084,2,8389417535853906727
ITIncident:15089,2,11390382977843658078
ITIncident:15092,2,10963927748427418753
ITIncident:15095,2,15134306022752453555
ITIncident:15099,2,6267538420564219755
ITIncident:15104,2,8532239532571220128
ITIncident:15118,2,12106919903240833394
ITIncident:15123,2,17287527472163123273
ITIncident:15127,2,167764606224826381
ITIncident:15136,2,3410928819970694985
ITIncident:15149,2,13130724081746856197
ITIncident:15157,2,3873569949352528872
ITIncident:15165,2,15668579103456333573
ITIncident:15174,2,5173524690917556291
ITIncident:15184,2,6679545194481654581
ITIncident:15190,2,13863971789548327377
ITIncident:15205,2,2739549015361636680
ITIncident:15210,2,17946349857535509848
ITIncident:15216,2,14172113530970421376
ITIncident:15221,1,9424517506367013249
ITIncident:15231,2,10610047209685014043
ITIncident:15238,2,6439875814061703588
ITIncident:15250,2,8885987713079863125
ITIncident:15254,2,3191002839603131859
ITIncident:15261,2,1294817140446508516
ITIncident:15299,2,18357214602461563581
ITIncident:15305,2,3734822003041006432
ITIncident:15313,2,2953218898297148342
ITIncident:15319,0,11344437114935795460
ITIncident:15326,2,3798070644658866757
ITIncident:15330,2,3191002839603131859
ITIncident:15337,2,18176445556213001500
ITIncident:15343,2,7103547600003258972
ITIncident:15347,2,15101034656560193045
ITIncident:15351,2,3191002839603131859
ITIncident:15366,2,1080806209999484762
ITIncident:15380,2,4576873538977268427
ITIncident:15389,1,12575999365618893435
ITIncident:15395,2,5675083503183553163
ITIncident:15402,2,10054630656921857467
ITIncident:15414,2,11760755035826524034
ITIncident:15428,2,2268865690581511696
ITIncident:15432,2,12739142672365379036
ITIncident:15446,2,6373557736212177308
ITIncident:15463,2,8318534925202454937
ITIncident:15474,2,16230993468248355858
ITIncident:15477,2,15333140485086147648
ITIncident:15483,2,1636905649334092082
ITIncident:15494,2,10763712178518520222
ITIncident:15498,0,8033148557355832163
ITIncident:15507,2,17500108664187376433
ITIncident:15509,2,6662432791646519895
ITIncident:15512,2,16321242078251582113
ITIncident:15517,2,2800425526992474203
ITIncident:15527,2,13315464332173565581
ITIncident:15530,2,3314597621361489717
ITIncident:15539,2,5574029332034126290
ITIncident:15542,2,827516282265014256
ITIncident:15546,2,14224085906095034217
ITIncident:15553,2,14160971806216514360
ITIncident:15572,2,11341482283883841007
ITIncident:15580,2,3352250086108866316
ITIncident:15586,2,267538149066819691
ITIncident:15590,2,2281378748997925364
ITIncident:15596,2,15649394538777124840
ITIncident:15613,2,16935486525859825137
ITIncident:15617,2,5845404562611006477
ITIncident:15622,2,17340697260263184805
ITIncident:15625,2,8038319675654688403
ITIncident:15629,2,17206617667989938082
ITIncident:15637,2,5478618809989186381
ITIncident:15646,2,13612318378109157002
ITIncident:15656,2,3308441464366766578
ITIncident:15658,2,11985845361435524759
ITIncident:15670,2,17057329256241051982
ITIncident:15672,2,10971063319506203991
ITIncident:15683,2,9113771202780096728
ITIncident:15689,2,3100861122678898615
ITIncident:15691,2,2360122321396071896
ITIncident:15694,2,8644726986183134664
ITIncident:15701,2,2322189356898643598
ITIncident:15713,1,12717679311012185471
ITIncident:15720,2,5995528983285277840
ITIncident:15722,2,11787542312459716448
ITIncident:15732,2,1460046506165361554
ITIncident:15735,2,4107106618373577081
ITIncident:15747,2,12459879790254833442
ITIncident:15750,1,11100066906231563605
ITIncident:15755,2,6185369285049868089
ITIncident:15765,2,13347881053324010428
ITIncident:15782,2,15040329353882859646
ITIncident:15792,2,5674326343709496845
ITIncident:15796,2,528819896800054032
ITIncident:15808,2,9464177208386930193
ITIncident:15813,2,17301660932343462745
ITIncident:15817,2,1928851512336426256
ITIncident:15821,2,15498062498399862920
ITIncident:15826,2,378402634808609228
ITIncident:15829,2,5988532137693156739
ITIncident:15837,2,6532705419660461132
ITIncident:15847,2,1067855575197875686
ITIncident:15850,2,16528376820523827775
ITIncident:15868,2,252724862550608147
ITIncident:15872,2,17960306163182443871
ITIncident:15879,2,13554080497832534329
ITIncident:15882,2,13794942094365076101
ITIncident:15889,2,17492807638077694457
ITIncident:15892,2,3476020788918209807
ITIncident:15898,2,10090802475479782801
ITIncident:15907,2,11013823212743174965
ITIncident:15910,2,12161342276745746204
ITIncident:15916,2,12298181925679108804
ITIncident:15944,2,11796061563803736184
ITIncident:15950,2,9553705991880491531
ITIncident:15955,2,9553705991880491531
ITIncident:15960,2,5963964619918841900
ITIncident:15966,2,11335348330740544719
ITIncident:15971,2,4431523468685536061
ITIncident:15975,2,6276678574915379930
ITIncident:15987,2,15878495963739045854
ITIncident:16002,2,15456911863264500357
ITIncident:16008,2,11085774351816263053
ITIncident:16015,2,8120137172109016691
ITIncident:16018,2,12201913370285318569
ITIncident:16023,2,1543571148243679
ITIncident:16026,2,4340571285710358396
ITIncident:16030,2,13972167354532758624
ITIncident:16034,2,12087517739977607228
ITIncident:16040,2,12355966675891626164
ITIncident:16049,2,4233848322122845958
ITIncident:16057,2,17467313714314739977
ITIncident:16061,2,16991572771387991962
ITIncident:16069,2,15553495998023610558
ITIncident:16074,2,4163977497675855278
ITIncident:16076,2,14746366582405263923
ITIncident:16081,2,13820566555656301664
ITIncident:16089,2,12283531553723162265
ITIncident:16095,2,1739183430305931685
ITIncident:16102,2,15301462697392835920
ITIncident:16115,2,2610142794688273140
ITIncident:16121,2,5519955426844400610
ITIncident:16124,2,16887764334011569954
ITIncident:16129,2,8641879705711612642
ITIncident:16138,2,7713351892112611806
ITIncident:16143,2,8384957269646834361
ITIncident:16149,2,4443907654173676817
ITIncident:16154,2,17898617565412776593
ITIncident:16158,2,7497245495738091023
ITIncident:16163,2,16865765966535909522
ITIncident:16168,2,7753120959669481343
ITIncident:16172,2,827516282265014256
ITIncident:16179,2,3773687657364841064
ITIncident:16184,2,12186837674510485028
ITIncident:16195,2,3663134068865000314
ITIncident:16201,2,6295336160117120436
ITIncident:16206,2,1159904274145170593
ITIncident:16214,2,6243758865795602896
ITIncident:16220,2,14430678578677000785
ITIncident:16233,2,4176956570107034146
ITIncident:16239,2,516236458139852128
ITIncident:16244,2,9667629459120185693
ITIncident:16249,2,1928851512336426256
ITIncident:16252,0,9508469132759652427
ITIncident:16262,2,6279962429782323030
ITIncident:16267,2,1143343169080679589
ITIncident:16279,2,11314613569541076361
ITIncident:16289,2,9269989444246326439
ITIncident:16297,2,13891289161588642024
ITIncident:16302,2,9553705991880491531
ITIncident:16309,2,14355956434835905947
ITIncident:16312,2,18414511266702333515
ITIncident:16319,2,11612534273589547964
ITIncident:16326,2,5521651876192671125
ITIncident:16339,2,11124303198692080031
ITIncident:16345,2,6947894360756986304
ITIncident:16347,2,7927007048485520720
ITIncident:16353,2,6558875032057466064
ITIncident:16359,2,16952321365882701199
ITIncident:16363,2,13495738214844201518
ITIncident:16371,2,16211023961513364836
ITIncident:16376,2,11390382977843658078
ITIncident:16378,2,14746366582405263923
ITIncident:16387,2,2207928698965374630
ITIncident:16397,2,9176144441089495147
ITIncident:16401,2,7805527428664715010
ITIncident:16410,2,4681715210649630276
ITIncident:16418,2,9251819798303615826
ITIncident:16424,2,6399435395028877476
ITIncident:16429,2,12016236981437101880
ITIncident:16444,2,7734719640603811329
ITIncident:16449,2,12739142672365379036
ITIncident:16453,2,5025333196686324178
ITIncident:16457,2,10748346690839343660
ITIncident:16462,2,12016236981437101880
ITIncident:16473,2,6925806900407808727
ITIncident:16498,2,18067283435903982222
ITIncident:16503,2,950271369225087358
ITIncident:16508,2,1314539608800560929
ITIncident:16514,2,6520705779698788620
ITIncident:16521,2,4908881277890514640
ITIncident:16525,2,3753358588164311313
ITIncident:16532,2,4918046224021051214
ITIncident:16544,2,10331527774915116378
ITIncident:16558,2,13410582618256289139
ITIncident:16564,2,7836567121649692642
ITIncident:16569,2,7723604276149490183
ITIncident:16580,2,18075727982983467828
ITIncident:16589,2,8417755804489037867
ITIncident:16601,2,5522986376581060103
ITIncident:16615,2,13598874692832943367
ITIncident:16620,0,4114249005640042112
ITIncident:16625,2,13861344681902736677
ITIncident:16632,2,16181833503145734818
ITIncident:16634,2,12953862983818201598
ITIncident:16638,2,8313122757307783617
ITIncident:16648,2,4446596427585932254
ITIncident:16651,2,1940937347415660840
ITIncident:16655,2,2852942742670872620
ITIncident:16664,2,9252177004730700290
ITIncident:16667,2,2825608670771417768
ITIncident:16674,2,4042505016293318082
ITIncident:16687,2,12963992267326006718
ITIncident:16698,2,8740503238389629516
ITIncident:16705,2,309269503598398070
ITIncident:16709,0,8067164689625500327
ITIncident:16717,2,13168357774802340143
ITIncident:16721,2,3531588345539896788
ITIncident:16726,2,3985761362337899614
ITIncident:16733,2,5409112693083230571
ITIncident:16738,2,12016236981437101880
ITIncident:16742,2,7021522119518312175
ITIncident:16759,2,6922068606076259388
ITIncident:16766,2,795510028237974545
ITIncident:16779,2,13044262061318803949
ITIncident:16781,2,13783590948993232919
ITIncident:16794,2,17469024914186083639
ITIncident:16801,2,3304646201414987889
ITIncident:16813,2,5445738049894275919
ITIncident:16821,2,17445796767980315086
ITIncident:16826,2,5795044394734670410
ITIncident:16835,2,15464127122545353122
ITIncident:16839,2,1751093231427906229
ITIncident:16844,2,17878972480357979284
ITIncident:16849,2,14746621983757691292
ITIncident:16857,2,13655823092137724051
ITIncident:16864,2,57475215204665678
ITIncident:16873,2,7479634490239421743
ITIncident:16895,2,9097520205027505195
ITIncident:16903,2,12597115533178005674
ITIncident:16910,2,17616397635778791778
ITIncident:16916,2,4041162024832949865
ITIncident:16921,2,6886700162216552717
ITIncident:16927,2,1556918213188973755
ITIncident:16935,2,9993615031305948448
ITIncident:16939,2,7226572601969024305
ITIncident:16949,2,3563988115284751296
ITIncident:16955,2,6377049036552936530
ITIncident:16959,1,3813520514739570286
ITIncident:16970,2,14618320899298239639
ITIncident:16975,2,18260461785124889590
ITIncident:16991,0,4528139424653299933
ITIncident:17008,2,6955810485031584269
ITIncident:17027,2,10738371516710029367
ITIncident:17032,2,5088597352756441950
ITIncident:17041,2,15382766328691988406
ITIncident:17051,2,9176144441089495147
ITIncident:17068,2,15887506067578547994
ITIncident:17071,2,9075177474471229036
ITIncident:17076,2,18013005696187030397
ITIncident:17080,2,7369390989147236844
ITIncident:17083,2,14719909280480027792
ITIncident:17087,2,10748346690839343660
ITIncident:17090,2,14275872848254364746
ITIncident:17093,2,4255225644870959529
ITIncident:17103,2,59047282398233240
ITIncident:17111,2,9788266034014346067
ITIncident:17121,2,12915069495004759074
ITIncident:17129,2,5188142592604250095
ITIncident:17135,2,13618596653087126543
ITIncident:17146,2,7494211068742852604
ITIncident:17149,2,11035180742297201877
ITIncident:17157,2,15532615360346495492
ITIncident:17164,2,9228461430621595348
ITIncident:17181,2,12231743037133894454
ITIncident:17187,2,7835943484057787926
ITIncident:17197,2,7766858334317859868
ITIncident:17202,2,1324340811861061548
ITIncident:17214,2,6360980752671074883
ITIncident:17227,2,16626879344911663932
ITIncident:17231,2,2238243700525599822
ITIncident:17248,2,10394741888879358305
ITIncident:17260,2,10682950161245410606
ITIncident:17268,2,2927180470086160933
ITIncident:17278,2,4059812817019640825
ITIncident:17283,2,14077672631943505926
ITIncident:17289,2,8650284384286827529
ITIncident:17300,2,14618320899298239639
ITIncident:17304,2,1751093231427906229
ITIncident:17313,2,1460046506165361554
ITIncident:17318,2,2281378748997925364
ITIncident:17325,2,18195702987455762844
ITIncident:17334,2,13661262373259563098
ITIncident:17341,2,9332596093987091128
ITIncident:17345,2,9134295795909222492
ITIncident:17353,2,471346334264646009
ITIncident:17362,2,5372752254300257003
ITIncident:17368,2,14884973813358183738
ITIncident:17372,2,3805131318172242231
ITIncident:17385,2,3564428216044697954
ITIncident:17397,2,2711580899759720472
ITIncident:17402,2,17459117477120218716
ITIncident:17406,2,2041150756607498656
ITIncident:17415,2,10257053410944909425
ITIncident:17420,2,7896201610365479766
ITIncident:17427,2,17748564473899273902
ITIncident:17433,2,12668738388543502650
ITIncident:17440,2,12198737353390962128
ITIncident:17443,2,4255225644870959529
ITIncident:17447,2,16905828196643389204
ITIncident:17456,2,6855112904546379420
ITIncident:17463,2,3147308766534476814
ITIncident:17473,2,9865003114859936249
ITIncident:17478,2,5637992150321131901
ITIncident:17481,2,2232156962573003119
ITIncident:17484,2,18350578144868433009
ITIncident:17488,2,16945220369325163687
ITIncident:17491,2,5958975910835125598
ITIncident:17495,2,17647528955742333027
ITIncident:17498,2,15876271876479795585
ITIncident:17501,2,3314597621361489717
ITIncident:17504,2,15876271876479795585
ITIncident:17513,2,17580963233953387199
ITIncident:17517,2,13253086504852675591
ITIncident:17522,2,10595793488677284367
ITIncident:17527,2,7428891815907283131
ITIncident:17529,2,1814461872972757048
ITIncident:17532,2,6543303594563622595
ITIncident:17536,2,10820589897055178714
ITIncident:17540,2,15395359164536656478
ITIncident:17547,2,3352250086108866316
ITIncident:17552,2,15101499663772587350
ITIncident:17557,2,9488562447562262510
ITIncident:17560,2,3197737030185806525
ITIncident:17567,2,11436826623017745570
ITIncident:17572,2,9488562447562262510
ITIncident:17584,2,9886328791940670151
ITIncident:17592,2,471346334264646009
ITIncident:17597,2,7205532623437354666
ITIncident:17602,2,3489845831454044439
ITIncident:17616,2,16901500242428575430
ITIncident:17621,2,14765230171196924137
ITIncident:17640,2,14064366065841561198
ITIncident:17642,2,7880279784743235020
ITIncident:17644,2,7880279784743235020
ITIncident:17647,2,13003026423685067127
ITIncident:17653,2,17131349527142853265
ITIncident:17656,2,16321242078251582113
ITIncident:17666,2,2583774571521561590
ITIncident:17680,2,1956566654181567460
ITIncident:17686,0,7101243364321801587
ITIncident:17689,2,4274182544958776507
ITIncident:17696,2,3352250086108866316
ITIncident:17703,2,2899332376041062269
ITIncident:17709,2,5624217591083411500
ITIncident:17715,2,16599373161560599643
ITIncident:17723,2,17422570080125971906
ITIncident:17737,2,17430428213011202226
ITIncident:17740,2,15130836115267301978
ITIncident:17746,2,14984105481071221837
ITIncident:17753,2,3352250086108866316
ITIncident:17762,1,5410563950477189746
ITIncident:17766,2,17901440494880368650
ITIncident:17774,2,12980445146317306472
ITIncident:17780,2,14343766759578938584
ITIncident:17786,2,1442976752899070899
ITIncident:17794,2,6460983310353164501
ITIncident:17801,2,9228461430621595348
ITIncident:17804,2,7810741625417515459
ITIncident:17811,2,6769999515068926306
ITIncident:17818,1,11872283819104366266
ITIncident:17826,2,2937918674790791523
ITIncident:17836,2,6184963768061223786
ITIncident:17839,2,5958975910835125598
ITIncident:17853,2,9505874891824626149
ITIncident:17864,1,9651871504754256909
ITIncident:17876,2,13185386826572024642
ITIncident:17889,2,4835590155192738181
ITIncident:17900,2,8977440510543457691
ITIncident:17905,2,12421729998370057423
ITIncident:17909,2,8910176511931945196
ITIncident:17916,2,14052954278161809455
ITIncident:17921,2,1399819256976474636
ITIncident:17930,2,15128493965769827578
ITIncident:17936,2,12208543378815694647
ITIncident:17938,2,16648371643954732472
ITIncident:17944,2,1057982305971937627
ITIncident:17949,2,3477852147304760715
ITIncident:17958,2,13433272833271044405
ITIncident:17964,2,11930625103937303541
ITIncident:17967,2,10963927748427418753
ITIncident:17973,1,11084954116235902208
ITIncident:17982,2,15641455035184449555
ITIncident:17991,2,3562569085924568808
ITIncident:17998,2,9228461430621595348
ITIncident:18004,2,7326212960621185290
ITIncident:18014,1,2860961417346504840
ITIncident:18019,2,10876977448718007686
ITIncident:18032,2,14308173201168596029
ITIncident:18035,2,14591887430865571640
ITIncident:18040,2,181530854862352801
ITIncident:18046,2,13378580149200880519
ITIncident:18052,2,1555799514614828966
ITIncident:18056,2,10553554404606783490
ITIncident:18060,2,2655687280336712636
ITIncident:18069,2,12283603540999453929
ITIncident:18076,1,9244634349730579786
ITIncident:18084,2,17760081929546836516
ITIncident:18092,2,10740265882259796318
ITIncident:18101,2,3410928819970694985
ITIncident:18107,2,6557682961335226084
ITIncident:18114,2,3352250086108866316
ITIncident:18123,2,7123708281262964104
ITIncident:18131,1,17793470376349421027
ITIncident:18143,2,15609605073162961148
ITIncident:18153,2,12063654744066271958
ITIncident:18162,2,3617199626342131661
ITIncident:18166,2,5025333196686324178
ITIncident:18174,2,1289612052475217051
ITIncident:18179,2,1279905907404912669
ITIncident:18210,2,17877668996030424210
ITIncident:18217,2,10917222766731023732
ITIncident:18222,2,95634007761509557
ITIncident:18240,2,829157893320981611
ITIncident:18248,2,3247680688675339604
ITIncident:18258,2,2478348171954776569
ITIncident:18266,2,8332578700990944559
ITIncident:18276,1,13306762669102401977
ITIncident:18285,2,5330680174628856341
ITIncident:18304,2,15597070217057442906
ITIncident:18307,2,314428393507847227
ITIncident:18320,2,14756076370649351818
ITIncident:18326,2,15626537743302715323
ITIncident:18329,1,15130836115267301978
ITIncident:18332,2,15578768292356305781
ITIncident:18339,2,1796328583313216393
ITIncident:18346,2,16286776727300093179
ITIncident:18353,2,15153437837112240796
ITIncident:18358,2,12634255483082752486
ITIncident:18362,2,14491903371112601247
ITIncident:18365,2,3891651575771516705
ITIncident:18369,2,18333372768915712566
ITIncident:18378,1,11372140054374712631
ITIncident:18383,2,11637027230706744168
ITIncident:18393,2,7468464447239699794
ITIncident:18396,2,13952640722677844479
ITIncident:18402,2,12013360064465954362
ITIncident:18412,2,10763397779590059786
ITIncident:18416,2,15437790579601762597
ITIncident:18421,2,2104322033086448280
ITIncident:18425,2,16037053992970657
ITIncident:18430,2,2154833204661065451
ITIncident:18436,2,7583664539483415591
ITIncident:18446,2,6828574965067280547
ITIncident:18450,2,3537133681694383457
ITIncident:18453,2,13516045971264976893
ITIncident:18459,2,2724466670280738581
ITIncident:18464,2,10960998615657469390
ITIncident:18473,2,5151838621987303131
ITIncident:18477,2,13404348289292884385
ITIncident:18485,2,12404837688642793299
ITIncident:18487,2,18361574899000527167
ITIncident:18494,2,4055817266489797750
ITIncident:18504,1,11633700198681569725
ITIncident:18508,2,17901440494880368650
ITIncident:18513,2,8641879705711612642
ITIncident:18521,2,14756133579378507911
ITIncident:18527,2,14077468542530268660
ITIncident:18532,2,7728119671541785659
ITIncident:18536,2,6566324433892421078
ITIncident:18545,2,10370581752155340686
ITIncident:18552,2,9327666569558979614
ITIncident:18565,2,2366174985914319347
ITIncident:18569,2,11023602418265288679
ITIncident:18578,2,13009906244271799376
ITIncident:18584,2,6404453700280789593
ITIncident:18587,2,14350770210897275886
ITIncident:18591,2,8441776683395679210
ITIncident:18595,2,14652430046985134914
ITIncident:18600,2,17257970409044084424
ITIncident:18609,2,2820913107070412655
ITIncident:18618,2,17078293340384714798
ITIncident:18623,2,5287958983580445309
ITIncident:18630,2,4802095249057353475
ITIncident:18644,2,8764461725252618425
ITIncident:18649,2,16588735444328377419
ITIncident:18657,1,3699006083174088032
ITIncident:18662,2,1945458980844486963
ITIncident:18669,2,14529706953973216457
ITIncident:18676,2,8094691807196982688
ITIncident:18681,2,8641879705711612642
ITIncident:18690,2,10151092685034848338
ITIncident:18698,2,12181352988978183149
ITIncident:18704,2,16612967814847685808
ITIncident:18710,2,17294419759754838311
ITIncident:18715,1,12634255483082752486
ITIncident:18717,2,17599237195844659798
ITIncident:18720,2,4244268920102265982
ITIncident:18729,2,11594572533911616664
ITIncident:18733,2,14670432035962300898
ITIncident:18736,1,15550057932443346973
ITIncident:18740,1,18223746691490063503
ITIncident:18751,2,3222422810495589432
ITIncident:18756,2,8198563751464215728
ITIncident:18768,2,5927515684156383370
ITIncident:18778,2,13180529911815047962
ITIncident:18806,2,1271509380967164401
ITIncident:18809,2,10328529895965366172
ITIncident:18817,2,3884063151375078339
ITIncident:18819,2,18361574899000527167
ITIncident:18830,2,9663328534518173028
ITIncident:18836,2,8360592527518280014
ITIncident:18841,2,12634255483082752486
ITIncident:18844,2,17366427676180655709
ITIncident:18848,1,8677849612339914226
ITIncident:18858,2,872324007632890364
ITIncident:18866,2,3126720565916795151
ITIncident:18871,2,13990645742037214188
ITIncident:18879,2,8903709008979048
ITIncident:18884,2,16087499612999959389
ITIncident:18893,2,13064653999134933763
ITIncident:18906,2,5888709513829933974
ITIncident:18913,2,14510543176141934969
ITIncident:18924,2,5616429628435748100
ITIncident:18933,2,14052893984884150658
ITIncident:18938,2,6258905111016903684
ITIncident:18955,2,6391297725847208468
ITIncident:18960,2,5046665908493829751
ITIncident:18978,2,2415845333248483060
ITIncident:19006,2,16633484310448563848
ITIncident:19015,2,11057050264970462120
ITIncident:19020,2,3985761362337899614
ITIncident:19039,2,2772453823336647566
ITIncident:19047,2,10354411284534589629
ITIncident:19056,2,8197775834612718692
ITIncident:19061,2,6336914645369986896
ITIncident:19068,2,17689363649561648053
ITIncident:19073,2,3529897702057812828
ITIncident:19078,2,2816095780061201483
ITIncident:19085,2,5663886250857572496
ITIncident:19089,2,9180341319418712977
ITIncident:19092,2,3185684740611066392
ITIncident:19107,2,12315079402913874277
ITIncident:19112,2,3985761362337899614
ITIncident:19122,2,16374958319567261337
ITIncident:19124,2,16392877098951811480
ITIncident:19131,2,11616800118204940432
ITIncident:19148,2,18222549143210084998
ITIncident:19150,2,13688837495380346241
ITIncident:19155,2,5438696845745845192
ITIncident:19164,2,16820922732090756674
ITIncident:19173,2,16778779516512914882
ITIncident:19184,2,10966529909635701904
ITIncident:19193,2,2473626381891661621
ITIncident:19196,2,15640256499469741000
ITIncident:19204,2,9177785826311120401
ITIncident:19207,2,10224167534298642544
ITIncident:19212,2,4037993239216323856
ITIncident:19220,2,1711720991637637650
ITIncident:19228,2,487545772259090521
ITIncident:19242,2,3992245900808097284
ITIncident:19253,2,17984455095546248835
ITIncident:19265,2,4418772393896534434
ITIncident:19270,2,9744467649703395617
ITIncident:19286,2,8002077738489003353
ITIncident:19292,2,16337531367829051640
ITIncident:19294,2,13346671032618191337
ITIncident:19299,2,5818810235526264492
ITIncident:19311,2,1762160430970112384
ITIncident:19319,2,5169431744247307319
ITIncident:19322,2,2453397793082956610
ITIncident:19325,2,12832985056497185097
ITIncident:19333,2,15818597764427138705
ITIncident:19345,2,11697246983212305487
ITIncident:19359,2,12245830339052594311
ITIncident:19389,2,16126474998958869988
ITIncident:19400,2,9333821177463888194
ITIncident:19408,2,13885831071259233176
ITIncident:19416,2,12847746814226190234
ITIncident:19426,2,11565152272123292543
ITIncident:19441,2,7723201107425807649
ITIncident:19449,2,12808622476452547808
ITIncident:19452,2,9092764825005784374
ITIncident:19457,2,16618770969827920550
ITIncident:19480,2,2369269294364349423
ITIncident:19489,2,1136729784453936993
ITIncident:19496,2,15996762355465890282
ITIncident:19501,2,15887277944012227684
ITIncident:19507,2,15751202445741487016
ITIncident:19516,1,12129688154415671985
ITIncident:19529,2,1394517292865116494
ITIncident:19537,2,14983763726088714557
ITIncident:19547,2,8446314577332710099
ITIncident:19551,2,12690623843367233892
ITIncident:19556,2,3762637216129005129
ITIncident:19560,1,16642842957059333826
ITIncident:19567,2,1381105718872478382
ITIncident:19573,2,7630692074613275703
ITIncident:19580,2,17022265823330122077
ITIncident:19585,2,2855207181614905594
ITIncident:19589,2,14649765505474554113
ITIncident:19592,2,14619100972230615158
ITIncident:19601,2,15170151613214027287
ITIncident:19604,2,4255225644870959529
ITIncident:19608,2,11958178933198369171
ITIncident:19620,2,8886297349071791852
ITIncident:19635,2,4422159934907336186
ITIncident:19639,2,10720189790581866405
ITIncident:19648,2,13901897059132846320
ITIncident:19653,2,4964360837558885977
ITIncident:19663,2,15298429242456768738
ITIncident:19681,2,7426004319185187076
ITIncident:19688,2,16006738804406781049
ITIncident:19692,2,6956316904296865064
ITIncident:19694,2,14669570325358344445
ITIncident:19696,2,17471551764293136407
ITIncident:19698,2,17047311369611152717
ITIncident:19704,2,15363694859586059645
ITIncident:19737,2,5729125453561636583
ITIncident:19741,2,4594417538615773007
ITIncident:19745,2,5001396333126028692
ITIncident:19751,2,855628231633973081
ITIncident:19760,2,12916519011763491985
ITIncident:19763,2,3282155443125849369
ITIncident:19770,2,583955686883319615
ITIncident:19775,2,16954809363673994115
ITIncident:19781,2,8113341485661842318
ITIncident:19785,2,7811174552789977073
ITIncident:19792,2,4038056326704774587
ITIncident:19799,2,4498695906054609642
ITIncident:19804,2,17695797656828045012
ITIncident:19817,2,8429260091432892734
ITIncident:19819,2,7467490471552311076
ITIncident:19830,2,17856313697119296723
ITIncident:19833,2,5268462272186145909
ITIncident:19837,2,16339820067906432029
ITIncident:19847,2,6027555991966877317
ITIncident:19858,2,7183101934398651689
ITIncident:19868,2,5216689786534496975
ITIncident:19877,2,15953176129100777051
ITIncident:19883,2,185583992565603012
ITIncident:19886,2,6473473195104401657
ITIncident:19890,2,1636083965308305341
ITIncident:19911,2,3816536923123621454
ITIncident:19920,2,13050164950588287910
ITIncident:19931,2,5806708250109027132
ITIncident:19949,2,830132959416847014
ITIncident:19958,2,17388050066334522863
ITIncident:19967,2,2424918655303892676
ITIncident:19969,2,14622813495675557127
ITIncident:19980,2,14144800105752570432
ITIncident:19995,2,14178458320000032526
ITIncident:20003,2,13885831071259233176
ITIncident:20009,2,1099568892453838260
ITIncident:20015,2,16767902807586079456
ITIncident:20037,2,9679772663880889183
ITIncident:20046,2,287890933297161898
ITIncident:20055,2,17814884477733998257
ITIncident:20063,2,14731750089309449375
ITIncident:20073,2,8999130380433124437
ITIncident:20078,2,10009967125044981878
ITIncident:20084,2,15061577578118209760
ITIncident:20097,2,7884679896352484703
ITIncident:20105,2,11310531343412144216
ITIncident:20114,2,11733706771137796365
ITIncident:20117,2,6473473195104401657
ITIncident:20124,2,14852508084815631641
ITIncident:20127,2,9280950611849569771
ITIncident:20133,2,5703007538011682792
ITIncident:20135,2,17682301569122639310
ITIncident:20149,2,9878459700397629106
ITIncident:20155,2,8805144722221664466
ITIncident:20164,2,8382704655806720400
ITIncident:20175,2,17079183636130402261
ITIncident:20179,2,2445068727522506691
ITIncident:20184,2,15856706596224978642
ITIncident:20189,2,5912204986697728198
ITIncident:20199,2,11530433425190720561
ITIncident:20204,2,12634255483082752486
ITIncident:20210,2,7123485536825701746
ITIncident:20229,2,14412629747077770902
ITIncident:20237,2,9866040262227279579
ITIncident:20239,2,8375031536552566153
ITIncident:20251,2,7355100824019235892
ITIncident:20276,2,14606692793838804362
ITIncident:20283,2,2203734130959264571
ITIncident:20300,2,8051091443011621181
ITIncident:20305,2,3947440845554642807
ITIncident:20314,2,14007569875735510754
ITIncident:20328,2,4935100893991737662
ITIncident:20340,2,9860744030289856507
ITIncident:20342,2,10377804589014879152
ITIncident:20351,2,10719291020141872403
ITIncident:20353,2,7911112342008201624
ITIncident:20357,2,15101034656560193045
ITIncident:20360,2,2453397793082956610
ITIncident:20368,2,17160503559239342089
ITIncident:20375,2,1877456554688095716
ITIncident:20382,2,14554957281645978559
ITIncident:20388,2,138453533290391410
ITIncident:20395,2,16506571593622931216
ITIncident:20399,2,6981077190985147494
ITIncident:20407,2,11416457255404055665
ITIncident:20412,2,4629653198286901212
ITIncident:20418,2,7790350156192000619
ITIncident:20422,2,17343446033677112068
ITIncident:20430,2,878124588609040303
ITIncident:20443,2,15929191281404885048
ITIncident:20447,2,1082945687773955125
ITIncident:20453,2,1092692211016747337
ITIncident:20461,2,7953086023550532203
ITIncident:20488,2,8095522666630164930
ITIncident:20498,2,1927246724407975873
ITIncident:20521,2,2551051772292965336
ITIncident:20530,2,8460687625413695845
ITIncident:20542,2,2710188152669669661
ITIncident:20550,2,4069274782201865293
ITIncident:20564,2,6919861964675346821
ITIncident:20577,2,17783783506708606716
ITIncident:20591,2,4147760379454823687
ITIncident:20594,2,15173706927620176065
ITIncident:20605,2,6332216484429794749
ITIncident:20608,2,6979046401397190294
ITIncident:20619,2,333442029376997599
ITIncident:20641,2,12391164500002711835
ITIncident:20650,2,3564883869796823829
ITIncident:20657,2,3968421435176577552
ITIncident:20663,2,14810462485251305204
ITIncident:20669,2,15048242876515818713
ITIncident:20674,2,4088008719952064573
ITIncident:20684,2,15474999783158845627
ITIncident:20689,2,5665793649514061979
ITIncident:20695,2,258891970464043265
ITIncident:20698,2,14395802913220436271
ITIncident:20700,2,12125540847989669084
ITIncident:20706,2,6828453919258584656
ITIncident:20712,2,12360194883872878495
ITIncident:20726,2,13634756467369331862
ITIncident:20730,2,4627092870426717551
ITIncident:20738,2,15983528330534630936
ITIncident:20742,2,4958677762126629248
ITIncident:20748,2,2882940310896934529
ITIncident:20754,2,6021409527616305749
ITIncident:20770,2,9532165059905617886
ITIncident:20775,2,8794271170946422168
ITIncident:20787,2,12538588504693428371
ITIncident:20790,2,17117732982641304368
ITIncident:20799,2,10299534413627573328
ITIncident:20804,2,2808755747605746470
ITIncident:20807,2,2512439419153295140
ITIncident:20811,2,17647528955742333027
ITIncident:20816,2,15395049593438815413
ITIncident:20825,2,9176144441089495147
ITIncident:20830,2,4787630877971662812
ITIncident:20838,2,8978229367659697048
ITIncident:20840,2,1984880886759545755
ITIncident:20845,2,5818810235526264492
ITIncident:20850,2,7140829623578065094
ITIncident:20862,2,9983835861149270274
ITIncident:20868,2,14123926434537093827
ITIncident:20877,2,3463271648066888893
ITIncident:20887,2,12538588504693428371
ITIncident:20891,2,2878668747226285450
ITIncident:20899,2,16803974803708331543
ITIncident:20901,2,3741072364060905284
ITIncident:20910,1,1460046506165361554
ITIncident:20912,2,12389998052461537682
ITIncident:20919,2,15209538246451842594
ITIncident:20930,2,16342701595491217639
ITIncident:20934,2,3601444599420147686
ITIncident:20939,1,14348257310577363877
ITIncident:20942,2,14395802913220436271
ITIncident:20945,2,14395802913220436271
ITIncident:20954,2,6597457697094627670
ITIncident:20971,2,12836779324928308466
ITIncident:20976,2,8260332481752685418
ITIncident:20979,2,15827769088140502397
ITIncident:20982,2,13316934865386534144
ITIncident:20988,2,4630961717326420436
ITIncident:20990,2,14586278951955164155
ITIncident:20999,2,8678142535691693736
ITIncident:21005,2,8171095535021764294
ITIncident:21010,2,712791410810859180
ITIncident:21013,1,5071370713511625035
ITIncident:21020,2,4856881802006027121
ITIncident:21027,2,16267724921975515492
ITIncident:21032,2,15326876338019127365
ITIncident:21036,2,12745558746755194751
ITIncident:21042,2,5471086620573740445
ITIncident:21047,2,1158357397500933763
ITIncident:21058,2,8663506773390552979
ITIncident:21078,2,8652005758761732025
ITIncident:21082,2,14139007228571718709
ITIncident:21087,2,10009967125044981878
ITIncident:21092,2,1284560451865391792
ITIncident:21101,2,16052181643847583415
ITIncident:21109,2,2734142132445969517
ITIncident:21112,2,9114295164641659067
ITIncident:21120,2,13866704482321015094
ITIncident:21123,2,15072625191765624397
ITIncident:21132,2,11981029779315003590
ITIncident:21138,2,7628878794915601830
ITIncident:21149,1,16819948107185056284
ITIncident:21151,2,4099014607874391026
ITIncident:21159,2,5311688905342274109
ITIncident:21162,2,16321242078251582113
ITIncident:21166,2,13138828663398148072
ITIncident:21173,2,10279483168901370907
ITIncident:21180,2,9207096200671990070
ITIncident:21191,0,6631875943063162501
ITIncident:21199,2,12006622070528927228
ITIncident:21206,2,14844970618308075672
ITIncident:21209,1,4807112476216148588
ITIncident:21216,2,24458202019607563
ITIncident:21223,2,9973084867617731012
ITIncident:21233,2,1027717541380740270
ITIncident:21240,2,9225464089582142250
ITIncident:21247,2,4796663840723580888
ITIncident:21253,2,4017673907135990043
ITIncident:21259,2,5764360053906198827
ITIncident:21262,2,12949684459241633348
ITIncident:21265,1,3673060655706659771
ITIncident:21268,2,11464062868411929769
ITIncident:21273,2,12517680796586848083
ITIncident:21279,0,9959770578238498518
ITIncident:21284,2,13560839935767238747
ITIncident:21299,2,12612567601697576613
ITIncident:21306,2,14360597686050144734
ITIncident:21309,1,17233566631879866935
ITIncident:21318,2,7370886517027740749
ITIncident:21321,2,991615370179091230
ITIncident:21327,2,4601641900060613087
ITIncident:21337,2,3359231689720606420
ITIncident:21340,2,973266596012500497
ITIncident:21346,2,4198605198769550191
ITIncident:21350,2,6111490884769679467
ITIncident:21361,2,1883184600527888292
ITIncident:21376,2,11374374850261111528
ITIncident:21386,2,12962915432587368003
ITIncident:21390,2,18061473371115067408
ITIncident:21395,2,17894891977565698122
ITIncident:21401,2,9391746553396775737
ITIncident:21410,2,3282538856867828808
ITIncident:21414,2,11018746919847934636
ITIncident:21427,2,8554867866865162955
ITIncident:21429,2,13858924492639962774
ITIncident:21434,2,7828241676082123805
ITIncident:21447,2,16276427993656383026
ITIncident:21452,2,3029226888347861697
ITIncident:21457,2,12965527585680443282
ITIncident:21462,1,4652547480281765366
ITIncident:21467,2,9080269751602516968
ITIncident:21469,2,13858924492639962774
ITIncident:21477,2,9508630521987557776
ITIncident:21480,2,691212923283452591
ITIncident:21485,2,17308324341847444540
ITIncident:21495,2,14121150104266329085
ITIncident:21504,2,14122175789022877859
ITIncident:21509,2,5295057829217909910
ITIncident:21515,2,11290396951369253681
ITIncident:21524,2,17037614751981121762
ITIncident:21534,2,2159512693113823229
ITIncident:21544,2,10494015549543260754
ITIncident:21548,2,1883059100153975275
ITIncident:21553,2,11703222709606393894
ITIncident:21558,2,561478391378618726
ITIncident:21567,2,5735298805193798937
ITIncident:21575,2,7135284974632283488
ITIncident:21588,2,7923862981144125527
ITIncident:21596,2,2937918674790791523
ITIncident:21607,2,3821584254356323735
ITIncident:21617,2,16217452720280116136
ITIncident:21625,2,10825780780721979465
ITIncident:21637,2,11021103287620491147
ITIncident:21642,2,909426730024275849
ITIncident:21644,2,2508235343769023642
ITIncident:21651,2,8653383768731479917
ITIncident:21657,2,8526002091117897057
ITIncident:21664,2,17636168986053599840
ITIncident:21669,2,11338315234103714724
ITIncident:21676,2,15018579680180694809
ITIncident:21680,2,6833412819576777982
ITIncident:21682,2,16598173337291361024
ITIncident:21687,2,15761587716294436284
ITIncident:21697,2,17605738109267457285
ITIncident:21702,2,13281761952126934108
ITIncident:21707,2,15836632009338043021
ITIncident:21720,2,11590632881248171799
ITIncident:21739,2,10526646068417900980
ITIncident:21745,2,689461028999507117
ITIncident:21751,2,9713811873548694622
ITIncident:21755,2,5579742584467954798
ITIncident:21761,2,11066071365539726726
ITIncident:21764,2,1632091305303953424
ITIncident:21766,1,5996420232052241832
ITIncident:21773,2,17854736291370733330
ITIncident:21775,1,14586278951955164155
ITIncident:21781,2,10135198851405859417
ITIncident:21785,2,14946574475952417535
ITIncident:21793,2,9167455406417712518
ITIncident:21797,2,11540815468319666664
ITIncident:21804,1,8000634259990256284
ITIncident:21807,2,973266596012500497
ITIncident:21811,1,5684808501258961952
ITIncident:21817,2,10579978569984864245
ITIncident:21824,2,414998859300052146
ITIncident:21831,2,14964631001631215020
ITIncident:21836,2,12635388289091295282
ITIncident:21846,2,7971759614160718387
ITIncident:21851,2,6188937822511979484
ITIncident:21865,2,7223207495519230767
ITIncident:21872,0,16706850478048257003
ITIncident:21879,2,1051090737644003586
ITIncident:21885,2,423705675459345475
ITIncident:21892,2,18396030473079048703
ITIncident:21895,2,9289537270025345937
ITIncident:21907,0,12621947641514334503
ITIncident:21917,2,10847105510902525612
ITIncident:21920,2,3492071199587855631
ITIncident:21925,2,2418027255342563065
ITIncident:21930,2,14550188566278184718
ITIncident:21936,2,2614156260583986012
ITIncident:21944,2,17729087443934279467
ITIncident:21955,2,15345539006155533973
ITIncident:21961,2,14362344604739391149
ITIncident:21965,2,14348257310577363877
ITIncident:21969,2,9228942296493545889
ITIncident:21971,1,10209385715505069079
ITIncident:21976,2,4719815381668441241
ITIncident:21981,2,9279472180070094563
ITIncident:21985,2,13800946900043666224
ITIncident:21996,2,4672448973421559332
ITIncident:22005,2,11719011198260592802
ITIncident:22008,2,9075177474471229036
ITIncident:22016,2,4546976034500822135
ITIncident:22029,2,12081219986557178673
ITIncident:22033,2,15694238040849206680
ITIncident:22039,2,11967731463313693866
ITIncident:22046,2,9374545320033245813
ITIncident:22051,2,14348257310577363877
ITIncident:22060,2,14643438862406203647
ITIncident:22066,2,3168720807006355245
ITIncident:22077,2,5142005821166619705
ITIncident:22085,2,10236450363106077354
ITIncident:22104,2,12587034044668519313
ITIncident:22119,2,1038709525973714332
ITIncident:22124,2,16506017694031591064
ITIncident:22135,2,18167398217161891708
ITIncident:22138,2,2663589364627357362
ITIncident:22145,2,2949226579914810496
ITIncident:22153,0,8977479389989410815
ITIncident:22161,2,7149770782176935383
ITIncident:22165,2,10274948426818090540
ITIncident:22172,2,11126174909897937089
ITIncident:22179,2,18397288357592161860
ITIncident:22185,2,138814352691997323
ITIncident:22188,2,4107106618373577081
ITIncident:22191,2,3272477186225821587
ITIncident:22202,2,5088467208975891033
ITIncident:22207,2,17059718570279613319
ITIncident:22213,2,1996261619222924746
ITIncident:22218,2,9134452353059909528
ITIncident:22221,2,15799443931110592093
ITIncident:22229,2,10472834136289565225
ITIncident:22236,2,9035222901964127716
ITIncident:22241,2,16809825462993054160
ITIncident:22256,2,1008265325055844322
ITIncident:22266,2,6870217932942289158
ITIncident:22271,2,17006283369239625748
ITIncident:22277,2,7700077903028658014
ITIncident:22289,2,5358633930991903786
ITIncident:22301,2,9811126568638172535
ITIncident:22304,2,5604672488248196882
ITIncident:22308,2,16461113806679643556
ITIncident:22312,2,5756337148184901638
ITIncident:22325,2,2649817428954231480
ITIncident:22329,2,5254449627810494950
ITIncident:22333,2,655249598840802790
ITIncident:22344,2,9293076434497638871
ITIncident:22348,2,4970361894580690424
ITIncident:22361,2,12184344329376099931
ITIncident:22364,2,1749659630475159934
ITIncident:22368,2,2021700562367370704
ITIncident:22384,2,104057748592477697
ITIncident:22387,2,8967765778930705127
ITIncident:22396,2,7496141793970702276
ITIncident:22399,2,5148842313888184239
ITIncident:22411,2,717251027378294612
ITIncident:22422,2,6367465748570494103
ITIncident:22428,2,16122234834395783559
ITIncident:22433,2,6370389032634999544
ITIncident:22441,2,4180194519421966564
ITIncident:22446,2,6898572098739461372
ITIncident:22460,2,17691734254906063298
ITIncident:22463,2,10053906707581636825
ITIncident:22478,2,8892006034220961353
ITIncident:22486,2,15401043251524506561
ITIncident:22490,2,645236407123116199
ITIncident:22496,2,3620222726357464769
ITIncident:22502,2,3016894585546946005
ITIncident:22518,2,3086797104801249972
ITIncident:22522,2,11961566435715231334
ITIncident:22527,2,212539038076758878
ITIncident:22532,2,9514879588831766109
ITIncident:22542,2,2906776933848294342
ITIncident:22553,2,11109585224950262245
ITIncident:22556,2,15827769088140502397
ITIncident:22563,2,13058635547620560336
ITIncident:22567,2,14139007228571718709
ITIncident:22575,2,18150096754916504732
ITIncident:22579,2,16235956324789327316
ITIncident:22585,2,1973860228566011347
ITIncident:22593,2,3786715198181405363
ITIncident:22600,2,13578494569025196443
ITIncident:22606,2,15800369024910770494
ITIncident:22616,2,8262273549939278407
ITIncident:22619,2,14831253746594640405
ITIncident:22622,2,14706456293216208576
ITIncident:22635,2,11549084085242318151
ITIncident:22641,2,2681788001046113364
ITIncident:22647,2,5181623729835334636
ITIncident:22655,2,11258785592177856121
ITIncident:22664,2,12565852741209230272
ITIncident:22684,2,4991234278668273419
ITIncident:22687,2,9541259371488663061
ITIncident:22693,2,5823003247486431956
ITIncident:22712,2,11110637954459522369
ITIncident:22719,0,1838285735812243987
ITIncident:22723,2,14254997453893876148
ITIncident:22732,2,7546640856251057438
ITIncident:22739,2,342324272443334294
ITIncident:22743,2,939270461929226949
ITIncident:22746,2,13074851041818081712
ITIncident:22753,2,2816658255380013333
ITIncident:22755,2,5078731213208067896
ITIncident:22773,2,1294203208795977967
ITIncident:22776,2,9778264445652146084
ITIncident:22780,2,486619931248477855
ITIncident:22790,2,6557921662536097692
ITIncident:22795,2,3348254810485192024
ITIncident:22803,2,5996323746922645406
ITIncident:22810,2,6599936897714423549
ITIncident:22839,2,16897884090898879243
ITIncident:22846,2,1276038752308524568
ITIncident:22850,2,5431302741172800811
ITIncident:22854,2,7603968789585070704
ITIncident:22859,2,18295933409158339054
ITIncident:22866,2,14987569615847573942
ITIncident:22883,0,4322164546084831633
ITIncident:22888,2,2677936248941932848
ITIncident:22897,2,17153078790136890831
ITIncident:22909,2,3294688071832746101
ITIncident:22920,2,9717762504204111866
ITIncident:22922,2,14622813495675557127
ITIncident:22929,2,12058040833213588766
ITIncident:22934,2,6284233710415877007
ITIncident:22950,2,16185667183962445566
ITIncident:22956,2,14456507636411518273
ITIncident:22965,2,5073827722157771267
ITIncident:22967,2,4745789247759749134
ITIncident:22983,2,4917170940180504240
ITIncident:22994,2,10663868601803484089
ITIncident:22997,2,11663966608684733627
ITIncident:23001,2,11849147010369072978
ITIncident:23005,2,14103983067417167748
ITIncident:23011,2,520614081502869587
ITIncident:23016,0,12342667613288439934
ITIncident:23020,2,7937615754665784021
ITIncident:23024,2,6289832656025273171
ITIncident:23032,2,11989793044136302454
ITIncident:23035,2,14675751559406603869
ITIncident:23038,2,907586392949960257
ITIncident:23042,2,17880770508562425015
ITIncident:23049,2,15801746055240644440
ITIncident:23052,2,28106276530554425
ITIncident:23062,2,12020825421838872973
ITIncident:23065,2,2525235385165366781
ITIncident:23074,2,10755482057138123557
ITIncident:23077,2,7362885383694867798
ITIncident:23081,2,12162828060537764774
ITIncident:23085,2,10312109769137692953
ITIncident:23087,2,13297123279245452869
ITIncident:23092,2,11322163805158910973
ITIncident:23097,2,8386651102240501411
ITIncident:23101,2,6566324433892421078
ITIncident:23107,2,335277159540580219
ITIncident:23113,2,11192679037142003703
ITIncident:23121,2,1120486046854852377
ITIncident:23123,2,17580631870852842313
ITIncident:23130,2,14233514123696212613
ITIncident:23135,2,11508741325376303658
ITIncident:23138,2,16321242078251582113
ITIncident:23144,2,8165675874665014577
ITIncident:23147,2,3787912316666352766
ITIncident:23157,0,7809485847935838150
ITIncident:23161,2,4958677762126629248
ITIncident:23171,2,2519686169394351757
ITIncident:23175,2,12966692816592061354
ITIncident:23184,2,13495993575582322175
ITIncident:23197,2,2972495009009394615
ITIncident:23199,1,2360122321396071896
ITIncident:23203,2,12522359892364674650
ITIncident:23207,2,6665764199221485382
ITIncident:23215,1,397402360442040915
ITIncident:23220,2,12909255386057021159
ITIncident:23228,2,5864245588342372411
ITIncident:23234,2,15848261702846722583
ITIncident:23241,2,6652006423844880395
ITIncident:23246,2,12615181541475594381
ITIncident:23255,2,7775011717852602394
ITIncident:23260,2,551295674706581805
ITIncident:23265,2,16581064263484367359
ITIncident:23273,2,17996894170902317050
ITIncident:23277,0,973791783060537675
ITIncident:23282,2,17493805466102920788
ITIncident:23287,2,11895589995986052875
ITIncident:23294,2,16077554801350219377
ITIncident:23303,2,8207517089436537766
ITIncident:23322,2,10752296928381841095
ITIncident:23325,2,13970315785875610411
ITIncident:23331,2,2629041712397542847
ITIncident:23334,2,7390465521076495556
ITIncident:23338,2,1181438701211929328
ITIncident:23344,2,17088635025622226494
ITIncident:23347,1,18052386339322057538
ITIncident:23353,2,1162266524632813109
ITIncident:23358,2,1159904274145170593
ITIncident:23366,2,12429770897218364376
ITIncident:23382,1,8688300073434878048
ITIncident:23384,2,12487598384307511330
ITIncident:23401,2,3950417323927776854
ITIncident:23419,2,2551884537258392901
ITIncident:23422,2,7882320385356326060
ITIncident:23431,2,14800200878571990630
ITIncident:23441,2,63061371535625017
ITIncident:23451,2,5618856586189605722
ITIncident:23457,2,14606283993243056181
ITIncident:23464,2,16556808421187006776
ITIncident:23481,2,15511225716826935761
ITIncident:23492,2,9928305897138459278
ITIncident:23500,2,3954430384690979028
ITIncident:23513,1,14082752462655187361
ITIncident:23515,1,17830012186142038398
ITIncident:23526,2,4453903631988510252
ITIncident:23532,2,3638458082695730221
ITIncident:23537,2,18423873334307667130
ITIncident:23539,2,17640330404849335524
ITIncident:23541,1,9268830180512344449
ITIncident:23546,2,4818393182308011389
ITIncident:23566,0,13122187306974735518
ITIncident:23576,2,7206580329607719593
ITIncident:23581,2,16371325718131987678
ITIncident:23586,2,4024311213147976225
ITIncident:23592,2,7778803123990607367
ITIncident:23598,2,13261844844360643556
ITIncident:23606,2,11960504545147350166
ITIncident:23612,2,2100320595577786804
ITIncident:23625,2,39533839364978762
ITIncident:23633,2,8159743241943862975
ITIncident:23644,2,13384453691288746699
ITIncident:23649,2,15367664927047408305
ITIncident:23655,2,11884027011099988397
ITIncident:23659,2,6205331640020311774
ITIncident:23668,2,16152648283224784643
ITIncident:23674,2,14060406172058426238
ITIncident:23683,2,11491613240110043945
ITIncident:23688,2,17625457801458771957
ITIncident:23696,2,15644003855988350450
ITIncident:23700,2,4544510221719870474
ITIncident:23705,2,12619810582409766465
ITIncident:23707,2,5971425218983935961
ITIncident:23713,2,13735043970494248176
ITIncident:23720,2,7779355285767900736
ITIncident:23729,2,16357768413816778227
ITIncident:23740,2,9488604494143233885
ITIncident:23749,2,10841633389708988552
ITIncident:23757,2,15771604038689964170
ITIncident:23763,2,16199178511098244741
ITIncident:23785,2,6736615081824939469
ITIncident:23791,2,15047598637798566793
ITIncident:23795,2,9174453203723243289
ITIncident:23801,2,1852324565477243849
ITIncident:23805,2,15821190808338877470
ITIncident:23811,2,12929119759689853005
ITIncident:23820,2,12722435128452971335
ITIncident:23833,2,14356101217598335859
ITIncident:23843,2,11059581273038309364
ITIncident:23854,2,12700286028584329573
ITIncident:23862,2,4052972612784806280
ITIncident:23866,2,12485090440142190639
ITIncident:23869,2,1089701902389401496
ITIncident:23879,2,5354677440668802652
ITIncident:23883,2,6669223581447750330
ITIncident:23900,2,7887822379386147789
ITIncident:23908,2,5334188136494868729
ITIncident:23927,2,9711448542953829008
ITIncident:23939,2,4248070656025562491
ITIncident:23945,2,16173234267837347613
ITIncident:23953,2,14651004644274164476
ITIncident:23959,2,9868664645304680725
ITIncident:23962,2,5071370713511625035
ITIncident:23966,2,9156556134060007564
ITIncident:23977,2,12117862283062911073
ITIncident:23979,2,13861803651032002945
ITIncident:23982,2,9455910158707607582
ITIncident:23988,0,10850895629533366325
ITIncident:23993,2,10217273354999025875
ITIncident:23997,2,7979025179089221619
ITIncident:23999,2,6104150046406664049
ITIncident:24004,2,8138299509351026166
ITIncident:24012,0,6882629844354337975
ITIncident:24022,2,17342603208280699485
ITIncident:24041,2,9998526125732776623
ITIncident:24044,2,18052874770773551397
ITIncident:24048,2,15438711680623053467
ITIncident:24052,2,13132596005869580503
ITIncident:24057,2,15015214713424483800
ITIncident:24059,2,11975173940078704418
ITIncident:24063,2,12709532981360169174
ITIncident:24070,2,7257784230544921587
ITIncident:24082,2,15593424868783162122
ITIncident:24094,2,3453268730222959059
ITIncident:24097,2,973633766274486754
ITIncident:24099,2,883704690589611085
ITIncident:24108,2,10268280841029940328
ITIncident:24113,2,10217273354999025875
ITIncident:24115,1,10209385715505069079
ITIncident:24119,2,16357120552292814550
ITIncident:24125,2,16173234267837347613
ITIncident:24128,2,1580635572708553060
ITIncident:24130,2,9194937437614660710
ITIncident:24136,2,18045971545666298753
ITIncident:24143,2,17256195022511621275
ITIncident:24151,2,12098032115692070379
ITIncident:24159,1,7766858334317859868
ITIncident:24161,2,17047311369611152717
ITIncident:24176,2,8123111294431658257
ITIncident:24181,2,10384726339913184543
ITIncident:24186,2,13764928070097688816
ITIncident:24193,0,11607210077854664340
ITIncident:24197,2,16529604603922014053
ITIncident:24202,2,10384726339913184543
ITIncident:24204,2,97778095393227446
ITIncident:24214,2,5981434753265469947
ITIncident:24220,2,16124223167145233581
ITIncident:24231,2,16636377897162164309
ITIncident:24235,2,6792010436844766011
ITIncident:24244,2,1153855353359276347
ITIncident:24253,2,13920708389518637767
ITIncident:24261,2,10697797677542593589
ITIncident:24265,2,10384726339913184543
ITIncident:24271,2,8738344069066337877
ITIncident:24281,2,3037369182553899722
ITIncident:24296,0,1956492479395828805
ITIncident:24303,2,3180520679004643798
ITIncident:24309,2,17668966694093553459
ITIncident:24311,2,4705925840208488920
ITIncident:24322,2,4068984354616809366
ITIncident:24335,2,15895263566474939234
ITIncident:24342,2,1780499404607257028
ITIncident:24344,2,4563705013986466275
ITIncident:24349,2,12016236981437101880
ITIncident:24353,2,4929121525407328676
ITIncident:24355,2,13861803651032002945
ITIncident:24361,2,16173234267837347613
ITIncident:24363,2,121096817114989431
ITIncident:24368,2,9449517854327595747
ITIncident:24384,2,9572575712298726160
ITIncident:24396,2,3543239346544082272
ITIncident:24399,2,12409045553171788749
ITIncident:24401,2,11604252772646242795
ITIncident:24404,2,15956666865713412521
ITIncident:24412,2,15415640102806541416
ITIncident:24414,2,7394052031107376531
ITIncident:24422,2,2720199952968139279
ITIncident:24426,2,617195032907915119
ITIncident:24430,2,518460812772156192
ITIncident:24434,2,3517552144291243256
ITIncident:24437,2,8967765778930705127
ITIncident:24442,2,12051413278450442706
ITIncident:24460,2,15054506101458908780
ITIncident:24464,2,14020887174090601224
ITIncident:24475,2,4806130035719967988
ITIncident:24481,2,304845911579360475
ITIncident:24483,2,2360122321396071896
ITIncident:24494,2,12521426755089580771
ITIncident:24497,2,9659791409578298123
ITIncident:24506,2,11866807572173966777
ITIncident:24527,2,3377612173278397050
ITIncident:24540,2,9614142872295523670
ITIncident:24547,2,14704530406381914704
ITIncident:24555,2,12402508842319719181
ITIncident:24558,2,12653089108745242877
ITIncident:24562,2,14563633889858465501
ITIncident:24573,2,825846059914825269
ITIncident:24582,2,4280558939896625322
ITIncident:24592,2,16668978102835392666
ITIncident:24599,2,11233840324177838862
ITIncident:24610,2,8047456602980694840
ITIncident:24620,2,14557394237630566423
ITIncident:24625,2,4468720227411090287
ITIncident:24632,2,5527613036951800805
ITIncident:24637,2,498703185672936464
ITIncident:24642,2,7751533222325670020
ITIncident:24664,2,16010572445048668434
ITIncident:24666,2,3186425120366873341
ITIncident:24675,2,8165540986957952212
ITIncident:24691,2,18089043079391775936
ITIncident:24697,2,7113472632714368638
ITIncident:24714,2,1718868933806025572
ITIncident:24716,2,883704690589611085
ITIncident:24724,2,10272810692674618292
ITIncident:24731,2,5124331685331458494
ITIncident:24735,2,9867871004861909375
ITIncident:24737,2,18413768681404087283
ITIncident:24744,2,5599263697661824767
ITIncident:24760,2,12708203014574643305
ITIncident:24770,2,9273191623370886490
ITIncident:24780,2,12267724004094108532
ITIncident:24792,2,1166575441861913082
ITIncident:24800,2,8184143336786128714
ITIncident:24807,2,7961336088579268706
ITIncident:24809,2,11448697090206002998
ITIncident:24814,0,9838189453641002710
ITIncident:24818,2,14580473157736167089
ITIncident:24826,2,15059717014226176069
ITIncident:24838,2,13820361979669324852
ITIncident:24845,2,6912420651422320456
ITIncident:24862,2,9965632794000780705
ITIncident:24870,2,10220262295374752251
ITIncident:24877,2,17796901742574990048
ITIncident:24891,2,3263588352711788839
ITIncident:24897,2,10619527693088764175
ITIncident:24903,2,18413436030844872049
ITIncident:24910,2,4928176060378972554
ITIncident:24921,2,9139448687996019483
ITIncident:24923,2,3741072364060905284
ITIncident:24929,2,5546931621703105899
ITIncident:24936,2,16473769671422349591
ITIncident:24943,2,8029250290302646658
ITIncident:24955,2,6367465748570494103
ITIncident:24957,2,14746366582405263923
ITIncident:24966,2,536893250206312631
ITIncident:24970,2,16401441503619295356
ITIncident:24973,2,17843070358499559400
ITIncident:24976,2,15397927397207001590
ITIncident:25000,2,109027069434344998
ITIncident:25010,2,8568525766650473668
ITIncident:25013,2,9507033009314447892
ITIncident:25016,2,1641898596518555289
ITIncident:25021,2,7921057583396743779
ITIncident:25036,2,6523810925189411271
ITIncident:25045,2,5041495770941081381
ITIncident:25048,2,17042727356245043310
ITIncident:25054,2,17762040265182282848
ITIncident:25060,2,4153410757266366592
ITIncident:25065,2,9914664134076220106
ITIncident:25074,2,2978066519366943887
ITIncident:25077,2,1645930833341313322
ITIncident:25085,2,16685771530596700563
ITIncident:25089,2,2743085137150070181
ITIncident:25103,2,7189381035277875792
ITIncident:25107,2,7707860570922662994
ITIncident:25111,2,5998383163347888503
ITIncident:25121,2,13753208385204389477
ITIncident:25127,2,15759046659530530109
ITIncident:25139,2,3434841008115576250
ITIncident:25151,2,15576754316665535149
ITIncident:25155,2,3986588897554465365
ITIncident:25157,2,18361752071330560084
ITIncident:25163,2,2543688739617012274
ITIncident:25169,0,12746792482371915532
ITIncident:25172,2,11878483126854531659
ITIncident:25180,2,9136173085995774470
ITIncident:25185,2,1444204168892069742
ITIncident:25189,2,3595187710004367316
ITIncident:25198,2,6467185135715915644
ITIncident:25201,2,2154968779410655519
ITIncident:25215,2,8927438019535538331
ITIncident:25218,2,16140510990900681303
ITIncident:25229,2,7358326015601516179
ITIncident:25243,2,2901167556822047005
ITIncident:25246,2,2154968779410655519
ITIncident:25249,2,12030901100273913025
ITIncident:25255,2,10976555836434228293
ITIncident:25266,2,4484420725813078628
ITIncident:25269,2,5628733286532152682
ITIncident:25273,2,9045999068328528677
ITIncident:25281,2,12082498522498636243
ITIncident:25285,2,8655889076940779635
ITIncident:25297,2,4634780300812664544
ITIncident:25307,2,13829324413171311268
ITIncident:25309,2,14995338079576293779
ITIncident:25318,2,11466853088054420189
ITIncident:25320,2,5200799989211070404
ITIncident:25329,2,1926094190526264331
ITIncident:25347,2,685254871373789512
ITIncident:25352,2,8390088532595130640
ITIncident:25361,2,10383262505494113683
ITIncident:25372,2,4040160923869005120
ITIncident:25375,2,2304096484961096834
ITIncident:25382,1,15374432487895235704
ITIncident:25385,2,12312698558845797887
ITIncident:25388,2,9250646269009780698
ITIncident:25405,2,13854297923447271448
ITIncident:25407,2,7099382653132445681
ITIncident:25410,2,8454285023148334203
ITIncident:25415,2,9406225001707760888
ITIncident:25418,2,17126511225571084119
ITIncident:25423,2,620800451285692075
ITIncident:25425,2,1131015313228348119
ITIncident:25433,2,282928489542841926
ITIncident:25436,2,17532942298353635169
ITIncident:25444,0,6544398389725660728
ITIncident:25447,2,8373579821396770609
ITIncident:25449,2,1131015313228348119
ITIncident:25457,2,10424461645015878852
ITIncident:25472,2,6446004509751384742
ITIncident:25477,0,16179926587176300209
ITIncident:25481,2,11470402728761398144
ITIncident:25488,2,2006307697497674598
ITIncident:25499,2,6370614680004070685
ITIncident:25509,2,7197718866769967187
ITIncident:25515,2,11053257956098295660
ITIncident:25527,2,75452975338813572
ITIncident:25534,2,998133841391267215
ITIncident:25544,2,5601992871163052771
ITIncident:25549,2,3850495050273327655
ITIncident:25553,2,16425241118188789084
ITIncident:25563,2,12555235135861272806
ITIncident:25570,2,16774921791297411192
ITIncident:25572,2,9582408337426864611
ITIncident:25581,2,15983905421236314066
ITIncident:25588,1,12758411769902749470
ITIncident:25591,2,12111186344008580855
ITIncident:25595,2,4693176829466761593
ITIncident:25602,2,5254354809718205464
ITIncident:25607,2,14922652926155119085
ITIncident:25615,0,5200923351806576137
ITIncident:25626,2,2718825630018058764
ITIncident:25634,2,16877022873764614824
ITIncident:25643,2,10764295786038833705
ITIncident:25651,2,7821867392978594908
ITIncident:25654,1,6680034160740047843
ITIncident:25672,2,1377194719375925167
ITIncident:25683,2,7320406951879640295
ITIncident:25689,2,1782525812775648103
ITIncident:25696,2,9060720728594534730
ITIncident:25700,2,7948101640559513522
ITIncident:25707,2,7124058646660547533
ITIncident:25718,0,12801520355302362931
ITIncident:25720,2,1131015313228348119
ITIncident:25725,2,15612991310109580709
ITIncident:25733,2,17775845613123476214
ITIncident:25735,1,5408694821547344994
ITIncident:25750,2,18156079589655765825
ITIncident:25758,2,13304851535759890855
ITIncident:25760,2,10538990098194470142
ITIncident:25765,2,6162270809481960302
ITIncident:25769,2,2709757731775230250
ITIncident:25780,2,3821752103911528416
ITIncident:25785,2,15795613752723310789
ITIncident:25800,2,4333005214222422098
ITIncident:25806,2,15439933179388969241
ITIncident:25808,2,13788586466199815948
ITIncident:25817,2,10929315595406542697
ITIncident:25826,2,7277541411988503589
ITIncident:25829,2,8373579821396770609
ITIncident:25841,2,10857688894974749875
ITIncident:25844,2,728600368481391377
ITIncident:25855,2,12223309239139216795
ITIncident:25862,2,15925414769630132529
ITIncident:25867,2,17003880535822718366
ITIncident:25874,2,16089528190507105201
ITIncident:25883,2,14112337603806251991
ITIncident:25890,0,12351802451967074458
ITIncident:25899,2,6547792361340904077
ITIncident:25902,2,4948565937945971902
ITIncident:25905,2,1818354946605286282
ITIncident:25910,2,16135347669374935245
ITIncident:25920,2,16736206158877575129
ITIncident:25925,2,17776520085507979167
ITIncident:25929,2,696704935074505822
ITIncident:25932,2,4948565937945971902
ITIncident:25939,2,13716459935375066746
ITIncident:25944,2,14350450856561317881
ITIncident:25949,2,12479368688640625525
ITIncident:25951,2,4715557627969985371
ITIncident:25965,2,770184261634077065
ITIncident:25986,2,15156090581973496484
ITIncident:25989,2,10060806680337492589
ITIncident:25994,2,3214123954675700852
ITIncident:26001,2,8258379145635458210
ITIncident:26013,2,13992091062031570281
ITIncident:26015,2,5408694821547344994
ITIncident:26022,2,18124546898609996133
ITIncident:26033,2,4717311071875633612
ITIncident:26037,2,7705537363511735954
ITIncident:26040,2,5655398914935122148
ITIncident:26049,2,10603988256890752561
ITIncident:26055,2,3038943995938369045
ITIncident:26062,2,7983813905931837566
ITIncident:26070,2,11700741547116652084
ITIncident:26073,2,8840473613183846024
ITIncident:26078,2,7527139116880738664
ITIncident:26084,2,18060834969504776490
ITIncident:26091,2,5675191912085598167
ITIncident:26100,2,17004185273148779825
ITIncident:26106,2,862235969293604280
ITIncident:26117,2,5124712487085908528
ITIncident:26119,2,2227388970451998165
ITIncident:26128,2,3254490593850295805
ITIncident:26136,2,15790475854229001914
ITIncident:26140,2,5351403224443438454
ITIncident:26142,2,14443370969522805070
ITIncident:26148,2,18124546898609996133
ITIncident:26151,1,16479043657205106744
ITIncident:26161,2,7663956669342161892
ITIncident:26169,2,11661790703028935427
ITIncident:26173,2,1200473692638609081
ITIncident:26182,2,17967380738108865297
ITIncident:26191,2,5769172998045422459
ITIncident:26196,2,3438615154484634522
ITIncident:26205,2,9113899750680525091
ITIncident:26210,2,16898488157493313216
ITIncident:26213,2,5559408812011793237
ITIncident:26219,0,3128787123152565775
ITIncident:26222,2,10790560368693134722
ITIncident:26224,2,1131015313228348119
ITIncident:26230,2,1962350005652433805
ITIncident:26235,2,11321692705722823120
ITIncident:26241,2,10820773617301802808
ITIncident:26243,2,12779172824378653196
ITIncident:26249,2,13238823575875454468
ITIncident:26253,2,16531812873955024032
ITIncident:26262,2,15671450011459900888
ITIncident:26272,2,10841793738533697623
ITIncident:26278,2,12766878540679600443
ITIncident:26283,2,4669601740206983447
ITIncident:26286,2,16392685319532042878
ITIncident:26295,2,8764712857666862319
ITIncident:26300,2,4490345919993654018
ITIncident:26315,2,11641140096767495131
ITIncident:26326,2,9723415043197888424
ITIncident:26334,2,17811072054369547042
ITIncident:26343,2,13383896718230214243
ITIncident:26349,2,5455735326958344041
ITIncident:26361,2,2080712547285165848
ITIncident:26363,2,1131015313228348119
ITIncident:26375,2,5244462542317934029
ITIncident:26384,2,4519912427350833970
ITIncident:26388,2,11454733074480037276
ITIncident:26434,2,2298356550963692087
ITIncident:26440,2,2878636588714014687
ITIncident:26450,2,11693314217007565417
ITIncident:26455,2,14236537807233209691
ITIncident:26459,2,17723785639102653347
ITIncident:26465,2,8007822227589804297
ITIncident:26480,2,11805182319563683725
ITIncident:26483,2,5438272402798080473
ITIncident:26493,2,9751507826007794997
ITIncident:26497,2,7948101640559513522
ITIncident:26509,2,16503959388083209101
ITIncident:26517,2,16801924705188471848
ITIncident:26527,2,7465040305779660634
ITIncident:26531,2,11129106593053539933
ITIncident:26539,2,12423502932138034743
ITIncident:26544,2,10469438390355654753
ITIncident:26547,2,4070495765507427249
ITIncident:26555,2,3382517920822230152
ITIncident:26565,2,14494877902083017709
ITIncident:26571,2,801043636844573876
ITIncident:26576,2,4635275314880112055
ITIncident:26581,2,813789804035808666
ITIncident:26588,2,8705164715269444514
ITIncident:26590,1,13232508377321021737
ITIncident:26600,2,14660969700939093740
ITIncident:26609,1,16698200526411062682
ITIncident:26617,2,4171627062258724460
ITIncident:26629,2,1530556719090124949
ITIncident:26639,2,13439104552193799558
ITIncident:26645,2,7352889651726216433
ITIncident:26652,2,16698200526411062682
ITIncident:26666,2,5981244715338216104
ITIncident:26676,1,12076783598162555313
ITIncident:26680,2,8033273547773974922
ITIncident:26688,2,14579145525513984714
ITIncident:26697,2,2630610278203146463
ITIncident:26709,2,6955978257774828354
ITIncident:26716,2,15802520571854412417
ITIncident:26725,2,7147427155327679614
ITIncident:26731,2,4536369204080736738
ITIncident:26740,2,15346832191877771223
ITIncident:26748,2,6510299407436867054
ITIncident:26750,2,5828560525317647389
ITIncident:26759,2,4972324726910586023
ITIncident:26764,2,7861619636809057768
ITIncident:26774,2,13430622046887017487
ITIncident:26787,2,1823969486191628137
ITIncident:26797,2,8383071113916693990
ITIncident:26803,2,4664446601282534242
ITIncident:26815,2,1234796997054678895
ITIncident:26823,2,2431934982970580276
ITIncident:26828,2,7996987737167935468
ITIncident:26837,2,17226780682310975590
ITIncident:26846,2,4092493600506129079
ITIncident:26851,2,1927763903253264501
ITIncident:26857,2,2199356358612250772
ITIncident:26873,2,2284391270621414598
ITIncident:26879,2,13749761622765625030
ITIncident:26887,2,10394633398000165054
ITIncident:26892,2,5006198824378983585
ITIncident:26897,2,11787908837142841736
ITIncident:26907,2,9436085861827571873
ITIncident:26915,2,12706916259753211665
ITIncident:26919,2,7516410135944313386
ITIncident:26940,2,6203427193782696345
ITIncident:26950,2,8609541291711122821
ITIncident:26954,2,3926294604020039068
ITIncident:26959,2,2567863011177607424
ITIncident:26965,2,771033125210088326
ITIncident:26976,2,7482032927021938451
ITIncident:26983,2,9602784060088880315
ITIncident:26986,2,8887969814688353327
ITIncident:26991,2,14922652926155119085
ITIncident:26998,2,16625014687684738741
ITIncident:27002,2,7020632615344327701
ITIncident:27009,2,12322143238094485635
ITIncident:27015,2,14746098197927406853
ITIncident:27026,2,15726497508085903452
ITIncident:27043,2,9806623023921465794
ITIncident:27050,2,11955481822158263722
ITIncident:27056,2,10231745406699484489
ITIncident:27067,2,12056042961148968776
ITIncident:27072,2,414541311310969258
ITIncident:27081,2,17870433898126322069
ITIncident:27085,2,5861361178857631251
ITIncident:27088,2,10506472543682653904
ITIncident:27099,2,12009364968425428444
ITIncident:27103,2,8193394438640311681
ITIncident:27105,2,8241801451559758834
ITIncident:27114,2,5787914881659653781
ITIncident:27121,2,16923019720060576243
ITIncident:27132,2,5595809041948291709
ITIncident:27138,2,13648980888735562360
ITIncident:27143,2,14238297800676663023
ITIncident:27145,2,4025086314517839861
ITIncident:27157,2,9002342445336368796
ITIncident:27167,2,6070198378062715662
ITIncident:27176,2,7302811385690734162
ITIncident:27180,0,14793077449074777880
ITIncident:27190,2,11332213420870181651
ITIncident:27197,2,1118837105044850141
ITIncident:27207,2,5444150924188317554
ITIncident:27216,2,12366533939303913601
ITIncident:27222,2,14056138138451640714
ITIncident:27230,2,15136057127483293580
ITIncident:27232,2,15844792606388248673
ITIncident:27235,2,8111926516835181179
ITIncident:27239,2,7016243054476077629
ITIncident:27248,2,10349414309518717196
ITIncident:27256,2,2500150900579067417
ITIncident:27268,2,9999305066070440468
ITIncident:27278,2,17164574218228405118
ITIncident:27286,2,4979956170254009349
ITIncident:27291,2,3834768038747722549
ITIncident:27300,2,9327618957525437506
ITIncident:27305,2,12739299764704238114
ITIncident:27311,2,9625202751004025604
ITIncident:27318,2,11130186363104851259
ITIncident:27332,2,10262126496496348508
ITIncident:27341,2,2017681160669033659
ITIncident:27344,2,11799451087033706888
ITIncident:27355,2,2108631376480464107
ITIncident:27362,2,5682937851515746909
ITIncident:27377,2,7904559909127594993
ITIncident:27380,2,5990184960940969390
ITIncident:27384,2,13653955441216371570
ITIncident:27392,2,15474113039771220337
ITIncident:27401,2,13988757605144825810
ITIncident:27412,2,2366613312772347398
ITIncident:27414,2,3582881113766432677
ITIncident:27423,2,392290891153964471
ITIncident:27432,2,13044318795492358358
ITIncident:27434,2,1131015313228348119
ITIncident:27448,2,12140844664784233610
ITIncident:27454,2,9191995527941564303
ITIncident:27462,2,8986983079814654648
ITIncident:27468,2,16964656173163679629
ITIncident:27479,2,11818090973006474085
ITIncident:27490,2,974162449935995173
ITIncident:27499,2,15876353968061159453
ITIncident:27506,2,9277200596792979129
ITIncident:27515,2,7785926021034993740
ITIncident:27519,2,6615941050687123630
ITIncident:27532,2,13867322304020944227
ITIncident:27541,2,7514941958635462825
ITIncident:27544,2,3237807726073329127
ITIncident:27553,2,16433929331405867662
ITIncident:27559,2,8647754681655423685
ITIncident:27571,2,13026754716524709450
ITIncident:27577,2,11360659493319756219
ITIncident:27582,2,4773441101238041585
ITIncident:27593,2,16734138222317686192
ITIncident:27598,2,12743432595835161793
ITIncident:27609,2,8966524643508206500
ITIncident:27615,2,13171715805840032948
ITIncident:27618,2,6478259652548508162
ITIncident:27620,2,2227388970451998165
ITIncident:27630,2,11004276699678316764
ITIncident:27642,0,18333001768872158840
ITIncident:27648,2,11334045796739070199
ITIncident:27653,2,1645993535314973732
ITIncident:27656,2,14726149381624186662
ITIncident:27663,2,17158526606257065226
ITIncident:27666,2,471381499897609225
ITIncident:27672,2,9625814526141593509
ITIncident:27689,2,8323529650777076502
ITIncident:27695,2,4672900818633961547
ITIncident:27702,2,1179227144298725408
ITIncident:27710,2,5612430619995865136
ITIncident:27716,2,12123494009289485785
ITIncident:27731,2,1992135547944244309
ITIncident:27733,2,14931802382437243747
ITIncident:27744,2,13620828831345486262
ITIncident:27750,2,5744722012676190500
ITIncident:27760,2,17841329944002759007
ITIncident:27767,2,9195043824413539130
ITIncident:27770,2,9811358865465949254
ITIncident:27776,2,2922866008177552743
ITIncident:27788,2,6061893344346841882
ITIncident:27799,2,17811161141844350265
ITIncident:27802,2,8454285023148334203
ITIncident:27811,2,10563713635445377444
ITIncident:27816,2,12340096980294071123
ITIncident:27822,2,9242219129088808088
ITIncident:27828,2,10061947425108067416
ITIncident:27830,2,10132283220960026843
ITIncident:27836,2,1810352244286469766
ITIncident:27843,2,15842001211537274179
ITIncident:27845,2,3582881113766432677
ITIncident:27848,2,2304202090763967945
ITIncident:27855,2,4949995898548615309
ITIncident:27858,2,9045237475565953104
ITIncident:27862,2,6233039744654583821
ITIncident:27865,2,15376287661770410645
ITIncident:27868,2,17222842442613384854
ITIncident:27871,2,17222842442613384854
ITIncident:27879,2,15447471781441615253
ITIncident:27889,2,13033937059427797442
ITIncident:27896,2,5969207446670828805
ITIncident:27907,2,15671044582019609729
ITIncident:27917,2,3510173505478147277
ITIncident:27924,2,2437039012205201274
ITIncident:27926,2,11859186153032159539
ITIncident:27931,2,9902238626281503733
ITIncident:27936,2,8846517939242008663
ITIncident:27938,2,13558822217469815122
ITIncident:27944,2,2922866008177552743
ITIncident:27947,2,6839276372087821921
ITIncident:27952,2,12480801622886074155
ITIncident:27955,1,9249293981459253177
ITIncident:27965,0,13074725845801042097
ITIncident:27974,2,8070050626918332220
ITIncident:27980,2,2415601388362611557
ITIncident:27984,2,7795989481540155966
ITIncident:27988,2,15773905582018012206
ITIncident:27999,2,18192803335846252990
ITIncident:28004,2,6112464302693620789
ITIncident:28016,2,5116817722219203471
ITIncident:28021,2,14788327625803265785
ITIncident:28027,2,9917585107963252926
ITIncident:28030,2,5307498455158423229
ITIncident:28035,2,623435952766533266
ITIncident:28044,2,5931413178081252730
ITIncident:28049,2,6756105240212801523
ITIncident:28054,2,17541908593980918173
ITIncident:28056,2,2392707005699790794
ITIncident:28067,2,14088424865734079664
ITIncident:28070,2,13688267506177063077
ITIncident:28074,2,13609440404668315939
ITIncident:28076,2,3424422188028924028
ITIncident:28082,2,14954078993356997043
ITIncident:28091,2,2800211968136922707
ITIncident:28103,2,12940239763476225935
ITIncident:28106,2,13907320440570291453
ITIncident:28116,2,17241479608033159595
ITIncident:28122,2,4739034013597160702
ITIncident:28127,2,4308817570037155597
ITIncident:28129,2,3582881113766432677
ITIncident:28139,2,13015970908766669947
ITIncident:28142,1,17010168676067932334
ITIncident:28147,2,7148211673652857312
ITIncident:28152,1,8017856147972326139
ITIncident:28155,1,12246556505166521451
ITIncident:28158,1,12246556505166521451
ITIncident:28162,2,11476837341152159994
ITIncident:28165,1,12246556505166521451
ITIncident:28169,1,16409402124039360568
ITIncident:28172,2,10909153382405569829
ITIncident:28182,2,15446982481916346076
ITIncident:28188,2,5957742182537165753
ITIncident:28190,2,13206431598266982420
ITIncident:28197,0,10205410051968874285
ITIncident:28218,2,5193922136929919234
ITIncident:28223,2,337578793432453673
ITIncident:28232,2,1471343584215599673
ITIncident:28236,2,235744209455994367
ITIncident:28242,2,11483987922538679219
ITIncident:28245,1,8887969814688353327
ITIncident:28252,2,7265823009296803255
ITIncident:28255,2,98476335241431629
ITIncident:28257,1,16413723610591773452
ITIncident:28265,2,16113647294309395369
ITIncident:28268,2,12246556505166521451
ITIncident:28276,2,12247845654053372317
ITIncident:28279,2,11857090397179045002
ITIncident:28286,2,11263909927305498730
ITIncident:28298,2,10984589596289370834
ITIncident:28303,2,2038367658740823360
ITIncident:28309,2,8109241553020136035
ITIncident:28321,1,13957843629619648627
ITIncident:28329,2,16159514476947535262
ITIncident:28335,2,3960898826009097382
ITIncident:28345,2,8439278705770751836
ITIncident:28357,2,4963287584241076137
ITIncident:28364,2,6594496975566115603
ITIncident:28367,2,1762588527951697538
ITIncident:28378,2,15730681126032039886
ITIncident:28383,2,2086040898698640240
ITIncident:28387,2,11156500902257554250
ITIncident:28394,2,4115035777503253727
ITIncident:28399,2,3772766599481709468
ITIncident:28409,2,2546715759726875031
ITIncident:28416,0,12984342508107739221
ITIncident:28422,2,14059316627017313125
ITIncident:28427,2,9380653863443830623
ITIncident:28430,1,5236102999490034585
ITIncident:28439,2,6934140290689527074
ITIncident:28444,2,1232008874540791649
ITIncident:28448,2,17994377752441030592
ITIncident:28454,2,1633113882362209588
ITIncident:28458,2,4402168042438909032
ITIncident:28467,2,143145984920810174
ITIncident:28476,2,9667600194928660672
ITIncident:28483,2,4934510645805665218
ITIncident:28486,2,999374838437094287
ITIncident:28493,2,3354742097859599374
ITIncident:28498,2,9353921498174012957
ITIncident:28505,2,14549723589840157462
ITIncident:28514,2,16287208787866490408
ITIncident:28521,2,14744963884831289762
ITIncident:28527,2,16376700109356481114
ITIncident:28532,2,16983842413442141149
ITIncident:28540,2,14473822871667000923
ITIncident:28545,2,2512705578861235084
ITIncident:28547,2,7793704117668375133
ITIncident:28554,2,11018927875457235246
ITIncident:28556,2,1869904479513687889
ITIncident:28563,2,13295438586243933643
ITIncident:28566,2,4045491525919778351
ITIncident:28573,2,11145021968639191671
ITIncident:28585,2,5537583945130258595
ITIncident:28598,2,10759765417293960391
ITIncident:28602,2,17020182034329865335
ITIncident:28611,2,10779174405370951742
ITIncident:28616,2,9770468383684772224
ITIncident:28618,2,7940647624548749412
ITIncident:28623,2,9876863908725452767
ITIncident:28626,2,16479043657205106744
ITIncident:28633,2,10366230108360727533
ITIncident:28637,2,6080298390233317586
ITIncident:28645,2,5175419285781991487
ITIncident:28650,2,18280973567824489435
ITIncident:28665,2,5042659160300151745
ITIncident:28680,2,16625353472943872980
ITIncident:28686,1,15670984965798524227
ITIncident:28696,0,15815499467545643527
ITIncident:28702,2,9602331048681215095
ITIncident:28704,2,1131015313228348119
ITIncident:28713,2,1806646284684298237
ITIncident:28721,2,10314747829313103015
ITIncident:28729,2,12024582086379649418
ITIncident:28737,2,17321546402907735284
ITIncident:28748,2,18383435967419801525
ITIncident:28753,2,15132797119866687092
ITIncident:28755,2,10538990098194470142
ITIncident:28763,2,11974238482419565767
ITIncident:28769,2,10646601182346086075
ITIncident:28774,2,2257671608380605796
ITIncident:28778,2,17202851059678716281
ITIncident:28783,2,7478573913990254945
ITIncident:28788,2,13887756111781930204
ITIncident:28790,2,2376594627404601611
ITIncident:28795,2,11809023230930197949
ITIncident:28801,2,8247576471895926271
ITIncident:28804,2,4045491525919778351
ITIncident:28808,2,17723785639102653347
ITIncident:28812,2,3932161242883453861
ITIncident:28818,2,14253878405567699083
ITIncident:28827,2,10057508062878055662
ITIncident:28834,2,9455767190846565384
ITIncident:28840,2,15749983903019935512
ITIncident:28850,2,4879686489927539669
ITIncident:28853,2,12246556505166521451
ITIncident:28861,2,3329911756981671031
ITIncident:28864,2,10909153382405569829
ITIncident:28866,2,1984746565319408513
ITIncident:28874,2,13419292563069902209
ITIncident:28885,2,4632584859713189623
ITIncident:28887,2,10538990098194470142
ITIncident:28898,2,8083618478259505267
ITIncident:28907,2,3751023739075170844
ITIncident:28912,2,11336464888189203535
ITIncident:28917,2,9210416138496447698
ITIncident:28926,2,16625717647262164938
ITIncident:28931,2,11123308747233645839
ITIncident:28936,2,1026403361578006498
ITIncident:28942,2,10384735504699152852
ITIncident:28948,2,7861619636809057768
ITIncident:28960,2,7499025453615432428
ITIncident:28962,2,1984746565319408513
ITIncident:28968,2,1755263025313174437
ITIncident:28972,2,17637979258172902863
ITIncident:28978,2,3481740792220019258
ITIncident:28983,2,4549729458691610723
ITIncident:28986,2,6003356895705254532
ITIncident:28991,2,2777720858232814979
ITIncident:29004,2,17252330152841671190
ITIncident:29006,2,14381161809257913550
ITIncident:29013,0,13526126926676677608
ITIncident:29018,2,14236537807233209691
ITIncident:29021,2,11877921628316920666
ITIncident:29024,2,14065475196938805797
ITIncident:29032,2,18173587004973447300
ITIncident:29039,2,10952062029533724376
ITIncident:29043,1,16948290265354395811
ITIncident:29049,2,13102656576063390668
ITIncident:29058,2,3318400958979374277
ITIncident:29063,2,1266659885541381187
ITIncident:29074,2,10985942806286200025
ITIncident:29080,2,8536105071002375746
ITIncident:29082,2,11117716880715975509
ITIncident:29090,2,5776019047736996737
ITIncident:29097,2,9426642209484285931
ITIncident:29105,2,114444399225809486
ITIncident:29109,2,2625813272045512711
ITIncident:29115,2,12502970715813543913
ITIncident:29119,2,18118870640084214815
ITIncident:29129,2,10846922540322279884
ITIncident:29133,2,14434614922189830071
ITIncident:29138,2,3936556762042844055
ITIncident:29147,2,3381415004743353193
ITIncident:29149,2,928565737261567267
ITIncident:29152,2,15122200965907962600
ITIncident:29161,2,12676921876756864787
ITIncident:29167,2,11032541057925841689
ITIncident:29169,2,1869904479513687889
ITIncident:29171,2,1869904479513687889
ITIncident:29177,2,837589598852280102
ITIncident:29185,2,15311079423538950429
ITIncident:29189,1,7513705520572941464
ITIncident:29194,2,16625490667197109312
ITIncident:29205,2,11083330526807738081
ITIncident:29208,2,15865151235969673605
ITIncident:29216,2,5653334853275784472
ITIncident:29227,2,7624851996801845450
ITIncident:29249,2,14236169706853688341
ITIncident:29252,2,5181189985610972155
ITIncident:29258,2,3379020155222901658
ITIncident:29261,2,13988599814206209655
ITIncident:29264,1,8993517584270279981
ITIncident:29270,2,12062850749570228
ITIncident:29278,2,12847358964207347678
ITIncident:29281,2,12714232613679006357
ITIncident:29285,2,3790351874875329634
ITIncident:29289,2,5493767454926464641
ITIncident:29293,2,2709757731775230250
ITIncident:29302,2,10076891528615313318
ITIncident:29310,2,9346674462130944892
ITIncident:29317,2,8521208483928198812
ITIncident:29324,2,6350139636572741100
ITIncident:29328,2,7923119473346872350
ITIncident:29334,2,11920672928442413892
ITIncident:29341,2,14292178406538153352
ITIncident:29343,2,1984746565319408513
ITIncident:29347,2,11282145015765451864
ITIncident:29353,2,3241045888664198809
ITIncident:29359,2,10032459785103362071
ITIncident:29363,2,12714232613679006357
ITIncident:29368,2,8055033007181479533
ITIncident:29371,2,7583286343156315731
ITIncident:29375,2,12493629960689786882
ITIncident:29381,0,474478342751871060
ITIncident:29389,2,5204326273954236037
ITIncident:29394,2,7996987737167935468
ITIncident:29396,2,1761484498738387395
ITIncident:29402,2,9677184600310324948
ITIncident:29404,2,1984746565319408513
ITIncident:29415,2,4830207251187007284
ITIncident:29431,2,18242441069839678548
ITIncident:29440,2,1024610077079000557
ITIncident:29443,2,5582280659735680491
ITIncident:29450,2,16980057525879601760
ITIncident:29460,2,4421746065468824021
ITIncident:29465,2,18165482340078631504
ITIncident:29475,2,9064872565067078147
ITIncident:29485,1,5366684179998608484
ITIncident:29489,2,3238922369791875246
ITIncident:29492,2,12246556505166521451
ITIncident:29500,2,8481122112700647845
ITIncident:29505,0,4138775312434670274
ITIncident:29516,2,8176105878428930648
ITIncident:29523,2,6597045923942788909
ITIncident:29527,2,14810625604788882885
ITIncident:29534,2,5165006676639595421
ITIncident:29542,2,3218628385590595370
ITIncident:29554,2,8286721954689709675
ITIncident:29564,2,4230572010651894092
ITIncident:29569,2,12410630998123278880
ITIncident:29578,2,16931081242055863157
ITIncident:29583,2,623435952766533266
ITIncident:29597,2,16888031014009652700
ITIncident:29604,2,8109241553020136035
ITIncident:29609,2,3716208119789518838
ITIncident:29614,2,11739496547593772995
ITIncident:29620,2,16829023610462897093
ITIncident:29625,2,4171944848284422177
ITIncident:29631,2,3043352997458797206
ITIncident:29636,2,7945286085538575555
ITIncident:29639,2,10621677211464754106
ITIncident:29648,2,16143513854520343622
ITIncident:29651,2,16425411397592849033
ITIncident:29653,2,3218508467261967011
ITIncident:29659,2,3429236408851171100
ITIncident:29666,2,3968218609333030966
ITIncident:29675,2,7552230741000892901
ITIncident:29681,2,7409724096630094004
ITIncident:29684,2,6680034160740047843
ITIncident:29694,2,16604434752251569435
ITIncident:29699,2,15451391418330217801
ITIncident:29705,2,9865009505147964398
ITIncident:29711,2,12309705615968914585
ITIncident:29716,2,1232008874540791649
ITIncident:29721,2,1232008874540791649
ITIncident:29731,2,16475796520513514357
ITIncident:29736,2,1232008874540791649
ITIncident:29740,2,16519124464324150754
ITIncident:29744,2,16994180133269328621
ITIncident:29753,2,12521191366409543208
ITIncident:29761,2,1767026663259182558
ITIncident:29772,2,1132540000398546765
ITIncident:29780,2,3801911695814153395
ITIncident:29782,1,11332670109076977432
ITIncident:29785,2,10599585892899526161
ITIncident:29792,2,5155389142293765556
ITIncident:29796,2,11495711391599572311
ITIncident:29800,2,9288874943607067828
ITIncident:29807,2,16746947609256718536
ITIncident:29813,2,11465535472902376832
ITIncident:29822,2,13496552639958075924
ITIncident:29831,2,11527087854745792742
ITIncident:29834,2,15777731366497412576
ITIncident:29837,2,7408842445688912480
ITIncident:29842,2,1809291772383956247
ITIncident:29862,0,8601211010567109027
ITIncident:29870,2,3378030202690909166
ITIncident:29875,2,12491849117515693238
ITIncident:29880,2,16690308185875919070
ITIncident:29888,2,145993305572113889
ITIncident:29896,2,307740225410320050
ITIncident:29902,2,17199627142967943944
ITIncident:29906,2,14987702106818394745
ITIncident:29911,2,9590440230903298244
ITIncident:29916,2,3831123946494226553
ITIncident:29921,2,17019535800191015162
ITIncident:29923,2,8617714497146629295
ITIncident:29927,2,6990871406952740785
ITIncident:29934,2,1847421626072788652
ITIncident:29946,2,17139405118993147009
ITIncident:29950,2,5015841349445823267
ITIncident:29955,2,3085011219197938794
ITIncident:29958,2,15122200965907962600
ITIncident:29964,2,4316539458146739876
ITIncident:29970,2,12857740682404237460
ITIncident:29977,2,7798320075749046469
ITIncident:29982,2,16071686694407541294
ITIncident:29986,2,2106087655377641241
ITIncident:29991,2,14236537807233209691
ITIncident:29997,2,14012941227869287741
ITIncident:30001,2,10811090364956223281
ITIncident:30010,2,7890983644399411891
ITIncident:30015,2,14783840396950663991
ITIncident:30021,2,12779807476302944940
ITIncident:30024,2,13793519998764738858
ITIncident:30028,2,15027561770725814528
ITIncident:30034,2,10219597853867722087
ITIncident:30043,2,46069326389015916
ITIncident:30047,2,10319326243550646700
ITIncident:30052,2,16286782534657220381
ITIncident:30062,2,5268224386901757529
ITIncident:30066,2,13003888781435704320
ITIncident:30071,2,8147831663728693745
ITIncident:30074,2,12569746155989050145
ITIncident:30089,2,16695433760893944509
ITIncident:30093,2,14937819325769294842
ITIncident:30098,2,7739322526782265012
ITIncident:30107,2,1532787794404043484
ITIncident:30111,2,7536494015259083168
ITIncident:30116,2,14236537807233209691
ITIncident:30122,2,17228022015604676413
ITIncident:30126,2,13417858444146100067
ITIncident:30128,2,1869904479513687889
ITIncident:30135,2,18152117344595746199
ITIncident:30139,2,14000626215704871990
ITIncident:30146,2,7301598174831830444
ITIncident:30151,2,10185473296755401764
ITIncident:30156,2,15433845952723343931
ITIncident:30162,2,8340197000832966954
ITIncident:30168,2,2374225812409340958
ITIncident:30173,2,14236537807233209691
ITIncident:30178,2,15362529699419569631
ITIncident:30181,2,13048222445483466062
ITIncident:30189,2,12160460907458586499
ITIncident:30200,2,8156469553769399568
ITIncident:30211,2,3123334496218149617
ITIncident:30215,2,12441324949912612932
ITIncident:30223,2,6793104251487796435
ITIncident:30227,2,3677004824801289396
ITIncident:30232,2,2197367905907293209
ITIncident:30236,2,3677004824801289396
ITIncident:30244,2,5383681966698291776
ITIncident:30261,2,7408333989434563658
ITIncident:30266,1,2878364706782296840
ITIncident:30274,2,16313385575846467042
ITIncident:30280,2,11174013730809720326
ITIncident:30287,2,10979279234202831435
ITIncident:30306,2,13656134259457531183
ITIncident:30315,2,3579296046714132064
ITIncident:30320,2,5290748173603856397
ITIncident:30326,0,17938502316496302961
ITIncident:30335,2,7823761746743157981
ITIncident:30340,2,5074939932259416345
ITIncident:30343,2,7583286343156315731
ITIncident:30348,2,10076216542371125962
ITIncident:30351,2,16998378048008169739
ITIncident:30353,2,11117716880715975509
ITIncident:30364,2,4752036599440757762
ITIncident:30367,2,4548492441228165260
ITIncident:30376,2,3461272574084514399
ITIncident:30378,2,15242888891342288284
ITIncident:30382,2,14804604290105650653
ITIncident:30384,2,1515120332315339974
ITIncident:30391,2,629065749410166619
ITIncident:30406,2,11948649330486691693
ITIncident:30411,2,4031157037897720074
ITIncident:30416,2,8738208578332362897
ITIncident:30421,2,2428454988448829008
ITIncident:30433,2,17480181594768551412
ITIncident:30435,2,13405897225609754964
ITIncident:30439,2,17805446419564972329
ITIncident:30444,2,10374588828632611965
ITIncident:30446,2,4954010328419767266
ITIncident:30448,2,8057340948286990891
ITIncident:30450,2,10426416557226687499
ITIncident:30454,2,14728978875391911312
ITIncident:30456,2,11117716880715975509
ITIncident:30458,2,14381161809257913550
ITIncident:30480,2,16626677224069983475
ITIncident:30487,2,3250833296081089679
ITIncident:30489,2,5408694821547344994
ITIncident:30495,2,13032154885314444228
ITIncident:30499,2,818831147119926450
ITIncident:30506,2,10981846750856260258
ITIncident:30515,2,4514586828457439029
ITIncident:30523,2,14002899826738142269
ITIncident:30530,2,11069366780461073664
ITIncident:30537,2,5287267850151141123
ITIncident:30543,2,4316539458146739876
ITIncident:30550,2,1759484762463174586
ITIncident:30557,2,10432831483856051970
ITIncident:30563,2,2255935471858471730
ITIncident:30570,2,7327181180788124861
ITIncident:30574,2,17918929549619660411
ITIncident:30588,2,17819234193183044546
ITIncident:30590,2,11117716880715975509
ITIncident:30596,2,14018317205614811118
ITIncident:30603,2,394681885449389532
ITIncident:30612,2,392290891153964471
ITIncident:30617,2,15712894323337416496
ITIncident:30623,2,4330933502433055558
ITIncident:30628,2,16690308185875919070
ITIncident:30633,2,1349571755897795715
ITIncident:30635,2,17830012186142038398
ITIncident:30640,0,5286002084983107212
ITIncident:30646,2,629065749410166619
ITIncident:30654,2,9420675742756427753
ITIncident:30679,2,5818354099919576287
ITIncident:30681,2,17702716112740916929
ITIncident:30687,2,9583300350364020255
ITIncident:30689,2,11117716880715975509
ITIncident:30696,2,14395040047717564278
ITIncident:30699,2,4276276992638061164
ITIncident:30706,2,4193857508417218945
ITIncident:30713,2,364867119619082306
ITIncident:30727,2,13125243513805835213
ITIncident:30730,2,3874671470900854226
ITIncident:30735,2,4171944848284422177
ITIncident:30741,2,7259069171696251418
ITIncident:30747,2,13032647089089369632
ITIncident:30751,2,18260902805241895359
ITIncident:30767,2,11780692149187847419
ITIncident:30771,2,11144935372895633064
ITIncident:30776,2,5355582624452659388
ITIncident:30783,2,7566765173247373190
ITIncident:30786,2,4276276992638061164
ITIncident:30789,2,4973758716662607309
ITIncident:30792,2,4925334907347661352
ITIncident:30796,2,8257734150354945819
ITIncident:30803,2,2458559868086938108
ITIncident:30814,2,18378288490672385508
ITIncident:30823,2,17939893482518878220
ITIncident:30828,2,9265916764560794403
ITIncident:30837,2,2293056135275174257
ITIncident:30846,2,4920876779586324963
ITIncident:30851,2,12378217799392737981
ITIncident:30860,2,13675362658927131923
ITIncident:30865,1,3463625815260893920
ITIncident:30869,2,1067091021443369198
ITIncident:30872,2,15122200965907962600
ITIncident:30875,2,9180525558039928593
ITIncident:30880,2,15496887584564861206
ITIncident:30883,2,6510675725759131472
ITIncident:30896,2,14123042808772548125
ITIncident:30907,2,12027783444544743846
ITIncident:30913,2,4555460926486362347
ITIncident:30917,2,17045254418607887642
ITIncident:30923,2,18005539389098329223
ITIncident:30929,2,15636533239800193846
ITIncident:30937,2,14687793682567668682
ITIncident:30940,2,2369134139554927280
ITIncident:30963,0,17146338493329926812
ITIncident:30967,2,9782860073642156313
ITIncident:30969,2,11031928151448905256
ITIncident:30977,2,18164144551929357767
ITIncident:30984,2,16786345558874893186
ITIncident:30987,2,12246556505166521451
ITIncident:30991,2,13988599814206209655
ITIncident:30994,2,12246556505166521451
ITIncident:31001,2,5916114811256448120
ITIncident:31004,2,12246556505166521451
ITIncident:31007,2,5130097617934914095
ITIncident:31012,2,11992601222008605147
ITIncident:31018,2,4590545538357452291
ITIncident:31028,2,10016130666174056941
ITIncident:31037,2,10577991196516118502
ITIncident:31039,2,15247542096022240057
ITIncident:31045,2,17392927480949802410
ITIncident:31048,1,16007118420473476764
ITIncident:31056,2,10942668159470748373
ITIncident:31065,2,11126972626244596490
ITIncident:31070,2,9666677808483405985
ITIncident:31076,1,12309705615968914585
ITIncident:31087,2,914899643497422513
ITIncident:31097,2,8232678201526656848
ITIncident:31114,2,15007740362788588538
ITIncident:31122,2,1389047747838483024
ITIncident:31127,2,16280650257869226470
ITIncident:31131,2,11310897221737079065
ITIncident:31138,2,8740130323912548721
ITIncident:31151,2,12791709357054146925
ITIncident:31159,1,6187298312797142053
ITIncident:31163,2,8762059509176794686
ITIncident:31171,2,1320450550232540580
ITIncident:31178,2,17472653637324333082
ITIncident:31181,2,3685604037501696338
ITIncident:31185,2,16118183487501948516
ITIncident:31193,1,15968780004326592760
ITIncident:31203,2,14937594612186173246
ITIncident:31206,2,1818354946605286282
ITIncident:31208,2,4049865816053258915
ITIncident:31218,0,15620148755509995441
ITIncident:31222,2,5593921705915323964
ITIncident:31229,2,1704340346101239530
ITIncident:31234,2,773687558738317988
ITIncident:31241,2,5916114811256448120
ITIncident:31245,2,11635056989212015581
ITIncident:31254,2,15382410287124650764
ITIncident:31259,2,16877956840343846077
ITIncident:31265,2,7299538043208859406
ITIncident:31269,2,1390890730569087921
ITIncident:31279,2,15914088050470998469
ITIncident:31296,2,12936931952174599231
ITIncident:31303,2,6020762794138660546
ITIncident:31311,2,3938916520811119249
ITIncident:31318,2,6106399089851891985
ITIncident:31326,2,3832678038136389568
ITIncident:31334,2,6312494367010889421
ITIncident:31341,2,4695595898878644085
ITIncident:31345,2,16286473049570892558
ITIncident:31349,2,3118300093472298854
ITIncident:31355,2,7861619636809057768
ITIncident:31362,2,7663771956062814287
ITIncident:31372,2,17115338828841221412
ITIncident:31381,2,15857028484964850334
ITIncident:31386,2,15188199454959282118
ITIncident:31393,2,15210263226755499225
ITIncident:31398,2,15804403733205215776
ITIncident:31401,1,5438272402798080473
ITIncident:31413,2,11172965485921142623
ITIncident:31418,2,6995861980322705189
ITIncident:31422,2,15496795478804856597
ITIncident:31427,2,10469438390355654753
ITIncident:31430,2,16009034462187032910
ITIncident:31433,2,15122200965907962600
ITIncident:31438,1,14236537807233209691
ITIncident:31440,2,15767052140887253720
ITIncident:31445,2,18000584499097004619
ITIncident:31450,2,9803519356401921576
ITIncident:31455,2,7043748692254735407
ITIncident:31458,2,2802323676490830801
ITIncident:31464,2,9884030650991005338
ITIncident:31473,2,14142823832400039725
ITIncident:31477,2,3015729114968944806
ITIncident:31485,2,6560492691681783688
ITIncident:31498,2,912370387649085252
ITIncident:31504,2,9555658446760243793
ITIncident:31509,2,8146944196223212905
ITIncident:31515,2,3910725860569020356
ITIncident:31517,2,9706564975045748012
ITIncident:31519,2,14962337283260706703
ITIncident:31527,2,4322955242499477342
ITIncident:31534,2,17473896888532248799
ITIncident:31537,2,12246556505166521451
ITIncident:31542,2,16287703268783963368
ITIncident:31544,2,16910814808595379315
ITIncident:31557,0,5488583836825554834
ITIncident:31561,2,15225012478543476551
ITIncident:31579,2,18104520608640532381
ITIncident:31582,2,1542058769870739049
ITIncident:31585,2,14958536580286335029
ITIncident:31588,2,12246556505166521451
ITIncident:31591,2,8993517584270279981
ITIncident:31599,2,3059542914266998819
ITIncident:31615,2,2057792549674225692
ITIncident:31618,2,2625409485919126405
ITIncident:31625,1,2960366734921961793
ITIncident:31627,2,3218508467261967011
ITIncident:31632,2,11372588391531979207
ITIncident:31659,2,15123518405000455743
ITIncident:31673,1,12061545618097238345
ITIncident:31676,2,15122200965907962600
ITIncident:31678,2,209950719051248138
ITIncident:31681,2,10814138684749668770
ITIncident:31685,2,13609440404668315939
ITIncident:31693,2,6368168011827378762
ITIncident:31698,2,14236537807233209691
ITIncident:31704,2,11715404981044444434
ITIncident:31706,2,2656922320483391265
ITIncident:31715,2,15077788158466770237
ITIncident:31717,2,17702716112740916929
ITIncident:31722,2,9944104069573957183
ITIncident:31730,2,18152117344595746199
ITIncident:31738,2,8626370177684046437
ITIncident:31744,1,4981960106678097968
ITIncident:31752,2,7489765980425198544
ITIncident:31759,2,18313587354155824204
ITIncident:31765,2,6680243558945201714
ITIncident:31768,2,12246556505166521451
ITIncident:31770,2,8797608619639077359
ITIncident:31775,2,9823459284259910580
ITIncident:31784,2,14564577263063338113
ITIncident:31789,2,12130376610088464320
ITIncident:31792,2,17986306401959575084
ITIncident:31797,2,680432094489224311
ITIncident:31803,2,17136454164535098047
ITIncident:31806,2,13988599814206209655
ITIncident:31811,2,4053323895329937247
ITIncident:31818,2,6119177064949772213
ITIncident:31821,2,15903734378935817266
ITIncident:31832,2,7735188183787951668
ITIncident:31834,2,13788586466199815948
ITIncident:31852,1,3640150966353281247
ITIncident:31854,2,14381161809257913550
ITIncident:31861,2,10005987645872378937
ITIncident:31868,2,2583132888441895881
ITIncident:31873,2,11454733074480037276
ITIncident:31875,2,15450599618807346561
ITIncident:31888,2,18075705691534000633
ITIncident:31891,2,13988599814206209655
ITIncident:31898,2,16559194165184133392
ITIncident:31901,1,17692584747283300865
ITIncident:31906,2,8534938414893769126
ITIncident:31909,2,4881415735958821343
ITIncident:31919,2,15576016127390399587
ITIncident:31922,2,5641969207398125515
ITIncident:31927,0,10603286827757785110
ITIncident:31939,2,11924877604112818176
ITIncident:31945,2,9332178759114541273
ITIncident:31949,2,18323280680435814870
ITIncident:31954,2,17932491548176332956
ITIncident:31960,2,4722478061086611628
ITIncident:31966,2,13308618611168874723
ITIncident:31972,2,4640921784963573811
ITIncident:31978,2,14375967668670632087
ITIncident:31993,2,5407036580784398675
ITIncident:31999,2,10451969567661117274
ITIncident:32009,2,692502585849006987
ITIncident:32020,2,10023128071294995880
ITIncident:32027,2,973295259427524187
ITIncident:32035,2,4032607779800775142
ITIncident:32039,2,8216808863808867385
ITIncident:32042,2,1385762739610977420
ITIncident:32049,2,16462953400608874794
ITIncident:32056,2,2036923304435839481
ITIncident:32059,2,16596849000806336143
ITIncident:32069,2,1659245701344435009
ITIncident:32072,2,15122200965907962600
ITIncident:32083,2,3087796410330528110
ITIncident:32089,2,1597667106176886447
ITIncident:32092,2,17986306401959575084
ITIncident:32097,2,5101725590414467073
ITIncident:32106,1,4258403929083795153
ITIncident:32114,2,15629604931744756156
ITIncident:32118,2,13609440404668315939
ITIncident:32131,2,10524279538256207835
ITIncident:32140,2,8292156930783211012
ITIncident:32152,2,13536082743353385977
ITIncident:32157,2,3222583548681270740
ITIncident:32166,2,9295976539851203233
ITIncident:32181,2,9946407641508333163
ITIncident:32197,2,9544975628620207128
ITIncident:32206,2,13912127326693304419
ITIncident:32217,2,5882451958636340845
ITIncident:32224,2,4887541024200390553
ITIncident:32257,2,8717638917097758993
ITIncident:32260,2,16139034222672939512
ITIncident:32265,0,940605250043534624
ITIncident:32283,2,4028722249959174057
ITIncident:32287,2,8110543625129406852
ITIncident:32290,2,12246556505166521451
ITIncident:32320,0,8788569823210362112
ITIncident:32337,2,11044442277652972393
ITIncident:32342,2,12723888523896370234
ITIncident:32349,2,9322515856645133434
ITIncident:32358,2,13158815316244698685
ITIncident:32361,2,4632001778120850606
ITIncident:32374,2,11865607249971240922
ITIncident:32383,2,3706216980251687062
ITIncident:32387,2,10448764536430519292
ITIncident:32390,2,17009910223604022382
ITIncident:32399,2,5371584787628328618
ITIncident:32405,2,1711515926632884199
ITIncident:32409,2,16409402124039360568
ITIncident:32417,2,11801689889450941687
ITIncident:32421,2,17805446419564972329
ITIncident:32426,1,13152093158741848194
ITIncident:32429,2,1368708965626064691
ITIncident:32442,2,10106081011242458944
ITIncident:32450,2,17507782824951104957
ITIncident:32464,2,12313269424360822599
ITIncident:32476,2,3382578162044413449
ITIncident:32486,2,12183616173067633981
ITIncident:32495,2,6263275150999102531
ITIncident:32505,2,10046049302017378550
ITIncident:32509,2,9285470290372027311
ITIncident:32511,2,10538990098194470142
ITIncident:32513,2,14384032597982962648
ITIncident:32519,2,1303913757253861422
ITIncident:32521,2,928565737261567267
ITIncident:32528,2,7352889651726216433
ITIncident:32530,2,3582881113766432677
ITIncident:32534,2,8339399067146606967
ITIncident:32540,2,9385246631930171008
ITIncident:32544,2,14525550296520838538
ITIncident:32551,2,6993489922238746424
ITIncident:32560,2,4955999790405865616
ITIncident:32565,2,15990445228148287185
ITIncident:32573,2,16839280183189202314
ITIncident:32575,2,11228563950940326324
ITIncident:32577,2,14075224556576661361
ITIncident:32587,2,16629359261282259014
ITIncident:32602,2,127532939416206409
ITIncident:32606,2,4685114179931574029
ITIncident:32624,2,13398592962076005692
ITIncident:32630,2,2772139595276759237
ITIncident:32649,2,9426136233484875393
ITIncident:32661,2,16012791937214841356
ITIncident:32663,2,10469564681133157884
ITIncident:32671,2,17552406515306479346
ITIncident:32677,2,5019364756524356673
ITIncident:32682,2,14831198148895434335
ITIncident:32687,2,12378217799392737981
ITIncident:32693,2,14344642269162541941
ITIncident:32698,2,9309638517512901806
ITIncident:32715,2,12680632130425107380
ITIncident:32729,2,1414247082805358769
ITIncident:32732,2,9222153289118371154
ITIncident:32760,2,8626341303991879927
ITIncident:32762,2,16924816971860735210
ITIncident:32770,2,10017825901082392291
ITIncident:32775,2,3723494921574056823
ITIncident:32779,2,18117812263516495178
ITIncident:32784,2,5983674023446959167
ITIncident:32793,2,13521762959108427191
ITIncident:32799,2,12258173420253435312
ITIncident:32803,2,13074764467239694784
ITIncident:32808,2,13358386392627227803
ITIncident:32812,2,8216808863808867385
ITIncident:32817,2,5772248508596655209
ITIncident:32821,2,12452642963226363101
ITIncident:32832,2,16293534353975719338
ITIncident:32845,2,13699548222688477093
ITIncident:32854,2,9858414156468446751
ITIncident:32861,2,886222692286854094
ITIncident:32868,2,3894452126539651410
ITIncident:32873,2,16907209148191745260
ITIncident:32877,2,2130114298771385342
ITIncident:32886,2,4517030271737716580
ITIncident:32929,2,10141446165556226786
ITIncident:32933,2,9714125078483687569
ITIncident:32944,2,15944914578035969455
ITIncident:32948,2,11363920858124628258
ITIncident:32952,2,13074764467239694784
ITIncident:32964,2,8827085209137742014
ITIncident:32976,2,14674615153638829090
ITIncident:32978,2,17415543075242652528
ITIncident:32982,2,16013035547835878841
ITIncident:32992,2,8868358571839970634
ITIncident:32998,2,6962849655965769942
ITIncident:33004,2,11528665538981583872
ITIncident:33008,2,16409402124039360568
ITIncident:33012,2,696704935074505822
ITIncident:33016,2,6474219499119344871
ITIncident:33023,2,17266628877190951363
ITIncident:33028,2,3950172608438963332
ITIncident:33033,2,18000584499097004619
ITIncident:33042,2,3236116152817134621
ITIncident:33047,2,8110849758881841973
ITIncident:33049,2,1984746565319408513
ITIncident:33057,2,14913322970576542096
ITIncident:33059,2,8797608619639077359
ITIncident:33061,2,14381161809257913550
ITIncident:33077,2,8012491072235124621
ITIncident:33079,2,4954010328419767266
ITIncident:33092,2,7770973169644207309
ITIncident:33100,2,10846869755798466973
ITIncident:33105,2,1405057656176552574
ITIncident:33116,2,358561364717257959
ITIncident:33130,2,9721607220898115373
ITIncident:33137,2,6134419326359329011
ITIncident:33139,2,5408694821547344994
ITIncident:33142,2,11736811556474757168
ITIncident:33148,2,9074933876549077497
ITIncident:33157,2,593437604289806901
ITIncident:33168,2,17700082370162264177
ITIncident:33177,2,11171374018171376335
ITIncident:33181,2,8311395985423410505
ITIncident:33187,2,2368980644852565924
ITIncident:33193,2,13601038458025094928
ITIncident:33200,2,6496594170665351210
ITIncident:33213,2,1341882955857208131
ITIncident:33224,2,5677082719627617604
ITIncident:33237,2,14553745064896930829
ITIncident:33242,2,3480434486629680547
ITIncident:33247,2,14323726553031674597
ITIncident:33255,2,18142854149951753822
ITIncident:33258,2,18165482340078631504
ITIncident:33266,2,5399602059358947506
ITIncident:33281,2,13030248927673050320
ITIncident:33283,2,1761484498738387395
ITIncident:33288,2,6310924004794042102
ITIncident:33292,2,5861361178857631251
ITIncident:33299,2,982215974248468660
ITIncident:33304,2,17953305240371585853
ITIncident:33309,2,14779140662263012451
ITIncident:33313,2,5849495199178618341
ITIncident:33318,2,12012519145754214896
ITIncident:33329,2,6099695482159123905
ITIncident:33340,2,8832461162612740668
ITIncident:33345,2,10188821487859756482
ITIncident:33359,2,8016585545829183960
ITIncident:33367,2,7647628476832039584
ITIncident:33374,2,5030589994636382904
ITIncident:33383,2,9188740515837757174
ITIncident:33386,2,15122200965907962600
ITIncident:33389,2,15122200965907962600
ITIncident:33392,2,15122200965907962600
ITIncident:33398,2,2427911208454493441
ITIncident:33400,2,268939031307449611
ITIncident:33405,2,2090713869683749145
ITIncident:33425,2,17245926416102715596
ITIncident:33429,2,2723480397707590957
ITIncident:33434,2,1232008874540791649
ITIncident:33445,2,15106857181854444732
ITIncident:33447,2,5646510047449892003
ITIncident:33456,2,13248528826663870917
ITIncident:33461,2,8148796356775628334
ITIncident:33463,2,5646510047449892003
ITIncident:33476,2,5299691170291564470
ITIncident:33479,2,10054912830384721738
ITIncident:33482,2,3233877296982250673
ITIncident:33495,2,2991204104563105959
ITIncident:33498,2,12081892996902547549
ITIncident:33501,2,3233877296982250673
ITIncident:33504,2,3233877296982250673
ITIncident:33516,2,3713217733571557450
ITIncident:33522,2,11215003259256942289
ITIncident:33530,2,3290960258736833897
ITIncident:33536,2,11373024762366908767
ITIncident:33539,2,12724369942374818315
ITIncident:33544,2,11195714941995869812
ITIncident:33550,2,10620927984510616665
ITIncident:33558,2,290512477372392148
ITIncident:33562,2,16801081454882173806
ITIncident:33573,2,11873077269828549787
ITIncident:33578,2,4823563066636847210
ITIncident:33589,2,1179934846942526494
ITIncident:33600,2,16529050283632016225
ITIncident:33613,2,7152081239220355291
ITIncident:33618,2,12286277570060845116
ITIncident:33622,2,2709757731775230250
ITIncident:33629,2,9557686822504146794
ITIncident:33632,2,15777731366497412576
ITIncident:33634,2,7866398127594921580
ITIncident:33644,2,9670895504972280232
ITIncident:33647,2,12312698558845797887
ITIncident:33655,2,2969129253422666601
ITIncident:33658,2,10909153382405569829
ITIncident:33661,2,12847637602087586750
ITIncident:33670,2,8835629497390074730
ITIncident:33684,2,3786202391360396545
ITIncident:33693,2,11304794842599360093
ITIncident:33703,2,510865207672681589
ITIncident:33706,2,12246556505166521451
ITIncident:33711,2,11730334409755498303
ITIncident:33718,2,4443418395348689382
ITIncident:33723,2,5130097617934914095
ITIncident:33725,2,5408694821547344994
ITIncident:33730,1,16649078635863525217
ITIncident:33738,2,2098774443225889327
ITIncident:33746,2,5001328102648695775
ITIncident:33754,2,6249078865146259640
ITIncident:33758,1,16606649391128803132
ITIncident:33766,1,4395576197854911473
ITIncident:33787,2,7463293708484485986
ITIncident:33792,2,10257476281420291677
ITIncident:33800,2,7927231334669735756
ITIncident:33812,2,6094113772842949520
ITIncident:33823,2,13532697766048146103
ITIncident:33827,2,17318516610466837181
ITIncident:33834,2,6927889851692774658
ITIncident:33839,2,7945286085538575555
ITIncident:33849,2,8821950154664182824
ITIncident:33856,2,47055925397282073
ITIncident:33859,1,4469701921650845453
ITIncident:33862,2,13521242603140959635
ITIncident:33864,2,15247542096022240057
ITIncident:33874,2,1638933848120394354
ITIncident:33877,2,4903031736199048685
ITIncident:33882,2,16280650257869226470
ITIncident:33890,2,14079660425694138207
ITIncident:33894,2,2136652011325087542
ITIncident:33902,2,6613983367351846272
ITIncident:33906,1,13003888781435704320
ITIncident:33913,2,16313385575846467042
ITIncident:33916,2,12750753737349537572
ITIncident:33934,2,18088356397242389289
ITIncident:33941,2,73224628018551179
ITIncident:33948,2,5823212599878111226
ITIncident:33953,2,17306685930897940988
ITIncident:33958,2,3600242394781528312
ITIncident:33965,2,9984929260321808302
ITIncident:33969,2,2544992398157162877
ITIncident:33971,2,12042442815853983723
ITIncident:33974,2,14737560193093395877
ITIncident:33978,2,1646589382073975498
ITIncident:33980,2,5966384514448541098
ITIncident:33994,2,15223020196387171340
ITIncident:34002,2,13075428734946087443
ITIncident:34014,2,5473436992026930825
ITIncident:34017,2,2404076332918217944
ITIncident:34022,2,13246696347758728272
ITIncident:34024,2,7472588573698696038
ITIncident:34040,2,8729697764374171588
ITIncident:34048,2,14228194549307741534
ITIncident:34053,2,15090133661733458082
ITIncident:34071,2,16341900448591995783
ITIncident:34073,2,15242888891342288284
ITIncident:34077,2,5951288293507851440
ITIncident:34079,2,13562615911441825568
ITIncident:34082,2,2404076332918217944
ITIncident:34090,2,772071636896352406
ITIncident:34100,2,12320008956639429074
ITIncident:34104,2,2981077392843047356
ITIncident:34106,2,7472588573698696038
ITIncident:34108,2,13405897225609754964
ITIncident:34116,2,17727748551582844385
ITIncident:34126,2,17109749930791527725
ITIncident:34128,1,17415543075242652528
ITIncident:34132,0,17455175125066722502
ITIncident:34136,2,18320523865660516582
ITIncident:34140,2,4026664395675299165
ITIncident:34142,2,13562615911441825568
ITIncident:34144,2,15242888891342288284
ITIncident:34151,2,7136565925542296889
ITIncident:34157,2,12309705615968914585
ITIncident:34165,2,1048978347933518805
ITIncident:34167,2,15242888891342288284
ITIncident:34171,2,17490401959114037217
ITIncident:34173,2,14167538425212005017
ITIncident:34175,2,4859259602742681635
ITIncident:34178,2,12246556505166521451
ITIncident:34180,2,17702716112740916929
ITIncident:34183,2,12246556505166521451
ITIncident:34192,2,10377714258879332966
ITIncident:34202,2,16912734822518884636
ITIncident:34204,2,1984746565319408513
ITIncident:34207,2,12246556505166521451
ITIncident:34219,2,13111528727284502726
ITIncident:34230,2,13536082743353385977
ITIncident:34239,2,3549100095382988407
ITIncident:34244,2,11436392167499196889
ITIncident:34253,2,13842489366723326637
ITIncident:34256,2,12246556505166521451
ITIncident:34267,2,477790491933365151
ITIncident:34270,2,13988599814206209655
ITIncident:34275,1,4934715720856659416
ITIncident:34278,2,13988599814206209655
ITIncident:34284,2,1181526985581650238
ITIncident:34286,2,6352084089208529275
ITIncident:34290,2,11247124734897095754
ITIncident:34297,2,16918704102622583920
ITIncident:34308,2,2210827840048290308
ITIncident:34312,2,3276146270306292173
ITIncident:34323,2,8682153113052177514
ITIncident:34332,2,15310326815393317982
ITIncident:34336,2,11155055147457608365
ITIncident:34342,2,12890069557981584731
ITIncident:34346,2,13219146378945437063
ITIncident:34349,2,15289922590467000315
ITIncident:34354,2,3240588539356681576
ITIncident:34358,2,14788875369872227874
ITIncident:34364,2,3936828607716241721
ITIncident:34367,2,13112693920624250582
ITIncident:34372,2,2760962229366649313
ITIncident:34379,2,8793669076068470891
ITIncident:34383,2,13609440404668315939
ITIncident:34390,2,4737973826530484029
ITIncident:34397,2,6350139636572741100
ITIncident:34406,2,6892598554165002120
ITIncident:34416,2,3424629057384389084
ITIncident:34425,2,16961473909682458484
ITIncident:34429,2,9492860998739862171
ITIncident:34436,2,3934212409127638358
ITIncident:34445,2,2885449047380648919
ITIncident:34452,2,12354794583772111712
ITIncident:34456,2,1225891063979467957
ITIncident:34465,2,13480000952449728335
ITIncident:34468,2,12354235312219259064
ITIncident:34496,2,987850364891788328
ITIncident:34503,2,6892593788899505134
ITIncident:34506,2,15903734378935817266
ITIncident:34509,2,15903734378935817266
ITIncident:34512,2,8887969814688353327
ITIncident:34516,2,3163627970813498943
ITIncident:34518,2,1131015313228348119
ITIncident:34526,2,2927926753413288634
ITIncident:34536,2,9049057456125697442
ITIncident:34544,2,6028716390531640350
ITIncident:34546,2,8381268522202019824
ITIncident:34549,2,12246556505166521451
ITIncident:34553,2,14952220487482624965
ITIncident:34557,1,16948290265354395811
ITIncident:34566,2,2654544025276466462
ITIncident:34572,2,13466795808883537120
ITIncident:34574,2,5269627844905730553
ITIncident:34581,2,16199644143587186904
ITIncident:34598,2,12143971291678189545
ITIncident:34603,2,14025638921654276925
ITIncident:34613,2,3299782039337007311
ITIncident:34618,2,15989190794979543771
ITIncident:34626,2,2138589884485866141
ITIncident:34636,2,12570730528926529404
ITIncident:34641,2,15787380215421460107
ITIncident:34651,1,11981199247238511945
ITIncident:34658,2,1173626907269505587
ITIncident:34660,2,1984746565319408513
ITIncident:34670,2,7216794422318937196
ITIncident:34677,2,2960364640813769200
ITIncident:34682,2,9538988860998703896
ITIncident:34686,2,1446400078972718175
ITIncident:34700,2,5723543594388810431
ITIncident:34707,2,5842182158904192497
ITIncident:34710,1,16479043657205106744
ITIncident:34713,2,1566495185671455458
ITIncident:34726,2,13720175043062801859
ITIncident:34734,2,11233448799210590059
ITIncident:34739,2,16268856724088594277
ITIncident:34744,2,16649078635863525217
ITIncident:34748,2,16840896201402878738
ITIncident:34753,2,18019308042658399463
ITIncident:34759,2,6328970035853585523
ITIncident:34761,2,268939031307449611
ITIncident:34764,2,3508416576643345359
ITIncident:34768,2,7846710556066879701
ITIncident:34777,2,14470808076568004241
ITIncident:34781,2,5276714834850980326
ITIncident:34786,2,3412461684194731218
ITIncident:34791,2,12629868347665552929
ITIncident:34798,2,7148517664699925858
ITIncident:34802,2,8187041328993126687
ITIncident:34811,2,4491478765523053858
ITIncident:34813,2,11924740790190914509
ITIncident:34822,2,14351885675421303133
ITIncident:34829,2,4810249262199020256
ITIncident:34847,0,3008634512832674896
ITIncident:34854,2,15950683869838048622
ITIncident:34859,2,8652471357173172402
ITIncident:34864,2,16280650257869226470
ITIncident:34867,2,4856352044680233048
ITIncident:34873,2,196836113753550301
ITIncident:34880,2,11051795472046276239
ITIncident:34892,2,17699429632030242634
ITIncident:34899,2,13466935776001959840
ITIncident:34907,2,18206143575301890177
ITIncident:34909,2,15450599618807346561
ITIncident:34918,2,12801854565799889791
ITIncident:34921,2,3110909873064524045
ITIncident:34926,2,5473002284189746956
ITIncident:34934,2,10762219262323040829
ITIncident:34952,2,13840109891614181500
ITIncident:34961,2,3910937101955027434
ITIncident:34966,2,9015285236583742792
ITIncident:34974,2,2162877059165950243
ITIncident:34985,2,10939236749485413087
ITIncident:34993,2,12013609141998187689
ITIncident:35002,2,671378481340626272
ITIncident:35007,2,2342081188020297946
ITIncident:35023,2,5423783768692733753
ITIncident:35033,2,582272583630155199
ITIncident:35044,2,8335318908385426107
ITIncident:35048,2,14634176735227553723
ITIncident:35053,2,1232008874540791649
ITIncident:35059,2,12366875573497128818
ITIncident:35063,2,1601450942679697521
ITIncident:35066,2,15694329256325340495
ITIncident:35078,2,7518828574849283228
ITIncident:35081,2,12111186344008580855
ITIncident:35090,2,15281081063639050614
ITIncident:35094,2,13609440404668315939
ITIncident:35102,2,2323150159258193321
ITIncident:35104,2,6352084089208529275
ITIncident:35112,0,2153275801264524134
ITIncident:35119,2,1905038783259740604
ITIncident:35127,2,7655095042755100790
ITIncident:35138,2,2587539696398613302
ITIncident:35142,2,17479819886658662581
ITIncident:35152,2,2002149331468760865
ITIncident:35160,2,3864027644363597012
ITIncident:35170,2,15750627252710013430
ITIncident:35174,2,15294548933180856241
ITIncident:35178,2,6084229291637300604
ITIncident:35181,2,3525536084375236026
ITIncident:35196,2,14741480953264707929
ITIncident:35201,0,1349571755897795715
ITIncident:35205,2,16713488374355330409
ITIncident:35210,2,1512855168840963096
ITIncident:35212,2,4649367865911468111
ITIncident:35219,2,2102666755104296467
ITIncident:35223,2,2220966877385487399
ITIncident:35225,2,1984746565319408513
ITIncident:35229,2,9274014930927378354
ITIncident:35239,2,11928641302856620999
ITIncident:35247,2,486333898223313117
ITIncident:35256,2,644656206658946182
ITIncident:35260,2,14824053366490697622
ITIncident:35270,2,16720932767652003165
ITIncident:35275,2,8205702905770119426
ITIncident:35282,2,16652162508309503682
ITIncident:35285,2,12111186344008580855
ITIncident:35289,2,8762059509176794686
ITIncident:35298,2,8010700364427989141
ITIncident:35307,2,9805271141470724110
ITIncident:35309,2,14061344297594885788
ITIncident:35313,2,8509666895683326356
ITIncident:35324,2,4473479068053792250
ITIncident:35328,2,8046008806137683098
ITIncident:35338,2,8194971172357471905
ITIncident:35340,2,7472588573698696038
ITIncident:35344,2,2293263271068130858
ITIncident:35351,2,14502602605063582175
ITIncident:35356,2,5258471923856867782
ITIncident:35363,2,12347947563704784286
ITIncident:35369,2,15194827988606884537
ITIncident:35377,2,5316107580218495116
ITIncident:35380,2,715318864010695106
ITIncident:35385,2,1912960838585767821
ITIncident:35393,0,8769977772264921738
ITIncident:35396,2,4043753441291316331
ITIncident:35402,2,7283676724137129852
ITIncident:35407,0,4226741582485055267
ITIncident:35411,2,1514781798255563250
ITIncident:35419,2,12624425568153979264
ITIncident:35425,2,5720559409207778860
ITIncident:35432,2,11059844027056725359
ITIncident:35453,2,4152711835071400754
ITIncident:35470,2,7174208666295392464
ITIncident:35473,2,18039610597638747514
ITIncident:35490,2,8574666832057153969
ITIncident:35496,2,16882774312390266140
ITIncident:35509,2,13948221158640243081
ITIncident:35511,2,16413723610591773452
ITIncident:35515,2,17083988117053276807
ITIncident:35525,2,13435033653998945997
ITIncident:35535,2,9852502632906784862
ITIncident:35539,2,8623529825563711908
ITIncident:35543,0,6085798444617184757
ITIncident:35549,2,9155641696685397347
ITIncident:35556,2,16234390832637566646
ITIncident:35560,2,2399207467613789533
ITIncident:35564,2,9908794562369438851
ITIncident:35569,2,15078290127627499944
ITIncident:35574,2,12629868347665552929
ITIncident:35579,2,18092021050791912614
ITIncident:35581,2,1984746565319408513
ITIncident:35586,2,8970815836033973549
ITIncident:35590,2,6765982879937015815
ITIncident:35594,2,8994577722061248829
ITIncident:35596,2,10538990098194470142
ITIncident:35610,2,12295145531808482982
ITIncident:35615,2,3067819580776810055
ITIncident:35623,2,16659587242352875611
ITIncident:35630,2,17663163204448491072
ITIncident:35633,2,11473789732237737468
ITIncident:35639,2,15860588616138997982
ITIncident:35641,2,695776321291291868
ITIncident:35655,2,10025411409605749734
ITIncident:35658,2,3237807726073329127
ITIncident:35667,2,2400157260683965912
ITIncident:35672,2,13887756111781930204
ITIncident:35679,2,6355813357763000280
ITIncident:35683,2,18117812263516495178
ITIncident:35686,2,16998378048008169739
ITIncident:35689,2,10054912830384721738
ITIncident:35699,2,6755887999294632205
ITIncident:35709,2,9770335380938716942
ITIncident:35714,2,1228607960364839828
ITIncident:35718,2,12378217799392737981
ITIncident:35725,2,16928587135614222441
ITIncident:35728,2,16479043657205106744
ITIncident:35735,2,3913189617043195974
ITIncident:35739,2,6102595882968320373
ITIncident:35743,2,8978490057166625748
ITIncident:35747,2,10315391234522522425
ITIncident:35751,2,5015841349445823267
ITIncident:35756,2,3638090790654149204
ITIncident:35758,2,16413723610591773452
ITIncident:35762,2,17202851059678716281
ITIncident:35772,2,15275050490175538121
ITIncident:35776,2,16844961354282062469
ITIncident:35780,2,4773441101238041585
ITIncident:35784,2,6581732593521416474
ITIncident:35793,2,13670188349836755295
ITIncident:35806,2,6093196253406928928
ITIncident:35813,2,3400768394458837360
ITIncident:35827,2,10098408231152156637
ITIncident:35831,2,3391312674501965987
ITIncident:35833,2,10493679068748925441
ITIncident:35843,2,14522491701632694575
ITIncident:35849,2,11033909658146363116
ITIncident:35852,2,581342626382617649
ITIncident:35856,2,4026664395675299165
ITIncident:35863,2,13472836575055195344
ITIncident:35875,2,12222095335584132162
ITIncident:35879,2,7407474431412547779
ITIncident:35883,2,5612919086274309220
ITIncident:35897,2,3617761373632076490
ITIncident:35913,2,17233722993512573651
ITIncident:35919,2,6593144415571104741
ITIncident:35923,2,14056244141616709888
ITIncident:35927,2,18029533280634257093
ITIncident:35941,2,2107913977981173068
ITIncident:35953,2,1193201226701006051
ITIncident:35962,2,13508289150741495728
ITIncident:35973,2,6039868593165587841
ITIncident:35980,2,16351821919687978337
ITIncident:35992,2,15871519213422671950
ITIncident:36002,2,7318215900218659661
ITIncident:36012,2,17410027784955488560
ITIncident:36020,2,5109948307783523011
ITIncident:36030,2,11563081441536312719
ITIncident:36038,2,668466448902607033
ITIncident:36059,0,4415327660117306144
ITIncident:36070,2,16435049717359590659
ITIncident:36079,2,1488107324542672826
ITIncident:36083,2,14987702106818394745
ITIncident:36086,2,6680034160740047843
ITIncident:36092,2,1581139040509818042
ITIncident:36097,2,17362757579671647844
ITIncident:36110,2,13195191486993143210
ITIncident:36121,0,5596132732746489043
ITIncident:36124,2,12312698558845797887
ITIncident:36136,2,11826809708098968695
ITIncident:36140,2,9179562856069413738
ITIncident:36143,2,4948565937945971902
ITIncident:36147,2,7275843773950967951
ITIncident:36162,2,4693322440620433826
ITIncident:36166,2,13003888781435704320
ITIncident:36173,2,1250940836967920408
ITIncident:36178,2,414541311310969258
ITIncident:36182,2,13293634324945175089
ITIncident:36184,2,16461242220797832151
ITIncident:36187,2,12246556505166521451
ITIncident:36195,2,2796870898433348785
ITIncident:36205,2,11401697886259057285
ITIncident:36212,2,5730417667268007572
ITIncident:36225,2,15208905850881783226
ITIncident:36229,2,8000260887786380619
ITIncident:36235,2,4611659344272087790
ITIncident:36243,2,4221861059986140222
ITIncident:36251,2,11172139724671539124
ITIncident:36254,2,10909153382405569829
ITIncident:36257,2,10909153382405569829
ITIncident:36264,2,4664499954860178269
ITIncident:36269,2,6087210150108358982
ITIncident:36271,2,7956699965014151154
ITIncident:36281,2,16666257029122642527
ITIncident:36288,2,12579243103264639055
ITIncident:36301,2,1251805881855725483
ITIncident:36316,2,15788407956709946786
ITIncident:36330,2,914054582808935044
ITIncident:36341,2,8203668558692349062
ITIncident:36345,2,6822576740435493272
ITIncident:36347,2,7956699965014151154
ITIncident:36351,2,5794918017385440226
ITIncident:36356,2,13443283586708950276
ITIncident:36375,0,12550903263613009818
ITIncident:36379,2,2368389250213309478
ITIncident:36384,2,2606724105760363153
ITIncident:36387,2,2792393499089718627
ITIncident:36393,2,16435455493345986853
ITIncident:36398,2,7399724607036063483
ITIncident:36400,2,7956699965014151154
ITIncident:36406,2,3379020155222901658
ITIncident:36411,2,16592668424524119398
ITIncident:36413,2,7956699965014151154
ITIncident:36423,0,17526047570977445198
ITIncident:36425,2,7956699965014151154
ITIncident:36427,2,7956699965014151154
ITIncident:36433,0,196275310230873517
ITIncident:36436,2,8993517584270279981
ITIncident:36438,2,9536788771347226945
ITIncident:36448,2,4006976993156974185
ITIncident:36452,2,774389341767229702
ITIncident:36454,2,7956699965014151154
ITIncident:36457,2,17923149777136964216
ITIncident:36460,2,15294548933180856241
ITIncident:36465,2,5666215532544511266
ITIncident:36469,2,13609440404668315939
ITIncident:36493,2,3038888895786698390
ITIncident:36506,2,1272752456251103101
ITIncident:36520,2,12711646871820185455
ITIncident:36527,2,13654064494903164843
ITIncident:36531,2,3936556762042844055
ITIncident:36534,2,3953136569964579634
ITIncident:36539,2,14674383222167616139
ITIncident:36544,2,12948297657634029825
ITIncident:36546,2,15844792606388248673
ITIncident:36555,2,14581365330318396102
ITIncident:36563,2,8756602462840881896
ITIncident:36579,1,14681195229585739799
ITIncident:36582,2,10909153382405569829
ITIncident:36593,2,6289886347884341663
ITIncident:36599,2,16536555414066670958
ITIncident:36610,2,7296008846454020950
ITIncident:36619,2,11844896086544668100
ITIncident:36621,2,1131015313228348119
ITIncident:36625,2,6408245313082744283
ITIncident:36631,2,482108830819179753
ITIncident:36650,2,15238813967784042373
ITIncident:36653,2,10909153382405569829
ITIncident:36657,2,14630372309444933258
ITIncident:36659,1,12127488601715941570
ITIncident:36662,2,10909153382405569829
ITIncident:36668,2,3276599632245288434
ITIncident:36682,2,3085367519140146958
ITIncident:36685,2,10909153382405569829
ITIncident:36688,2,10909153382405569829
ITIncident:36690,2,17063494208942076534
ITIncident:36695,2,14983968931645836902
ITIncident:36698,2,10909153382405569829
ITIncident:36703,2,14236537807233209691
ITIncident:36706,2,4632001778120850606
ITIncident:36708,2,15838941544337234197
ITIncident:36713,0,7963235809541158090
ITIncident:36716,2,4948565937945971902
ITIncident:36728,2,18392795977143915614
ITIncident:36730,2,11660455675013315907
ITIncident:36732,2,17415543075242652528
ITIncident:36750,2,7079957743840651252
ITIncident:36756,2,160384077928288231
ITIncident:36763,2,11172139724671539124
ITIncident:36767,2,160061815860289273
ITIncident:36772,2,11388150336773014108
ITIncident:36789,2,2531921263303855551
ITIncident:36795,2,14806153756336292751
ITIncident:36799,2,16110381614174680924
ITIncident:36802,2,857374898414068445
ITIncident:36807,2,11195714941995869812
ITIncident:36813,2,2358492891130747544
ITIncident:36819,2,4388270446003593955
ITIncident:36821,2,5147651782265251917
ITIncident:36823,2,16461242220797832151
ITIncident:36828,2,4627782754058261562
ITIncident:36831,2,2867558447320967974
ITIncident:36846,2,11911195108145509946
ITIncident:36849,2,2684835598423557714
ITIncident:36854,2,12888240484868836284
ITIncident:36863,2,9383187136097822676
ITIncident:36865,2,11117716880715975509
ITIncident:36869,2,2874200601233556368
ITIncident:36871,2,12218202337285284111
ITIncident:36885,2,2035187007070592516
ITIncident:36895,2,664604378636564112
ITIncident:36897,2,11117716880715975509
ITIncident:36903,2,18177575945107420535
ITIncident:36906,2,12150641255533989297
ITIncident:36913,2,3994928836542778938
ITIncident:36926,2,7020870996733662109
ITIncident:36935,2,11874376362343067322
ITIncident:36941,2,10364824923578289252
ITIncident:36949,2,6364858756006821750
ITIncident:36955,2,15080695118548284825
ITIncident:36959,2,2887980840761734520
ITIncident:36966,2,8973496090208461640
ITIncident:36969,2,10909153382405569829
ITIncident:36972,2,6680034160740047843
ITIncident:36987,2,15859450459350325682
ITIncident:36990,2,10909153382405569829
ITIncident:36995,2,11535180305197068089
ITIncident:37005,2,9426149211447723678
ITIncident:37010,2,12488340434953703470
ITIncident:37015,2,502822083798430656
ITIncident:37018,2,10909153382405569829
ITIncident:37022,2,17083988117053276807
ITIncident:37027,2,5800827543334783004
ITIncident:37030,2,10909153382405569829
ITIncident:37032,2,11117716880715975509
ITIncident:37036,2,10354611812954491864
ITIncident:37041,2,3904875014609211043
ITIncident:37046,2,7602394078873591306
ITIncident:37055,2,13413329960763335439
ITIncident:37063,0,537193102942123713
ITIncident:37067,2,18197230592111085668
ITIncident:37072,2,11195714941995869812
ITIncident:37078,0,10918934680947530520
ITIncident:37080,2,17702716112740916929
ITIncident:37085,2,12978512431695936655
ITIncident:37090,2,2084285792203249379
ITIncident:37096,2,379187680688074528
ITIncident:37098,2,1464645135892580325
ITIncident:37101,1,9249293981459253177
ITIncident:37111,2,6315156859081816964
ITIncident:37114,2,8082036262283380958
ITIncident:37116,1,6352084089208529275
ITIncident:37131,2,3574036075517233728
ITIncident:37133,2,12530845266786518510
ITIncident:37143,2,10984106417056431687
ITIncident:37146,2,1762588527951697538
ITIncident:37149,2,10909153382405569829
ITIncident:37155,2,5062738534254774103
ITIncident:37159,2,265658654360760436
ITIncident:37167,2,14844862351800484358
ITIncident:37175,2,4774702082176085235
ITIncident:37180,2,10018644202990928536
ITIncident:37188,2,7321154647319007489
ITIncident:37193,2,5653334853275784472
ITIncident:37200,2,7694919031409650915
ITIncident:37209,2,2451838884418969290
ITIncident:37213,2,15430143648623474451
ITIncident:37216,2,4433506888135093228
ITIncident:37228,2,1447111678847134665
ITIncident:37235,2,16989639189439842612
ITIncident:37246,2,5742142601876958795
ITIncident:37250,2,8454519087063393131
ITIncident:37261,2,15619030592983013292
ITIncident:37264,2,11714381336628404480
ITIncident:37272,2,1556810027131888541
ITIncident:37275,2,253651517211267023
ITIncident:37277,2,7918811071109626357
ITIncident:37281,2,14987702106818394745
ITIncident:37293,2,17432263829242538622
ITIncident:37297,2,16948290265354395811
ITIncident:37301,2,14110413965556951741
ITIncident:37303,2,13255772716449738333
ITIncident:37308,2,3926294604020039068
ITIncident:37310,2,928565737261567267
ITIncident:37317,2,8788729313186025509
ITIncident:37332,2,11053013677204324715
ITIncident:37341,2,2860492554455857081
ITIncident:37345,2,11715166825124021711
ITIncident:37354,2,9305499350804480570
ITIncident:37359,2,12330834783098490367
ITIncident:37364,2,11442142782449137795
ITIncident:37369,2,16649078635863525217
ITIncident:37382,2,11679483816012610588
ITIncident:37387,2,8541522006412294383
ITIncident:37390,2,1634128744250102478
ITIncident:37397,2,4989606261114800077
ITIncident:37402,2,15295080372470233347
ITIncident:37416,2,11141408777367395841
ITIncident:37418,2,15237301139014346805
ITIncident:37421,2,12505431873854947515
ITIncident:37426,2,7617259431151321860
ITIncident:37431,2,8081396502760715443
ITIncident:37439,0,2396260708292592919
ITIncident:37444,2,12843423003738966015
ITIncident:37452,2,14363153961655483795
ITIncident:37457,2,2029689928838030292
ITIncident:37464,2,16048531819798208209
ITIncident:37468,2,5352179106107703857
ITIncident:37472,2,9561531515498833543
ITIncident:37476,0,10697248135779554410
ITIncident:37487,2,3705727647521775725
ITIncident:37490,2,1693854288760657423
ITIncident:37496,2,314547984771891007
ITIncident:37503,2,12832736243870551878
ITIncident:37509,2,7210212208754991845
ITIncident:37515,2,15174556668019829831
ITIncident:37522,2,11769462886899910190
ITIncident:37526,2,2796681850147963724
ITIncident:37540,2,16770679273265915992
ITIncident:37547,2,16135990400671994712
ITIncident:37551,2,6150250815495140240
ITIncident:37556,2,6559598093963124248
ITIncident:37566,2,12707612351135121283
ITIncident:37570,2,14824053366490697622
ITIncident:37576,2,18206143575301890177
ITIncident:37579,2,8840473613183846024
ITIncident:37590,2,6289886347884341663
ITIncident:37599,2,12279721186608263068
ITIncident:37601,2,1540198693186646186
ITIncident:37618,2,6886128912396163174
ITIncident:37621,2,191526161482827138
ITIncident:37623,2,4649367865911468111
ITIncident:37628,2,8943636091158567384
ITIncident:37640,0,11917570587207068138
ITIncident:37649,2,3184300371700970889
ITIncident:37654,2,3934605031852326377
ITIncident:37661,2,3735078173174697702
ITIncident:37682,2,8943503797266885064
ITIncident:37687,2,3422545542055111570
ITIncident:37697,2,12721858393152382171
ITIncident:37701,2,1803325969907303171
ITIncident:37705,2,17703689467326876702
ITIncident:37707,2,3574427106638494570
ITIncident:37711,2,9343190497529884666
ITIncident:37719,2,11304794842599360093
ITIncident:37725,2,13521005149177588027
ITIncident:37734,2,6815931114189363201
ITIncident:37740,2,7896612870488633229
ITIncident:37747,2,17951940176416796351
ITIncident:37751,2,18117812263516495178
ITIncident:37753,2,4329072917488472939
ITIncident:37761,2,10032459785103362071
ITIncident:37766,2,689565103284360429
ITIncident:37771,2,13333964121157570672
ITIncident:37777,2,821374119202403371
ITIncident:37790,2,4460529379656715939
ITIncident:37797,2,9001118147899252994
ITIncident:37799,2,16413723610591773452
ITIncident:37810,2,7992844209420299810
ITIncident:37814,2,1824263726394105758
ITIncident:37818,2,17313752673486629603
ITIncident:37825,2,3938916520811119249
ITIncident:37833,2,16452090816110540858
ITIncident:37842,2,8161062059481937566
ITIncident:37852,2,8570958574632923392
ITIncident:37858,2,4695595898878644085
ITIncident:37862,2,8111002711634523147
ITIncident:37875,2,8468542425647049629
ITIncident:37881,2,5609421075403995584
ITIncident:37891,2,397538198561180671
ITIncident:37901,0,15456351386201229127
ITIncident:37903,2,7281387098884504794
ITIncident:37906,2,17127986475844451837
ITIncident:37910,2,16359660752738110726
ITIncident:37925,2,11456405970306676298
ITIncident:37930,2,5439637378064138625
ITIncident:37937,2,2372407936038601299
ITIncident:37949,2,5740260875113131479
ITIncident:37957,2,975354895504917885
ITIncident:37977,2,8185179576646119967
ITIncident:37989,2,16093334989303951393
ITIncident:38007,2,8821386495105170342
ITIncident:38009,2,5147651782265251917
ITIncident:38011,2,5147651782265251917
ITIncident:38021,2,574046989469924093
ITIncident:38023,2,5147651782265251917
ITIncident:38029,2,13867532749268104121
ITIncident:38031,2,5646510047449892003
ITIncident:38036,2,442755912276020250
ITIncident:38039,2,3525584580677816755
ITIncident:38043,2,3927732797438966351
ITIncident:38047,2,16606649391128803132
ITIncident:38062,2,1556736282650231037
ITIncident:38073,2,10909999757502547070
ITIncident:38076,2,14722904787360653648
ITIncident:38078,2,6811483338653730491
ITIncident:38082,1,8196623653195003620
ITIncident:38086,2,17773543604051147181
ITIncident:38100,2,8721282060071940488
ITIncident:38120,2,10283234089945116277
ITIncident:38127,0,14773466136573881858
ITIncident:38131,2,15097540820419847864
ITIncident:38135,2,1415562528465469542
ITIncident:38141,2,13666698585323973768
ITIncident:38144,2,736672240083378817
ITIncident:38146,2,10695488922198592281
ITIncident:38156,2,5819254611658689566
ITIncident:38161,2,1915573842854510780
ITIncident:38168,2,8087547442439709188
ITIncident:38177,2,2959751334371107851
ITIncident:38182,2,4727706572552527727
ITIncident:38195,2,16916429430988194739
ITIncident:38197,2,4523264659066256592
ITIncident:38200,2,16759308490235984463
ITIncident:38206,2,16540397374255892270
ITIncident:38210,2,5772248508596655209
ITIncident:38213,2,12838880557684124840
ITIncident:38216,2,12482290737247860532
ITIncident:38219,2,12312698558845797887
ITIncident:38222,2,3953136569964579634
ITIncident:38225,2,4948565937945971902
ITIncident:38227,2,10346087802511651408
ITIncident:38237,2,10730238629152999493
ITIncident:38239,2,17063494208942076534
ITIncident:38243,2,13003888781435704320
ITIncident:38246,2,10909153382405569829
ITIncident:38249,2,12246556505166521451
ITIncident:38253,2,2225960662477912119
ITIncident:38260,2,5888207776638934027
ITIncident:38264,2,17822166599782328453
ITIncident:38267,2,12246556505166521451
ITIncident:38270,2,12246556505166521451
ITIncident:38276,2,5286393473104734859
ITIncident:38281,2,17642269370844327516
ITIncident:38287,2,9006455697507145632
ITIncident:38296,2,17879069425340610377
ITIncident:38298,2,5408694821547344994
ITIncident:38307,2,17596090175027708302
ITIncident:38314,2,11973812570788697679
ITIncident:38326,2,15132492407578890634
ITIncident:38344,2,8484878976406251248
ITIncident:38349,2,1108000717347215208
ITIncident:38352,1,3958225766218172867
ITIncident:38358,2,3528334798442525598
ITIncident:38365,2,2548235862626333872
ITIncident:38372,2,2653884147872935475
ITIncident:38376,2,14356559362047449819
ITIncident:38381,2,10986096846885904778
ITIncident:38386,2,14034419568151830483
ITIncident:38391,2,13214153131655549001
ITIncident:38394,2,6601498497862050424
ITIncident:38398,2,8872023215391237081
ITIncident:38401,1,11489268656561187835
ITIncident:38406,2,10261976680099435062
ITIncident:38414,2,15169605303679204201
ITIncident:38418,2,8762059509176794686
ITIncident:38421,1,6680034160740047843
ITIncident:38425,2,12723888523896370234
ITIncident:38429,2,5314837028589252402
ITIncident:38435,2,4943480269938645872
ITIncident:38442,2,14731619928320659740
ITIncident:38446,2,5820648368005878700
ITIncident:38449,2,11081833129538587313
ITIncident:38454,2,741024557278778901
ITIncident:38458,2,5770101567154166070
ITIncident:38463,2,17400342976363176890
ITIncident:38468,2,9813032170697914694
ITIncident:38488,2,4397645114083671200
ITIncident:38502,2,9120934507844421701
ITIncident:38512,2,14393423811007484536
ITIncident:38527,2,9167015870465114278
ITIncident:38534,2,11029311821208426116
ITIncident:38539,2,4312553639185204202
ITIncident:38545,0,5943012114237420711
ITIncident:38550,2,4715834770128519014
ITIncident:38557,2,10035575621378315749
ITIncident:38559,2,17063494208942076534
ITIncident:38566,2,12403459379126126538
ITIncident:38576,2,9161267255421739405
ITIncident:38583,2,12013380349946868029
ITIncident:38593,2,12058180429269336173
ITIncident:38605,2,6883426363030743309
ITIncident:38608,2,12246556505166521451
ITIncident:38616,2,17162796205050208385
ITIncident:38620,0,8277705168757582505
ITIncident:38632,2,17274985716261310901
ITIncident:38635,1,1634128744250102478
ITIncident:38637,2,16683187158090055686
ITIncident:38642,2,13284870251437870547
ITIncident:38648,2,17810623962260817719
ITIncident:38651,2,12246556505166521451
ITIncident:38656,2,18019308042658399463
ITIncident:38658,2,6098772269959275794
ITIncident:38663,2,12113490851842945062
ITIncident:38667,2,7150437605069905041
ITIncident:38669,2,13804408195057445691
ITIncident:38683,2,10053123996750464932
ITIncident:38689,2,12081928235467495948
ITIncident:38695,2,16745178180267153830
ITIncident:38700,2,12475967485848725144
ITIncident:38706,2,17855831541316592749
ITIncident:38711,2,17250360742880225584
ITIncident:38721,2,8752373226081911395
ITIncident:38736,2,3301649080990828116
ITIncident:38739,2,12246556505166521451
ITIncident:38745,2,7327181180788124861
ITIncident:38748,2,13988599814206209655
ITIncident:38760,2,2987275473386314069
ITIncident:38766,2,18206143575301890177
ITIncident:38769,2,13988599814206209655
ITIncident:38773,2,15746715913066971568
ITIncident:38780,2,17946442430012351931
ITIncident:38785,2,10521043512973618374
ITIncident:38790,2,12268087768367908207
ITIncident:38798,0,10586541894739131331
ITIncident:38803,2,9002374321287123757
ITIncident:38808,2,11956310100543097810
ITIncident:38815,2,3642520433918233794
ITIncident:38819,2,3276146270306292173
ITIncident:38825,2,1767026663259182558
ITIncident:38829,2,13263128878323693217
ITIncident:38835,2,4283191816245826525
ITIncident:38849,2,16405644133890876978
ITIncident:38853,2,2602253249707559195
ITIncident:38864,2,4821205130413866255
ITIncident:38869,2,1738422514104424538
ITIncident:38877,2,18117577938327186616
ITIncident:38882,2,16286782534657220381
ITIncident:38887,2,12634095206631958292
ITIncident:38893,2,9191995527941564303
ITIncident:38899,2,12878556819476055235
ITIncident:38902,2,2604543177712321272
ITIncident:38908,2,14783053619485467804
ITIncident:38912,2,9583404138522056944
ITIncident:38915,2,1322714643821004440
ITIncident:38925,2,15472381682421762341
ITIncident:38930,2,2197367905907293209
ITIncident:38936,2,12112461678044982802
ITIncident:38942,2,8516344113739186192
ITIncident:38951,2,14379756791920862923
ITIncident:38967,2,8135067910602282129
ITIncident:38973,2,180739045981557715
ITIncident:38985,2,16122516740653337637
ITIncident:38988,2,2266285670880232274
ITIncident:38992,2,2004281160758360408
ITIncident:38999,2,6503003999842894721
ITIncident:39005,2,10556024609837829038
ITIncident:39015,2,11042478336507756143
ITIncident:39020,2,9688093859758365176
ITIncident:39027,2,16367122163587631893
ITIncident:39032,2,3038943995938369045
ITIncident:39043,2,516416454276155912
ITIncident:39047,2,11247124734897095754
ITIncident:39053,2,8095717080373395120
ITIncident:39066,2,16267502494021162823
ITIncident:39071,2,865366884159262983
ITIncident:39073,2,13804408195057445691
ITIncident:39077,2,1388072314216449259
ITIncident:39083,2,12355883639456065661
ITIncident:39091,2,8568336133364228839
ITIncident:39095,2,3254674364534990908
ITIncident:39097,2,17415543075242652528
ITIncident:39104,2,17397599180251630946
ITIncident:39110,2,15928485066347244393
ITIncident:39122,2,1463802287972890372
ITIncident:39131,2,11017514707521712422
ITIncident:39139,2,4639239202176122352
ITIncident:39142,2,4469701921650845453
ITIncident:39147,2,665235547230182152
ITIncident:39152,2,7395889689286254850
ITIncident:39164,1,16628772724102451474
ITIncident:39168,2,6897959628281262540
ITIncident:39172,2,11773832741876041208
ITIncident:39182,2,4961126149131546038
ITIncident:39189,2,4439191432586646277
ITIncident:39200,2,16011413953244825224
ITIncident:39209,2,11213743382473302260
ITIncident:39219,2,15322047781590102097
ITIncident:39226,2,5850464342930984360
ITIncident:39236,2,8116495541761394345
ITIncident:39245,2,11287995551293149259
ITIncident:39251,2,2242884522453684623
ITIncident:39255,2,14608553232150055713
ITIncident:39258,2,12246556505166521451
ITIncident:39266,2,14593774450680690267
ITIncident:39277,2,17772293762225448728
ITIncident:39280,2,15777731366497412576
ITIncident:39290,0,9262056818445844632
ITIncident:39298,2,11564208353258992913
ITIncident:39308,2,15542642779011824530
ITIncident:39312,2,11168240404082699066
ITIncident:39314,2,2227388970451998165
ITIncident:39325,2,12980637406224664814
ITIncident:39333,2,15447668936640690734
ITIncident:39337,2,7277842724450816266
ITIncident:39339,2,12022448501677072652
ITIncident:39354,2,5187738606477514236
ITIncident:39373,2,16836037386389347350
ITIncident:39385,2,12410844198036342258
ITIncident:39396,2,3400209553983160588
ITIncident:39398,2,1131015313228348119
ITIncident:39404,2,16652162508309503682
ITIncident:39411,2,6006916044882161328
ITIncident:39417,2,5058058581537485561
ITIncident:39419,2,1984746565319408513
ITIncident:39426,2,9738294370650981016
ITIncident:39432,2,10929315595406542697
ITIncident:39438,2,75786850847163037
ITIncident:39442,0,8511266727304563748
ITIncident:39459,2,12499912939982158920
ITIncident:39465,2,12215736676650142459
ITIncident:39469,2,184938220570584244
ITIncident:39474,2,11195714941995869812
ITIncident:39476,2,7956699965014151154
ITIncident:39481,2,521052632868965959
ITIncident:39487,2,11290892922494643460
ITIncident:39494,2,3994928836542778938
ITIncident:39499,2,10918922117548702067
ITIncident:39506,2,14429961423660274713
ITIncident:39512,2,6817860135042079128
ITIncident:39519,2,8164297791172791421
ITIncident:39525,2,5532758764430776806
ITIncident:39531,2,2288504457830520479
ITIncident:39536,2,1719724512579228961
ITIncident:39543,2,15469211120979917227
ITIncident:39547,2,17658451274966230278
ITIncident:39549,2,3218508467261967011
ITIncident:39557,2,3480123607733465043
ITIncident:39563,2,384110452244590910
ITIncident:39573,2,11211738548356055998
ITIncident:39575,2,7956699965014151154
ITIncident:39584,2,9131823263381318899
ITIncident:39589,2,15362529699419569631
ITIncident:39594,2,2084285792203249379
ITIncident:39600,2,4738737932241885910
ITIncident:39602,2,7956699965014151154
ITIncident:39607,2,3978893116545929789
ITIncident:39611,2,6897959628281262540
ITIncident:39619,2,17376686079518810822
ITIncident:39621,2,10867220114719951843
ITIncident:39623,2,7956699965014151154
ITIncident:39637,2,12111797092077608199
ITIncident:39645,2,14632134763147023704
ITIncident:39655,2,3362484976612347251
ITIncident:39658,2,9044555577879455725
ITIncident:39663,2,10221758282810449993
ITIncident:39665,2,8914513441496460432
ITIncident:39670,2,7505083003547395749
ITIncident:39673,2,6680034160740047843
ITIncident:39679,2,17414399047665694269
ITIncident:39683,2,7624378616805672680
ITIncident:39685,2,17415543075242652528
ITIncident:39690,2,15671809220370495256
ITIncident:39709,2,1721748965899758581
ITIncident:39714,2,7116437018113361741
ITIncident:39718,2,16994180133269328621
ITIncident:39724,2,11634418265994593452
ITIncident:39729,2,4962571204857317800
ITIncident:39731,2,4639218757799535376
ITIncident:39738,2,12403459379126126538
ITIncident:39744,2,2284796735713178000
ITIncident:39749,2,15420930461155641013
ITIncident:39754,2,15070379301873058638
ITIncident:39756,2,7956699965014151154
ITIncident:39759,2,3953136569964579634
ITIncident:39764,2,4075541125034580230
ITIncident:39768,2,1722143530241073133
ITIncident:39774,2,2100805573429096683
ITIncident:39779,2,6479549555273888617
ITIncident:39783,2,16423416225972872366
ITIncident:39785,2,8914513441496460432
ITIncident:39788,2,4129929242923424659
ITIncident:39790,2,8914513441496460432
ITIncident:39792,2,8914513441496460432
ITIncident:39796,2,11237122574528210466
ITIncident:39802,2,7352889651726216433
ITIncident:39813,2,15913703922446015939
ITIncident:39819,2,15311679269048730020
ITIncident:39832,2,8500201370316843254
ITIncident:39837,2,18034849387094464301
ITIncident:39843,2,8454069188104035393
ITIncident:39852,2,2188477702059503109
ITIncident:39857,2,12339075093170564408
ITIncident:39862,2,11831641222829947536
ITIncident:39866,2,7736066407220641050
ITIncident:39871,2,9546569443235057715
ITIncident:39880,2,9703124267925302501
ITIncident:39890,2,9653350473803151822
ITIncident:39898,2,2673283103125960926
ITIncident:39902,2,6897959628281262540
ITIncident:39904,2,7956699965014151154
ITIncident:39909,2,3845008829317679455
ITIncident:39916,2,3445728201731545064
ITIncident:39920,2,18117812263516495178
ITIncident:39924,2,12757112295853139741
ITIncident:39930,2,12939626334782260512
ITIncident:39932,2,16413723610591773452
ITIncident:39937,2,17533122667483846126
ITIncident:39942,2,6385392892960935017
ITIncident:39947,2,6217466296007758453
ITIncident:39953,2,16724317060696759617
ITIncident:39960,2,1299711946179376293
ITIncident:39964,2,6479549555273888617
ITIncident:39972,2,7602945118701305888
ITIncident:39984,2,9988544177204633287
ITIncident:39988,2,7144455803436966849
ITIncident:39995,2,7566098698034644767
ITIncident:39998,2,14328499286609542896
ITIncident:40005,0,17582840175092217479
ITIncident:40021,2,7287330853785932871
ITIncident:40025,2,11195714941995869812
ITIncident:40043,2,8075768622270468622
ITIncident:40054,0,16085787858294096302
ITIncident:40057,0,11293872251811918464
ITIncident:40066,2,586870097380781066
ITIncident:40070,2,3259588337314845721
ITIncident:40075,2,4381812789400011144
ITIncident:40078,2,3625171765854552745
ITIncident:40081,2,2604543177712321272
ITIncident:40087,2,9243179867631154983
ITIncident:40090,2,16286473049570892558
ITIncident:40093,2,2604543177712321272
ITIncident:40096,2,2604543177712321272
ITIncident:40099,2,9061426984999193446
ITIncident:40101,2,7281387098884504794
ITIncident:40104,2,12714232613679006357
ITIncident:40108,2,4828455927891103216
ITIncident:40111,2,8161564133542181450
ITIncident:40113,2,12549941534002666700
ITIncident:40117,2,1324380844882912117
ITIncident:40120,2,8161564133542181450
ITIncident:40134,2,8497783555804836195
ITIncident:40142,2,17673122684417799605
ITIncident:40146,2,15334731332232094446
ITIncident:40149,2,9280535181503929303
ITIncident:40152,2,11299492944883472939
ITIncident:40159,2,13670741539293554759
ITIncident:40166,2,5916114811256448120
ITIncident:40174,2,14106427578956980588
ITIncident:40183,0,13033643214607275337
ITIncident:40185,2,8378780964267230837
ITIncident:40190,2,11256965096936141902
ITIncident:40192,2,695776321291291868
ITIncident:40197,2,7945286085538575555
ITIncident:40202,2,5141573023689388039
ITIncident:40206,2,13070170326076299398
ITIncident:40208,2,5408694821547344994
ITIncident:40211,2,5006214485503973083
ITIncident:40214,2,7905480602934059517
ITIncident:40219,2,15083594209363617378
ITIncident:40223,2,12218840778389955561
ITIncident:40227,2,9782860073642156313
ITIncident:40242,2,11598516034901361497
ITIncident:40249,2,9685162688237932805
ITIncident:40254,2,13988599814206209655
ITIncident:40257,2,9044555577879455725
ITIncident:40260,1,9044555577879455725
ITIncident:40265,2,3058992524115704302
ITIncident:40268,2,12246556505166521451
ITIncident:40271,2,12246556505166521451
ITIncident:40274,2,12246556505166521451
ITIncident:40286,0,9606459052286432950
ITIncident:40294,2,8677915294752838667
ITIncident:40299,2,11303115683778608588
ITIncident:40306,2,15994268647696285932
ITIncident:40308,2,5408694821547344994
ITIncident:40310,2,9392074754127734256
ITIncident:40321,2,11987288930052917780
ITIncident:40327,2,11665721769351603207
ITIncident:40333,2,1188376699645680499
ITIncident:40339,2,11090342792740947844
ITIncident:40341,2,1275804038233445830
ITIncident:40347,1,15136669317647753364
ITIncident:40349,2,4049865816053258915
ITIncident:40353,2,2316496769383760892
ITIncident:40359,1,16582983655378723494
ITIncident:40361,2,12255131803256818561
ITIncident:40368,2,5149291963672530913
ITIncident:40371,2,6680034160740047843
ITIncident:40375,2,17083988117053276807
ITIncident:40377,2,15700050980871181311
ITIncident:40381,2,2236810029862406567
ITIncident:40383,2,15247542096022240057
ITIncident:40387,2,12544275505052822302
ITIncident:40393,2,6331272050989259155
ITIncident:40395,2,1131015313228348119
ITIncident:40397,2,17415543075242652528
ITIncident:40400,2,6300633855382735417
ITIncident:40414,2,3844119677481799873
ITIncident:40418,2,13443306096688165743
ITIncident:40431,2,16049477555883875278
ITIncident:40436,2,7527139116880738664
ITIncident:40438,2,2158074592336464521
ITIncident:40449,2,2550957774300579637
ITIncident:40453,2,13948419190803160435
ITIncident:40458,2,12035141106694527768
ITIncident:40463,2,12035141106694527768
ITIncident:40469,2,2167258273695603739
ITIncident:40472,2,6192792752823692313
ITIncident:40484,2,7169069105684800765
ITIncident:40486,2,7002519451274479210
ITIncident:40490,2,16036471582920779045
ITIncident:40493,2,12246556505166521451
ITIncident:40496,2,12246556505166521451
ITIncident:40499,2,12246556505166521451
ITIncident:40503,2,7977634065145934853
ITIncident:40505,2,3582881113766432677
ITIncident:40511,2,7305178681101668717
ITIncident:40514,2,8993517584270279981
ITIncident:40518,2,7812001509796332818
ITIncident:40521,2,12246556505166521451
ITIncident:40524,2,12246556505166521451
ITIncident:40527,2,12246556505166521451
ITIncident:40531,2,421679701633615330
ITIncident:40534,2,13988599814206209655
ITIncident:40537,2,13988599814206209655
ITIncident:40550,2,15682164728859671452
ITIncident:40555,0,2401112874217620320
ITIncident:40559,2,14987702106818394745
ITIncident:40567,2,7364946460462480611
ITIncident:40570,2,3276146270306292173
ITIncident:40573,2,12246556505166521451
ITIncident:40577,2,1370251958143602129
ITIncident:40582,2,16112690397393193226
ITIncident:40586,2,14411921891320588594
ITIncident:40590,2,6855623441506049944
ITIncident:40593,2,6064698477826060548
ITIncident:40595,2,8381268522202019824
ITIncident:40603,2,12219897258911045768
ITIncident:40607,2,12900238644644399964
ITIncident:40610,2,4043753441291316331
ITIncident:40613,2,12714232613679006357
ITIncident:40620,2,8295543227927593589
ITIncident:40624,2,5015841349445823267
ITIncident:40635,2,4329235756940359944
ITIncident:40643,2,599448982045158927
ITIncident:40646,2,6230785458023377648
ITIncident:40648,2,11859186153032159539
ITIncident:40650,2,1131015313228348119
ITIncident:40652,2,9808534678206838648
ITIncident:40657,2,16520206563196458824
ITIncident:40665,2,10507265828935952174
ITIncident:40672,0,14464481739216457414
ITIncident:40680,2,16478562813611206354
ITIncident:40686,0,13261969509614647086
ITIncident:40701,0,17220387215259962557
ITIncident:40707,2,5987648727258388866
ITIncident:40721,0,6109398310422494906
ITIncident:40724,2,5014921244532561391
ITIncident:40730,2,1252962373584399385
ITIncident:40739,0,6934556259859567393
ITIncident:40743,2,5015841349445823267
ITIncident:40749,2,14956184036863081338
ITIncident:40753,2,4556140567218986304
ITIncident:40758,2,4556140567218986304
ITIncident:40763,2,14012543487844312079
ITIncident:40766,2,4948565937945971902
ITIncident:40769,2,12246556505166521451
ITIncident:40775,2,17697818408563154257
ITIncident:40778,2,12246556505166521451
ITIncident:40781,2,12246556505166521451
ITIncident:40784,2,12246556505166521451
ITIncident:40791,2,4374405047713768887
ITIncident:40794,2,15712042494604185566
ITIncident:40796,2,17930192990544793750
ITIncident:40798,2,10219355391021863116
ITIncident:40801,2,10790560368693134722
ITIncident:40807,2,17696714045258413322
ITIncident:40810,2,4948565937945971902
ITIncident:40812,2,1717042000845641429
ITIncident:40829,2,18101777401843963269
ITIncident:40838,2,9556929776656530068
ITIncident:40842,2,6024284224138389536
ITIncident:40847,2,3996134700129076183
ITIncident:40849,2,8619697940889943500
ITIncident:40852,2,13048222445483466062
ITIncident:40859,2,4963029549204445469
ITIncident:40865,2,3245829576033723689
ITIncident:40871,2,887703197404636768
ITIncident:40878,2,4000715144586242748
ITIncident:40881,2,1762588527951697538
ITIncident:40887,2,10635623078934551717
ITIncident:40894,2,17579151836843258436
ITIncident:40901,2,11430522048615804428
ITIncident:40907,2,11212911400592084481
ITIncident:40919,2,16913241880440011543
ITIncident:40934,2,14458949952979020625
ITIncident:40936,2,13788586466199815948
ITIncident:40940,2,5158589335807826763
ITIncident:40942,2,3417233690737359920
ITIncident:40946,2,13609440404668315939
ITIncident:40948,2,10798237188310546232
ITIncident:40953,2,7484469363409612817
ITIncident:40956,2,10037774482804896472
ITIncident:40959,2,1634128744250102478
ITIncident:40969,2,15814684025388679250
ITIncident:40973,2,14764244526946976206
ITIncident:40978,2,12723888523896370234
ITIncident:40984,2,197522089944639036
ITIncident:40988,2,15062389976322578153
ITIncident:40990,2,5408694821547344994
ITIncident:40998,2,8944490079264970357
ITIncident:41004,2,8301995671447064012
ITIncident:41009,2,9538988860998703896
ITIncident:41013,2,5509207701315329857
ITIncident:41035,2,3681547483110263571
ITIncident:41040,2,7840583165576631713
ITIncident:41049,2,5284708785871645897
ITIncident:41058,2,17009030208909485460
ITIncident:41064,2,4396522668598952589
ITIncident:41069,2,2360978885463322064
ITIncident:41071,2,13918818142688142020
ITIncident:41077,2,17560378880980263744
ITIncident:41082,2,7945286085538575555
ITIncident:41088,2,7878912785068837141
ITIncident:41093,2,15095709511188069310
ITIncident:41095,2,6966700539548426762
ITIncident:41100,2,10354611812954491864
ITIncident:41104,2,1252411437469888136
ITIncident:41110,2,10612267300646456696
ITIncident:41115,2,4695595898878644085
ITIncident:41118,2,16309853219528535903
ITIncident:41123,2,4285890442460108059
ITIncident:41130,2,13163945254219968087
ITIncident:41132,2,7472588573698696038
ITIncident:41135,2,5783062973354082022
ITIncident:41140,2,9813032170697914694
ITIncident:41143,2,6053363521673595064
ITIncident:41148,2,5988596417063701630
ITIncident:41152,2,14987702106818394745
ITIncident:41165,2,391827232659883292
ITIncident:41174,2,16995359014494452295
ITIncident:41186,2,10061184500584448691
ITIncident:41193,2,4598715702245290336
ITIncident:41197,2,18119158132957253842
ITIncident:41200,2,2625409485919126405
ITIncident:41217,2,17591544912323385704
ITIncident:41221,2,4618865175628334867
ITIncident:41226,2,8798874794413572906
ITIncident:41232,2,17767550432431437449
ITIncident:41234,2,15700050980871181311
ITIncident:41237,2,12111186344008580855
ITIncident:41243,1,6973249331546569386
ITIncident:41268,2,9431679023234019286
ITIncident:41270,2,17415543075242652528
ITIncident:41273,2,12246556505166521451
ITIncident:41275,1,5415116056967740440
ITIncident:41284,2,10276069620914897702
ITIncident:41289,2,8798874794413572906
ITIncident:41291,2,12038425956505475191
ITIncident:41301,2,8070772022613982603
ITIncident:41308,0,1216594755083965055
ITIncident:41312,2,17044155081378503169
ITIncident:41315,2,9533223676683832725
ITIncident:41323,2,16931081242055863157
ITIncident:41327,2,1399816601024794317
ITIncident:41335,2,2341253210166980356
ITIncident:41338,2,6680034160740047843
ITIncident:41340,2,3582881113766432677
ITIncident:41347,2,3250833296081089679
ITIncident:41350,2,15738467048611897837
ITIncident:41357,2,16464824089444687266
ITIncident:41370,2,3910388412211596413
ITIncident:41372,2,3582881113766432677
ITIncident:41377,2,875499513741249541
ITIncident:41385,2,13960516541061974728
ITIncident:41393,2,290512477372392148
ITIncident:41398,2,5020781109075267814
ITIncident:41400,2,4859259602742681635
ITIncident:41403,2,12246556505166521451
ITIncident:41414,0,7357381602785872443
ITIncident:41420,2,3840476779590278368
ITIncident:41423,2,12246556505166521451
ITIncident:41432,2,860612958354476119
ITIncident:41437,2,17061967735172670691
ITIncident:41450,2,17606908373444465870
ITIncident:41453,2,13988599814206209655
ITIncident:41455,2,7250886135376056917
ITIncident:41460,2,1428597466235708338
ITIncident:41463,2,13988599814206209655
ITIncident:41468,2,16300459833198839188
ITIncident:41472,2,16801081454882173806
ITIncident:41478,2,12010879692133456638
ITIncident:41482,2,3549635106837352668
ITIncident:41488,2,12455971391129967497
ITIncident:41494,2,5208251852433484698
ITIncident:41499,2,8622929286450947716
ITIncident:41501,2,12038425956505475191
ITIncident:41510,2,2188223104366634006
ITIncident:41515,2,8464742784806084762
ITIncident:41520,2,235744209455994367
ITIncident:41529,2,5634837093989957726
ITIncident:41537,2,9184057560162740351
ITIncident:41553,2,13325146856255025556
ITIncident:41562,2,9902857231738819038
ITIncident:41564,2,3960701622233368711
ITIncident:41573,2,9251555722269287713
ITIncident:41577,2,13609440404668315939
ITIncident:41583,2,15482540927992364865
ITIncident:41585,2,8381268522202019824
ITIncident:41587,2,4715557627969985371
ITIncident:41591,2,818831147119926450
ITIncident:41600,2,2706702658101921086
ITIncident:41607,2,9463965607527144812
ITIncident:41615,2,734482142669708214
ITIncident:41621,2,17228022015604676413
ITIncident:41623,2,13445196186884627591
ITIncident:41630,0,14734146683469655117
ITIncident:41635,2,10778885504598386406
ITIncident:41639,2,13555225827835723433
ITIncident:41643,2,16047755182009782726
ITIncident:41652,2,9914425869478517855
ITIncident:41657,2,14753737454262673974
ITIncident:41660,2,1634128744250102478
ITIncident:41665,2,9379568583624334389
ITIncident:41673,2,579247683690799023
ITIncident:41679,2,6351148208256108504
ITIncident:41681,2,8477105815216046241
ITIncident:41685,2,8604696312933079623
ITIncident:41693,2,762126793484898737
ITIncident:41699,2,10639770084949368031
ITIncident:41703,2,17266173022582475567
ITIncident:41711,2,7458714225744427683
ITIncident:41713,2,1984746565319408513
ITIncident:41718,2,4165034775636238030
ITIncident:41723,2,235744209455994367
ITIncident:41728,2,9234725592215736841
ITIncident:41734,2,12536716248350684792
ITIncident:41749,2,4592784029864525531
ITIncident:41755,2,18160962478332138869
ITIncident:41762,2,9918272840099282322
ITIncident:41766,2,2800451571465944075
ITIncident:41771,2,2572722164698623243
ITIncident:41773,2,6170387097054893840
ITIncident:41779,2,10027180624583396134
ITIncident:41782,2,191526161482827138
ITIncident:41785,2,12246556505166521451
ITIncident:41788,2,6325782128206346200
ITIncident:41793,2,14470429933082543788
ITIncident:41802,2,14036348298765097951
ITIncident:41806,2,3171289166759611732
ITIncident:41811,2,8042061271910467436
ITIncident:41816,2,9407960023482866658
ITIncident:41823,2,13600241652979635682
ITIncident:41844,2,1014482600310225118
ITIncident:41848,2,4945453199930487502
ITIncident:41853,2,4965032908610719651
ITIncident:41860,2,16303027223613606915
ITIncident:41879,2,7299534482253776674
ITIncident:41884,2,5971802781681904512
ITIncident:41893,2,11389979017221724645
ITIncident:41900,2,17649288198664974193
ITIncident:41905,2,2045675588044327372
ITIncident:41912,2,8686536663591875491
ITIncident:41923,2,12581924121920483640
ITIncident:41929,2,11761952976936466717
ITIncident:41938,2,14464138854505780488
ITIncident:41953,2,4449138059804185534
ITIncident:41957,2,8260349147894467666
ITIncident:41961,2,7152399223046255327
ITIncident:41976,2,14985017688809128213
ITIncident:41982,2,9715091373418455423
ITIncident:41987,2,3605427906931904249
ITIncident:41995,2,7419360999001486315
ITIncident:41999,2,4088839800051057189
ITIncident:42005,2,5267407373734111443
ITIncident:42016,2,13785835163998319341
ITIncident:42031,2,13823891252335466316
ITIncident:42034,2,2297101060979515613
ITIncident:42049,2,16972985388051848239
ITIncident:42053,2,14997712925359893144
ITIncident:42056,2,8960367616628397703
ITIncident:42064,2,1300209254014329336
ITIncident:42069,2,3827585610753635676
ITIncident:42073,2,2709757731775230250
ITIncident:42089,0,3867859738735253255
ITIncident:42098,2,17018108841660346400
ITIncident:42102,2,14939163662731250160
ITIncident:42107,2,18398219421203352642
ITIncident:42114,2,17228022015604676413
ITIncident:42118,2,9750843476460230013
ITIncident:42127,2,6003231934192237504
ITIncident:42131,2,4211267106359344293
ITIncident:42141,2,13713406780410484472
ITIncident:42151,2,18142969920896784460
ITIncident:42153,2,3367589725949593106
ITIncident:42158,2,7608679445670423909
ITIncident:42164,2,1200365522959997113
ITIncident:42174,2,1957606454069500003
ITIncident:42180,2,7765639843979859459
ITIncident:42186,2,16753560866888968363
ITIncident:42190,2,1370251958143602129
ITIncident:42196,2,2350986915734331454
ITIncident:42200,2,14987702106818394745
ITIncident:42205,2,6543907413215816186
ITIncident:42212,2,3094504112305806699
ITIncident:42214,2,16461242220797832151
ITIncident:42219,2,6582905317745718796
ITIncident:42228,2,14770285969589394243
ITIncident:42232,2,11736811556474757168
ITIncident:42236,2,7926586808064107058
ITIncident:42246,2,8727342483279980927
ITIncident:42253,2,17152267821438348120
ITIncident:42264,2,1247003843654436257
ITIncident:42268,2,1370251958143602129
ITIncident:42273,2,12123387586901011635
ITIncident:42281,2,17749710139483110738
ITIncident:42289,2,644656206658946182
ITIncident:42291,2,2822615729529463871
ITIncident:42299,2,11089553424990511053
ITIncident:42307,2,16199696498421009216
ITIncident:42312,2,630373444096898217
ITIncident:42321,2,13268670618794631301
ITIncident:42331,0,7175847563248095638
ITIncident:42333,2,9057460574707172928
ITIncident:42340,2,16652162508309503682
ITIncident:42345,2,14920872075646333208
ITIncident:42353,2,16405792268900109822
ITIncident:42367,2,4446250239465013205
ITIncident:42374,2,15637742389064796328
ITIncident:42378,2,14997712925359893144
ITIncident:42386,2,4062679339481107772
ITIncident:42391,2,14783840396950663991
ITIncident:42395,2,10771075921642477950
ITIncident:42400,2,235744209455994367
ITIncident:42404,2,12723888523896370234
ITIncident:42411,2,9224235540626278875
ITIncident:42421,2,17343496149631548581
ITIncident:42425,2,15021082169674109658
ITIncident:42429,2,2010993073089298268
ITIncident:42440,2,7166015770763464830
ITIncident:42449,2,17162796205050208385
ITIncident:42454,2,2848407572478318109
ITIncident:42476,2,13972282261174035268
ITIncident:42481,2,8400384910111176042
ITIncident:42490,2,6253444051847666578
ITIncident:42496,0,7289529154161452836
ITIncident:42511,2,13122351572465533448
ITIncident:42524,2,1629967183604429996
ITIncident:42528,2,18075725933803700937
ITIncident:42539,2,15568580529916524905
ITIncident:42542,2,9249293981459253177
ITIncident:42544,2,6748218914712479955
ITIncident:42548,2,1136417932211766692
ITIncident:42552,2,10529991119053358411
ITIncident:42554,2,1783779007387769918
ITIncident:42560,2,13012604541785872953
ITIncident:42566,2,5475835463453868707
ITIncident:42571,2,15362529699419569631
ITIncident:42579,2,8284839269959447826
ITIncident:42589,2,8359711880317881923
ITIncident:42596,2,1960722369650045981
ITIncident:42603,2,1118837105044850141
ITIncident:42610,2,6644181689914509728
ITIncident:42615,2,235744209455994367
ITIncident:42621,2,12891458285191703416
ITIncident:42635,2,2887967084039776237
ITIncident:42637,2,1717042000845641429
ITIncident:42642,2,7531092223066987704
ITIncident:42645,2,1818354946605286282
ITIncident:42651,2,12891458285191703416
ITIncident:42656,2,7531092223066987704
ITIncident:42664,2,5260536728602790795
ITIncident:42672,2,5700103888377146700
ITIncident:42683,2,2239435041703825557
ITIncident:42688,2,8403134436645261506
ITIncident:42690,2,8381268522202019824
ITIncident:42695,2,7531092223066987704
ITIncident:42698,2,12618552695618801673
ITIncident:42705,2,9241678306628550778
ITIncident:42709,2,10042789757395268079
ITIncident:42715,2,3669620320377477730
ITIncident:42719,2,16545470144776331912
ITIncident:42721,2,1717042000845641429
ITIncident:42727,2,511949876908378969
ITIncident:42730,2,8251252643336026778
ITIncident:42735,2,17542684858844868973
ITIncident:42738,2,5288989294418685040
ITIncident:42740,2,6819640301004930913
ITIncident:42744,2,12682315920315902658
ITIncident:42762,2,13553561312462611946
ITIncident:42766,2,9865378240176074422
ITIncident:42778,1,2913244562877881278
ITIncident:42783,2,11195714941995869812
ITIncident:42790,2,11705722515930581350
ITIncident:42800,2,4329060816200371957
ITIncident:42802,2,7472588573698696038
ITIncident:42816,0,13928952158628718952
ITIncident:42822,2,16299587606703585599
ITIncident:42827,2,7271134549838313713
ITIncident:42834,2,5423476658680206247
ITIncident:42846,2,4321135954662647129
ITIncident:42850,2,6656460829023216342
ITIncident:42857,2,1048978347933518805
ITIncident:42862,2,14465662568111324728
ITIncident:42870,2,4724064619568873553
ITIncident:42872,2,16413723610591773452
ITIncident:42874,2,10041729473988406298
ITIncident:42876,2,16461242220797832151
ITIncident:42886,2,13813647716077889542
ITIncident:42888,2,6916029200863811656
ITIncident:42892,2,9791610142393842232
ITIncident:42900,2,2544917121395600709
ITIncident:42908,2,8740130323912548721
ITIncident:42913,2,5370459670568481871
ITIncident:42916,2,15943301224350947915
ITIncident:42920,2,4806542642009017488
ITIncident:42930,2,9935336432935181971
ITIncident:42936,2,13963821923681508800
ITIncident:42940,1,15953683947044734627
ITIncident:42946,2,3787314849802742220
ITIncident:42948,2,1869904479513687889
ITIncident:42951,2,2554544936734854826
ITIncident:42964,2,10072571547463549460
ITIncident:42969,2,7874979325812150078
ITIncident:42971,2,5408694821547344994
ITIncident:42980,2,15923619811313268890
ITIncident:42993,2,1768339003241545997
ITIncident:43002,2,8768103248334766543
ITIncident:43007,2,7346400269226570601
ITIncident:43009,2,7956699965014151154
ITIncident:43012,2,2647044692006319158
ITIncident:43033,2,15417175044111843780
ITIncident:43042,2,1645993535314973732
ITIncident:43045,2,7539463357808188710
ITIncident:43055,2,16029946619731401675
ITIncident:43057,2,7956699965014151154
ITIncident:43060,2,2647044692006319158
ITIncident:43063,2,9953174542336933153
ITIncident:43065,2,7956699965014151154
ITIncident:43069,2,6862614255255767425
ITIncident:43073,2,14905950126507279191
ITIncident:43075,2,7956699965014151154
ITIncident:43081,2,12022015625910830610
ITIncident:43086,2,9878566214941876759
ITIncident:43088,2,7956699965014151154
ITIncident:43100,2,35958533021729643
ITIncident:43108,2,12893187284179079478
ITIncident:43111,2,11507404435106905255
ITIncident:43117,2,15012566232800050236
ITIncident:43120,2,9953174542336933153
ITIncident:43122,2,5408694821547344994
ITIncident:43131,2,4956068638765097626
ITIncident:43134,2,2570711814457717568
ITIncident:43148,2,13423445579453169565
ITIncident:43158,2,8308872838853415276
ITIncident:43169,2,15889169739874704660
ITIncident:43179,2,8548861573149755494
ITIncident:43181,2,2227388970451998165
ITIncident:43186,2,5971802781681904512
ITIncident:43192,2,8205618229757258787
ITIncident:43200,2,8505011477755112470
ITIncident:43202,2,16413723610591773452
ITIncident:43204,2,12136344891395425160
ITIncident:43208,2,3960622415903095239
ITIncident:43215,2,15092407838376789670
ITIncident:43217,2,5408694821547344994
ITIncident:43221,2,15062389976322578153
ITIncident:43227,2,48847333443978373
ITIncident:43235,2,2259619879294744738
ITIncident:43244,2,13933639926823791766
ITIncident:43256,2,12161590050763981257
ITIncident:43262,0,14952787232970988473
ITIncident:43264,2,4581487121298438277
ITIncident:43268,2,9563664124375263486
ITIncident:43270,2,9433814171296427562
ITIncident:43273,2,13793519998764738858
ITIncident:43277,2,7619567829508699625
ITIncident:43280,2,5400446879476208402
ITIncident:43284,2,17767422798135223478
ITIncident:43287,1,16844010272307738161
ITIncident:43295,2,12985476735099981214
ITIncident:43298,2,6510675725759131472
ITIncident:43309,2,12929289689419116749
ITIncident:43316,2,1595273562614848156
ITIncident:43318,2,438108335362121582
ITIncident:43320,2,4662393825693057698
ITIncident:43327,2,13309446959041599520
ITIncident:43332,2,13618194590191602349
ITIncident:43336,2,79268282420699132
ITIncident:43340,2,421679701633615330
ITIncident:43347,2,13829189180214956966
ITIncident:43350,2,12312698558845797887
ITIncident:43354,2,11714381336628404480
ITIncident:43359,2,15464520770818118540
ITIncident:43361,2,9674987169038257914
ITIncident:43364,2,11336942166510698347
ITIncident:43367,2,15777731366497412576
ITIncident:43371,2,3031855105334534039
ITIncident:43375,2,16994180133269328621
ITIncident:43383,2,15423405126148756968
ITIncident:43390,2,16446581879096528247
ITIncident:43393,2,10909153382405569829
ITIncident:43396,2,12246556505166521451
ITIncident:43399,2,12246556505166521451
ITIncident:43402,2,12246556505166521451
ITIncident:43413,2,14690484038306904162
ITIncident:43416,2,10909153382405569829
ITIncident:43420,1,4340123948792790246
ITIncident:43424,2,400819099488889499
ITIncident:43433,2,7401729353511110933
ITIncident:43437,2,13223178981836631329
ITIncident:43440,1,10773397335775783385
ITIncident:43450,2,7533926699054742119
ITIncident:43457,1,9567752459420389573
ITIncident:43465,2,1777902591569952440
ITIncident:43470,2,14284810808135530121
ITIncident:43479,2,14911254109245893083
ITIncident:43481,2,16461242220797832151
ITIncident:43491,2,12514215855655136828
ITIncident:43496,2,7175050751631029940
ITIncident:43503,2,2068674303248497767
ITIncident:43507,2,18117812263516495178
ITIncident:43514,2,3617073403489766009
ITIncident:43521,2,13085718422819511269
ITIncident:43528,2,17238770849018963846
ITIncident:43533,2,1762442681278744126
ITIncident:43540,2,1572776416648420213
ITIncident:43547,2,17907030715244118439
ITIncident:43553,2,14071041304304518517
ITIncident:43565,2,10103830095077182076
ITIncident:43575,2,16194270046242227510
ITIncident:43580,2,13246696347758728272
ITIncident:43588,2,8372704246351401370
ITIncident:43595,2,11730334409755498303
ITIncident:43611,2,15624007320824094038
ITIncident:43619,2,12139734416241937165
ITIncident:43623,2,18419716099694449615
ITIncident:43627,2,13966059963599509332
ITIncident:43635,2,7633353845630084502
ITIncident:43638,2,8467915041842431589
ITIncident:43642,2,5337414317356301957
ITIncident:43647,2,11169096508908410744
ITIncident:43653,2,8454069188104035393
ITIncident:43656,2,18048613519135867931
ITIncident:43666,2,7086287706831526503
ITIncident:43671,2,6562157040260910666
ITIncident:43678,2,16132063323820542827
ITIncident:43687,2,6586658454013340045
ITIncident:43690,2,8840473613183846024
ITIncident:43698,2,4322584502361277290
ITIncident:43700,2,8381268522202019824
ITIncident:43703,2,7495891958654524135
ITIncident:43715,2,7824750470430677264
ITIncident:43725,2,12456325618591581275
ITIncident:43729,2,5833379121787016071
ITIncident:43741,2,11674562187795893246
ITIncident:43748,2,6368009541798128051
ITIncident:43756,2,7674773069791034876
ITIncident:43761,2,3102790045429861723
ITIncident:43764,2,12127110823425713942
ITIncident:43767,2,12127110823425713942
ITIncident:43775,2,8428666657088620876
ITIncident:43777,2,13034143574055496602
ITIncident:43782,2,6562157040260910666
ITIncident:43789,2,11596031445775159493
ITIncident:43794,2,235744209455994367
ITIncident:43797,2,13307981222335491462
ITIncident:43805,2,6843121294411753172
ITIncident:43810,2,7743267529217294779
ITIncident:43817,2,16620391794439636225
ITIncident:43830,2,4747453399214671647
ITIncident:43835,2,8994577722061248829
ITIncident:43840,2,3468364112218517079
ITIncident:43843,2,2684835598423557714
ITIncident:43846,2,8454285023148334203
ITIncident:43850,2,16457919184569019062
ITIncident:43861,2,12012707622532980400
ITIncident:43868,2,13006207192801793181
ITIncident:43874,2,11365489099595136919
ITIncident:43884,2,1349685694602024214
ITIncident:43886,1,15247542096022240057
ITIncident:43889,2,8061679855076302408
ITIncident:43901,2,8643026986933998195
ITIncident:43909,2,5989490018280290284
ITIncident:43911,2,17063494208942076534
ITIncident:43916,2,3769419332970391583
ITIncident:43925,2,16804983073810574452
ITIncident:43928,2,12246556505166521451
ITIncident:43932,2,3744658189351112179
ITIncident:43935,2,12246556505166521451
ITIncident:43945,2,7247695833050531936
ITIncident:43951,2,11920672928442413892
ITIncident:43975,2,12066659158095504875
ITIncident:43978,2,12246556505166521451
ITIncident:43990,2,10592881064134719638
ITIncident:43993,2,14683372919532348932
ITIncident:43997,2,16994180133269328621
ITIncident:44002,2,16690308185875919070
ITIncident:44004,2,12038425956505475191
ITIncident:44006,2,9468250166593929363
ITIncident:44021,2,11150466584868350244
ITIncident:44025,2,4402493760048744229
ITIncident:44027,2,3218508467261967011
ITIncident:44031,2,9337193795856934835
ITIncident:44040,2,3354938190787601441
ITIncident:44045,2,1992892173610886213
ITIncident:44051,2,11730334409755498303
ITIncident:44054,2,9691712434911128071
ITIncident:44062,2,4195287021666721851
ITIncident:44068,2,6425628740885253685
ITIncident:44077,2,13248540079294668152
ITIncident:44088,2,2825347377018122061
ITIncident:44091,2,13988599814206209655
ITIncident:44094,2,5293417893016057991
ITIncident:44096,2,12022448501677072652
ITIncident:44099,2,4213419017036805416
ITIncident:44103,2,14655690841240739217
ITIncident:44106,2,14818660267643010709
ITIncident:44113,2,683283669700728227
ITIncident:44116,2,13988599814206209655
ITIncident:44121,2,16300459833198839188
ITIncident:44124,2,8146432736084567597
ITIncident:44134,2,5884639954710782135
ITIncident:44138,2,17762704939273158128
ITIncident:44145,2,15414741378105538452
ITIncident:44149,2,11417196856524080363
ITIncident:44155,2,4315210248930356230
ITIncident:44161,2,16061440091100282039
ITIncident:44166,2,15489141436408205549
ITIncident:44171,2,12416755810711687297
ITIncident:44174,2,2304202090763967945
ITIncident:44180,2,17302430300085249442
ITIncident:44185,2,10227805965086178915
ITIncident:44200,2,10722064824607310117
ITIncident:44209,2,15687883821441516080
ITIncident:44217,2,5677392570708864960
ITIncident:44222,2,16148111933009098949
ITIncident:44231,2,14395010721353397784
ITIncident:44240,2,12200458921090230520
ITIncident:44254,2,1167563132141212661
ITIncident:44265,2,11084775253272439800
ITIncident:44288,2,18417375770649056092
ITIncident:44297,2,11410865492232732343
ITIncident:44300,2,8146432736084567597
ITIncident:44308,2,16346318105354209400
ITIncident:44312,2,15297861187421907573
ITIncident:44330,2,17707412007963295211
ITIncident:44338,1,9817512587651929149
ITIncident:44341,2,17986306401959575084
ITIncident:44347,2,2347058775035340092
ITIncident:44349,2,1717042000845641429
ITIncident:44354,2,931773834188953801
ITIncident:44360,2,3983618749113092818
ITIncident:44370,2,4185075959158597824
ITIncident:44374,2,5322189583575806614
ITIncident:44377,2,12246556505166521451
ITIncident:44389,2,14363012129834641989
ITIncident:44393,2,8467443245142053315
ITIncident:44398,2,13596742642945835724
ITIncident:44406,2,15607098122571289009
ITIncident:44417,2,16649097122324794832
ITIncident:44450,2,13341569735923836509
ITIncident:44454,2,6150250815495140240
ITIncident:44456,2,10538990098194470142
ITIncident:44464,0,8799617728235387970
ITIncident:44466,2,2950228077769776113
ITIncident:44470,2,3352747091837405267
ITIncident:44476,2,13505484410028195335
ITIncident:44485,2,9493209383013487961
ITIncident:44488,2,13191315888390237100
ITIncident:44496,2,18051407623943019416
ITIncident:44501,2,13288971963859244014
ITIncident:44505,2,2709757731775230250
ITIncident:44510,2,2474839105765857961
ITIncident:44513,2,17578813335306844024
ITIncident:44519,2,15373460031375449507
ITIncident:44521,2,17415543075242652528
ITIncident:44523,2,17182524659451924545
ITIncident:44529,2,3354558959896037397
ITIncident:44537,2,2670021303798316320
ITIncident:44543,2,3152215320369607614
ITIncident:44549,2,16102178704962760007
ITIncident:44552,2,1960124094462937775
ITIncident:44568,2,15232546924097105535
ITIncident:44583,2,17230815163955304081
ITIncident:44588,2,7094720077212178032
ITIncident:44593,2,5473002284189746956
ITIncident:44595,2,7472588573698696038
ITIncident:44598,2,13523533291140792495
ITIncident:44601,2,16063214827528034766
ITIncident:44606,2,2946087622870460423
ITIncident:44613,2,5947955369709110086
ITIncident:44621,2,16710789899508799055
ITIncident:44631,2,13715624089650873508
ITIncident:44637,2,17709393784547674406
ITIncident:44641,2,8844929293503935336
ITIncident:44645,2,4833970009818444367
ITIncident:44651,2,6520507966643401615
ITIncident:44663,2,17359208741042057997
ITIncident:44670,2,12816793514017276779
ITIncident:44676,2,4425709746910569795
ITIncident:44691,2,12717689910097944999
ITIncident:44697,2,12868075657422004587
ITIncident:44704,2,16639649383175310878
ITIncident:44712,2,4724064619568873553
ITIncident:44717,2,15867915161797615735
ITIncident:44722,2,8942571286996642375
ITIncident:44731,2,12941592936595859233
ITIncident:44737,2,4724064619568873553
ITIncident:44740,2,4110092728742591230
ITIncident:44742,2,13758911280635432730
ITIncident:44752,2,240957580247167501
ITIncident:44758,2,17027371696559498178
ITIncident:44763,2,12475978736295624798
ITIncident:44768,2,1405057656176552574
ITIncident:44774,2,17808630645387269797
ITIncident:44783,2,8156469553769399568
ITIncident:44787,2,4097659339821970762
ITIncident:44791,2,2796681850147963724
ITIncident:44796,2,3042149959259901749
ITIncident:44800,2,15768247229466508915
ITIncident:44805,2,5302065515462968460
ITIncident:44827,2,865206778063852812
ITIncident:44832,2,13417937578134051765
ITIncident:44838,2,16614617287585343017
ITIncident:44846,2,2475612251035040316
ITIncident:44851,2,13417937578134051765
ITIncident:44856,2,3947734809996553648
ITIncident:44861,2,5704670803460756627
ITIncident:44866,2,17349264632730203588
ITIncident:44873,2,12248414972774774823
ITIncident:44880,2,8072610220989236455
ITIncident:44888,2,4064715586215002629
ITIncident:44893,2,9878566214941876759
ITIncident:44896,2,9357848651550895980
ITIncident:44907,2,13587767650387594767
ITIncident:44917,2,11077370004919450176
ITIncident:44926,2,2017681160669033659
ITIncident:44929,2,1114450936869285833
ITIncident:44935,2,10944466941916848702
ITIncident:44939,2,3103262127802775287
ITIncident:44944,2,14668528730011449333
ITIncident:44948,2,9537521713322599183
ITIncident:44954,2,2900099930933669995
ITIncident:44966,2,9657805260047354336
ITIncident:44970,2,6494385162502242642
ITIncident:44988,2,9114547828005887506
ITIncident:44999,2,9133039021871069186
ITIncident:45001,2,8785857777380520801
ITIncident:45004,2,1288199475638942581
ITIncident:45009,2,8653064708108583627
ITIncident:45016,2,3473592896078298342
ITIncident:45018,2,12133982909106314104
ITIncident:45020,2,16784882850380449869
ITIncident:45030,2,13627050979743669569
ITIncident:45032,2,3582881113766432677
ITIncident:45039,2,1645993535314973732
ITIncident:45042,2,8884262092494899611
ITIncident:45046,2,13877826355587623510
ITIncident:45055,2,2499304933907703327
ITIncident:45061,2,970749120760110943
ITIncident:45075,2,17933523126535331226
ITIncident:45081,2,9020985811188254315
ITIncident:45086,1,12888750374135296599
ITIncident:45088,2,1869904479513687889
ITIncident:45092,2,2750056370631207068
ITIncident:45096,2,18117812263516495178
ITIncident:45104,2,16156444617357005045
ITIncident:45107,2,13596742642945835724
ITIncident:45117,2,17002435818968842608
ITIncident:45120,2,8840473613183846024
ITIncident:45124,2,1659229861090761827
ITIncident:45139,2,15023720290596531558
ITIncident:45145,2,8298866993179079067
ITIncident:45148,2,16450708627955409832
ITIncident:45157,2,7365217935542305348
ITIncident:45161,0,3109539349557995806
ITIncident:45170,1,15720764327549685262
ITIncident:45177,2,2709490383510269340
ITIncident:45182,2,7847441909721338606
ITIncident:45189,2,2969848288301814303
ITIncident:45192,2,11327252928348393353
ITIncident:45199,2,16351821919687978337
ITIncident:45207,2,13197281151432003442
ITIncident:45213,2,1055419440259414385
ITIncident:45220,2,12195296729012479865
ITIncident:45222,2,17552971033345493741
ITIncident:45228,2,6199547506715831067
ITIncident:45236,2,3009664261967780565
ITIncident:45241,2,5909170935672295247
ITIncident:45249,2,868474319627262228
ITIncident:45255,2,16829023610462897093
ITIncident:45263,2,5780384791599677994
ITIncident:45267,2,3408406760756121071
ITIncident:45269,2,17415543075242652528
ITIncident:45275,2,13611618230739204692
ITIncident:45279,2,6250121694042257597
ITIncident:45281,2,10493679068748925441
ITIncident:45290,2,9322515856645133434
ITIncident:45294,2,9791610142393842232
ITIncident:45302,2,11025563131775025556
ITIncident:45305,2,18133563004259002873
ITIncident:45310,2,3879160388500498423
ITIncident:45317,2,11173574280310819441
ITIncident:45319,2,16694419198908281856
ITIncident:45334,1,7740354730812606283
ITIncident:45340,2,5099752212545437056
ITIncident:45343,2,11531261031770642183
ITIncident:45347,2,12308435010329798888
ITIncident:45350,2,1634128744250102478
ITIncident:45357,0,4694032441009150875
ITIncident:45361,2,9097424985066139420
ITIncident:45368,2,5543981053067714544
ITIncident:45372,2,818831147119926450
ITIncident:45375,2,2941048360625129140
ITIncident:45379,2,9052209983822865411
ITIncident:45381,2,10513404479501341635
ITIncident:45385,2,3636806445824076364
ITIncident:45389,2,5593921705915323964
ITIncident:45391,2,11332670109076977432
ITIncident:45394,2,3953136569964579634
ITIncident:45405,0,16393680721794369583
ITIncident:45408,2,16807255721281811717
ITIncident:45412,2,8214559540652775084
ITIncident:45414,2,7866398127594921580
ITIncident:45420,2,8925472805853458630
ITIncident:45423,2,13303197351285566852
ITIncident:45428,2,1704638682851341991
ITIncident:45435,2,4121663078324736162
ITIncident:45446,2,16886403555174922192
ITIncident:45449,2,2613007622536025887
ITIncident:45455,2,16355348368623997021
ITIncident:45458,2,5312249615005168385
ITIncident:45464,2,4208412021314299887
ITIncident:45475,2,16088368435162205978
ITIncident:45481,2,12539258416059806990
ITIncident:45484,2,217470932250737212
ITIncident:45489,2,5238736047810818637
ITIncident:45492,2,15777731366497412576
ITIncident:45500,2,17764229399533473882
ITIncident:45504,2,9155507588298559859
ITIncident:45507,2,8263564238637363600
ITIncident:45510,2,12246556505166521451
ITIncident:45513,2,1762588527951697538
ITIncident:45516,2,12246556505166521451
ITIncident:45519,2,12246556505166521451
ITIncident:45523,2,3346297359809720055
ITIncident:45526,2,12246556505166521451
ITIncident:45529,2,12240379720431207661
ITIncident:45533,0,524071059101935505
ITIncident:45537,2,13988599814206209655
ITIncident:45542,2,3856947604747485434
ITIncident:45549,2,6355813357763000280
ITIncident:45554,2,9276273880079210063
ITIncident:45565,2,17257132072845538637
ITIncident:45576,2,18175499968513078185
ITIncident:45579,2,1550054899239004437
ITIncident:45583,2,9248461813045675275
ITIncident:45589,2,10646601182346086075
ITIncident:45600,2,17543456794361848564
ITIncident:45604,2,589798146875051096
ITIncident:45608,2,9931969616261395201
ITIncident:45610,2,5231387265866171947
ITIncident:45612,2,11245462783799702646
ITIncident:45619,2,7901200784812308981
ITIncident:45622,2,4037944060381003908
ITIncident:45626,2,2514171300968242822
ITIncident:45638,2,16766502268004723594
ITIncident:45643,2,11660451370356224081
ITIncident:45666,2,2727966600320726372
ITIncident:45670,2,10834190403582875748
ITIncident:45678,2,12246268760507224123
ITIncident:45682,2,4574945114406965851
ITIncident:45690,2,17569930004270858186
ITIncident:45700,2,7471576907457951763
ITIncident:45704,2,13609440404668315939
ITIncident:45725,2,11750229351104882941
ITIncident:45736,2,8904059395745311010
ITIncident:45739,2,2581048349412942925
ITIncident:45746,2,10821938347420756828
ITIncident:45748,2,1131015313228348119
ITIncident:45755,2,5645127394848472067
ITIncident:45763,2,10929315595406542697
ITIncident:45765,2,4570434040466591833
ITIncident:45770,2,10700290610447736218
ITIncident:45775,2,18206143575301890177
ITIncident:45788,2,10046794489108191008
ITIncident:45792,2,13324847567186322740
ITIncident:45795,2,16270806161394519958
ITIncident:45829,2,17263114832763475137
ITIncident:45834,2,1528795388911265934
ITIncident:45836,2,4715557627969985371
ITIncident:45841,2,8460838375032105513
ITIncident:45845,2,12393790597651175993
ITIncident:45853,2,7256592550618505462
ITIncident:45861,2,15010950463765431775
ITIncident:45872,2,13308164529779505863
ITIncident:45879,2,6368168011827378762
ITIncident:45888,2,6920211738061503097
ITIncident:45894,2,6321544764264488443
ITIncident:45905,2,4128082888142934769
ITIncident:45912,2,10231745406699484489
ITIncident:45916,2,5641969207398125515
ITIncident:45927,2,15710669921572729758
ITIncident:45938,2,12296717474687019386
ITIncident:45941,2,3110909873064524045
ITIncident:45947,2,9468964066604985136
ITIncident:45954,2,13875228359040348084
ITIncident:45959,2,2895196584861755816
ITIncident:45961,2,1717042000845641429
ITIncident:45965,2,7778382288044046836
ITIncident:45972,2,9795166386353405421
ITIncident:45977,2,13851661700186499050
ITIncident:45986,2,5838131115303423664
ITIncident:45991,2,14157069281684521039
ITIncident:45995,2,1682470877202824542
ITIncident:46004,1,9470729479603767901
ITIncident:46006,2,10538990098194470142
ITIncident:46017,2,13428454649525990972
ITIncident:46024,2,11196030223689139364
ITIncident:46028,2,11019267991933969371
ITIncident:46033,2,9407960023482866658
ITIncident:46037,2,10909375042853417788
ITIncident:46046,2,15934897257606280409
ITIncident:46050,2,10631452802905796711
ITIncident:46054,2,6262789745141024134
ITIncident:46059,2,14784536541114403358
ITIncident:46068,2,2475612251035040316
ITIncident:46070,2,18237197117583350180
ITIncident:46075,1,11628169015520017486
ITIncident:46080,2,414541311310969258
ITIncident:46086,2,17796372898884827953
ITIncident:46093,2,11172139724671539124
ITIncident:46096,2,14806110317984163566
ITIncident:46098,2,11859186153032159539
ITIncident:46102,2,119941688059962710
ITIncident:46105,2,4632001778120850606
ITIncident:46110,2,13708830410741020420
ITIncident:46115,2,11465535472902376832
ITIncident:46121,2,12419341622855642823
ITIncident:46132,2,16141968504326116887
ITIncident:46135,2,14545241648866560017
ITIncident:46138,2,13166087167175355212
ITIncident:46152,2,1628354013242687191
ITIncident:46162,2,11285114820588533477
ITIncident:46173,2,3400519340233675601
ITIncident:46176,2,11721475683156375760
ITIncident:46181,2,4306128331140098682
ITIncident:46184,2,6106380634484944358
ITIncident:46196,2,12150612610055472224
ITIncident:46199,2,1818354946605286282
ITIncident:46205,2,18075603460291183784
ITIncident:46210,2,13159329926306830297
ITIncident:46223,2,930354244045012075
ITIncident:46225,2,7566663966577990717
ITIncident:46235,2,6453791019487420133
ITIncident:46242,2,6059749915155818771
ITIncident:46245,2,8146432736084567597
ITIncident:46249,2,12352932179729851843
ITIncident:46254,2,3194782835483151225
ITIncident:46262,2,10929315595406542697
ITIncident:46271,2,7893450873179556114
ITIncident:46279,2,7125084500824709915
ITIncident:46281,2,14591051636706910714
ITIncident:46283,2,13232508377321021737
ITIncident:46287,2,14460809092613588656
ITIncident:46297,2,2802099132828809235
ITIncident:46301,2,15362529699419569631
ITIncident:46307,2,15177177817967805863
ITIncident:46312,2,4548733189280879886
ITIncident:46314,2,1797255670351613922
ITIncident:46316,2,15237301139014346805
ITIncident:46322,2,2070039143034389372
ITIncident:46330,2,7217640121008052383
ITIncident:46333,2,16890287065924248996
ITIncident:46340,2,6844177458118545485
ITIncident:46342,2,15476825560888476318
ITIncident:46349,2,12797546380208027554
ITIncident:46356,2,14482303556974617107
ITIncident:46361,2,9768876348019357312
ITIncident:46376,2,2503092463399487656
ITIncident:46378,2,13843652557170218629
ITIncident:46383,2,4074940168364378446
ITIncident:46385,2,13843652557170218629
ITIncident:46387,2,17415543075242652528
ITIncident:46391,2,3173065747311773773
ITIncident:46394,2,8840473613183846024
ITIncident:46399,1,13428497753453909041
ITIncident:46402,2,1762588527951697538
ITIncident:46412,2,2651873749837511317
ITIncident:46414,2,3582881113766432677
ITIncident:46422,2,7642217022703789315
ITIncident:46430,2,13682364321255816997
ITIncident:46434,2,5027220216039481049
ITIncident:46437,2,8106561122198373057
ITIncident:46440,2,12246556505166521451
ITIncident:46443,2,12246556505166521451
ITIncident:46450,2,17497945791224226894
ITIncident:46462,2,3655675572206360281
ITIncident:46464,2,12038425956505475191
ITIncident:46477,2,4115597060062451956
ITIncident:46485,2,17982495759110483247
ITIncident:46494,2,17410387603685068771
ITIncident:46496,2,14201644696006518416
ITIncident:46502,2,2936945883235904557
ITIncident:46505,2,12246556505166521451
ITIncident:46511,2,9709696834404284190
ITIncident:46514,2,13988599814206209655
ITIncident:46519,2,3365896208192765220
ITIncident:46525,2,7771482396096078615
ITIncident:46534,2,4901285365160924433
ITIncident:46538,2,18300995512599783016
ITIncident:46549,2,15246679533119888094
ITIncident:46552,2,13988599814206209655
ITIncident:46554,2,5415116056967740440
ITIncident:46561,2,1091241828251838558
ITIncident:46583,2,2158934062257407452
ITIncident:46592,2,3439895492396773508
ITIncident:46597,2,11378501666938660775
ITIncident:46611,1,16720594628515133807
ITIncident:46625,2,13078353460232983949
ITIncident:46627,2,12042442815853983723
ITIncident:46634,2,7649167925380170584
ITIncident:46636,2,18221399389448093090
ITIncident:46642,2,9008614383060631751
ITIncident:46650,2,7110934704626704610
ITIncident:46652,2,16984111750617956103
ITIncident:46658,2,15770350855107801575
ITIncident:46667,2,4950813317866862233
ITIncident:46672,2,13246696347758728272
ITIncident:46678,2,11130186363104851259
ITIncident:46680,1,11958429471202195959
ITIncident:46685,2,5101725590414467073
ITIncident:46688,2,17923149777136964216
ITIncident:46695,2,5837549294424151508
ITIncident:46700,2,2218354102220147453
ITIncident:46706,2,6141900594555196990
ITIncident:46714,2,3904611099990583152
ITIncident:46721,2,10852843150432610251
ITIncident:46724,2,15710905423659502177
ITIncident:46726,2,950156706398879803
ITIncident:46732,2,7321423236236168557
ITIncident:46740,2,3328716203647501670
ITIncident:46742,2,7472588573698696038
ITIncident:46744,2,7566663966577990717
ITIncident:46749,2,11269732059773212619
ITIncident:46754,2,15698313717729520048
ITIncident:46756,2,1984746565319408513
ITIncident:46762,2,15190635073343326007
ITIncident:46777,2,16871000604617737267
ITIncident:46780,2,4470023580420300990
ITIncident:46786,2,6749061294021068892
ITIncident:46791,2,1108000717347215208
ITIncident:46797,2,14453974843747335973
ITIncident:46800,2,16278312052378301854
ITIncident:46805,2,16367563147006228990
ITIncident:46807,2,1758751650116691406
ITIncident:46814,2,1591063624978297694
ITIncident:46816,2,17415543075242652528
ITIncident:46819,2,1937211345794945321
ITIncident:46822,2,3873113126740730024
ITIncident:46825,2,6855259182009535357
ITIncident:46834,2,9507135890402847162
ITIncident:46837,2,18048613519135867931
ITIncident:46842,2,3908311243228013084
ITIncident:46846,2,8386938036620983275
ITIncident:46852,2,312178611836041510
ITIncident:46857,2,7945286085538575555
ITIncident:46862,2,14762912734445155112
ITIncident:46865,2,4171427816487606462
ITIncident:46873,2,12766436336622630966
ITIncident:46875,2,6352084089208529275
ITIncident:46884,2,6052965811076681146
ITIncident:46890,2,10556024609837829038
ITIncident:46901,2,3354554245778916626
ITIncident:46905,2,295575903799133624
ITIncident:46910,2,4764763801664337765
ITIncident:46917,2,12538914198008837037
ITIncident:46924,2,18060004524000483421
ITIncident:46929,0,18120053177464397597
ITIncident:46943,2,16201555789094691421
ITIncident:46946,2,12246556505166521451
ITIncident:46951,2,10681919743902499674
ITIncident:46968,2,13574930974868534311
ITIncident:46976,2,15393218552946994608
ITIncident:46980,2,403109903093025364
ITIncident:46985,2,3749885249418398787
ITIncident:46989,2,3677004824801289396
ITIncident:46994,2,8875757608208524121
ITIncident:46998,2,2623500332081728265
ITIncident:47006,2,9879750827600393584
ITIncident:47014,2,15909123834980881176
ITIncident:47016,2,4715557627969985371
ITIncident:47023,2,12378256379319431106
ITIncident:47043,2,2739892060217703382
ITIncident:47045,2,5408694821547344994
ITIncident:47049,2,600862128360729950
ITIncident:47053,2,13810302792178947371
ITIncident:47061,2,17516563852804764003
ITIncident:47069,2,5081292380954524886
ITIncident:47073,2,16948290265354395811
ITIncident:47076,2,13671702094733656956
ITIncident:47080,2,9610756439925983893
ITIncident:47086,2,2450365627692378620
ITIncident:47094,2,3848866088790453034
ITIncident:47096,2,13841084098505561357
ITIncident:47103,2,17328612702815427733
ITIncident:47126,2,3207461112003005383
ITIncident:47130,2,11696916529941666120
ITIncident:47141,2,16310107573210977312
ITIncident:47144,2,11361696388805657602
ITIncident:47148,2,9262421640199505400
ITIncident:47154,2,12268087768367908207
ITIncident:47160,2,3926294604020039068
ITIncident:47166,2,17650093288289571079
ITIncident:47171,2,18012245009929796058
ITIncident:47180,2,5403362456958683042
ITIncident:47196,2,9648344298456475382
ITIncident:47202,2,1174434661508871704
ITIncident:47211,2,16956986691148374491
ITIncident:47217,2,7484469363409612817
ITIncident:47221,2,11411636038414615512
ITIncident:47225,2,11562805942581528947
ITIncident:47233,2,12449339225084476078
ITIncident:47246,2,2026433405124552420
ITIncident:47257,2,7038275652459827893
ITIncident:47261,2,8487536330597263523
ITIncident:47266,2,6586672069604346129
ITIncident:47270,2,1584846654451911899
ITIncident:47274,0,3410328164240828412
ITIncident:47276,2,13626246250964675696
ITIncident:47282,2,11630973858254696425
ITIncident:47284,2,11859186153032159539
ITIncident:47287,2,8822269789274709055
ITIncident:47292,2,6161363632612074834
ITIncident:47297,2,17228022015604676413
ITIncident:47302,2,15817243497484342419
ITIncident:47313,2,4417157211842321121
ITIncident:47321,2,335074477687252855
ITIncident:47324,2,1960124094462937775
ITIncident:47328,2,15062389976322578153
ITIncident:47330,2,12134708179625834267
ITIncident:47332,2,15838941544337234197
ITIncident:47336,2,8779936523648584670
ITIncident:47346,2,593377730051102878
ITIncident:47351,2,718404374123055285
ITIncident:47353,2,16413723610591773452
ITIncident:47355,2,9037064291317775100
ITIncident:47358,2,9249293981459253177
ITIncident:47365,2,9981902111390630923
ITIncident:47367,2,13890387666403432728
ITIncident:47377,2,6483685735504149052
ITIncident:47382,2,5684078757868378375
ITIncident:47391,2,13653893582769022613
ITIncident:47398,2,9146047110768300505
ITIncident:47402,2,17153051890443829037
ITIncident:47406,2,5158589335807826763
ITIncident:47411,2,18169400633394630390
ITIncident:47415,2,14987702106818394745
ITIncident:47419,2,6883304847699770933
ITIncident:47424,2,888409370259767252
ITIncident:47427,2,13441841347936420005
ITIncident:47429,2,15448357199001624950
ITIncident:47433,2,12304732532043431337
ITIncident:47435,2,9605914591494954990
ITIncident:47437,2,15394650334283835439
ITIncident:47442,2,4574428958908700024
ITIncident:47450,2,16947303300674264035
ITIncident:47455,2,18284096371128775551
ITIncident:47457,2,7866398127594921580
ITIncident:47460,2,16095716458525359971
ITIncident:47465,2,11739832554111114772
ITIncident:47473,0,17307998347433943133
ITIncident:47475,2,2600459730498595566
ITIncident:47483,2,10377688004698872951
ITIncident:47497,2,8166071175781406338
ITIncident:47505,2,17158038839960660624
ITIncident:47509,2,17153051890443829037
ITIncident:47513,2,10501305689431067421
ITIncident:47518,2,13948419190803160435
ITIncident:47530,2,6466534255898291724
ITIncident:47534,2,1067091021443369198
ITIncident:47538,2,9782860073642156313
ITIncident:47541,2,4469701921650845453
ITIncident:47546,2,8272258442077155048
ITIncident:47549,2,7128914884507462009
ITIncident:47553,2,16994180133269328621
ITIncident:47555,2,5408694821547344994
ITIncident:47559,2,6413453892998919112
ITIncident:47562,2,17045635975568820297
ITIncident:47567,1,6818570342315381968
ITIncident:47580,2,16121781383041064565
ITIncident:47584,1,9797854002384365914
ITIncident:47587,1,1523825949179687566
ITIncident:47591,2,2602253249707559195
ITIncident:47599,1,15849485757515316892
ITIncident:47607,2,290512477372392148
ITIncident:47609,2,11859186153032159539
ITIncident:47616,2,2621968319747671670
ITIncident:47626,2,11407271433253620845
ITIncident:47637,2,11168031648174349170
ITIncident:47658,2,13290485810977597733
ITIncident:47665,2,15933476041149504660
ITIncident:47671,2,17551193005614012829
ITIncident:47677,2,12759693380625233733
ITIncident:47679,2,1717042000845641429
ITIncident:47681,2,16283482411112042439
ITIncident:47686,1,16529843870547153661
ITIncident:47692,2,5823212599878111226
ITIncident:47694,2,4588064312332560590
ITIncident:47703,2,15462450992945345195
ITIncident:47712,2,14062300832968476279
ITIncident:47716,2,3124673191789037941
ITIncident:47722,2,8178187630440341824
ITIncident:47728,2,1396321651870577003
ITIncident:47731,1,8131532756761261295
ITIncident:47736,2,9818315658550888495
ITIncident:47739,2,10909153382405569829
ITIncident:47749,2,16589039011794586974
ITIncident:47753,2,1539020855946425487
ITIncident:47758,2,17459698667208070958
ITIncident:47765,2,102997153717253928
ITIncident:47777,2,17966899940286568317
ITIncident:47783,2,12027111230918355054
ITIncident:47789,0,17363495720492510043
ITIncident:47794,2,2708858872679919359
ITIncident:47797,2,12847637602087586750
ITIncident:47799,2,14806075319395365909
ITIncident:47809,2,10169772442498951216
ITIncident:47814,2,6544057617546075573
ITIncident:47818,2,4050055844288400906
ITIncident:47826,2,14803205550812433354
ITIncident:47832,2,9366508967194230729
ITIncident:47836,2,16730906793100156701
ITIncident:47842,2,13702477212072874458
ITIncident:47845,2,13082354525271092003
ITIncident:47849,2,16840896201402878738
ITIncident:47851,2,10578961795197221831
ITIncident:47855,2,5593921705915323964
ITIncident:47860,2,2539296195023505698
ITIncident:47866,2,26951899406208025
ITIncident:47869,2,12592718439821969735
ITIncident:47876,2,5899723591321296143
ITIncident:47889,2,13916645442542524100
ITIncident:47900,2,11010370217123314856
ITIncident:47906,2,9253216456438391667
ITIncident:47916,2,1125774699219380696
ITIncident:47919,2,10909153382405569829
ITIncident:47922,2,10909153382405569829
ITIncident:47931,2,9964549801888789609
ITIncident:47934,2,10909153382405569829
ITIncident:47937,2,10909153382405569829
ITIncident:47939,2,5408694821547344994
ITIncident:47942,2,10909153382405569829
ITIncident:47945,2,10909153382405569829
ITIncident:47948,2,10909153382405569829
ITIncident:47954,2,8875757608208524121
ITIncident:47958,2,5353651957924289367
ITIncident:47962,2,14110413965556951741
ITIncident:47966,2,7828215890947831031
ITIncident:47972,2,13910916408433650887
ITIncident:47980,2,11495447138509268436
ITIncident:47984,2,18340501362817809965
ITIncident:47995,2,18366907904244686527
ITIncident:48009,2,3711872925388074599
ITIncident:48011,2,14595129147341132965
ITIncident:48016,2,13942796492854243196
ITIncident:48021,2,7048536981051000059
ITIncident:48026,2,5326096452036971095
ITIncident:48028,2,3218508467261967011
ITIncident:48031,2,18049404389615743352
ITIncident:48038,2,358881443561436118
ITIncident:48041,2,16390042763553407490
ITIncident:48046,2,16015628882612968242
ITIncident:48048,2,867982176254128191
ITIncident:48055,2,17298220753637659996
ITIncident:48060,0,4320672691797245554
ITIncident:48067,2,9782796708480018694
ITIncident:48072,0,10914179049659516939
ITIncident:48075,2,7280185756397201012
ITIncident:48082,2,5039953637522393948
ITIncident:48094,2,2970299135346975903
ITIncident:48104,2,16374809753864056769
ITIncident:48108,2,13039615440219062403
ITIncident:48113,2,14970601391054635648
ITIncident:48120,2,13390413044423985964
ITIncident:48128,2,282494823516032636
ITIncident:48134,1,610450058340452642
ITIncident:48154,2,12685876793572032075
ITIncident:48161,2,1726800061879496992
ITIncident:48168,2,11755152545260812031
ITIncident:48172,2,16051787909657034661
ITIncident:48178,2,13670114549363666355
ITIncident:48182,2,215690549003577625
ITIncident:48187,2,3908311243228013084
ITIncident:48190,2,1089701902389401496
ITIncident:48198,2,9059817497548140611
ITIncident:48201,2,11433383471391229368
ITIncident:48206,2,14515501211150228008
ITIncident:48219,2,3785550993261135721
ITIncident:48223,2,215690549003577625
ITIncident:48229,2,15676119931800822650
ITIncident:48234,2,882271725739269014
ITIncident:48237,2,1114450936869285833
ITIncident:48240,2,2318166719152256787
ITIncident:48246,2,2068829202615745898
ITIncident:48250,2,10833339447405483474
ITIncident:48257,2,3363990093050449019
ITIncident:48263,2,9485817933562445337
ITIncident:48270,2,16399806840373868151
ITIncident:48275,2,5030251539576233364
ITIncident:48280,2,8543760918535220789
ITIncident:48286,2,10685550238493282747
ITIncident:48291,2,4664366038134058109
ITIncident:48296,2,13492192394264138029
ITIncident:48301,2,11546561691340049619
ITIncident:48303,2,7472588573698696038
ITIncident:48307,2,8673580380245199625
ITIncident:48311,2,8673580380245199625
ITIncident:48323,2,8031427764709789550
ITIncident:48336,2,3553247038848219155
ITIncident:48339,2,6650413048889905845
ITIncident:48344,2,7945286085538575555
ITIncident:48350,2,17619565141423303791
ITIncident:48356,2,8916509073470904412
ITIncident:48359,2,5778218159075827908
ITIncident:48366,2,6911884751512439937
ITIncident:48368,2,11797202808172163116
ITIncident:48374,2,3210812343672429306
ITIncident:48377,2,10909153382405569829
ITIncident:48380,2,10909153382405569829
ITIncident:48383,2,10909153382405569829
ITIncident:48386,2,10909153382405569829
ITIncident:48389,2,10909153382405569829
ITIncident:48396,2,9994413834212974316
ITIncident:48399,2,10909153382405569829
ITIncident:48404,2,17096409491997876707
ITIncident:48411,2,16171312357275239919
ITIncident:48421,2,6111869788446108244
ITIncident:48424,2,10909153382405569829
ITIncident:48428,2,326094551514189695
ITIncident:48437,2,12799397624850556907
ITIncident:48449,1,5573756717537218847
ITIncident:48452,2,14913778125285119593
ITIncident:48455,2,13241970243781809834
ITIncident:48468,2,8547365305603144445
ITIncident:48477,2,5339253883502977517
ITIncident:48486,2,13377043008154594699
ITIncident:48489,2,1396213510530255009
ITIncident:48495,2,6397316435567969801
ITIncident:48501,2,5883696309373120528
ITIncident:48503,2,1717042000845641429
ITIncident:48505,2,15700050980871181311
ITIncident:48509,2,16271173246771357531
ITIncident:48516,2,11467041462000699248
ITIncident:48519,2,10414842895414363899
ITIncident:48524,2,12315636379159149622
ITIncident:48526,2,7209983708721986622
ITIncident:48530,2,8654784194937456690
ITIncident:48546,2,1796990503119863303
ITIncident:48548,2,3748184606169149258
ITIncident:48552,2,8846272204637744128
ITIncident:48554,2,8178890900331052009
ITIncident:48563,2,3696972441118652051
ITIncident:48566,2,12018567855880088393
ITIncident:48575,2,8955228847557280565
ITIncident:48577,2,1131015313228348119
ITIncident:48579,2,11859186153032159539
ITIncident:48588,1,1283672510047323153
ITIncident:48598,2,10880997398455486792
ITIncident:48603,2,3119446385096341384
ITIncident:48607,2,1648994317158088869
ITIncident:48613,2,10958812582768322847
ITIncident:48621,2,9204628047318608140
ITIncident:48625,2,11987134435975404376
ITIncident:48631,2,17228022015604676413
ITIncident:48644,2,9710662542206016968
ITIncident:48646,2,1869904479513687889
ITIncident:48650,2,7764214386395421892
ITIncident:48655,2,6112198737200932292
ITIncident:48659,2,11736811556474757168
ITIncident:48663,2,7579363666633207094
ITIncident:48665,2,1717042000845641429
ITIncident:48676,2,16233608506014064545
ITIncident:48685,2,18050328299306981787
ITIncident:48687,2,17063494208942076534
ITIncident:48693,2,16168688164417204567
ITIncident:48700,2,18344879982791234971
ITIncident:48707,2,16761153422963882620
ITIncident:48716,2,15670456520152517002
ITIncident:48726,2,17675316428539345238
ITIncident:48740,2,14806634772448563832
ITIncident:48744,2,8463054273065360192
ITIncident:48749,2,5675563790251505077
ITIncident:48752,2,14690862616760277236
ITIncident:48758,2,8882206274262214329
ITIncident:48773,2,1414051840238814760
ITIncident:48778,2,17033134141507770239
ITIncident:48787,2,7202461266374371789
ITIncident:48801,2,8095175648540188730
ITIncident:48812,2,3555738733643502454
ITIncident:48816,2,13887756111781930204
ITIncident:48818,2,1984746565319408513
ITIncident:48820,2,3439667889600050940
ITIncident:48827,2,7814446581912067430
ITIncident:48829,2,1717042000845641429
ITIncident:48833,0,7703865415458773053
ITIncident:48837,2,6676452146968979380
ITIncident:48843,2,10286613745994672131
ITIncident:48845,2,17415543075242652528
ITIncident:48849,2,6462897838694431422
ITIncident:48851,2,13788586466199815948
ITIncident:48857,2,17592381326961862746
ITIncident:48869,2,8916027814880786193
ITIncident:48871,2,14591051636706910714
ITIncident:48875,2,11641399772758743977
ITIncident:48886,2,89811336711788236
ITIncident:48891,2,3194782835483151225
ITIncident:48894,2,2113718247392916067
ITIncident:48904,2,15656007492823533596
ITIncident:48916,2,887837102263060598
ITIncident:48920,2,1341414181939765247
ITIncident:48929,2,312165227535443780
ITIncident:48933,0,14161895393671136216
ITIncident:48935,2,5408694821547344994
ITIncident:48938,2,849203701642301541
ITIncident:48940,2,6020376750250784710
ITIncident:48947,2,13742191115337868456
ITIncident:48955,2,12111797092077608199
ITIncident:48958,2,11868916607480174915
ITIncident:48961,2,16063214827528034766
ITIncident:48967,2,8914527722540751973
ITIncident:48973,2,11646258015115174221
ITIncident:48981,2,10107871508786688358
ITIncident:48988,2,7376344241093050330
ITIncident:48998,2,7475295923920636068
ITIncident:49009,2,17769131770286182023
ITIncident:49013,2,496969712632520265
ITIncident:49024,2,744333413537143672
ITIncident:49030,2,18163563907852708541
ITIncident:49039,2,11070260437338524950
ITIncident:49047,2,5080879358931982460
ITIncident:49057,2,2651726494811477947
ITIncident:49060,2,5557518520729388078
ITIncident:49064,2,12836342807415116728
ITIncident:49071,2,16125096554004007344
ITIncident:49078,2,1423372417610646722
ITIncident:49086,2,8412308210142374040
ITIncident:49093,2,17434802971152913029
ITIncident:49101,2,1153206821147440758
ITIncident:49103,2,11859186153032159539
ITIncident:49111,2,6931606102739670620
ITIncident:49118,2,4265412341013561500
ITIncident:49125,2,7592723538386227858
ITIncident:49127,2,15237301139014346805
ITIncident:49129,2,14591051636706910714
ITIncident:49136,2,328023405976831645
ITIncident:49150,2,7279032358360845350
ITIncident:49163,2,4233896488936144522
ITIncident:49166,2,2018651800164876507
ITIncident:49171,2,12112632822677523600
ITIncident:49176,2,3518167876573813015
ITIncident:49178,2,18255120663726539349
ITIncident:49182,2,15108051776889947618
ITIncident:49188,2,974884482576253161
ITIncident:49195,2,17150008639131654146
ITIncident:49197,2,7472588573698696038
ITIncident:49207,2,16865513533161393504
ITIncident:49217,2,1067736394643529703
ITIncident:49224,2,8910641742082870161
ITIncident:49227,2,13793519998764738858
ITIncident:49271,2,9333958040805578728
ITIncident:49275,2,11737544259788115290
ITIncident:49289,2,15946685209812171030
ITIncident:49296,0,1732560819631943245
ITIncident:49298,2,17415543075242652528
ITIncident:49303,0,11628000325417675154
ITIncident:49313,2,726153059464560422
ITIncident:49317,2,1689083032673470562
ITIncident:49320,2,4851422335490409236
ITIncident:49327,2,7432693800642093897
ITIncident:49332,2,194886442094974372
ITIncident:49335,2,9360967769582084647
ITIncident:49340,2,5546816064013140791
ITIncident:49352,2,14948542013480941148
ITIncident:49363,2,14731449266488830763
ITIncident:49366,2,8322251653563042483
ITIncident:49369,2,17571422801703920912
ITIncident:49373,2,15650461063273747037
ITIncident:49377,2,12544275505052822302
ITIncident:49386,2,11763163583620147891
ITIncident:49393,2,1576377887765920827
ITIncident:49397,2,16348892766269109429
ITIncident:49402,2,12382115470925862105
ITIncident:49407,2,7637284759166833862
ITIncident:49409,2,13626246250964675696
ITIncident:49413,2,15953683947044734627
ITIncident:49422,2,8845038634863208688
ITIncident:49424,2,3582881113766432677
ITIncident:49426,2,7099382653132445681
ITIncident:49430,2,17023668131866474529
ITIncident:49440,0,3732739890878796931
ITIncident:49450,2,2524280347422130441
ITIncident:49455,0,18323746845369734662
ITIncident:49458,2,2318166719152256787
ITIncident:49462,2,13609440404668315939
ITIncident:49469,2,5939595466849363809
ITIncident:49473,2,16801081454882173806
ITIncident:49505,2,17888634719366246476
ITIncident:49509,2,15953683947044734627
ITIncident:49513,2,15953683947044734627
ITIncident:49518,2,11638094673332741544
ITIncident:49527,2,14375547288023457234
ITIncident:49532,2,1362654483918743750
ITIncident:49537,2,4241956265504508235
ITIncident:49541,2,3850495050273327655
ITIncident:49543,2,4329072917488472939
ITIncident:49551,2,16493611408135056509
ITIncident:49556,2,13837078808238712161
ITIncident:49561,0,1610680339034227373
ITIncident:49564,2,5320153363347659117
ITIncident:49572,0,9543410566532442029
ITIncident:49576,2,897322217562245892
ITIncident:49584,0,8464978865275357058
ITIncident:49586,2,1074412830650858347
ITIncident:49596,2,17870387842194049511
ITIncident:49599,2,17863598872396832242
ITIncident:49605,2,5933568158752288393
ITIncident:49607,2,15237301139014346805
ITIncident:49609,2,15844792606388248673
ITIncident:49615,2,3953714310736898921
ITIncident:49622,2,2146427078451171857
ITIncident:49627,2,14181401393659142890
ITIncident:49630,1,13907320440570291453
ITIncident:49632,2,2393283399991246650
ITIncident:49634,1,4649367865911468111
ITIncident:49636,1,5515005974479059591
ITIncident:49641,2,15106494880314544603
ITIncident:49647,2,16351821919687978337
ITIncident:49649,1,17415543075242652528
ITIncident:49651,1,17415543075242652528
ITIncident:49653,1,17415543075242652528
ITIncident:49655,1,17415543075242652528
ITIncident:49657,1,17415543075242652528
ITIncident:49659,1,17415543075242652528
ITIncident:49661,1,17415543075242652528
ITIncident:49663,1,17415543075242652528
ITIncident:49671,2,3452829541875020387
ITIncident:49676,2,1735585832687832865
ITIncident:49678,1,9754388503805422485
ITIncident:49680,1,17415543075242652528
ITIncident:49684,2,7376521878644242452
ITIncident:49686,2,11859186153032159539
ITIncident:49694,2,4126536255148024924
ITIncident:49696,1,17415543075242652528
ITIncident:49707,2,2685238921288673161
ITIncident:49712,2,3822505362426287374
ITIncident:49717,2,17676264387905967872
ITIncident:49720,2,17923149777136964216
ITIncident:49722,2,10538990098194470142
ITIncident:49725,2,3611741532010951878
ITIncident:49729,2,11736811556474757168
ITIncident:49732,2,2613007622536025887
ITIncident:49734,2,14595129147341132965
ITIncident:49738,2,7423285890584579203
ITIncident:49741,2,1396213510530255009
ITIncident:49744,2,5360330150474931545
ITIncident:49748,2,7764214386395421892
ITIncident:49752,2,4340123948792790246
ITIncident:49758,2,7305178681101668717
ITIncident:49761,2,12312698558845797887
ITIncident:49764,2,3081479852638945825
ITIncident:49767,2,13671702094733656956
ITIncident:49769,2,1817197266984229768
ITIncident:49783,2,12358906558048560154
ITIncident:49797,2,6228201902532093928
ITIncident:49799,2,15700050980871181311
ITIncident:49802,2,18443153567365137614
ITIncident:49811,2,2413689904590702051
ITIncident:49830,2,11147046824240881607
ITIncident:49833,2,14118106934037000573
ITIncident:49840,2,16555477669226062666
ITIncident:49847,2,6568638099196263155
ITIncident:49851,2,421679701633615330
ITIncident:49857,0,13450088253878088308
ITIncident:49870,2,918049459478449599
ITIncident:49873,2,6017551543829356259
ITIncident:49875,1,16585968195929608290
ITIncident:49882,2,10286613745994672131
ITIncident:49886,2,12729437775997761882
ITIncident:49888,2,17960333410042419872
ITIncident:49891,2,13578692004536819552
ITIncident:49897,2,3198634401692752266
ITIncident:49901,2,17994377752441030592
ITIncident:49904,2,3086691745798786721
ITIncident:49908,2,17199627142967943944
ITIncident:49912,2,3496338186111970553
ITIncident:49914,2,16289477867812269351
ITIncident:49918,2,13609440404668315939
ITIncident:49921,2,12018066024963237874
ITIncident:49928,2,17201735232679972660
ITIncident:49930,2,15193059156862047390
ITIncident:49933,2,15691528480489960228
ITIncident:49948,2,9737795994753779459
ITIncident:49950,2,10538990098194470142
ITIncident:49954,2,9249484764725948084
ITIncident:49956,2,9030912022697732707
ITIncident:49964,2,5693387429305882881
ITIncident:49970,2,1285679067289196194
ITIncident:49978,2,1224321192813820034
ITIncident:49982,2,1067091021443369198
ITIncident:49985,2,16722913326170480828
ITIncident:49989,2,9854470115984016068
ITIncident:49992,2,17923149777136964216
ITIncident:49996,2,12246556505166521451
ITIncident:50003,2,8213803929572582553
ITIncident:50007,2,9854470115984016068
ITIncident:50010,2,5053849364629316197
ITIncident:50013,2,12246556505166521451
ITIncident:50016,2,12246556505166521451
ITIncident:50019,2,12246556505166521451
ITIncident:50022,2,1841215010813629914
ITIncident:50026,2,12246556505166521451
ITIncident:50030,2,7346186759226332214
ITIncident:50039,2,12882493006232947403
ITIncident:50044,2,13988599814206209655
ITIncident:50048,2,421679701633615330
ITIncident:50051,2,4948565937945971902
ITIncident:50054,2,4948565937945971902
ITIncident:50058,2,11721475683156375760
ITIncident:50060,2,16461242220797832151
ITIncident:50066,2,14687553393804667623
ITIncident:50070,2,1053277698088307950
ITIncident:50074,2,14538469978577739242
ITIncident:50076,2,15700050980871181311
ITIncident:50080,2,12246556505166521451
ITIncident:50085,2,4495447350856316472
ITIncident:50092,2,7278084537906962793
ITIncident:50095,2,13671702094733656956
ITIncident:50098,2,12246556505166521451
ITIncident:50101,2,1391816598293042819
ITIncident:50107,2,5937327770558168983
ITIncident:50110,2,12246556505166521451
ITIncident:50113,2,12246556505166521451
ITIncident:50119,2,8855000493703333887
ITIncident:50122,2,13988599814206209655
ITIncident:50125,2,13988599814206209655
ITIncident:50128,2,10909153382405569829
ITIncident:50131,2,10909153382405569829
ITIncident:50133,2,1717042000845641429
ITIncident:50145,2,1593607671054587972
ITIncident:50147,2,3418767471197891926
ITIncident:50168,2,11458462160568038195
ITIncident:50172,2,6654139773918249321
ITIncident:50175,2,12246556505166521451
ITIncident:50178,2,7817486685362024232
ITIncident:50183,2,6803602481969504923
ITIncident:50187,2,4685114179931574029
ITIncident:50192,2,18356138366325840777
ITIncident:50199,2,16399806840373868151
ITIncident:50205,2,532036849120527368
ITIncident:50209,2,3496338186111970553
ITIncident:50217,2,4710331224675473363
ITIncident:50222,2,6957511989003874365
ITIncident:50225,2,9357218854664831749
ITIncident:50244,0,4751204954074905744
ITIncident:50247,2,14981695149884073349
ITIncident:50257,2,13713406780410484472
ITIncident:50270,2,17645652778049698032
ITIncident:50273,2,17134692369851968539
ITIncident:50276,2,17923149777136964216
ITIncident:50279,2,5651313983145445138
ITIncident:50290,2,583968146669299494
ITIncident:50292,2,15700050980871181311
ITIncident:50294,2,16639151066964951054
ITIncident:50302,2,12217883961240382915
ITIncident:50305,2,13671702094733656956
ITIncident:50307,2,13558822217469815122
ITIncident:50313,2,4421734300027935509
ITIncident:50317,2,1133879260562910819
ITIncident:50322,2,8738208578332362897
ITIncident:50326,2,1133879260562910819
ITIncident:50328,2,15767052140887253720
ITIncident:50332,2,2368389250213309478
ITIncident:50335,2,3110909873064524045
ITIncident:50337,2,3582881113766432677
ITIncident:50340,2,2941048360625129140
ITIncident:50347,2,16022321483036045788
ITIncident:50351,2,14793077449074777880
ITIncident:50354,1,2072319964246530823
ITIncident:50358,1,17449188227514436176
ITIncident:50362,2,12246556505166521451
ITIncident:50365,2,12246556505166521451
ITIncident:50373,2,6606368113803050087
ITIncident:50378,2,17559308548742008105
ITIncident:50380,2,1717042000845641429
ITIncident:50384,2,12246556505166521451
ITIncident:50387,2,2981843579813138923
ITIncident:50391,2,482808646632695986
ITIncident:50394,2,10909153382405569829
ITIncident:50398,2,12246556505166521451
ITIncident:50401,2,12246556505166521451
ITIncident:50404,2,12246556505166521451
ITIncident:50407,2,12246556505166521451
ITIncident:50410,2,13988599814206209655
ITIncident:50413,2,12246556505166521451
ITIncident:50417,2,482808646632695986
ITIncident:50421,2,12246556505166521451
ITIncident:50427,2,16304631622251481865
ITIncident:50430,2,11067244711868929362
ITIncident:50436,2,6880263208234923734
ITIncident:50441,2,8574468278420240337
ITIncident:50444,2,10909153382405569829
ITIncident:50449,2,17453988087008752257
ITIncident:50454,2,524379625000670854
ITIncident:50464,0,4048124818424501709
ITIncident:50466,2,3582881113766432677
ITIncident:50469,2,16649078635863525217
ITIncident:50472,2,1818354946605286282
ITIncident:50476,2,13032349234628589391
ITIncident:50478,2,13558822217469815122
ITIncident:50480,2,2677273644134723372
ITIncident:50493,2,2923539586754091481
ITIncident:50495,2,7939802250953104428
ITIncident:50497,2,11228102524146370550
ITIncident:50499,2,10538990098194470142
ITIncident:50501,2,4570434040466591833
ITIncident:50503,2,7852036803732671903
ITIncident:50505,2,5635692667610745863
ITIncident:50508,2,12161551437173036798
ITIncident:50511,2,6510675725759131472
ITIncident:50513,2,15844792606388248673
ITIncident:50527,2,10404666447303905878
ITIncident:50531,2,2602253249707559195
ITIncident:50534,2,17623255578832961462
ITIncident:50541,2,17458851658099067872
ITIncident:50545,2,16342854297218084063
ITIncident:50555,2,4944999347047167032
ITIncident:50557,2,14595129147341132965
ITIncident:50561,1,9797854002384365914
ITIncident:50565,2,6139302033615853947
ITIncident:50567,2,15700050980871181311
ITIncident:50571,2,5465959229639361382
ITIncident:50574,2,9249293981459253177
ITIncident:50579,2,10601824799651425404
ITIncident:50585,2,1076621622506634586
ITIncident:50588,2,14764244526946976206
ITIncident:50591,2,8019416891269177380
ITIncident:50597,2,15427283383965383654
ITIncident:50600,2,12246556505166521451
ITIncident:50603,2,1762588527951697538
ITIncident:50606,2,12246556505166521451
ITIncident:50609,2,12246556505166521451
ITIncident:50612,2,12246556505166521451
ITIncident:50615,2,8609218703554240023
ITIncident:50619,2,12246556505166521451
ITIncident:50625,2,5118786291808796642
ITIncident:50636,2,12383670841096351781
ITIncident:50642,2,10033192739434884119
ITIncident:50652,2,14936300625329259980
ITIncident:50657,2,11088827453302119875
ITIncident:50661,2,12246556505166521451
ITIncident:50667,2,13833176830632021628
ITIncident:50669,2,15767052140887253720
ITIncident:50673,2,7994095326268755608
ITIncident:50676,2,9141543725527778207
ITIncident:50683,2,16686305005203765257
ITIncident:50688,2,8547348007436459873
ITIncident:50699,2,12113804088869179636
ITIncident:50714,2,2408819282084456000
ITIncident:50718,2,1212985758096561241
ITIncident:50727,2,7785926021034993740
ITIncident:50731,2,12018066024963237874
ITIncident:50743,2,7349971449450069256
ITIncident:50750,2,4695595898878644085
ITIncident:50752,2,17512328303971389112
ITIncident:50757,2,1232008874540791649
ITIncident:50759,2,18342654463097959522
ITIncident:50766,2,12767985343941048945
ITIncident:50771,2,9476292703815398321
ITIncident:50773,2,10284753307493115494
ITIncident:50775,2,15700050980871181311
ITIncident:50783,2,16439123210003907291
ITIncident:50786,2,6644498415640042999
ITIncident:50816,2,10092800308810128458
ITIncident:50823,0,11029311821208426116
ITIncident:50827,2,265237875021224909
ITIncident:50832,2,15961682103054604214
ITIncident:50838,2,12010879692133456638
ITIncident:50840,2,5635692667610745863
ITIncident:50842,2,3582881113766432677
ITIncident:50847,2,1372590521760413756
ITIncident:50850,2,9461847028721391878
ITIncident:50858,2,17441831957017300205
ITIncident:50865,2,14790607599157140478
ITIncident:50868,2,18045922525672642303
ITIncident:50874,2,14670956806142956335
ITIncident:50876,2,1761484498738387395
ITIncident:50878,2,4307829015247604915
ITIncident:50880,2,10538990098194470142
ITIncident:50884,2,11412659972198753152
ITIncident:50889,2,14863800421995830480
ITIncident:50895,2,8731156440423276476
ITIncident:50900,2,16590854645852770614
ITIncident:50903,2,13671702094733656956
ITIncident:50907,2,13809623705640234894
ITIncident:50917,2,2330331306277090411
ITIncident:50919,2,11295507109553704623
ITIncident:50926,2,10968114722682691831
ITIncident:50931,2,3250833296081089679
ITIncident:50933,2,6352084089208529275
ITIncident:50936,2,16479043657205106744
ITIncident:50938,2,4649367865911468111
ITIncident:50940,2,15748633012882175727
ITIncident:50942,2,3582881113766432677
ITIncident:50944,2,15247542096022240057
ITIncident:50961,2,14364166028123244372
ITIncident:50963,2,11827734166516874734
ITIncident:50967,2,8505851926716846404
ITIncident:50974,2,17170349911696369038
ITIncident:50979,2,4053323895329937247
ITIncident:50982,2,17923149777136964216
ITIncident:50985,2,16095716458525359971
ITIncident:50992,2,12055958216181940602
ITIncident:50995,2,16368648713697560603
ITIncident:50998,2,18036375337265419046
ITIncident:51001,2,9249293981459253177
ITIncident:51011,2,1838762474166967261
ITIncident:51014,2,14818660267643010709
ITIncident:51018,2,5014510500219401468
ITIncident:51024,2,5586240579408880865
ITIncident:51034,2,2696502426993895768
ITIncident:51038,2,12246556505166521451
ITIncident:51044,2,10482484850964531849
ITIncident:51046,2,353497117084002177
ITIncident:51055,1,1077972838663836186
ITIncident:51057,2,12301079670946749222
ITIncident:51066,2,5641407389441147996
ITIncident:51071,2,12190164080326128778
ITIncident:51077,2,12492794297247956999
ITIncident:51085,2,4230572010651894092
ITIncident:51088,2,4948565937945971902
ITIncident:51090,2,5076513137175401787
ITIncident:51102,2,1296963971277282078
ITIncident:51111,2,13966211787427179250
ITIncident:51115,2,12246556505166521451
ITIncident:51120,2,17917857289785621138
ITIncident:51129,2,16189932367925114899
ITIncident:51135,2,4337972083792414688
ITIncident:51141,2,2179324146517573531
ITIncident:51150,2,941621901720504857
ITIncident:51159,2,18254715881080077936
ITIncident:51163,2,12213063131929983445
ITIncident:51176,2,8772297019136460786
ITIncident:51178,2,5408694821547344994
ITIncident:51189,2,6204649719847060073
ITIncident:51192,1,8198162063033464436
ITIncident:51199,2,2309409276440178214
ITIncident:51206,2,16982029793084338125
ITIncident:51211,2,7395889689286254850
ITIncident:51213,2,5408694821547344994
ITIncident:51217,2,5667816536155853537
ITIncident:51224,2,9915590368935610671
ITIncident:51229,2,8175111590726376028
ITIncident:51234,2,17041788397758066069
ITIncident:51239,2,13016678565771190653
ITIncident:51245,2,2930936331442455445
ITIncident:51247,2,6534675013705408589
ITIncident:51254,2,3953714310736898921
ITIncident:51257,2,4818606107957851150
ITIncident:51261,2,5680412218439078100
ITIncident:51273,1,15523670868734800006
ITIncident:51286,2,408577474907604723
ITIncident:51296,2,13850164104416515972
ITIncident:51301,2,13910484491465225097
ITIncident:51305,2,11982304172157271250
ITIncident:51310,2,12309705615968914585
ITIncident:51315,2,14783840396950663991
ITIncident:51319,2,2709757731775230250
ITIncident:51323,2,11525366166472512465
ITIncident:51338,2,3175208707577755561
ITIncident:51351,2,3448486976930146305
ITIncident:51357,2,2103744722680954600
ITIncident:51359,2,2864401080859943676
ITIncident:51366,1,9681444917691001966
ITIncident:51373,2,15309668044007343981
ITIncident:51375,2,17415543075242652528
ITIncident:51381,2,12913254551306954808
ITIncident:51389,1,9251208606307361233
ITIncident:51398,2,8823948349360601396
ITIncident:51403,2,9315748026187325988
ITIncident:51406,2,18210978020172008273
ITIncident:51413,2,12005057952913493863
ITIncident:51426,0,7400365041696359072
ITIncident:51429,2,12246556505166521451
ITIncident:51432,2,9802841364677536934
ITIncident:51438,2,9905869124817994416
ITIncident:51440,2,6352084089208529275
ITIncident:51442,2,11859186153032159539
ITIncident:51445,2,12246556505166521451
ITIncident:51453,2,16931081242055863157
ITIncident:51464,2,7525103700848141222
ITIncident:51467,2,180806663613916093
ITIncident:51470,2,1762588527951697538
ITIncident:51472,2,14595129147341132965
ITIncident:51479,0,7576399363584555887
ITIncident:51481,2,15844792606388248673
ITIncident:51484,2,180806663613916093
ITIncident:51490,2,14898965753159588342
ITIncident:51493,2,9249293981459253177
ITIncident:51495,2,3652434914731890968
ITIncident:51505,2,12575547321118585075
ITIncident:51508,2,12246556505166521451
ITIncident:51519,2,9426149211447723678
ITIncident:51526,2,5783133069538332660
ITIncident:51535,2,10205400258410169070
ITIncident:51541,2,7878912785068837141
ITIncident:51544,2,14364746854493383972
ITIncident:51550,0,4766197873387833458
ITIncident:51559,2,11924182969340749490
ITIncident:51561,2,3582881113766432677
ITIncident:51563,2,7324578592452156789
ITIncident:51568,2,841717486107107160
ITIncident:51580,2,11862267422513763631
ITIncident:51585,2,16148111933009098949
ITIncident:51589,0,8853027842632136240
ITIncident:51594,2,16148111933009098949
ITIncident:51602,2,202380212622930935
ITIncident:51604,2,7866398127594921580
ITIncident:51607,2,12551844557543095944
ITIncident:51610,2,13988599814206209655
ITIncident:51618,2,16372105138410854335
ITIncident:51621,2,2155087401366933124
ITIncident:51626,2,15844864115970439521
ITIncident:51633,2,5141205020296962830
ITIncident:51636,2,14308461358152788757
ITIncident:51645,2,14287327909054219900
ITIncident:51650,2,14234455537976765528
ITIncident:51655,2,18350799629220296972
ITIncident:51660,2,9660169980964839218
ITIncident:51667,2,17936095399374831061
ITIncident:51676,2,11963419809938751148
ITIncident:51685,1,13912127326693304419
ITIncident:51694,2,2016458338515405144
ITIncident:51700,2,15362529699419569631
ITIncident:51708,2,12843423003738966015
ITIncident:51713,2,17924904969459171769
ITIncident:51724,2,5070440486482823607
ITIncident:51728,2,5350891792655553243
ITIncident:51755,2,17479856748236259565
ITIncident:51757,2,17363183027667828775
ITIncident:51760,2,13988599814206209655
ITIncident:51765,2,3936556762042844055
ITIncident:51773,2,4255752671548811846
ITIncident:51784,2,1170266244061045118
ITIncident:51786,2,4859259602742681635
ITIncident:51792,2,13282752172403525671
ITIncident:51795,2,9319611564465620847
ITIncident:51800,2,1405057656176552574
ITIncident:51809,2,16812187361684954133
ITIncident:51814,2,17824871708493019843
ITIncident:51820,2,9473746788586458388
ITIncident:51822,2,18255120663726539349
ITIncident:51826,2,6622158342059709548
ITIncident:51831,2,11336464888189203535
ITIncident:51837,2,15619940379823527595
ITIncident:51840,2,12246556505166521451
ITIncident:51854,2,7803742969657101535
ITIncident:51858,2,14457706217586620813
ITIncident:51861,2,6014149984344757861
ITIncident:51865,2,12246556505166521451
ITIncident:51869,2,1922189460147433979
ITIncident:51874,2,10354611812954491864
ITIncident:51886,2,6874327316336088188
ITIncident:51888,2,7779943221785421821
ITIncident:51891,2,14183150970835224874
ITIncident:51895,2,9920191617083088514
ITIncident:51900,2,15297861187421907573
ITIncident:51912,2,10424026876886085675
ITIncident:51918,2,18421380492577137368
ITIncident:51940,2,13757641517319208505
ITIncident:51946,2,6124060272676965722
ITIncident:51948,2,17415543075242652528
ITIncident:51955,2,2885727849617778039
ITIncident:51957,2,11332670109076977432
ITIncident:51959,2,7038461372822986410
ITIncident:51968,1,11299465384240620607
ITIncident:51976,2,14016046954668046101
ITIncident:51978,2,17042940470083455458
ITIncident:51984,2,741968608216144520
ITIncident:51989,2,14831198148895434335
ITIncident:51994,2,17325073649935438429
ITIncident:51996,2,3582881113766432677
ITIncident:52002,2,7784211744427064306
ITIncident:52005,2,4684422493639302255
ITIncident:52007,2,7056428561785611992
ITIncident:52012,2,17098347636589233072
ITIncident:52021,2,18184454871620715954
ITIncident:52028,2,10286613745994672131
ITIncident:52030,2,18231874817404545465
ITIncident:52032,2,7250886135376056917
ITIncident:52035,2,5651313983145445138
ITIncident:52038,2,7539463357808188710
ITIncident:52041,2,2059615406553014956
ITIncident:52045,2,11495711391599572311
ITIncident:52047,2,12972064271270548531
ITIncident:52050,2,9544601730904359586
ITIncident:52060,2,15925798070056083916
ITIncident:52068,2,17955173633113636327
ITIncident:52077,2,12766729872733271919
ITIncident:52083,2,4400931746786327602
ITIncident:52092,1,12991780489325072946
ITIncident:52101,2,14395010721353397784
ITIncident:52107,2,1591063624978297694
ITIncident:52115,2,4552672428918662251
ITIncident:52117,2,12255131803256818561
ITIncident:52128,2,13130661685213081440
ITIncident:52132,2,14767756116535304102
ITIncident:52136,2,2832982882816690546
ITIncident:52139,1,7905480602934059517
ITIncident:52142,1,1626102897629726186
ITIncident:52144,2,17415543075242652528
ITIncident:52148,2,326094551514189695
ITIncident:52153,2,9633937524984053231
ITIncident:52156,2,9715298958662364183
ITIncident:52172,2,81688628691174394
ITIncident:52176,2,10460026737764249657
ITIncident:52182,2,1448205929676990302
ITIncident:52185,2,14810012699290640123
ITIncident:52192,2,11639447911507884113
ITIncident:52198,2,2248456671661448302
ITIncident:52217,2,13017230050923083017
ITIncident:52220,2,1144266543221875857
ITIncident:52225,2,4386873753195437004
ITIncident:52230,2,12378217799392737981
ITIncident:52240,2,2437014830740634537
ITIncident:52243,2,2297101060979515613
ITIncident:52251,2,1548433347649560913
ITIncident:52253,2,13626246250964675696
ITIncident:52262,2,8071086447964884379
ITIncident:52268,2,16059079530992553473
ITIncident:52273,2,12315267576827646361
ITIncident:52277,2,9023464314434034506
ITIncident:52279,2,6020376750250784710
ITIncident:52284,2,11169096508908410744
ITIncident:52288,2,15479468941469135404
ITIncident:52292,2,5579107009083418
ITIncident:52308,2,14796074432688368610
ITIncident:52313,2,2757319850811992018
ITIncident:52316,2,7408842445688912480
ITIncident:52322,2,14930929781187816740
ITIncident:52335,2,12728934199669638087
ITIncident:52343,2,17444329100405859243
ITIncident:52345,2,15700050980871181311
ITIncident:52348,2,590016482873867407
ITIncident:52352,2,2796681850147963724
ITIncident:52358,2,13699939132723971713
ITIncident:52360,2,15700050980871181311
ITIncident:52369,2,7508408306768550237
ITIncident:52376,2,2052817123891094326
ITIncident:52382,2,16435455493345986853
ITIncident:52384,2,10969682320167178100
ITIncident:52387,2,9249293981459253177
ITIncident:52393,2,10696486046863862139
ITIncident:52402,1,16393680721794369583
ITIncident:52408,2,16110558976679718309
ITIncident:52417,2,8094117723081277127
ITIncident:52420,2,13793519998764738858
ITIncident:52422,2,16784882850380449869
ITIncident:52424,2,13788586466199815948
ITIncident:52429,2,5074939932259416345
ITIncident:52432,2,6600549105739382788
ITIncident:52439,2,6368009541798128051
ITIncident:52444,2,17008467674363099264
ITIncident:52456,2,18394077376129074464
ITIncident:52458,2,466419656483439831
ITIncident:52465,2,2495795854362528745
ITIncident:52470,2,4020642749830338949
ITIncident:52473,2,8649749552553507237
ITIncident:52475,2,1869904479513687889
ITIncident:52478,2,18070016740401635063
ITIncident:52487,2,15037750263606035916
ITIncident:52494,2,3250833296081089679
ITIncident:52498,2,4227854912522215775
ITIncident:52505,2,14292178406538153352
ITIncident:52508,2,9249293981459253177
ITIncident:52510,2,15193059156862047390
ITIncident:52512,2,1872872578510579812
ITIncident:52514,2,7866398127594921580
ITIncident:52517,2,2369134139554927280
ITIncident:52528,2,7111080685500594766
ITIncident:52530,2,1783779007387769918
ITIncident:52532,2,7866398127594921580
ITIncident:52535,2,6919590779275133607
ITIncident:52545,2,6086287808405008338
ITIncident:52553,0,8421309784969078985
ITIncident:52557,2,2723480397707590957
ITIncident:52560,2,2546505865910744390
ITIncident:52566,2,18152117344595746199
ITIncident:52568,2,16413723610591773452
ITIncident:52570,2,15247542096022240057
ITIncident:52578,2,11600583001415571846
ITIncident:52584,2,8331545483365803666
ITIncident:52587,2,17009910223604022382
ITIncident:52594,2,5204273736348814478
ITIncident:52598,2,10354611812954491864
ITIncident:52600,2,16955492363967442190
ITIncident:52609,2,516269912242238148
ITIncident:52611,2,2965980669171301251
ITIncident:52614,2,16479043657205106744
ITIncident:52620,2,8660631328585060940
ITIncident:52624,2,16409402124039360568
ITIncident:52626,2,16413723610591773452
ITIncident:52631,2,5433081970455200261
ITIncident:52633,2,5408694821547344994
ITIncident:52636,2,1818354946605286282
ITIncident:52643,2,13615299501196100743
ITIncident:52649,2,8247576471895926271
ITIncident:52655,2,8117024197828825376
ITIncident:52666,2,9806942473884942262
ITIncident:52669,2,8006217188639152136
ITIncident:52672,2,8198162063033464436
ITIncident:52676,2,14797021370663669563
ITIncident:52678,2,4481051044771418597
ITIncident:52683,2,4739034013597160702
ITIncident:52685,2,15700050980871181311
ITIncident:52687,2,7866398127594921580
ITIncident:52692,2,16579143268219353922
ITIncident:52695,2,18094616063087328053
ITIncident:52706,2,9936663312646525830
ITIncident:52711,2,7617259431151321860
ITIncident:52716,2,813789804035808666
ITIncident:52729,2,5251095895587091574
ITIncident:52736,2,11648269090132707067
ITIncident:52740,2,384800702320879402
ITIncident:52742,2,7866398127594921580
ITIncident:52744,2,17415543075242652528
ITIncident:52750,0,13250763341969644518
ITIncident:52759,2,4935524488023882175
ITIncident:52766,2,10412613506008755184
ITIncident:52768,2,1869904479513687889
ITIncident:52777,2,12926633078992510513
ITIncident:52784,2,5180473530280445633
ITIncident:52790,2,10646601182346086075
ITIncident:52792,2,8137718717150631838
ITIncident:52806,2,2057095804029255593
ITIncident:52810,2,16118183487501948516
ITIncident:52812,2,17415543075242652528
ITIncident:52817,2,8196213440950853677
ITIncident:52821,2,17681574885869926832
ITIncident:52823,2,3418767471197891926
ITIncident:52828,2,9768876348019357312
ITIncident:52833,2,14753001638451611850
ITIncident:52835,2,15700050980871181311
ITIncident:52841,2,15412193656006919860
ITIncident:52843,2,3085668576063972423
ITIncident:52848,2,4457233838124184046
ITIncident:52857,2,14586785639015384540
ITIncident:52861,2,8085886325975756565
ITIncident:52863,2,7472588573698696038
ITIncident:52865,2,13381772329686612318
ITIncident:52872,2,7904651029012751721
ITIncident:52882,2,12063971794630939765
ITIncident:52884,2,15767052140887253720
ITIncident:52904,2,6753909398388383263
ITIncident:52910,2,5286393473104734859
ITIncident:52912,2,12127488601715941570
ITIncident:52916,2,14917207995720937332
ITIncident:52918,2,13870955728905071352
ITIncident:52926,2,47055925397282073
ITIncident:52930,2,13543433661198577441
ITIncident:52932,2,3238570935802038189
ITIncident:52934,2,233093250463855517
ITIncident:52936,2,11973254794992479412
ITIncident:52941,2,972600360085246541
ITIncident:52950,2,16209274058019343287
ITIncident:52953,2,3416632957455039849
ITIncident:52965,2,13486236961080147514
ITIncident:52972,2,8475018373496201365
ITIncident:52976,2,4026664395675299165
ITIncident:52980,2,14987702106818394745
ITIncident:52982,2,16413723610591773452
ITIncident:52992,1,7189155495994414619
ITIncident:52997,2,7095888409989822052
ITIncident:52999,2,1869904479513687889
ITIncident:53004,2,1525323448325392060
ITIncident:53012,2,14654084427985603821
ITIncident:53014,2,1869904479513687889
ITIncident:53021,2,6841377950771059707
ITIncident:53037,2,10424547796074147758
ITIncident:53045,2,7251657393621928886
ITIncident:53052,2,18008148740595289067
ITIncident:53058,2,10737693828698873149
ITIncident:53070,2,18159477295751628139
ITIncident:53078,2,12865146682764600336
ITIncident:53080,2,4649367865911468111
ITIncident:53085,2,12536482555712353537
ITIncident:53091,2,4673904858947805025
ITIncident:53094,2,2625409485919126405
ITIncident:53097,2,3685604037501696338
ITIncident:53101,2,18029533280634257093
ITIncident:53105,2,8332193507087572357
ITIncident:53118,2,12794681126592875865
ITIncident:53120,2,10469564681133157884
ITIncident:53132,2,12046813906852886826
ITIncident:53135,2,4469701921650845453
ITIncident:53144,2,3448080837122333009
ITIncident:53150,2,10479396825873831796
ITIncident:53157,2,6225182225290002732
ITIncident:53165,2,9355929958217859524
ITIncident:53170,2,14519281500776035283
ITIncident:53176,2,17645283597978802094
ITIncident:53178,2,10132283220960026843
ITIncident:53183,2,5566382437239940086
ITIncident:53188,2,5162767938840399779
ITIncident:53191,2,8782177841218643685
ITIncident:53202,2,9481973011962934874
ITIncident:53212,2,15434504409131516026
ITIncident:53214,2,16525323248680921693
ITIncident:53224,2,7380248503050602963
ITIncident:53227,2,10667952289055779562
ITIncident:53238,2,8054988232702170731
ITIncident:53243,2,11335569883763312705
ITIncident:53249,2,4155643190308978352
ITIncident:53265,2,8023185664079074087
ITIncident:53271,2,3705086887918153065
ITIncident:53274,2,17195218392646126486
ITIncident:53276,2,12549941534002666700
ITIncident:53289,2,8565067847779797693
ITIncident:53291,2,15237301139014346805
ITIncident:53294,2,3081479852638945825
ITIncident:53302,2,10964795465141332095
ITIncident:53311,2,16660592020543626417
ITIncident:53321,0,12398045373547561945
ITIncident:53324,2,3953136569964579634
ITIncident:53329,2,11684207669251041101
ITIncident:53338,2,1442867048694249541
ITIncident:53341,2,15777731366497412576
ITIncident:53345,2,12785303303682324702
ITIncident:53349,2,3288156911838640699
ITIncident:53353,2,12026885907260487369
ITIncident:53355,2,17415543075242652528
ITIncident:53365,2,11467041462000699248
ITIncident:53373,0,1379590732213595920
ITIncident:53376,2,12566513415925253793
ITIncident:53379,2,12566513415925253793
ITIncident:53382,2,12566513415925253793
ITIncident:53385,2,12566513415925253793
ITIncident:53389,2,2101271364134543389
ITIncident:53392,2,13070170326076299398
ITIncident:53396,2,12566513415925253793
ITIncident:53407,2,12167598412198464145
ITIncident:53411,2,12566513415925253793
ITIncident:53413,2,1593658333253410815
ITIncident:53420,2,13499718128356198821
ITIncident:53423,2,9249293981459253177
ITIncident:53425,2,10538990098194470142
ITIncident:53431,2,2946087622870460423
ITIncident:53435,2,13609440404668315939
ITIncident:53437,2,7163876846915199910
ITIncident:53439,2,11403570636461329617
ITIncident:53443,2,11737544259788115290
ITIncident:53447,2,12566513415925253793
ITIncident:53452,2,17676264387905967872
ITIncident:53463,2,6149955539057069461
ITIncident:53467,2,7549049513377579352
ITIncident:53469,2,5408694821547344994
ITIncident:53474,2,10354611812954491864
ITIncident:53480,2,1755263025313174437
ITIncident:53491,2,1075439471784905392
ITIncident:53495,2,12213063131929983445
ITIncident:53499,2,794001284935133541
ITIncident:53502,1,16479043657205106744
ITIncident:53507,2,16063988041522414959
ITIncident:53519,2,4304193619149043663
ITIncident:53534,2,3577694622823401025
ITIncident:53542,0,10158881659750527776
ITIncident:53544,2,5986211597641224188
ITIncident:53549,2,5877434987886768130
ITIncident:53553,2,9160015412473020565
ITIncident:53555,2,1869904479513687889
ITIncident:53564,2,3673789099666927234
ITIncident:53569,2,10354611812954491864
ITIncident:53572,2,1396213510530255009
ITIncident:53576,2,18074557597689065311
ITIncident:53578,2,16073630828354469823
ITIncident:53584,2,13298477469313486154
ITIncident:53589,2,4986820536799493562
ITIncident:53596,2,15076859221907653197
ITIncident:53599,2,17894038244196264426
ITIncident:53604,2,15320221495261859128
ITIncident:53608,2,4929634736019947042
ITIncident:53611,2,8107192033073963224
ITIncident:53613,2,16461242220797832151
ITIncident:53615,2,17512328303971389112
ITIncident:53618,2,16577385724398190482
ITIncident:53620,2,16433880834500444166
ITIncident:53626,2,1343067262446399574
ITIncident:53629,2,12566513415925253793
ITIncident:53638,2,10168362572387084633
ITIncident:53640,2,17415543075242652528
ITIncident:53648,2,9410504150360776054
ITIncident:53651,2,15740620611146833109
ITIncident:53658,2,16659317811772116831
ITIncident:53662,2,3781437935905042474
ITIncident:53668,2,621455136010224708
ITIncident:53670,2,2583553231233706832
ITIncident:53672,2,1869904479513687889
ITIncident:53677,2,7140437583489958048
ITIncident:53682,2,11195714941995869812
ITIncident:53685,2,12566513415925253793
ITIncident:53689,2,8113529957225976806
ITIncident:53691,2,1869904479513687889
ITIncident:53694,2,12566513415925253793
ITIncident:53699,2,11249750614091890096
ITIncident:53701,2,12779172824378653196
ITIncident:53703,2,17415543075242652528
ITIncident:53707,2,3328002151640830982
ITIncident:53710,2,4838668988133220141
ITIncident:53715,2,9006163644946236965
ITIncident:53717,2,5415116056967740440
ITIncident:53722,2,7661346390765985407
ITIncident:53726,2,4026664395675299165
ITIncident:53734,2,14072023944299474013
ITIncident:53737,2,12566513415925253793
ITIncident:53740,2,4838668988133220141
ITIncident:53746,2,11638094673332741544
ITIncident:53755,0,17629966506558708808
ITIncident:53761,2,17325550325187382749
ITIncident:53773,2,16011350897655827897
ITIncident:53777,2,8005327405183681666
ITIncident:53783,2,4494566304368260961
ITIncident:53785,2,928565737261567267
ITIncident:53799,2,5129072963625968042
ITIncident:53803,0,10757379813676524464
ITIncident:53805,2,17415543075242652528
ITIncident:53808,2,11968677353170431547
ITIncident:53817,2,14637682348316633255
ITIncident:53823,2,17841449938866797394
ITIncident:53825,2,10444145268950051319
ITIncident:53827,2,11396021888356280603
ITIncident:53829,2,9961528955954146731
ITIncident:53832,1,5151429479029678215
ITIncident:53837,2,11195714941995869812
ITIncident:53846,2,12144481217363017796
ITIncident:53852,2,2946087622870460423
ITIncident:53855,2,5579489666467677631
ITIncident:53858,2,16606649391128803132
ITIncident:53875,2,14510682374413627154
ITIncident:53877,2,16413723610591773452
ITIncident:53880,2,18052847786033959114
ITIncident:53884,2,13299982924412538143
ITIncident:53886,2,6432509646146316828
ITIncident:53894,2,581230623957183103
ITIncident:53900,2,7305178681101668717
ITIncident:53902,2,14595129147341132965
ITIncident:53905,2,13793519998764738858
ITIncident:53915,2,5705385727466674275
ITIncident:53928,2,15937977313376639432
ITIncident:53934,2,366932445590363639
ITIncident:53944,2,7710857069296473232
ITIncident:53948,2,12091921840132568648
ITIncident:53952,2,4026664395675299165
ITIncident:53961,2,6304936471307046502
ITIncident:53967,2,4938086258604765658
ITIncident:53969,2,1869904479513687889
ITIncident:53974,2,6335492941949028763
ITIncident:53978,2,17044155081378503169
ITIncident:53982,2,7296865856309283471
ITIncident:53993,2,17781839215628579015
ITIncident:53999,2,5312897690928215357
ITIncident:54005,2,15536543067452995055
ITIncident:54007,2,6071984348047405193
ITIncident:54012,2,6476744923686502479
ITIncident:54020,2,4689780173402483668
ITIncident:54022,2,1717042000845641429
ITIncident:54026,2,7764214386395421892
ITIncident:54029,2,3026625499025211948
ITIncident:54034,1,13629718289576909514
ITIncident:54036,2,11859186153032159539
ITIncident:54043,2,9380373736018499463
ITIncident:54046,2,8146432736084567597
ITIncident:54068,2,1486063671258783960
ITIncident:54073,2,280473188846007251
ITIncident:54075,2,928565737261567267
ITIncident:54079,2,17202851059678716281
ITIncident:54092,2,9054661928063721375
ITIncident:54094,2,5815271170955777638
ITIncident:54098,2,2796681850147963724
ITIncident:54104,2,5055962399617354936
ITIncident:54107,1,16479043657205106744
ITIncident:54112,2,18400937486752659804
ITIncident:54114,2,5955804232684428593
ITIncident:54120,2,7334835187869910273
ITIncident:54126,2,17695870377696240678
ITIncident:54138,2,11661035425176395024
ITIncident:54143,2,7652303174392300398
ITIncident:54147,2,420134394973417254
ITIncident:54151,2,1444548930096601074
ITIncident:54160,2,7820700150051401524
ITIncident:54169,2,2820116291744658753
ITIncident:54177,2,4769079181304619711
ITIncident:54185,2,17470590651577079388
ITIncident:54193,2,17479790958114218295
ITIncident:54200,2,13598908546933945177
ITIncident:54204,2,6097215617136113776
ITIncident:54212,2,8173664008114754904
ITIncident:54217,2,1797099706153841376
ITIncident:54221,2,2709757731775230250
ITIncident:54224,2,12111186344008580855
ITIncident:54230,2,4685954078377643467
ITIncident:54232,2,2822615729529463871
ITIncident:54236,2,13350270404393752819
ITIncident:54240,2,3916983444474705208
ITIncident:54242,2,6810927059628280265
ITIncident:54246,2,11091002790580024449
ITIncident:54250,2,5061672785192881115
ITIncident:54256,2,1342209714497331886
ITIncident:54262,0,10329532976790416436
ITIncident:54266,2,9474489973873095381
ITIncident:54272,2,8137660384702994456
ITIncident:54274,2,16413723610591773452
ITIncident:54279,2,9970045536802434087
ITIncident:54283,2,13097485038592073305
ITIncident:54287,2,5674008570169154661
ITIncident:54290,0,15599864597100652648
ITIncident:54298,1,60623092326193509
ITIncident:54304,2,13541575702708772184
ITIncident:54314,2,12873819675791632578
ITIncident:54318,2,2634657176345398893
ITIncident:54326,0,11394421739546086761
ITIncident:54333,2,2001386248713448505
ITIncident:54337,1,8426060220935238024
ITIncident:54340,2,5005219969033558159
ITIncident:54347,2,6814866880545752495
ITIncident:54349,2,5408694821547344994
ITIncident:54361,2,16141968504326116887
ITIncident:54364,2,13943533491458043307
ITIncident:54369,2,12566861613036829515
ITIncident:54372,2,9608653033174924707
ITIncident:54377,2,13605898630307070226
ITIncident:54380,2,16722913326170480828
ITIncident:54384,2,16994180133269328621
ITIncident:54387,2,6874461019933155441
ITIncident:54389,2,10453360337482170720
ITIncident:54392,2,3091309305990485745
ITIncident:54394,2,3950453516268105530
ITIncident:54396,2,9787727666311635156
ITIncident:54406,2,1693506790312623752
ITIncident:54418,2,5542767653222093292
ITIncident:54428,2,10942912328964301349
ITIncident:54436,2,1465810553792820338
ITIncident:54441,2,8809422857983225336
ITIncident:54451,2,14345156232318985642
ITIncident:54459,2,17724918074814905905
ITIncident:54467,2,419284324298010288
ITIncident:54473,2,6302257906128597539
ITIncident:54475,2,1869904479513687889
ITIncident:54479,2,6055328160566442338
ITIncident:54487,2,1269344078155238662
ITIncident:54489,2,13381772329686612318
ITIncident:54494,2,12362521976791240804
ITIncident:54499,2,15001022700753814100
ITIncident:54503,0,8231180396068243463
ITIncident:54505,2,12022448501677072652
ITIncident:54509,2,18117812263516495178
ITIncident:54513,2,8858364182856826162
ITIncident:54523,2,12893511443997966017
ITIncident:54528,2,11559775687394934524
ITIncident:54542,2,14450399558698295045
ITIncident:54545,2,16036471582920779045
ITIncident:54548,2,14874562540174687658
ITIncident:54552,2,1609990673650143440
ITIncident:54559,2,1332754389656250185
ITIncident:54561,2,12779172824378653196
ITIncident:54563,2,3218508467261967011
ITIncident:54568,2,5355582624452659388
ITIncident:54570,2,1869904479513687889
ITIncident:54577,2,7430541446290673412
ITIncident:54584,2,6377819491243343794
ITIncident:54590,2,10720342516377809269
ITIncident:54596,2,14049198963883261041
ITIncident:54602,2,5671352784557790851
ITIncident:54607,2,123139271449407077
ITIncident:54621,2,1568830040241897184
ITIncident:54623,2,5408694821547344994
ITIncident:54626,2,2613007622536025887
ITIncident:54639,2,10260200520940494832
ITIncident:54643,2,9042580975093630333
ITIncident:54647,2,15602785060740028762
ITIncident:54653,2,1718115158754260679
ITIncident:54657,2,2013765074459806896
ITIncident:54660,2,6069465781570201181
ITIncident:54667,2,517335406395451357
ITIncident:54675,2,1068503569939764041
ITIncident:54684,2,4842990556059280103
ITIncident:54686,2,8282437549437277908
ITIncident:54690,2,16801081454882173806
ITIncident:54692,2,6071984348047405193
ITIncident:54696,2,11183011138995818353
ITIncident:54698,2,6352084089208529275
ITIncident:54708,2,202380212622930935
ITIncident:54718,0,11140426188148207740
ITIncident:54727,2,1759484762463174586
ITIncident:54729,2,16413723610591773452
ITIncident:54734,2,12362521976791240804
ITIncident:54736,2,12022448501677072652
ITIncident:54740,2,12729437775997761882
ITIncident:54745,2,2535795872179864564
ITIncident:54748,2,1954898043335804872
ITIncident:54750,2,7772565359993091847
ITIncident:54752,2,3968020277615795118
ITIncident:54754,2,928565737261567267
ITIncident:54761,2,17986784635712329981
ITIncident:54763,2,6579084634067491004
ITIncident:54774,2,6517663391604014058
ITIncident:54776,2,5415116056967740440
ITIncident:54778,2,11859186153032159539
ITIncident:54786,2,9328397163964703250
ITIncident:54790,2,6676452146968979380
ITIncident:54793,2,6680034160740047843
ITIncident:54799,2,167129385901550161
ITIncident:54801,2,4715557627969985371
ITIncident:54809,2,3437734231994516584
ITIncident:54813,2,7301945974027681953
ITIncident:54822,2,1055634275488084948
ITIncident:54830,2,72815725548226987
ITIncident:54833,2,9791053524319455877
ITIncident:54839,0,17668060271601981240
ITIncident:54843,2,14365906385082879147
ITIncident:54848,2,13472836575055195344
ITIncident:54852,2,918609499676128133
ITIncident:54854,2,17415543075242652528
ITIncident:54858,2,14634176735227553723
ITIncident:54863,0,14655690841240739217
ITIncident:54865,2,12779172824378653196
ITIncident:54868,2,13655768789308567157
ITIncident:54870,2,7772565359993091847
ITIncident:54874,2,2984989754666255076
ITIncident:54878,2,5568808250162976858
ITIncident:54880,2,15247542096022240057
ITIncident:54887,2,10874309229889606363
ITIncident:54891,2,16948290265354395811
ITIncident:54893,2,1540198693186646186
ITIncident:54900,2,14853700818943460693
ITIncident:54904,2,16948290265354395811
ITIncident:54911,2,5986917411870971313
ITIncident:54914,2,5232522805820839002
ITIncident:54916,2,3014698907392549402
ITIncident:54930,2,10236639517573623158
ITIncident:54935,2,1825497354139195366
ITIncident:54943,0,18313544246347904885
ITIncident:54954,2,11495343266354945217
ITIncident:54958,2,4373974573010226698
ITIncident:54962,2,17699048306974754413
ITIncident:54970,2,6885346457056757070
ITIncident:54973,2,1810427643524995658
ITIncident:54983,2,7342262220336250495
ITIncident:54987,2,17762704939273158128
ITIncident:54998,2,4552672428918662251
ITIncident:55002,2,8978490057166625748
ITIncident:55007,2,12588807409855952212
ITIncident:55015,2,16888951923651727403
ITIncident:55025,2,13521762959108427191
ITIncident:55027,2,17453781451917320087
ITIncident:55037,2,1760604570371434250
ITIncident:55040,2,16278312052378301854
ITIncident:55054,2,11893146759371299244
ITIncident:55060,2,12027111230918355054
ITIncident:55064,2,8419882918815079711
ITIncident:55066,2,13558822217469815122
ITIncident:55074,2,15227687111897055108
ITIncident:55087,2,266080801990379481
ITIncident:55100,2,266080801990379481
ITIncident:55104,2,4635364100741339861
ITIncident:55117,2,9957413450385458324
ITIncident:55128,2,5992142903064899861
ITIncident:55134,2,13361859293568802127
ITIncident:55137,2,15318727686011800386
ITIncident:55143,2,5916114811256448120
ITIncident:55150,2,11853966598252821227
ITIncident:55152,2,5672441732667616290
ITIncident:55154,2,5672441732667616290
ITIncident:55156,2,5672441732667616290
ITIncident:55159,2,10280607280712687054
ITIncident:55162,2,10280607280712687054
ITIncident:55166,2,6018279725168209949
ITIncident:55169,2,10280607280712687054
ITIncident:55175,2,8243431932857029757
ITIncident:55180,2,83098578619906993
ITIncident:55183,2,10280607280712687054
ITIncident:55188,2,8212299152222423250
ITIncident:55190,2,12779172824378653196
ITIncident:55193,2,10280607280712687054
ITIncident:55197,2,6018279725168209949
ITIncident:55199,2,13626246250964675696
ITIncident:55203,2,16301494703491492624
ITIncident:55210,2,17484593634002997717
ITIncident:55215,2,2350215016185860038
ITIncident:55222,2,8731156440423276476
ITIncident:55225,2,17923149777136964216
ITIncident:55229,2,8957491405361647626
ITIncident:55231,2,6352084089208529275
ITIncident:55233,2,6352084089208529275
ITIncident:55235,2,10538990098194470142
ITIncident:55242,2,11283367353231202417
ITIncident:55252,2,17444505180607696107
ITIncident:55255,2,9141543725527778207
ITIncident:55258,2,5178832161409536104
ITIncident:55261,2,3081479852638945825
ITIncident:55263,2,6819640301004930913
ITIncident:55266,2,4171427816487606462
ITIncident:55275,2,15501231732234776677
ITIncident:55277,2,2158074592336464521
ITIncident:55279,2,15700050980871181311
ITIncident:55283,2,2800352227736392204
ITIncident:55286,2,15777731366497412576
ITIncident:55288,2,18255120663726539349
ITIncident:55299,2,10915556088862730801
ITIncident:55303,2,3696540637389740237
ITIncident:55306,2,12566513415925253793
ITIncident:55311,2,9590881892064523362
ITIncident:55313,2,15193059156862047390
ITIncident:55316,2,12566513415925253793
ITIncident:55319,2,12566513415925253793
ITIncident:55324,2,16742938575278070297
ITIncident:55327,2,9249293981459253177
ITIncident:55333,2,3337700253102173196
ITIncident:55338,2,3936556762042844055
ITIncident:55341,2,12566513415925253793
ITIncident:55345,2,12566513415925253793
ITIncident:55347,2,9030912022697732707
ITIncident:55351,1,2367651830380086070
ITIncident:55359,2,13035750257124842733
ITIncident:55361,2,6020376750250784710
ITIncident:55365,2,12566513415925253793
ITIncident:55369,2,16994180133269328621
ITIncident:55375,2,6259691074740389838
ITIncident:55383,2,5239562821679913366
ITIncident:55386,2,4433506888135093228
ITIncident:55389,2,13793519998764738858
ITIncident:55392,2,12750753737349537572
ITIncident:55396,2,12566513415925253793
ITIncident:55407,2,5279018003501257142
ITIncident:55409,2,8162990939996356817
ITIncident:55418,2,17835733485209440375
ITIncident:55422,2,12061572383196533149
ITIncident:55427,2,6467951119185502501
ITIncident:55433,2,16168688164417204567
ITIncident:55440,2,5676392716362114652
ITIncident:55448,2,421057601142772833
ITIncident:55450,2,233093250463855517
ITIncident:55459,2,8077867721436548463
ITIncident:55465,2,18019308042658399463
ITIncident:55471,2,6336614913026012004
ITIncident:55477,2,17199627142967943944
ITIncident:55517,2,12593345797311041576
ITIncident:55519,2,9316416331647020172
ITIncident:55528,2,16676745989781760236
ITIncident:55539,2,6433074609213383216
ITIncident:55546,2,10231745406699484489
ITIncident:55550,2,10501305689431067421
ITIncident:55555,2,6877548975828381626
ITIncident:55557,2,13381772329686612318
ITIncident:55560,2,13142286321957702321
ITIncident:55569,2,13448038734490501707
ITIncident:55577,2,4394190874491098887
ITIncident:55585,2,866939621046912990
ITIncident:55589,2,15631010170643000432
ITIncident:55593,2,2796681850147963724
ITIncident:55600,2,11276849545796912890
ITIncident:55609,2,13112976316952787608
ITIncident:55617,2,10443528821695363725
ITIncident:55622,2,11132836431117981548
ITIncident:55624,2,13181393579813963090
ITIncident:55626,2,12256838431153728563
ITIncident:55638,2,4975510955465328152
ITIncident:55654,2,17522305456517338892
ITIncident:55656,2,1869904479513687889
ITIncident:55661,2,2234693748094775984
ITIncident:55669,2,15924315562391062893
ITIncident:55673,1,5593921705915323964
ITIncident:55679,1,10690677282816784933
ITIncident:55683,2,6712450750239106768
ITIncident:55685,2,5815271170955777638
ITIncident:55688,2,11850474486734041448
ITIncident:55690,2,12256838431153728563
ITIncident:55693,2,6680034160740047843
ITIncident:55697,2,11705111026051180481
ITIncident:55699,2,17512328303971389112
ITIncident:55706,2,8317683110307846801
ITIncident:55712,2,10573013003941553095
ITIncident:55715,2,12566513415925253793
ITIncident:55720,2,14378338237776519961
ITIncident:55723,2,12566513415925253793
ITIncident:55725,2,1131015313228348119
ITIncident:55728,2,12566513415925253793
ITIncident:55743,2,16354039981776531446
ITIncident:55748,2,12311360916342647860
ITIncident:55751,2,4838668988133220141
ITIncident:55759,2,1947845249470594681
ITIncident:55763,2,17723785639102653347
ITIncident:55773,2,2298028044209111321
ITIncident:55778,2,14423904332448373545
ITIncident:55786,2,18440594909712037646
ITIncident:55791,2,18199527664730544193
ITIncident:55799,2,15663498313915808928
ITIncident:55831,2,4384452045156801091
ITIncident:55834,2,4838668988133220141
ITIncident:55838,2,14905950126507279191
ITIncident:55840,2,10538990098194470142
ITIncident:55850,2,17764229399533473882
ITIncident:55859,2,8316806136147738308
ITIncident:55868,2,5099907412499547427
ITIncident:55870,2,11859186153032159539
ITIncident:55875,2,7945286085538575555
ITIncident:55877,2,4527515048631009758
ITIncident:55881,1,11755840565021587868
ITIncident:55886,2,17199627142967943944
ITIncident:55894,2,1202937729247462257
ITIncident:55903,2,4838937214311121733
ITIncident:55918,2,14723424582823261259
ITIncident:55949,2,17419797020003514612
ITIncident:55953,2,2796681850147963724
ITIncident:55957,0,16801081454882173806
ITIncident:55961,2,13293634324945175089
ITIncident:55969,2,10575933799667903978
ITIncident:55980,2,6449125353963628522
ITIncident:55984,2,16409402124039360568
ITIncident:56002,2,5344675475978721159
ITIncident:56029,2,9307859920414978152
ITIncident:56032,2,4825612855767557374
ITIncident:56034,2,12581083807937166683
ITIncident:56040,2,12790448501307177253
ITIncident:56052,2,5008810847037362063
ITIncident:56068,2,12773658022413854997
ITIncident:56071,2,9646448450876018884
ITIncident:56076,2,10306704167076827296
ITIncident:56081,2,4031157037897720074
ITIncident:56086,2,17325323729409604779
ITIncident:56094,2,2483458722155200152
ITIncident:56098,2,11176706816332109205
ITIncident:56101,2,12566513415925253793
ITIncident:56106,2,13753532065254315439
ITIncident:56113,2,6106399089851891985
ITIncident:56117,2,12566513415925253793
ITIncident:56120,2,15289922590467000315
ITIncident:56138,2,9136630976429935282
ITIncident:56144,2,14746098197927406853
ITIncident:56146,2,6192751299436462923
ITIncident:56155,2,6295246823228639296
ITIncident:56160,2,6360190873205080221
ITIncident:56165,2,17248810828077046963
ITIncident:56167,2,5415116056967740440
ITIncident:56175,2,11498533151433113912
ITIncident:56177,2,723790095475599930
ITIncident:56190,2,44900733231658635
ITIncident:56196,2,11871432868329231130
ITIncident:56205,2,640417254380838199
ITIncident:56209,2,6454045545395473390
ITIncident:56211,2,1869904479513687889
ITIncident:56213,2,4744409085815897626
ITIncident:56218,2,3152049039814143288
ITIncident:56220,2,5256315304453334959
ITIncident:56224,2,15953683947044734627
ITIncident:56228,2,13207925128982030596
ITIncident:56233,2,9944104069573957183
ITIncident:56237,2,16249890932879658008
ITIncident:56241,2,12566513415925253793
ITIncident:56245,1,1276520245337311960
ITIncident:56250,0,1159519141202512682
ITIncident:56254,2,5640117841694056111
ITIncident:56256,2,7472588573698696038
ITIncident:56266,2,13614310871332255750
ITIncident:56273,2,851109291450351051
ITIncident:56276,2,834304145747606912
ITIncident:56278,2,16342516627132782470
ITIncident:56295,2,3445130108729912259
ITIncident:56310,2,11376513464516777909
ITIncident:56314,2,14987702106818394745
ITIncident:56316,2,10538990098194470142
ITIncident:56318,2,1869904479513687889
ITIncident:56322,2,2848407572478318109
ITIncident:56326,2,1473542402714346149
ITIncident:56340,2,9536900155506978901
ITIncident:56345,0,14655690841240739217
ITIncident:56347,2,1883566003906740979
ITIncident:56357,2,1349231513252086796
ITIncident:56365,2,12743479760493889829
ITIncident:56369,2,13609440404668315939
ITIncident:56379,2,576848616363495676
ITIncident:56395,2,8501563511131269510
ITIncident:56400,2,7055443674904460389
ITIncident:56402,2,5231387265866171947
ITIncident:56405,2,1634128744250102478
ITIncident:56421,2,8937156289075880737
ITIncident:56425,2,2796681850147963724
ITIncident:56431,2,11816972636290520652
ITIncident:56433,2,5408694821547344994
ITIncident:56437,2,12566513415925253793
ITIncident:56445,2,16173628764839611481
ITIncident:56451,1,15235160512844567706
ITIncident:56455,2,1660172540957537519
ITIncident:56460,2,10178635841922406213
ITIncident:56469,2,9490635805045377159
ITIncident:56472,2,10691781128520896443
ITIncident:56482,2,6232389608312533983
ITIncident:56491,2,8298646517504242776
ITIncident:56500,1,14349209293623234935
ITIncident:56504,2,17440841997864756823
ITIncident:56511,0,3054970165014252124
ITIncident:56522,2,14236981304237741051
ITIncident:56528,2,7029944635576722421
ITIncident:56530,2,1907331439634883518
ITIncident:56539,2,5706725001364453884
ITIncident:56546,2,386835728608221594
ITIncident:56552,2,13833176830632021628
ITIncident:56565,2,3000454576103386150
ITIncident:56567,2,12648329392884328258
ITIncident:56572,2,9813032170697914694
ITIncident:56581,2,15450176571643663279
ITIncident:56583,2,12999537909079447668
ITIncident:56586,2,14300026272235619904
ITIncident:56590,2,15062389976322578153
ITIncident:56596,2,5055962399617354936
ITIncident:56611,2,17562444292946950619
ITIncident:56615,2,12278121008703302102
ITIncident:56619,1,14781636811187074163
ITIncident:56622,2,11736811556474757168
ITIncident:56628,2,18362502270609777582
ITIncident:56630,2,10793563583709759966
ITIncident:56634,2,3677004824801289396
ITIncident:56638,2,16935405543638034218
ITIncident:56640,2,11859186153032159539
ITIncident:56643,2,14892445133973431857
ITIncident:56649,2,14599250637759486528
ITIncident:56660,2,87963651295122493
ITIncident:56663,2,14892445133973431857
ITIncident:56666,1,1011924064511192856
ITIncident:56675,2,2308173246198916763
ITIncident:56677,2,7866398127594921580
ITIncident:56684,1,17139510113825638577
ITIncident:56686,2,7866398127594921580
ITIncident:56688,2,245711470390406874
ITIncident:56692,2,7002481500210598711
ITIncident:56694,2,4715557627969985371
ITIncident:56701,2,8943636091158567384
ITIncident:56703,2,1869904479513687889
ITIncident:56705,2,16984111750617956103
ITIncident:56709,2,16342854297218084063
ITIncident:56713,2,421679701633615330
ITIncident:56724,2,17139905899429971410
ITIncident:56730,2,17730980626191857676
ITIncident:56733,2,10763673819567579330
ITIncident:56742,2,17801586788274043502
ITIncident:56747,2,9715091373418455423
ITIncident:56751,2,12362521976791240804
ITIncident:56753,2,6819640301004930913
ITIncident:56757,2,1247269537172838065
ITIncident:56767,2,12892569714682068977
ITIncident:56775,2,15294598036462207737
ITIncident:56777,2,13626246250964675696
ITIncident:56782,2,7112975083486407710
ITIncident:56788,2,10920687137412148752
ITIncident:56795,2,6291901396685986277
ITIncident:56805,2,5819366983575846534
ITIncident:56815,2,8839287567743445718
ITIncident:56825,2,14668090886869320212
ITIncident:56827,2,1131015313228348119
ITIncident:56832,2,8846272204637744128
ITIncident:56840,2,16682467826453859909
ITIncident:56844,2,13114930569203518301
ITIncident:56846,2,16413723610591773452
ITIncident:56852,2,7305178681101668717
ITIncident:56854,2,12764706177992059080
ITIncident:56858,2,763172307402991464
ITIncident:56863,2,7004481636902737487
ITIncident:56867,2,17491613141829375505
ITIncident:56869,2,5408694821547344994
ITIncident:56874,2,290923091673312693
ITIncident:56876,2,2199974737920898131
ITIncident:56882,2,17248810828077046963
ITIncident:56884,2,1717042000845641429
ITIncident:56886,2,17415543075242652528
ITIncident:56888,2,8797918397126363176
ITIncident:56909,2,14000226286904341047
ITIncident:56911,2,4715557627969985371
ITIncident:56920,2,405157128774860822
ITIncident:56924,2,285681113810705144
ITIncident:56926,2,17363183027667828775
ITIncident:56930,2,13585461406044743164
ITIncident:56933,2,12948178909144579627
ITIncident:56946,2,2041279966923744917
ITIncident:56948,2,6192751299436462923
ITIncident:56952,2,2709757731775230250
ITIncident:56954,2,17415543075242652528
ITIncident:56956,2,5022383621272571031
ITIncident:56958,2,16424636555157508278
ITIncident:56967,2,9635761798869655497
ITIncident:56969,2,1869904479513687889
ITIncident:56972,2,12249696678911521859
ITIncident:56975,2,13688267506177063077
ITIncident:56990,2,16233645725263441684
ITIncident:56997,2,3510468355073720375
ITIncident:57008,2,15142352259597518462
ITIncident:57012,2,9001297129503298183
ITIncident:57015,2,5288989294418685040
ITIncident:57020,2,10306704167076827296
ITIncident:57022,2,2569441999660436345
ITIncident:57030,2,10522595282772753611
ITIncident:57034,2,13303370758570439163
ITIncident:57038,2,6740230570603262713
ITIncident:57043,2,10306704167076827296
ITIncident:57048,2,10306704167076827296
ITIncident:57054,2,5016712103497039603
ITIncident:57059,2,10306704167076827296
ITIncident:57061,2,11859186153032159539
ITIncident:57063,2,1126981681941341026
ITIncident:57073,0,4828473686727084682
ITIncident:57076,2,9249293981459253177
ITIncident:57083,2,40580533460301690
ITIncident:57089,2,7507692846741022701
ITIncident:57101,2,3253607171543074370
ITIncident:57109,2,17794063439259824836
ITIncident:57117,2,14853700818943460693
ITIncident:57120,2,813789804035808666
ITIncident:57136,2,5954202180956242967
ITIncident:57140,2,12269839404481594889
ITIncident:57149,2,965752477936228559
ITIncident:57161,2,13684605736018425455
ITIncident:57165,2,5114370364415396214
ITIncident:57177,2,11373820159870824093
ITIncident:57184,2,10911155898601262992
ITIncident:57187,2,9324878281889179416
ITIncident:57189,2,2119640463088842296
ITIncident:57193,2,8638936302995200818
ITIncident:57199,2,680523762826302547
ITIncident:57206,2,18309335036054562864
ITIncident:57211,2,12729437775997761882
ITIncident:57213,2,6020376750250784710
ITIncident:57217,2,13609440404668315939
ITIncident:57222,2,14831198148895434335
ITIncident:57230,2,11892520021975920087
ITIncident:57236,0,1489999409328935065
ITIncident:57238,2,10538990098194470142
ITIncident:57242,2,1609990673650143440
ITIncident:57246,2,13609440404668315939
ITIncident:57251,2,9735461905395736428
ITIncident:57255,2,4057535998643349318
ITIncident:57259,2,16969883764439084002
ITIncident:57273,2,1929450707911235302
ITIncident:57277,2,11261913710491785023
ITIncident:57281,2,7861619636809057768
ITIncident:57288,2,16170893579600163289
ITIncident:57302,2,13734863245455824310
ITIncident:57306,2,315906182527092101
ITIncident:57308,2,15700050980871181311
ITIncident:57312,2,7320112602593440374
ITIncident:57319,2,6007187338399150116
ITIncident:57323,2,13605898630307070226
ITIncident:57332,2,17419702851918154333
ITIncident:57336,2,5652804183277655542
ITIncident:57341,2,13035033198839427851
ITIncident:57350,2,17419702851918154333
ITIncident:57354,2,6061848506889789122
ITIncident:57361,2,108536826812110823
ITIncident:57370,2,15127960317929913441
ITIncident:57374,2,9931969616261395201
ITIncident:57377,2,13691075893917495800
ITIncident:57383,2,3531967046772476690
ITIncident:57388,2,4414471705254042187
ITIncident:57396,2,1314506959482014756
ITIncident:57402,2,3198634401692752266
ITIncident:57408,0,3179516336300891319
ITIncident:57410,2,10798237188310546232
ITIncident:57413,2,6510675725759131472
ITIncident:57415,2,12172286576908509016
ITIncident:57417,2,13558822217469815122
ITIncident:57419,2,10927789776271377249
ITIncident:57422,1,4782898608022058204
ITIncident:57431,2,8947941326859550000
ITIncident:57435,2,1067091021443369198
ITIncident:57442,0,18273884309044743952
ITIncident:57444,2,11859186153032159539
ITIncident:57446,2,9300721067924512804
ITIncident:57458,2,11664398318367121280
ITIncident:57462,2,18336181361120327657
ITIncident:57467,2,1405057656176552574
ITIncident:57475,2,1205680298224650874
ITIncident:57478,2,6473456897920130597
ITIncident:57481,2,12566513415925253793
ITIncident:57487,2,16783672410545180752
ITIncident:57490,2,12566513415925253793
ITIncident:57492,2,9541009551633945688
ITIncident:57495,2,12566513415925253793
ITIncident:57498,2,12566513415925253793
ITIncident:57506,2,7812302564845458570
ITIncident:57509,2,5579489666467677631
ITIncident:57511,2,7772565359993091847
ITIncident:57516,2,388070802065812159
ITIncident:57525,2,2481301156988973914
ITIncident:57531,2,7029944635576722421
ITIncident:57535,2,12566513415925253793
ITIncident:57537,2,11859186153032159539
ITIncident:57540,2,14567817000450837747
ITIncident:57557,2,10916663682547990481
ITIncident:57569,2,315855977884233560
ITIncident:57588,2,10516510573421522775
ITIncident:57592,2,12566513415925253793
ITIncident:57601,2,6599670317862754177
ITIncident:57604,2,2375488341139244282
ITIncident:57610,2,10440494971294984110
ITIncident:57612,2,6909641428527150928
ITIncident:57615,2,12750753737349537572
ITIncident:57617,2,9787727666311635156
ITIncident:57620,2,13568495000748731021
ITIncident:57623,2,1185256036848312125
ITIncident:57628,2,5931719804887821788
ITIncident:57635,2,15760820469736949528
ITIncident:57641,2,17663812626535094405
ITIncident:57644,2,9249293981459253177
ITIncident:57649,2,7448298107691729771
ITIncident:57655,2,7864817021804069614
ITIncident:57671,2,13052240362770054083
ITIncident:57677,2,9677184600310324948
ITIncident:57679,2,8282437549437277908
ITIncident:57681,2,1869904479513687889
ITIncident:57683,2,9582408337426864611
ITIncident:57697,2,10778793461670561922
ITIncident:57702,2,10157706812203235993
ITIncident:57704,2,1783779007387769918
ITIncident:57710,2,4229041899068463611
ITIncident:57721,2,1164621330956097537
ITIncident:57727,2,11276849545796912890
ITIncident:57731,2,18117812263516495178
ITIncident:57742,2,13507970588014840313
ITIncident:57750,2,13270000422492316368
ITIncident:57752,2,1593658333253410815
ITIncident:57759,2,11704381602296204248
ITIncident:57762,2,4838668988133220141
ITIncident:57764,2,13381772329686612318
ITIncident:57766,2,14926646857742074120
ITIncident:57776,2,13464358658528769607
ITIncident:57778,2,17415543075242652528
ITIncident:57783,2,2337344158887399309
ITIncident:57796,2,15314123356619170768
ITIncident:57799,2,16409402124039360568
ITIncident:57803,2,403109903093025364
ITIncident:57828,2,2800236733881044920
ITIncident:57836,2,1309677570735629465
ITIncident:57844,2,16478351180723942692
ITIncident:57847,2,16278312052378301854
ITIncident:57851,2,2000319905662384847
ITIncident:57854,2,6120533053986067310
ITIncident:57865,0,5218657148896456319
ITIncident:57867,2,11332670109076977432
ITIncident:57875,2,16661647767463113278
ITIncident:57877,2,12256838431153728563
ITIncident:57885,2,17643935842962080386
ITIncident:57889,2,14804604290105650653
ITIncident:57892,2,2658595891852001856
ITIncident:57896,2,15288607385738660553
ITIncident:57905,2,6896549450803301293
ITIncident:57913,2,6446663276850376972
ITIncident:57917,2,17827063464817858873
ITIncident:57919,2,5415116056967740440
ITIncident:57924,2,17157910845116444701
ITIncident:57926,2,5415116056967740440
ITIncident:57932,2,15399065211694286340
ITIncident:57934,2,1801289790198487225
ITIncident:57937,2,16278312052378301854
ITIncident:57941,2,17603494429842758779
ITIncident:57958,2,10028293130843029373
ITIncident:57961,2,1713015592348448702
ITIncident:57964,2,18107018481663970584
ITIncident:57966,2,245711470390406874
ITIncident:57975,2,220833913061468711
ITIncident:57979,2,18019308042658399463
ITIncident:57981,2,8785857777380520801
ITIncident:57983,2,2570716336637277584
ITIncident:57985,2,13222857039587036766
ITIncident:57990,2,17663812626535094405
ITIncident:57992,2,3582881113766432677
ITIncident:57996,2,15880688953917951967
ITIncident:58002,2,8058890719605698608
ITIncident:58006,2,12792640292825948081
ITIncident:58010,2,9426619724265837400
ITIncident:58015,2,7305178681101668717
ITIncident:58017,2,1469004008950744023
ITIncident:58024,2,6236020989369221761
ITIncident:58035,2,16090786541647600773
ITIncident:58037,2,4859259602742681635
ITIncident:58041,2,10336907017160044602
ITIncident:58045,2,10692373374008692001
ITIncident:58048,2,14106751470878410639
ITIncident:58053,2,2653513154809181977
ITIncident:58056,2,17894038244196264426
ITIncident:58061,2,196836113753550301
ITIncident:58065,2,9288874943607067828
ITIncident:58067,2,12133982909106314104
ITIncident:58071,2,12554585449658680573
ITIncident:58076,2,7305178681101668717
ITIncident:58079,2,12011925338869024281
ITIncident:58081,2,11332670109076977432
ITIncident:58086,2,848214221677777505
ITIncident:58089,2,3645763178308801139
ITIncident:58096,2,14697931669418108541
ITIncident:58103,0,12172021458543416628
ITIncident:58109,1,12759693380625233733
ITIncident:58113,2,14836168724487313207
ITIncident:58115,2,7250886135376056917
ITIncident:58119,2,17723785639102653347
ITIncident:58121,2,3782684924780818707
ITIncident:58129,2,16474597959520413300
ITIncident:58133,2,2874200601233556368
ITIncident:58137,2,2796681850147963724
ITIncident:58141,1,12619316583469281115
ITIncident:58152,2,4966716098898652108
ITIncident:58156,1,8365757968291152330
ITIncident:58158,2,2956482217745461712
ITIncident:58165,0,466238288952910158
ITIncident:58172,1,13451927841365788917
ITIncident:58188,2,1719611682123053448
ITIncident:58192,2,17723785639102653347
ITIncident:58194,2,2158074592336464521
ITIncident:58199,1,3864160558225701702
ITIncident:58203,2,7061386214340269901
ITIncident:58215,2,11314847924545130812
ITIncident:58228,2,3972003611737172119
ITIncident:58236,2,12642097224677168444
ITIncident:58239,2,5095856560986154771
ITIncident:58242,2,5579489666467677631
ITIncident:58248,2,8192775789901194942
ITIncident:58258,2,6113112636975659573
ITIncident:58260,2,5408694821547344994
ITIncident:58271,2,281593638814512220
ITIncident:58274,1,8095578245868521169
ITIncident:58276,2,15247542096022240057
ITIncident:58279,2,3055248448947703746
ITIncident:58286,2,790239822138659432
ITIncident:58288,2,6441743758529997752
ITIncident:58295,2,16856532124674481343
ITIncident:58303,2,9238871394942033230
ITIncident:58307,2,235744209455994367
ITIncident:58309,2,12133982909106314104
ITIncident:58314,2,14293149026800344616
ITIncident:58322,2,1391950762881217466
ITIncident:58324,2,7566663966577990717
ITIncident:58335,2,17409664064081116280
ITIncident:58337,2,2227388970451998165
ITIncident:58345,2,460118423910226081
ITIncident:58354,2,6829439556534339183
ITIncident:58356,2,6441743758529997752
ITIncident:58360,2,2758557055167070910
ITIncident:58368,2,7232967865434573247
ITIncident:58370,2,6352084089208529275
ITIncident:58374,1,12716927943113425444
ITIncident:58376,2,7037470261321613214
ITIncident:58385,2,8912240375560803307
ITIncident:58392,2,5478389054098215345
ITIncident:58394,2,1869904479513687889
ITIncident:58401,2,15931358557229567258
ITIncident:58412,2,7596262392118115308
ITIncident:58416,2,15334830064971307185
ITIncident:58422,2,1356824554880768237
ITIncident:58425,2,4376688619542359715
ITIncident:58432,2,8295543227927593589
ITIncident:58439,2,11207278496585397228
ITIncident:58444,2,11454733074480037276
ITIncident:58451,0,14204471680431220093
ITIncident:58456,2,540796889665101535
ITIncident:58458,2,16461242220797832151
ITIncident:58460,2,1717042000845641429
ITIncident:58465,2,4490345919993654018
ITIncident:58472,2,8700260972887157944
ITIncident:58474,2,4688447467219680551
ITIncident:58478,2,5711991266295069304
ITIncident:58484,2,18086909996937535691
ITIncident:58487,2,8454285023148334203
ITIncident:58498,2,3385609286307256798
ITIncident:58503,2,9004312557009994551
ITIncident:58510,2,17858173442898665783
ITIncident:58525,2,8496804607019555701
ITIncident:58528,2,12361261238997363059
ITIncident:58538,2,5924612660819545738
ITIncident:58542,2,13207925128982030596
ITIncident:58546,2,14957272693471742956
ITIncident:58550,2,18260902805241895359
ITIncident:58555,2,9004312557009994551
ITIncident:58563,2,15694565287849123621
ITIncident:58565,2,1717042000845641429
ITIncident:58572,0,3378814750878717599
ITIncident:58575,2,14690862616760277236
ITIncident:58582,0,4963029549204445469
ITIncident:58586,2,5114370364415396214
ITIncident:58591,2,9712959068757653845
ITIncident:58596,2,2378012947690877743
ITIncident:58602,2,12967552525745511860
ITIncident:58606,2,16736659097005438587
ITIncident:58612,2,15771976538938986110
ITIncident:58614,2,5415116056967740440
ITIncident:58619,2,6503966877273587566
ITIncident:58625,2,13228727017234144765
ITIncident:58627,2,3238570935802038189
ITIncident:58637,2,17476604687801442387
ITIncident:58640,2,14717809022022641555
ITIncident:58642,2,16461242220797832151
ITIncident:58645,2,8960700670405772589
ITIncident:58647,2,5781308161672800254
ITIncident:58649,2,13381772329686612318
ITIncident:58651,2,10793563583709759966
ITIncident:58655,2,2245612626377535964
ITIncident:58658,2,12018567855880088393
ITIncident:58665,2,7107677409618232860
ITIncident:58667,2,16461242220797832151
ITIncident:58670,2,15738967823535717785
ITIncident:58672,2,6352084089208529275
ITIncident:58692,2,9508503557994693106
ITIncident:58701,2,10006587939454264611
ITIncident:58707,2,168531764035335098
ITIncident:58711,2,16409402124039360568
ITIncident:58719,0,425674486760080564
ITIncident:58733,2,9668826663669241307
ITIncident:58737,2,11826804063290189197
ITIncident:58740,2,4029562367582368698
ITIncident:58748,2,5109948307783523011
ITIncident:58753,2,16015628882612968242
ITIncident:58760,2,17936199748053637661
ITIncident:58762,2,11228563950940326324
ITIncident:58767,2,9259037237587762077
ITIncident:58772,2,16435455493345986853
ITIncident:58777,2,7947718576993467220
ITIncident:58782,2,5287267850151141123
ITIncident:58784,2,16461242220797832151
ITIncident:58794,2,4770156555753405980
ITIncident:58797,2,3821458248532460106
ITIncident:58801,2,1133879260562910819
ITIncident:58803,2,12022448501677072652
ITIncident:58807,2,13347920102939015906
ITIncident:58814,2,508866137262269660
ITIncident:58819,2,4639239202176122352
ITIncident:58823,2,8365757968291152330
ITIncident:58830,2,10681919743902499674
ITIncident:58835,2,5030251539576233364
ITIncident:58838,2,17894038244196264426
ITIncident:58840,2,13558822217469815122
ITIncident:58849,2,17379361964214326412
ITIncident:58852,2,13191315888390237100
ITIncident:58854,2,12836330574581992907
ITIncident:58857,2,16675260297429503606
ITIncident:58864,2,15060712281821677369
ITIncident:58869,2,7491241393872039037
ITIncident:58873,2,5810917406312700608
ITIncident:58877,2,3591148897653522886
ITIncident:58883,2,14525255782696136849
ITIncident:58886,2,1818354946605286282
ITIncident:58888,2,3424422188028924028
ITIncident:58894,2,12891458285191703416
ITIncident:58897,2,14054939879072650378
ITIncident:58905,2,1923556290664278319
ITIncident:58909,2,8270660960847251116
ITIncident:58911,2,6352084089208529275
ITIncident:58920,2,2382497473924491575
ITIncident:58925,2,10828146144866241012
ITIncident:58927,2,1869904479513687889
ITIncident:58931,2,14368292136644282733
ITIncident:58941,0,10210484482940493831
ITIncident:58945,2,7065259006650655464
ITIncident:58950,2,3487122506266784617
ITIncident:58961,2,16765989289131258685
ITIncident:58968,2,2489811655484982401
ITIncident:58971,2,9249293981459253177
ITIncident:58977,2,2434285999080294022
ITIncident:58982,2,8763863001950806526
ITIncident:58986,2,3362382114214454559
ITIncident:58992,2,17767422798135223478
ITIncident:58996,2,14911262206146451767
ITIncident:59001,2,13650138708496222809
ITIncident:59015,2,12097585948206256024
ITIncident:59017,2,6352084089208529275
ITIncident:59025,2,10321724327503545668
ITIncident:59031,2,2420113128649224770
ITIncident:59034,2,12589087144560792828
ITIncident:59039,2,13102656576063390668
ITIncident:59051,2,10915348433179140728
ITIncident:59054,2,12299604703967535197
ITIncident:59060,2,963278594985469162
ITIncident:59065,0,16946057355905594676
ITIncident:59070,2,11155055147457608365
ITIncident:59076,2,16148111933009098949
ITIncident:59078,2,13562539882532965130
ITIncident:59080,2,2158074592336464521
ITIncident:59085,2,537193102942123713
ITIncident:59096,2,17132191598433930140
ITIncident:59101,2,3421065254672153231
ITIncident:59105,2,4798793079272770469
ITIncident:59110,2,537193102942123713
ITIncident:59115,2,4937547880641554347
ITIncident:59131,2,6451100764765476515
ITIncident:59134,2,6117131054865638047
ITIncident:59139,2,537193102942123713
ITIncident:59142,2,180806663613916093
ITIncident:59148,2,9191995527941564303
ITIncident:59150,2,4688447467219680551
ITIncident:59155,1,7845631903722794258
ITIncident:59161,2,8698600765298409190
ITIncident:59164,2,180806663613916093
ITIncident:59183,2,18038647396897860994
ITIncident:59187,2,3473403677478582142
ITIncident:59193,2,10231745406699484489
ITIncident:59196,2,2887522293269807086
ITIncident:59205,2,8976781042308990812
ITIncident:59207,2,15393613126789534849
ITIncident:59209,2,14595129147341132965
ITIncident:59211,2,6352084089208529275
ITIncident:59214,2,3292115071765800085
ITIncident:59221,2,9758405014943473316
ITIncident:59228,2,8639270173232951514
ITIncident:59230,2,13558822217469815122
ITIncident:59239,2,10770704147847661082
ITIncident:59243,2,6535176559986754962
ITIncident:59245,2,11372398630185660640
ITIncident:59247,2,10538990098194470142
ITIncident:59251,2,16694294038458946303
ITIncident:59259,2,5520900745771143369
ITIncident:59264,2,16428275941643978147
ITIncident:59266,2,12022448501677072652
ITIncident:59276,2,4617226741856976835
ITIncident:59281,2,16560451723356535881
ITIncident:59286,2,3259292172048293130
ITIncident:59288,2,1717042000845641429
ITIncident:59290,2,4593444392074015637
ITIncident:59294,2,9029384107987758342
ITIncident:59302,2,13066279099915332564
ITIncident:59304,2,13558822217469815122
ITIncident:59307,2,17761565228092763530
ITIncident:59319,2,8645650447123447798
ITIncident:59324,2,742366865388266584
ITIncident:59326,2,16413723610591773452
ITIncident:59330,2,11715166825124021711
ITIncident:59332,2,16413723610591773452
ITIncident:59337,2,14776441266854408978
ITIncident:59339,2,15193059156862047390
ITIncident:59343,1,8467443245142053315
ITIncident:59345,2,15675602990087559719
ITIncident:59353,2,13391087249613566509
ITIncident:59356,2,6680034160740047843
ITIncident:59360,2,17421556207761359858
ITIncident:59364,2,11336464888189203535
ITIncident:59367,2,16609947496062565597
ITIncident:59370,2,9249293981459253177
ITIncident:59374,0,2145192964935957553
ITIncident:59378,2,15225012478543476551
ITIncident:59381,2,2941048360625129140
ITIncident:59385,2,2514171300968242822
ITIncident:59387,2,209950719051248138
ITIncident:59391,2,13609440404668315939
ITIncident:59395,2,11736811556474757168
ITIncident:59398,2,8418835219069250835
ITIncident:59402,2,12741630850184479961
ITIncident:59407,2,8427823404364916607
ITIncident:59409,2,928565737261567267
ITIncident:59420,0,11371668963210280844
ITIncident:59423,2,2908563742523943769
ITIncident:59428,2,8681131037013437417
ITIncident:59430,2,16461242220797832151
ITIncident:59434,2,1349571755897795715
ITIncident:59436,2,12255131803256818561
ITIncident:59443,2,12262089813255022352
ITIncident:59446,2,12566513415925253793
ITIncident:59449,2,12566513415925253793
ITIncident:59452,2,12566513415925253793
ITIncident:59455,2,12566513415925253793
ITIncident:59458,2,5579489666467677631
ITIncident:59460,2,17415543075242652528
ITIncident:59466,2,7679226872247399514
ITIncident:59476,2,5307910151772863232
ITIncident:59480,2,12566513415925253793
ITIncident:59486,2,17175590549661982222
ITIncident:59494,2,12385417115224147017
ITIncident:59499,2,11290892922494643460
ITIncident:59505,2,18047320279846314472
ITIncident:59511,2,3630267538333348252
ITIncident:59516,2,17623220993973161905
ITIncident:59520,2,16409402124039360568
ITIncident:59525,2,11195714941995869812
ITIncident:59530,2,7509130618720477657
ITIncident:59534,2,13609440404668315939
ITIncident:59536,2,17415543075242652528
ITIncident:59539,2,15950472554911266130
ITIncident:59543,2,12566513415925253793
ITIncident:59546,2,16479043657205106744
ITIncident:59548,2,5635692667610745863
ITIncident:59551,2,12539538978425360888
ITIncident:59559,2,13024895473903957978
ITIncident:59561,2,5408694821547344994
ITIncident:59568,2,16386087945985242608
ITIncident:59579,2,14691728519281886971
ITIncident:59585,2,12411171600308901437
ITIncident:59587,2,12871162819783092996
ITIncident:59593,2,6301445811529804161
ITIncident:59595,2,17415543075242652528
ITIncident:59600,2,6543907413215816186
ITIncident:59604,2,7801284123050602325
ITIncident:59609,2,12309705615968914585
ITIncident:59613,2,13609440404668315939
ITIncident:59615,2,8162990939996356817
ITIncident:59617,2,7772565359993091847
ITIncident:59619,2,5408694821547344994
ITIncident:59630,2,4533808238215036219
ITIncident:59639,2,384110452244590910
ITIncident:59654,2,12874812149401610525
ITIncident:59656,2,18274721476843195700
ITIncident:59662,2,15229613231804073890
ITIncident:59664,2,14102736484875412824
ITIncident:59667,2,17894038244196264426
ITIncident:59670,2,1818354946605286282
ITIncident:59672,2,16413723610591773452
ITIncident:59677,2,17336843314542255732
ITIncident:59679,2,12779172824378653196
ITIncident:59685,2,8758897001208164899
ITIncident:59690,2,12303572291465851588
ITIncident:59692,2,1717042000845641429
ITIncident:59703,2,758772335020676413
ITIncident:59705,2,5408694821547344994
ITIncident:59710,2,4905794106685094653
ITIncident:59717,2,9171462060818033471
ITIncident:59721,2,8806734555907303901
ITIncident:59726,2,5068069091857079862
ITIncident:59733,2,2756940151345660356
ITIncident:59740,2,16523663340549694797
ITIncident:59746,2,9813032170697914694
ITIncident:59748,2,2864401080859943676
ITIncident:59751,2,12566513415925253793
ITIncident:59753,2,1717042000845641429
ITIncident:59755,2,6352084089208529275
ITIncident:59764,2,7009348500201153684
ITIncident:59772,2,14919994700086497906
ITIncident:59774,2,1869904479513687889
ITIncident:59778,2,15352929046927510729
ITIncident:59793,2,15236568446580983531
ITIncident:59795,2,16413723610591773452
ITIncident:59798,2,9249293981459253177
ITIncident:59803,2,1566624897214585018
ITIncident:59809,2,15469910657104160029
ITIncident:59816,2,13829189180214956966
ITIncident:59818,2,10538990098194470142
ITIncident:59827,2,7001821101421267026
ITIncident:59833,2,7376344241093050330
ITIncident:59841,2,1048978347933518805
ITIncident:59856,2,10048802088981024438
ITIncident:59861,2,5075667343352633856
ITIncident:59864,2,12566513415925253793
ITIncident:59866,2,10538990098194470142
ITIncident:59877,2,11993597743885914615
ITIncident:59879,2,3367589725949593106
ITIncident:59889,2,14890341343182898766
ITIncident:59893,2,7845631903722794258
ITIncident:59896,2,9249293981459253177
ITIncident:59898,2,10793563583709759966
ITIncident:59902,2,14804604290105650653
ITIncident:59904,2,7472588573698696038
ITIncident:59906,2,18058897159504768741
ITIncident:59910,2,13191253075134739963
ITIncident:59915,2,15813276387835593513
ITIncident:59925,2,14660727943617980578
ITIncident:59936,2,16114081167275642347
ITIncident:59946,2,14987633766663683266
ITIncident:59955,2,14511508987383740061
ITIncident:59962,2,5723514603509195336
ITIncident:59964,2,17415543075242652528
ITIncident:59968,2,16331947968618742741
ITIncident:59970,2,17415543075242652528
ITIncident:59972,2,1717042000845641429
ITIncident:59974,2,1761484498738387395
ITIncident:59976,2,17042940470083455458
ITIncident:59984,2,15658841908179501494
ITIncident:59989,2,12180471819870518467
ITIncident:60000,2,2353229798755330574
ITIncident:60004,2,2796681850147963724
ITIncident:60016,2,12368942818999130737
ITIncident:60031,2,18364781881982644226
ITIncident:60039,0,10173922540275971551
ITIncident:60041,2,2227388970451998165
ITIncident:60043,2,17415543075242652528
ITIncident:60048,2,8858456061745519208
ITIncident:60053,2,9276273880079210063
ITIncident:60056,2,1762588527951697538
ITIncident:60058,2,5408694821547344994
ITIncident:60061,2,4838668988133220141
ITIncident:60067,2,12977793900643835275
ITIncident:60071,2,2602253249707559195
ITIncident:60077,2,5040330287768739955
ITIncident:60083,0,2095672352221783785
ITIncident:60090,2,16351821919687978337
ITIncident:60097,2,8522154001528415937
ITIncident:60104,2,7050873699856813969
ITIncident:60107,2,1281791991335297470
ITIncident:60109,2,15164401084533435221
ITIncident:60111,2,1717042000845641429
ITIncident:60130,2,9639551520242007303
ITIncident:60136,2,9310146561704884113
ITIncident:60145,2,3231006143713004438
ITIncident:60153,2,7476050478079794202
ITIncident:60161,1,1447015691350880052
ITIncident:60168,2,16892325560093988953
ITIncident:60171,2,17688017576000355266
ITIncident:60176,2,14526122217623969687
ITIncident:60182,2,7930890040883570105
ITIncident:60184,2,10864963356953982377
ITIncident:60194,2,7291058434782306358
ITIncident:60196,2,13841084098505561357
ITIncident:60198,2,15247542096022240057
ITIncident:60205,2,1395553197960026255
ITIncident:60207,2,12022448501677072652
ITIncident:60211,2,7059185781746501055
ITIncident:60217,2,9593300864670779310
ITIncident:60219,2,5408694821547344994
ITIncident:60224,1,9405086713620696239
ITIncident:60227,2,4838668988133220141
ITIncident:60230,2,12111186344008580855
ITIncident:60237,2,8153808944385431074
ITIncident:60244,2,14361355789673550005
ITIncident:60253,2,4269308652022699252
ITIncident:60255,2,13405964041433718226
ITIncident:60257,2,4859259602742681635
ITIncident:60260,2,12566513415925253793
ITIncident:60267,2,8793669076068470891
ITIncident:60269,2,2583553231233706832
ITIncident:60275,0,8146944196223212905
ITIncident:60280,2,10918922117548702067
ITIncident:60285,2,8400152138634923626
ITIncident:60293,2,4890225714473635692
ITIncident:60297,2,16968958002872717505
ITIncident:60302,2,15254205307612845107
ITIncident:60304,2,16461242220797832151
ITIncident:60307,2,5183115112248267693
ITIncident:60310,2,16095716458525359971
ITIncident:60315,2,18441362678042332131
ITIncident:60324,2,13557285578455615909
ITIncident:60327,2,15624189502947593452
ITIncident:60330,2,12581415468099293266
ITIncident:60333,2,1865744484290533161
ITIncident:60342,2,8868358571839970634
ITIncident:60345,2,4428633907318521594
ITIncident:60353,2,13255223318730600341
ITIncident:60356,2,18158398316206079579
ITIncident:60359,2,9812055819448115678
ITIncident:60371,2,15242130186773213017
ITIncident:60377,2,4696343043063567070
ITIncident:60388,2,9420701472138639079
ITIncident:60392,2,16185033404544283381
ITIncident:60395,2,12111186344008580855
ITIncident:60398,2,12018567855880088393
ITIncident:60402,2,14509435542270791756
ITIncident:60405,2,16123280304642113007
ITIncident:60408,2,9044555577879455725
ITIncident:60412,2,16659371490499964226
ITIncident:60414,2,10538990098194470142
ITIncident:60421,2,2597240766184003627
ITIncident:60436,0,2696804542557722925
ITIncident:60440,2,16659371490499964226
ITIncident:60443,2,6680034160740047843
ITIncident:60448,2,17009041100716158412
ITIncident:60453,2,10473309938733045681
ITIncident:60458,2,12351491661975429271
ITIncident:60464,2,12112461678044982802
ITIncident:60467,2,9249293981459253177
ITIncident:60471,2,14868777530964744679
ITIncident:60478,2,3497276569321701040
ITIncident:60485,2,8736605202429117956
ITIncident:60491,2,686387936820943402
ITIncident:60496,2,2374225812409340958
ITIncident:60505,2,2691837220497830399
ITIncident:60509,2,18260902805241895359
ITIncident:60515,2,1168777583477782221
ITIncident:60518,2,5181189985610972155
ITIncident:60522,2,17713322457579884116
ITIncident:60529,2,1388545255823673608
ITIncident:60531,2,1761484498738387395
ITIncident:60534,2,17311650959361622285
ITIncident:60542,2,10050842372335296601
ITIncident:60547,2,16169878104819233774
ITIncident:60556,2,1413121454513949650
ITIncident:60558,2,6277081567856765884
ITIncident:60564,2,13361859293568802127
ITIncident:60575,2,12370785925736893206
ITIncident:60578,2,6341449239104355887
ITIncident:60580,2,12965869206919390369
ITIncident:60584,2,2930154790960607455
ITIncident:60590,2,6653151019655736149
ITIncident:60593,2,18310603342461320124
ITIncident:60603,2,8939840707099421144
ITIncident:60615,2,15754972632868724282
ITIncident:60618,2,7023888759906514574
ITIncident:60624,2,8294913970858720637
ITIncident:60627,2,13381206755915008328
ITIncident:60630,2,11737544259788115290
ITIncident:60637,2,17013729358571113355
ITIncident:60648,2,5046804965989063148
ITIncident:60667,2,12937742407350787462
ITIncident:60681,2,16062321949389267964
ITIncident:60685,2,11736811556474757168
ITIncident:60692,2,11461905914188497369
ITIncident:60698,2,10143295474555163215
ITIncident:60701,2,4975724976158731324
ITIncident:60710,2,5054172873707793090
ITIncident:60720,2,16103334303880543764
ITIncident:60732,2,10119544772645118587
ITIncident:60737,2,7660642387588177124
ITIncident:60740,2,9249293981459253177
ITIncident:60743,2,15992252009822690371
ITIncident:60748,2,602874612792385899
ITIncident:60752,2,3936556762042844055
ITIncident:60766,2,2836811977503886791
ITIncident:60775,2,1314506959482014756
ITIncident:60778,2,10302333395210911604
ITIncident:60782,2,6543907413215816186
ITIncident:60784,2,17415543075242652528
ITIncident:60788,2,7703865415458773053
ITIncident:60791,2,17175978616421536655
ITIncident:60794,2,13793519998764738858
ITIncident:60798,2,17605435540317248691
ITIncident:60801,2,715318864010695106
ITIncident:60813,2,11834569855181684803
ITIncident:60817,2,817094723057191980
ITIncident:60823,2,12742933969340281125
ITIncident:60827,2,2459625015780409267
ITIncident:60830,2,715318864010695106
ITIncident:60837,2,18145839845849012168
ITIncident:60840,2,715318864010695106
ITIncident:60845,2,2459625015780409267
ITIncident:60850,2,9895802014026459920
ITIncident:60855,2,4632080601181905640
ITIncident:60858,2,715318864010695106
ITIncident:60863,2,8580699026695961728
ITIncident:60868,2,15904279893035622539
ITIncident:60875,2,2428454988448829008
ITIncident:60882,2,8767094435758946666
ITIncident:60885,2,17894038244196264426
ITIncident:60891,2,13719838698752441705
ITIncident:60901,2,4642920386160490132
ITIncident:60904,2,715318864010695106
ITIncident:60907,2,3995591087247831146
ITIncident:60913,2,1169963207760037297
ITIncident:60915,2,1783779007387769918
ITIncident:60919,2,5625016081978705558
ITIncident:60926,2,17184372908174540274
ITIncident:60929,2,12925623955016156103
ITIncident:60937,2,7096751291112013019
ITIncident:60941,2,2861710769881285643
ITIncident:60952,0,6529788941197016946
ITIncident:60958,2,15051151315733933902
ITIncident:60961,2,17175978616421536655
ITIncident:60964,2,13648118712173299818
ITIncident:60974,2,6997764891759124015
ITIncident:60990,2,2246907515071170013
ITIncident:60996,2,6947582395411376473
ITIncident:61000,2,14987702106818394745
ITIncident:61003,2,17175978616421536655
ITIncident:61009,2,743095041579809199
ITIncident:61018,2,3610320201832749333
ITIncident:61021,2,13793519998764738858
ITIncident:61024,2,5424838402845465494
ITIncident:61027,2,9249293981459253177
ITIncident:61030,2,5424838402845465494
ITIncident:61033,2,12980085256142142062
ITIncident:61036,2,9249293981459253177
ITIncident:61039,1,10552575030471358614
ITIncident:61041,2,17415543075242652528
ITIncident:61045,2,12260405734957929672
ITIncident:61048,2,9249293981459253177
ITIncident:61055,2,9679295236043538105
ITIncident:61059,2,7523175024009230099
ITIncident:61063,2,15136669317647753364
ITIncident:61065,2,2227388970451998165
ITIncident:61072,2,4186313767867253543
ITIncident:61077,2,10094024039528634172
ITIncident:61088,2,7246884195355520015
ITIncident:61093,2,10719479987032799714
ITIncident:61096,2,1063592381632612380
ITIncident:61100,2,10354611812954491864
ITIncident:61104,2,304885156130968023
ITIncident:61107,2,2356181819777856285
ITIncident:61113,2,14687793682567668682
ITIncident:61140,2,14580517504388124157
ITIncident:61143,2,8019416891269177380
ITIncident:61148,2,10008084791575635073
ITIncident:61156,2,7646280864884784314
ITIncident:61159,2,2887522293269807086
ITIncident:61163,2,288080006429047520
ITIncident:61172,2,1248622941910719242
ITIncident:61183,2,6993751856326446160
ITIncident:61187,2,6454604097657836361
ITIncident:61190,2,16104222196641790090
ITIncident:61195,2,9813032170697914694
ITIncident:61198,2,12111186344008580855
ITIncident:61203,2,8207362088490763229
ITIncident:61207,2,9276273880079210063
ITIncident:61213,2,16614617287585343017
ITIncident:61223,2,18319649131253529884
ITIncident:61226,2,7905480602934059517
ITIncident:61235,2,5132368468200413805
ITIncident:61246,2,3646594346857793522
ITIncident:61254,2,903337963751461359
ITIncident:61257,2,8451759667748502130
ITIncident:61262,2,4179570958333835610
ITIncident:61265,2,5014921244532561391
ITIncident:61268,2,1634128744250102478
ITIncident:61272,2,8094985455083697289
ITIncident:61282,2,18324217038004437333
ITIncident:61290,2,7893394612878585857
ITIncident:61293,2,3953136569964579634
ITIncident:61296,2,17651061540833377082
ITIncident:61299,2,15738967823535717785
ITIncident:61302,2,15740620611146833109
ITIncident:61314,2,1676680794259013623
ITIncident:61317,2,217597393099247049
ITIncident:61320,2,13907320440570291453
ITIncident:61328,2,15923619811313268890
ITIncident:61338,0,2885730671198699747
ITIncident:61345,2,10133188208801294398
ITIncident:61349,2,18310454866301929686
ITIncident:61353,2,8512741519172529624
ITIncident:61358,2,3930993793015223351
ITIncident:61365,2,12296542381182283231
ITIncident:61371,2,5314416191230057936
ITIncident:61376,2,13042211383622723925
ITIncident:61379,2,7250146459115323760
ITIncident:61385,2,1307521560816155701
ITIncident:61389,2,1609990673650143440
ITIncident:61399,2,10443673921055737791
ITIncident:61406,2,3078598023179519614
ITIncident:61410,2,12551950688900625161
ITIncident:61417,2,8329598600473607301
ITIncident:61424,2,15338230268756491256
ITIncident:61430,2,2941988134129802
ITIncident:61440,2,1191887091242649479
ITIncident:61450,2,9175250909955111275
ITIncident:61455,2,10390828902094127716
ITIncident:61460,2,12453101588929328512
ITIncident:61463,2,13681766637218604613
ITIncident:61473,2,11105706109071049684
ITIncident:61476,2,12111186344008580855
ITIncident:61482,2,12644895724002751874
ITIncident:61485,2,12847637602087586750
ITIncident:61488,2,715318864010695106
ITIncident:61491,2,12111186344008580855
ITIncident:61504,2,17199225093092437063
ITIncident:61512,2,2685725314012337293
ITIncident:61516,2,1539020855946425487
ITIncident:61522,2,10622253475895554997
ITIncident:61525,2,14291370597020486581
ITIncident:61528,2,715318864010695106
ITIncident:61531,2,1865744484290533161
ITIncident:61536,2,8970815836033973549
ITIncident:61540,2,14210484787607825742
ITIncident:61550,2,7930434606282063326
ITIncident:61555,2,12817000022520902171
ITIncident:61558,2,7905480602934059517
ITIncident:61564,2,5755648371335735958
ITIncident:61567,2,12051431159855352199
ITIncident:61571,2,367955586461976745
ITIncident:61574,2,533002731290502791
ITIncident:61577,2,10499340055563119164
ITIncident:61581,2,13762460634142069298
ITIncident:61584,2,15527038249772678928
ITIncident:61588,2,4826862957901073026
ITIncident:61592,2,3346469866053836331
ITIncident:61602,2,11417299981559144668
ITIncident:61605,2,715318864010695106
ITIncident:61608,2,999374838437094287
ITIncident:61614,2,11724554182917485131
ITIncident:61621,2,15846979391462281966
ITIncident:61628,2,6921673640362835165
ITIncident:61631,2,8366561302696807707
ITIncident:61638,2,8938552022893756269
ITIncident:61642,2,17421556207761359858
ITIncident:61650,2,5245769771277463140
ITIncident:61666,2,11900601986034879923
ITIncident:61674,2,13138289514371350316
ITIncident:61677,2,14726149381624186662
ITIncident:61680,2,4045491525919778351
ITIncident:61683,2,8454285023148334203
ITIncident:61691,2,6499341679273338240
ITIncident:61698,2,6560343915724005615
ITIncident:61705,2,6265776886419847464
ITIncident:61708,2,8443360921654424867
ITIncident:61712,2,8467443245142053315
ITIncident:61726,2,12094066267781235228
ITIncident:61735,0,17058168246171056191
ITIncident:61744,2,4033202460551905955
ITIncident:61753,2,10755171944570918430
ITIncident:61757,2,8467443245142053315
ITIncident:61760,2,4948565937945971902
ITIncident:61764,2,13293634324945175089
ITIncident:61768,2,14987702106818394745
ITIncident:61773,2,4178261366127275493
ITIncident:61779,2,13593964306941169231
ITIncident:61783,2,1135936464327218291
ITIncident:61787,2,4806542642009017488
ITIncident:61790,2,601916759755765965
ITIncident:61793,2,2113718247392916067
ITIncident:61799,2,17257825826414784981
ITIncident:61802,1,4948565937945971902
ITIncident:61808,2,11090342792740947844
ITIncident:61811,2,12566513415925253793
ITIncident:61814,2,12566513415925253793
ITIncident:61818,2,964981882824963632
ITIncident:61821,2,6680034160740047843
ITIncident:61825,2,13070170326076299398
ITIncident:61828,2,7905480602934059517
ITIncident:61831,2,12566513415925253793
ITIncident:61835,2,12566513415925253793
ITIncident:61839,2,5086814779241360724
ITIncident:61842,1,7905480602934059517
ITIncident:61849,2,7836650486538773547
ITIncident:61852,2,4948565937945971902
ITIncident:61856,2,12566513415925253793
ITIncident:61860,2,12566513415925253793
ITIncident:61863,2,12566513415925253793
ITIncident:61866,2,12566513415925253793
ITIncident:61869,2,12566513415925253793
ITIncident:61872,2,4838668988133220141
ITIncident:61877,2,10531296583154931363
ITIncident:61882,2,6478779739926266789
ITIncident:61885,2,12566513415925253793
ITIncident:61889,2,4026664395675299165
ITIncident:61892,2,5579489666467677631
ITIncident:61898,2,7787108700305390431
ITIncident:61901,2,4825612855767557374
ITIncident:61905,2,8971076009832008672
ITIncident:61908,2,1485660899242792656
ITIncident:61911,2,16765401469604171226
ITIncident:61916,2,9379568583624334389
ITIncident:61919,2,12847637602087586750
ITIncident:61922,2,4825612855767557374
ITIncident:61931,2,16742887526538748083
ITIncident:61934,2,2613007622536025887
ITIncident:61944,2,10408472458759952373
ITIncident:61955,2,16826533154235217415
ITIncident:61959,2,430016983145288798
ITIncident:61966,2,14017245946261321693
ITIncident:61971,2,7845631903722794258
ITIncident:61980,2,14230068075955556008
ITIncident:61984,2,17421556207761359858
ITIncident:61989,2,13246696347758728272
ITIncident:61995,0,1846061521063790751
ITIncident:62001,0,4524485351531435969
ITIncident:62007,0,3804516692800660407
ITIncident:62010,2,4272683758327027575
ITIncident:62013,2,12980085256142142062
ITIncident:62016,2,17045635975568820297
ITIncident:62019,2,17175978616421536655
ITIncident:62022,2,12111186344008580855
ITIncident:62028,2,5067025956757670964
ITIncident:62032,2,13438874918323608188
ITIncident:62045,2,15142892294402352959
ITIncident:62049,2,8467443245142053315
ITIncident:62053,2,12668586723633087149
ITIncident:62057,2,16628019996751786900
ITIncident:62060,2,4481680696195983537
ITIncident:62064,2,12566513415925253793
ITIncident:62067,2,12566513415925253793
ITIncident:62070,2,12566513415925253793
ITIncident:62073,2,12566513415925253793
ITIncident:62077,2,12566513415925253793
ITIncident:62079,2,11859186153032159539
ITIncident:62081,2,15700050980871181311
ITIncident:62085,2,12566513415925253793
ITIncident:62089,2,5086814779241360724
ITIncident:62095,2,8203311505216822672
ITIncident:62098,2,8713525865934029806
ITIncident:62108,2,11467041462000699248
ITIncident:62111,2,12566513415925253793
ITIncident:62114,2,12566513415925253793
ITIncident:62117,2,12566513415925253793
ITIncident:62120,2,4838668988133220141
ITIncident:62123,2,4838668988133220141
ITIncident:62127,2,12566513415925253793
ITIncident:62132,2,10504798188723819109
ITIncident:62141,2,15354741667897742830
ITIncident:62145,2,12566513415925253793
ITIncident:62149,2,12566513415925253793
ITIncident:62152,2,5014921244532561391
ITIncident:62158,2,17139510113825638577
ITIncident:62172,2,13725567273106253803
ITIncident:62180,2,15527428381967724075
ITIncident:62183,2,15777731366497412576
ITIncident:62186,2,13622585845838544168
ITIncident:62189,2,13048222445483466062
ITIncident:62194,2,2133345877675447670
ITIncident:62201,2,11816972636290520652
ITIncident:62206,2,18165482340078631504
ITIncident:62210,0,8822840120229654215
ITIncident:62213,2,12111186344008580855
ITIncident:62220,2,5713678097427564825
ITIncident:62228,0,2592920010833766018
ITIncident:62235,0,10375723924926042528
ITIncident:62247,0,10119745444323572005
ITIncident:62251,2,14613568563373070049
ITIncident:62255,2,3407208254637292715
ITIncident:62260,0,10939884812615455187
ITIncident:62266,2,7391188578839582630
ITIncident:62269,2,4171427816487606462
ITIncident:62272,2,9141543725527778207
ITIncident:62277,2,13354367293721656680
ITIncident:62284,2,13993895432462095200
ITIncident:62296,2,16041498988533392155
ITIncident:62302,2,16783672410545180752
ITIncident:62310,2,8304802182141742219
ITIncident:62313,2,12111186344008580855
ITIncident:62315,2,268939031307449611
ITIncident:62319,2,1437341734421885278
ITIncident:62324,2,17152542380519381709
ITIncident:62333,2,14837455882341064974
ITIncident:62341,2,12750041466797888703
ITIncident:62345,2,15027561770725814528
ITIncident:62350,2,11169096508908410744
ITIncident:62353,1,12566513415925253793
ITIncident:62356,1,12566513415925253793
ITIncident:62359,1,12566513415925253793
ITIncident:62362,1,12566513415925253793
ITIncident:62366,1,12566513415925253793
ITIncident:62372,2,16783672410545180752
ITIncident:62375,2,12068614284559441717
ITIncident:62378,2,13793519998764738858
ITIncident:62389,2,11960238155366423740
ITIncident:62392,2,6089892614968426187
ITIncident:62395,2,14437482339376915452
ITIncident:62398,2,4975724976158731324
ITIncident:62402,1,8467443245142053315
ITIncident:62409,2,1431970039317815521
ITIncident:62411,2,5104332828883570631
ITIncident:62415,2,9797854002384365914
ITIncident:62422,2,2453135317343899044
ITIncident:62436,2,3759448051808768476
ITIncident:62441,1,7830768934669862557
ITIncident:62449,2,8235511558179598001
ITIncident:62454,2,10598068453617832681
ITIncident:62458,2,4053323895329937247
ITIncident:62462,2,14718375908494436800
ITIncident:62464,2,17843815983254310989
ITIncident:62466,2,7866398127594921580
ITIncident:62469,2,12068614284559441717
ITIncident:62472,1,4825612855767557374
ITIncident:62475,1,6325782128206346200
ITIncident:62478,2,7905480602934059517
ITIncident:62481,2,4782898608022058204
ITIncident:62484,2,16479043657205106744
ITIncident:62487,2,1089485631887282138
ITIncident:62490,2,9249293981459253177
ITIncident:62494,2,4797759041157794009
ITIncident:62496,2,8837012867093025555
ITIncident:62499,2,16336327809839082424
ITIncident:62506,2,12579243103264639055
ITIncident:62508,2,8837012867093025555
ITIncident:62514,2,10033192739434884119
ITIncident:62518,2,14824053366490697622
ITIncident:62520,2,8837012867093025555
ITIncident:62523,2,14201417069331716702
ITIncident:62530,2,14376923810893851340
ITIncident:62533,2,4948565937945971902
ITIncident:62535,2,8837012867093025555
ITIncident:62538,2,6378282376362937458
ITIncident:62544,2,2199356358612250772
ITIncident:62550,2,11061864717041454293
ITIncident:62557,2,15541393747870774819
ITIncident:62559,2,8837012867093025555
ITIncident:62562,2,11877921628316920666
ITIncident:62564,2,8837012867093025555
ITIncident:62570,2,300859057513313359
ITIncident:62577,2,6106399089851891985
ITIncident:62579,2,8837012867093025555
ITIncident:62582,2,7357881878783530031
ITIncident:62589,2,12038430706628864476
ITIncident:62593,2,11247124734897095754
ITIncident:62595,2,8837012867093025555
ITIncident:62598,2,17923149777136964216
ITIncident:62604,2,10680194655635912709
ITIncident:62611,2,3953714310736898921
ITIncident:62623,2,16669895041821528125
ITIncident:62626,2,6325782128206346200
ITIncident:62630,2,17994377752441030592
ITIncident:62638,0,2210991003418909432
ITIncident:62642,2,13070170326076299398
ITIncident:62645,2,6680034160740047843
ITIncident:62648,2,5469226950558193188
ITIncident:62650,2,11859186153032159539
ITIncident:62656,1,16110558976679718309
ITIncident:62658,2,8837012867093025555
ITIncident:62661,2,136820660728878091
ITIncident:62669,2,15304242094446983659
ITIncident:62674,2,7630084474652504233
ITIncident:62677,2,1818354946605286282
ITIncident:62680,2,8436192325157825137
ITIncident:62682,2,8837012867093025555
ITIncident:62685,2,12111186344008580855
ITIncident:62690,2,14783840396950663991
ITIncident:62692,2,8837012867093025555
ITIncident:62695,2,16164560022986769117
ITIncident:62699,1,17230052775107035095
ITIncident:62701,2,8837012867093025555
ITIncident:62705,2,1775923966199469997
ITIncident:62711,2,11111006699791145669
ITIncident:62719,2,11333949832674205431
ITIncident:62729,2,2497736978866223067
ITIncident:62732,2,5566943018977277454
ITIncident:62734,2,17042940470083455458
ITIncident:62740,2,4631358553559245871
ITIncident:62743,2,17923149777136964216
ITIncident:62746,2,2941048360625129140
ITIncident:62757,2,13628602612037826892
ITIncident:62762,2,4958892654321514852
ITIncident:62768,2,12579975621612036145
ITIncident:62778,2,14505723447713532002
ITIncident:62781,2,715318864010695106
ITIncident:62784,2,10599585892899526161
ITIncident:62787,2,12750753737349537572
ITIncident:62792,2,18165482340078631504
ITIncident:62795,2,2941048360625129140
ITIncident:62801,2,4036778259155705783
ITIncident:62812,2,13173768663988523974
ITIncident:62817,2,3477161076614794342
ITIncident:62821,2,11887998853497587318
ITIncident:62824,2,17923149777136964216
ITIncident:62826,2,15700050980871181311
ITIncident:62829,2,12111186344008580855
ITIncident:62838,2,6228872576691083813
ITIncident:62843,2,2095315612428495979
ITIncident:62847,2,5086814779241360724
ITIncident:62851,2,17548247559301895295
ITIncident:62859,2,10974789553788388873
ITIncident:62867,2,9815575433924004601
ITIncident:62872,2,16809519165605028155
ITIncident:62876,2,12783599206901394161
ITIncident:62880,2,420134394973417254
ITIncident:62883,2,8019416891269177380
ITIncident:62887,2,6250980981279584722
ITIncident:62896,2,11656252084857978473
ITIncident:62900,2,8365757968291152330
ITIncident:62905,2,7138658398436041270
ITIncident:62914,2,10577991196516118502
ITIncident:62917,2,6192737227847897154
ITIncident:62921,2,8197288075115905263
ITIncident:62925,2,13329362919019557779
ITIncident:62928,2,17688017576000355266
ITIncident:62932,2,17112493952417971394
ITIncident:62939,2,3220772725553555728
ITIncident:62942,2,2613007622536025887
ITIncident:62945,2,13793519998764738858
ITIncident:62950,2,235744209455994367
ITIncident:62954,2,9392623339368644184
ITIncident:62967,2,161010229421419335
ITIncident:62972,2,4694369755059604567
ITIncident:62979,2,747445923249198505
ITIncident:62986,2,12195814767736152114
ITIncident:62989,2,9249293981459253177
ITIncident:62996,2,9714797915062556144
ITIncident:62999,2,13793519998764738858
ITIncident:63004,2,8801214439736958463
ITIncident:63007,2,13672673407409150728
ITIncident:63016,2,14077096718898846534
ITIncident:63022,2,1885240774645061208
ITIncident:63025,2,16145277972438412495
ITIncident:63030,2,16841750319297249372
ITIncident:63041,2,16739521014307343836
ITIncident:63044,2,8454285023148334203
ITIncident:63051,2,1617532019147213594
ITIncident:63073,2,18047254349798482082
ITIncident:63076,2,8243875583394445510
ITIncident:63079,2,1992001551874341233
ITIncident:63081,2,16989855524646088127
ITIncident:63085,2,14056244141616709888
ITIncident:63096,2,12320037841853620982
ITIncident:63099,2,6468709656641498445
ITIncident:63104,2,17135413092806468503
ITIncident:63109,2,8061960520646361714
ITIncident:63129,2,7753462270036331115
ITIncident:63135,2,11871726736458692276
ITIncident:63139,2,10359358245471159615
ITIncident:63144,2,12729437775997761882
ITIncident:63149,2,16419189682560734660
ITIncident:63153,2,4079501601651873023
ITIncident:63158,1,13872370978496157474
ITIncident:63164,2,12309705615968914585
ITIncident:63168,2,5869931044814855150
ITIncident:63178,2,8206641911601964574
ITIncident:63183,2,13753532065254315439
ITIncident:63186,2,9650746492707596217
ITIncident:63190,2,4550422652669578210
ITIncident:63196,2,4337972083792414688
ITIncident:63201,2,11076936658699617589
ITIncident:63205,2,14197676018468066806
ITIncident:63210,2,16830785129739358440
ITIncident:63216,2,11309032072299522673
ITIncident:63232,2,10082599678645978631
ITIncident:63239,2,12394347258441656172
ITIncident:63244,2,10053906707581636825
ITIncident:63257,2,6997916014695705043
ITIncident:63262,2,9414989827566226902
ITIncident:63266,2,2796681850147963724
ITIncident:63271,2,13289631392236735133
ITIncident:63283,2,5231513228654302324
ITIncident:63291,2,3663464910096179556
ITIncident:63295,2,6705362319083804237
ITIncident:63304,2,3448080837122333009
ITIncident:63314,2,2543459500356601604
ITIncident:63332,2,11006854818681859613
ITIncident:63337,2,895242605508787839
ITIncident:63340,2,16479043657205106744
ITIncident:63348,2,15734040448399856660
ITIncident:63355,2,10088049982713042199
ITIncident:63358,2,16479043657205106744
ITIncident:63367,2,1269997276092589801
ITIncident:63371,2,15004545845775864825
ITIncident:63378,1,14687793682567668682
ITIncident:63380,2,2278007864078023905
ITIncident:63389,2,12916480059047076038
ITIncident:63395,2,2888532494027901845
ITIncident:63399,2,8027222719843129578
ITIncident:63408,2,17596389635672802986
ITIncident:63411,2,17468014358790677715
ITIncident:63416,2,1395221129823211746
ITIncident:63420,2,8189740088970505862
ITIncident:63425,2,5623001664091207986
ITIncident:63428,2,715318864010695106
ITIncident:63435,2,7739882131884223055
ITIncident:63439,2,11308111701571069455
ITIncident:63443,2,7912790737706165622
ITIncident:63447,2,14987702106818394745
ITIncident:63451,2,2894310590756977997
ITIncident:63456,2,8755431311006610526
ITIncident:63463,2,1617532019147213594
ITIncident:63466,2,8534500839448104873
ITIncident:63469,2,3019792234992432856
ITIncident:63475,2,2608125877117016666
ITIncident:63493,2,1675948387675592617
ITIncident:63496,2,6680034160740047843
ITIncident:63502,2,7595709309101402407
ITIncident:63510,2,9764222911376456359
ITIncident:63520,2,82425298219507406
ITIncident:63526,2,9655327507645723861
ITIncident:63531,2,2345939485609770444
ITIncident:63537,2,1230833816890175958
ITIncident:63546,2,8308471746527994092
ITIncident:63559,2,1460874068131194303
ITIncident:63568,2,2483675364021602513
ITIncident:63571,2,15777731366497412576
ITIncident:63587,2,1560640766115136240
ITIncident:63594,2,8883364955978701800
ITIncident:63597,2,8006217188639152136
ITIncident:63601,2,18397840186717883001
ITIncident:63607,2,13435661060795578464
ITIncident:63615,2,7521668162293986677
ITIncident:63622,2,17070670937130184492
ITIncident:63625,2,9249293981459253177
ITIncident:63629,2,5032083557034052923
ITIncident:63638,2,14435190935055996197
ITIncident:63640,2,695776321291291868
ITIncident:63644,2,6737929467018332748
ITIncident:63651,2,932380046093982795
ITIncident:63659,2,14770087039086160428
ITIncident:63663,2,2976231710179917722
ITIncident:63671,2,16405792268900109822
ITIncident:63674,2,16722913326170480828
ITIncident:63684,2,4096294888772590076
ITIncident:63696,2,13693808219610655779
ITIncident:63701,2,16462256185665048180
ITIncident:63704,2,5505088734607707358
ITIncident:63712,2,14941497473479091432
ITIncident:63720,2,4433304848787103038
ITIncident:63723,2,10728923427792163108
ITIncident:63729,2,10714496360002644261
ITIncident:63732,2,12111186344008580855
ITIncident:63750,2,5879273880855773340
ITIncident:63753,2,9249293981459253177
ITIncident:63759,2,9915033611043076037
ITIncident:63764,2,15092662151760196491
ITIncident:63778,2,13215947901673047779
ITIncident:63789,2,10378118259747274926
ITIncident:63794,2,1232008874540791649
ITIncident:63806,2,7987993888545794832
ITIncident:63809,2,442646520282516593
ITIncident:63813,2,10155599676665228703
ITIncident:63815,2,1761484498738387395
ITIncident:63819,2,10182032822145063912
ITIncident:63829,2,6550461479372696305
ITIncident:63832,2,442646520282516593
ITIncident:63835,2,442646520282516593
ITIncident:63841,2,14332011851087489044
ITIncident:63850,2,15727009439748302782
ITIncident:63853,2,442646520282516593
ITIncident:63858,2,3852442503967962200
ITIncident:63861,2,442646520282516593
ITIncident:63869,2,8671920265137797056
ITIncident:63872,2,442646520282516593
ITIncident:63880,2,6626550375933998818
ITIncident:63886,2,9143350386034331152
ITIncident:63896,2,11550921168350527784
ITIncident:63903,2,6921673640362835165
ITIncident:63908,2,9538988860998703896
ITIncident:63912,2,9192573631878970529
ITIncident:63915,2,17220260018140327479
ITIncident:63918,2,14662406097355671430
ITIncident:63928,2,1552348648581600168
ITIncident:63933,2,12276989573522318786
ITIncident:63942,2,5886374227964944285
ITIncident:63946,2,15792500711382127906
ITIncident:63949,2,13648118712173299818
ITIncident:63952,2,10790560368693134722
ITIncident:63962,2,13371095729825870886
ITIncident:63970,2,13255223318730600341
ITIncident:63976,2,7441068004052794033
ITIncident:63979,2,16479043657205106744
ITIncident:63983,2,15723450701750631351
ITIncident:63994,2,5156356652109423232
ITIncident:64008,2,4427658215752697130
ITIncident:64021,2,13120808081894347388
ITIncident:64028,2,18415296396392414168
ITIncident:64031,2,18020991537619688766
ITIncident:64034,2,4694576134714884782
ITIncident:64037,2,8146432736084567597
ITIncident:64041,2,10824144796570258790
ITIncident:64047,2,8590399755344040993
ITIncident:64058,2,7217083966378839953
ITIncident:64064,2,1770359066671145078
ITIncident:64069,2,12123387586901011635
ITIncident:64073,2,2514171300968242822
ITIncident:64081,2,8400307238074190579
ITIncident:64087,2,5056058531474745695
ITIncident:64093,2,13057783098591924139
ITIncident:64100,2,17216074419832605707
ITIncident:64103,2,13666984347300023242
ITIncident:64107,2,2861710769881285643
ITIncident:64110,2,3953136569964579634
ITIncident:64118,2,16351821919687978337
ITIncident:64126,2,16313385575846467042
ITIncident:64130,2,16730906793100156701
ITIncident:64134,2,8762059509176794686
ITIncident:64139,2,13159131477200905906
ITIncident:64149,2,14907166317692403425
ITIncident:64153,2,11574256579345131026
ITIncident:64157,2,14180874534917938347
ITIncident:64161,2,14824053366490697622
ITIncident:64165,2,14377842551309593058
ITIncident:64169,2,13789389006491638495
ITIncident:64172,2,5014921244532561391
ITIncident:64175,2,1530750408853673419
ITIncident:64181,2,9513889121307395503
ITIncident:64185,2,7761411290123958630
ITIncident:64188,2,11531261031770642183
ITIncident:64195,2,1711515926632884199
ITIncident:64199,2,14824053366490697622
ITIncident:64202,2,13100205521208268006
ITIncident:64207,2,4031157037897720074
ITIncident:64212,2,16078039788442671200
ITIncident:64216,2,5765084078280352837
ITIncident:64228,2,8142276767993176539
ITIncident:64232,2,12758866809206319938
ITIncident:64238,2,2030242447729158724
ITIncident:64241,2,17468014358790677715
ITIncident:64247,2,4024325771205052694
ITIncident:64251,2,16286782534657220381
ITIncident:64255,2,1298088212986432265
ITIncident:64264,2,17836782131975509711
ITIncident:64272,2,5326896286210860925
ITIncident:64276,2,7435849551517882798
ITIncident:64282,2,9155507588298559859
ITIncident:64285,2,7905480602934059517
ITIncident:64288,2,318271064207337732
ITIncident:64295,2,17663462669250824841
ITIncident:64299,2,16017009709329979887
ITIncident:64311,2,5482108505571025896
ITIncident:64316,2,3883840906196059064
ITIncident:64321,2,3930993793015223351
ITIncident:64328,2,13680576823582975592
ITIncident:64336,2,11038721763449214625
ITIncident:64341,2,16907209148191745260
ITIncident:64346,2,4031157037897720074
ITIncident:64351,2,358783176617659593
ITIncident:64357,2,1728960567120650540
ITIncident:64362,2,209086755359035949
ITIncident:64367,2,4031157037897720074
ITIncident:64380,2,898641775731354765
ITIncident:64389,2,2574464695393303116
ITIncident:64399,2,5703426971397238436
ITIncident:64404,2,410190136960185307
ITIncident:64415,2,14140543169206602279
ITIncident:64419,2,12010932982471673423
ITIncident:64424,2,14729809569614002892
ITIncident:64428,2,5300409426797282299
ITIncident:64432,2,13347920102939015906
ITIncident:64435,2,11164819493850022996
ITIncident:64438,2,3019792234992432856
ITIncident:64442,2,4322387106245648273
ITIncident:64445,2,2127188420938391853
ITIncident:64456,2,12258418971670705237
ITIncident:64461,2,12999416490549285337
ITIncident:64469,2,4682523671528464115
ITIncident:64479,2,5440258630713980867
ITIncident:64482,2,6747899806322993675
ITIncident:64488,2,17316598007028318486
ITIncident:64491,2,8886616028870889580
ITIncident:64499,0,4814774911717954922
ITIncident:64503,2,10669449978855157168
ITIncident:64512,2,13166231973567676652
ITIncident:64522,2,2399086021287514741
ITIncident:64528,2,686387936820943402
ITIncident:64533,2,14286881467955799449
ITIncident:64536,2,12111186344008580855
ITIncident:64539,2,9249293981459253177
ITIncident:64550,2,15783497623743888311
ITIncident:64553,2,9782757529406968592
ITIncident:64556,2,7817486685362024232
ITIncident:64567,2,10714166756109392217
ITIncident:64570,2,12539538978425360888
ITIncident:64574,2,6340657041326245782
ITIncident:64577,2,1634128744250102478
ITIncident:64581,2,8364887119820107477
ITIncident:64587,2,10646601182346086075
ITIncident:64598,2,10396873131995538869
ITIncident:64601,2,5804630328720952898
ITIncident:64610,2,6535506477312510247
ITIncident:64614,2,2861710769881285643
ITIncident:64618,2,3781104396324566875
ITIncident:64620,2,12999537909079447668
ITIncident:64624,2,6626984551706217192
ITIncident:64627,2,9249293981459253177
ITIncident:64630,2,13362558036114876626
ITIncident:64633,2,4718824649075285148
ITIncident:64640,2,49614141333259983
ITIncident:64650,2,18173587004973447300
ITIncident:64654,1,15051459744726526509
ITIncident:64659,2,12303572291465851588
ITIncident:64662,2,17765640661935792414
ITIncident:64666,2,2563544514645252551
ITIncident:64669,2,7905480602934059517
ITIncident:64679,2,3281600300662315843
ITIncident:64682,2,6680034160740047843
ITIncident:64686,2,11230201844604215027
ITIncident:64689,2,4718824649075285148
ITIncident:64692,2,6170744971143753650
ITIncident:64695,2,7607730562133548535
ITIncident:64706,2,13812853960659359482
ITIncident:64710,2,14716229305331600405
ITIncident:64719,2,7949158094313562834
ITIncident:64731,2,7360977597077732122
ITIncident:64734,2,1818354946605286282
ITIncident:64737,2,923931642377732155
ITIncident:64740,2,13873000444134108236
ITIncident:64744,2,5499473198470858762
ITIncident:64755,2,16552729635840166348
ITIncident:64763,2,721788596425484787
ITIncident:64766,2,17527292914302745760
ITIncident:64773,2,9819719233545114451
ITIncident:64781,2,16978854005472808551
ITIncident:64791,2,6319152867633212374
ITIncident:64794,2,533002731290502791
ITIncident:64803,2,7919766559109235071
ITIncident:64815,2,6288700412455322247
ITIncident:64817,2,9262970822551407771
ITIncident:64826,2,15522124479944564414
ITIncident:64830,2,6728871398838902980
ITIncident:64833,2,9751490627376622196
ITIncident:64837,2,169033451085608354
ITIncident:64852,2,18227712470079926517
ITIncident:64857,2,1062896976309557042
ITIncident:64866,2,7296696887440420397
ITIncident:64869,2,9249293981459253177
ITIncident:64871,2,12064840989137553051
ITIncident:64874,2,5014921244532561391
ITIncident:64880,2,8478247330121084793
ITIncident:64885,2,4493399017592475460
ITIncident:64889,2,11054995431429387054
ITIncident:64893,2,6416131286588458973
ITIncident:64897,2,421679701633615330
ITIncident:64901,2,1135936464327218291
ITIncident:64906,2,6591565917490881022
ITIncident:64911,1,4556140567218986304
ITIncident:64917,2,18126435988535968451
ITIncident:64936,2,15131715499314959750
ITIncident:64938,2,17415543075242652528
ITIncident:64941,2,12566513415925253793
ITIncident:64944,2,12566513415925253793
ITIncident:64947,2,12566513415925253793
ITIncident:64950,2,12566513415925253793
ITIncident:64953,2,1818354946605286282
ITIncident:64956,2,16367974316820632956
ITIncident:64962,2,9981872470241991610
ITIncident:64966,2,2602253249707559195
ITIncident:64970,2,12566513415925253793
ITIncident:64974,1,14987702106818394745
ITIncident:64977,2,9249293981459253177
ITIncident:64987,2,11959671543384431647
ITIncident:64990,2,5579489666467677631
ITIncident:64992,2,2799510882688812556
ITIncident:64997,2,3913899801497389601
ITIncident:65002,2,18412203132430997537
ITIncident:65008,2,14954126193420474360
ITIncident:65013,2,9353921498174012957
ITIncident:65019,2,4627110972327916557
ITIncident:65025,2,2153275801264524134
ITIncident:65037,2,8164102614196511661
ITIncident:65042,2,3592698608351843526
ITIncident:65044,2,13558822217469815122
ITIncident:65047,2,12380831226766660961
ITIncident:65053,2,13197903003518353018
ITIncident:65059,2,4337972083792414688
ITIncident:65063,2,15919130632858793673
ITIncident:65068,2,8994577722061248829
ITIncident:65071,2,4948565937945971902
ITIncident:65074,2,13671702094733656956
ITIncident:65077,2,12750753737349537572
ITIncident:65082,2,11628000325417675154
ITIncident:65087,2,4694369755059604567
ITIncident:65093,2,4833392070072234460
ITIncident:65102,0,11007886314592352794
ITIncident:65105,2,14564367570868034520
ITIncident:65109,2,3407208254637292715
ITIncident:65118,2,6827241933431835029
ITIncident:65120,2,15524686662334241533
ITIncident:65122,2,2227388970451998165
ITIncident:65125,2,676465636110312279
ITIncident:65128,2,15759471189890166142
ITIncident:65132,2,13097485038592073305
ITIncident:65135,2,16095716458525359971
ITIncident:65138,1,13793519998764738858
ITIncident:65143,2,10912508996402517409
ITIncident:65151,2,2641860131019544285
ITIncident:65160,2,12366978906633024677
ITIncident:65162,2,7566663966577990717
ITIncident:65167,2,9353921498174012957
ITIncident:65174,2,11871726736458692276
ITIncident:65177,2,14794728450835081103
ITIncident:65182,2,7577284015118200769
ITIncident:65185,2,8454285023148334203
ITIncident:65187,2,18342654463097959522
ITIncident:65191,2,3597652378472491908
ITIncident:65195,2,13070170326076299398
ITIncident:65203,2,11877713106081014554
ITIncident:65208,2,8111002711634523147
ITIncident:65212,2,2793243628317431779
ITIncident:65217,2,5560353657935949923
ITIncident:65221,2,8803559604249699610
ITIncident:65224,2,14794728450835081103
ITIncident:65232,2,4550258761852375954
ITIncident:65247,2,3253446608542938513
ITIncident:65251,2,3371351247222973513
ITIncident:65254,2,17175978616421536655
ITIncident:65257,2,2356181819777856285
ITIncident:65260,2,1992001551874341233
ITIncident:65264,2,15230877410336528463
ITIncident:65268,2,3371351247222973513
ITIncident:65272,2,15553989138494405013
ITIncident:65279,2,7428137829831460903
ITIncident:65282,2,12547708862405783585
ITIncident:65285,2,17127986475844451837
ITIncident:65289,2,1972397028745518705
ITIncident:65295,2,11296158126873291791
ITIncident:65301,2,11715063483756810962
ITIncident:65306,2,1351338818110480614
ITIncident:65313,0,1747152584753479801
ITIncident:65322,2,5759280851893231870
ITIncident:65330,2,2582460307791972631
ITIncident:65334,2,17148936706597630932
ITIncident:65348,2,7671866463297166356
ITIncident:65351,2,12845855792283715796
ITIncident:65357,2,5764195687858650721
ITIncident:65361,2,8822044944159079722
ITIncident:65364,2,13003888781435704320
ITIncident:65368,2,4376688619542359715
ITIncident:65371,2,17765640661935792414
ITIncident:65375,2,2796681850147963724
ITIncident:65378,2,13706001777934191809
ITIncident:65382,2,17148936706597630932
ITIncident:65396,2,15564314418503935601
ITIncident:65402,2,11920672928442413892
ITIncident:65408,2,13761062666135715458
ITIncident:65412,2,15553989138494405013
ITIncident:65416,2,11736811556474757168
ITIncident:65419,2,13003888781435704320
ITIncident:65428,2,15809596396529118575
ITIncident:65431,2,2941048360625129140
ITIncident:65436,2,3595843177187241204
ITIncident:65439,2,13220669687677444256
ITIncident:65443,2,12824088266532180901
ITIncident:65446,2,55044431007795307
ITIncident:65450,2,15880329758740485101
ITIncident:65453,2,15740620611146833109
ITIncident:65456,2,13191315888390237100
ITIncident:65460,2,10113238540348217932
ITIncident:65467,2,12546734079122922777
ITIncident:65469,2,15247542096022240057
ITIncident:65473,2,7916184606711423463
ITIncident:65484,2,7581395011979638308
ITIncident:65487,2,16479043657205106744
ITIncident:65499,2,13097042370102412302
ITIncident:65502,2,16479043657205106744
ITIncident:65506,2,10113238540348217932
ITIncident:65514,2,6678242599520303731
ITIncident:65521,2,6871513903051597570
ITIncident:65524,1,13793519998764738858
ITIncident:65531,2,14058119322336966031
ITIncident:65534,2,4125011619377732061
ITIncident:65536,2,13081107210645226341
ITIncident:65539,2,15144580595390668178
ITIncident:65544,2,16841750319297249372
ITIncident:65548,2,4483543155909658723
ITIncident:65554,2,18019308042658399463
ITIncident:65558,2,3821458248532460106
ITIncident:65565,2,1613031299542240080
ITIncident:65569,2,5076809455447921242
ITIncident:65574,2,9858114707171808400
ITIncident:65578,2,9409897753458237348
ITIncident:65583,2,12555359914134286777
ITIncident:65586,2,7905480602934059517
ITIncident:65590,2,15718693703477938487
ITIncident:65605,2,16010024806909469806
ITIncident:65609,2,14232280149608933896
ITIncident:65613,2,9964893021336901206
ITIncident:65616,2,8454285023148334203
ITIncident:65619,2,1848519252850336578
ITIncident:65625,2,12400112948054891620
ITIncident:65629,2,11372646354081509129
ITIncident:65633,2,1890541284645802010
ITIncident:65635,2,6441743758529997752
ITIncident:65640,2,2197367905907293209
ITIncident:65643,2,12111186344008580855
ITIncident:65646,2,8639877852749992099
ITIncident:65649,2,1396213510530255009
ITIncident:65662,1,3478573630541150804
ITIncident:65666,2,4929075748584267556
ITIncident:65672,2,10646601182346086075
ITIncident:65676,2,4770418899547614370
ITIncident:65679,2,6747899806322993675
ITIncident:65683,2,2220966877385487399
ITIncident:65688,2,11336464888189203535
ITIncident:65694,2,15660719758775594265
ITIncident:65704,2,12756537196098278830
ITIncident:65708,2,13017232023264975184
ITIncident:65712,2,16690308185875919070
ITIncident:65714,2,1869904479513687889
ITIncident:65721,2,8681131037013437417
ITIncident:65725,2,2800352227736392204
ITIncident:65728,2,15740620611146833109
ITIncident:65731,2,7905480602934059517
ITIncident:65733,2,8358547639211357074
ITIncident:65747,1,8709241235772201246
ITIncident:65751,2,14987702106818394745
ITIncident:65756,2,15694639625429069595
ITIncident:65764,2,3030172804430646710
ITIncident:65767,2,13222565547083088341
ITIncident:65770,2,9249293981459253177
ITIncident:65773,2,12847637602087586750
ITIncident:65777,1,5851017493653327879
ITIncident:65788,2,4704772742651150480
ITIncident:65797,2,857515071147138859
ITIncident:65806,2,4880449279239317470
ITIncident:65811,2,2414298459382407601
ITIncident:65815,2,5945428164125071116
ITIncident:65818,2,15478116238043470284
ITIncident:65839,2,5004313344383094553
ITIncident:65845,2,13432848856554106432
ITIncident:65850,2,8858456061745519208
ITIncident:65865,2,14931778505714794867
ITIncident:65869,2,16664196730159176737
ITIncident:65882,2,8025523521796631275
ITIncident:65887,2,6296203811647385999
ITIncident:65890,2,9249293981459253177
ITIncident:65896,2,5744722012676190500
ITIncident:65900,2,16256473841912636416
ITIncident:65903,2,7841743330686205976
ITIncident:65911,2,6364558002574448265
ITIncident:65913,2,7566663966577990717
ITIncident:65920,2,5260656904111122140
ITIncident:65922,1,928565737261567267
ITIncident:65933,2,7759780459815341677
ITIncident:65939,2,8456897881003739563
ITIncident:65949,2,13112587117137068100
ITIncident:65953,2,2739580048007342880
ITIncident:65960,2,9502456474727906085
ITIncident:65968,2,16465604082097916743
ITIncident:65971,2,1762588527951697538
ITIncident:65973,2,9493080118278370392
ITIncident:65976,2,2962643692798794707
ITIncident:65981,2,10412295073718236934
ITIncident:65985,2,5166935165686624517
ITIncident:65990,2,11394421739546086761
ITIncident:65994,2,6187895934362477155
ITIncident:65999,2,4635219753845321250
ITIncident:66002,2,13648118712173299818
ITIncident:66016,2,2522905491288885894
ITIncident:66024,2,4025273349147799356
ITIncident:66032,2,6330869464255619234
ITIncident:66040,2,11920968680044859244
ITIncident:66043,2,11990426523109658233
ITIncident:66050,2,15693854990777203336
ITIncident:66056,2,13883984674320651389
ITIncident:66058,1,3968020277615795118
ITIncident:66061,1,5503695927017274875
ITIncident:66065,2,8772199912155982575
ITIncident:66071,2,14951558952090412045
ITIncident:66081,2,13545336183070189449
ITIncident:66088,2,6540906859042338502
ITIncident:66090,2,9648623893030521729
ITIncident:66093,2,9249293981459253177
ITIncident:66097,2,4585655669356195381
ITIncident:66105,2,18228982726899697099
ITIncident:66110,2,16690308185875919070
ITIncident:66114,2,12010932982471673423
ITIncident:66119,1,4710307711696279943
ITIncident:66124,2,2363703375979686772
ITIncident:66135,2,3318568531968717951
ITIncident:66138,2,2356181819777856285
ITIncident:66144,2,4337972083792414688
ITIncident:66147,2,17332844913303132337
ITIncident:66155,2,18200749005445533812
ITIncident:66159,2,13609440404668315939
ITIncident:66164,2,15334830064971307185
ITIncident:66167,2,6325782128206346200
ITIncident:66170,2,7905480602934059517
ITIncident:66177,2,9306998523963624669
ITIncident:66180,2,2613007622536025887
ITIncident:66183,2,6390626155450659639
ITIncident:66186,2,16400712766734051648
ITIncident:66188,2,12694692153218129644
ITIncident:66195,2,1711515926632884199
ITIncident:66198,2,6680034160740047843
ITIncident:66207,2,6801075769765406071
ITIncident:66212,2,14024727486723089409
ITIncident:66217,2,17691793486572676714
ITIncident:66220,2,5014921244532561391
ITIncident:66224,2,11495711391599572311
ITIncident:66228,2,9188401763630446440
ITIncident:66233,2,4050022800521230963
ITIncident:66245,2,18267098353184872546
ITIncident:66250,2,15946935732033348161
ITIncident:66257,2,15310210281469263
ITIncident:66273,2,14206474588946989802
ITIncident:66277,2,13070170326076299398
ITIncident:66284,2,16123542891005418132
ITIncident:66288,2,1539020855946425487
ITIncident:66293,2,8135304599263703413
ITIncident:66300,2,5730417667268007572
ITIncident:66304,2,15691528480489960228
ITIncident:66307,2,9249293981459253177
ITIncident:66317,2,16506810347604294726
ITIncident:66320,2,3012283545402786783
ITIncident:66324,2,2106087655377641241
ITIncident:66327,2,15445893905862832417
ITIncident:66332,2,10329532976790416436
ITIncident:66339,2,9750733592964177297
ITIncident:66343,2,9152029533263159141
ITIncident:66351,2,2211726613926078974
ITIncident:66355,2,13350270404393752819
ITIncident:66358,2,16785216369565839923
ITIncident:66362,2,16150963025083442442
ITIncident:66365,2,16479043657205106744
ITIncident:66368,2,13793519998764738858
ITIncident:66380,2,1440774337499693763
ITIncident:66386,2,3874915424223560051
ITIncident:66390,2,2656065159504890122
ITIncident:66393,2,14308461358152788757
ITIncident:66401,2,18445066731031434061
ITIncident:66406,2,18088875201130856378
ITIncident:66408,2,15700050980871181311
ITIncident:66411,2,10599585892899526161
ITIncident:66418,2,2658535607868980560
ITIncident:66423,2,5074939932259416345
ITIncident:66430,2,18294284633498838284
ITIncident:66439,2,12516087149587035244
ITIncident:66446,2,4999664066275930923
ITIncident:66456,2,18296626559225514686
ITIncident:66459,2,4469701921650845453
ITIncident:66463,2,4483543155909658723
ITIncident:66466,2,9980637178060984698
ITIncident:66474,2,11450712121797602007
ITIncident:66479,2,17714704659990776908
ITIncident:66483,2,1467947473519153609
ITIncident:66490,2,14286140733951407042
ITIncident:66493,2,17474702565235415081
ITIncident:66496,2,6680034160740047843
ITIncident:66499,2,7905480602934059517
ITIncident:66508,2,6741894057663479634
ITIncident:66514,2,9999330688235818950
ITIncident:66526,2,7539146266818332866
ITIncident:66528,2,3582881113766432677
ITIncident:66531,2,6166103329065846108
ITIncident:66540,2,9620488943225406080
ITIncident:66550,2,6981897828448638423
ITIncident:66555,2,18193871752401608414
ITIncident:66564,2,2009698002214548691
ITIncident:66574,2,15703510064558233570
ITIncident:66577,2,10424834321528892736
ITIncident:66582,2,8247576471895926271
ITIncident:66585,2,15926667072908199135
ITIncident:66591,2,12268087768367908207
ITIncident:66597,2,12268087768367908207
ITIncident:66603,2,12268087768367908207
ITIncident:66609,2,12268087768367908207
ITIncident:66615,2,12268087768367908207
ITIncident:66619,2,10911686009285694638
ITIncident:66622,2,1634128744250102478
ITIncident:66629,2,9446302106769502975
ITIncident:66634,2,161909174293744168
ITIncident:66640,2,11738030132660088277
ITIncident:66647,2,1713630077077478024
ITIncident:66655,2,13791351506668107812
ITIncident:66660,2,18128873326266017409
ITIncident:66665,2,18315117639317710102
ITIncident:66669,2,11759107627760089472
ITIncident:66672,2,10867220114719951843
ITIncident:66675,2,2356181819777856285
ITIncident:66677,2,9655073064210886596
ITIncident:66681,2,10280195470554666754
ITIncident:66683,2,15673037603841131510
ITIncident:66686,2,7456457802935711973
ITIncident:66695,2,2691327774581182615
ITIncident:66702,2,7022248793023179549
ITIncident:66705,2,12111186344008580855
ITIncident:66715,2,6435652021040146881
ITIncident:66717,2,15247542096022240057
ITIncident:66720,2,1818354946605286282
ITIncident:66724,2,14110413965556951741
ITIncident:66727,2,2255707976137641713
ITIncident:66730,2,4336250201276121089
ITIncident:66734,2,11523913833705835422
ITIncident:66737,2,11557506847812764622
ITIncident:66740,2,14320269333332893371
ITIncident:66745,2,17150029889161858041
ITIncident:66748,2,14210125891064902968
ITIncident:66751,2,12948178909144579627
ITIncident:66757,2,544555797600158673
ITIncident:66763,2,14653079798714662958
ITIncident:66769,2,4942985157842645186
ITIncident:66774,2,11331527132929636278
ITIncident:66779,2,12242137508178575213
ITIncident:66785,2,17436397582296607348
ITIncident:66789,2,9635549731910837712
ITIncident:66794,2,201303404613716798
ITIncident:66804,2,5161625182403267545
ITIncident:66807,2,5433424327779158199
ITIncident:66809,2,17125488941645281842
ITIncident:66816,2,8527765375139391910
ITIncident:66824,2,2749098795531111212
ITIncident:66832,2,11900507700644066668
ITIncident:66836,2,6983267432723543820
ITIncident:66840,2,2865570159842177046
ITIncident:66850,2,11150509025575619719
ITIncident:66855,2,8995501228186617134
ITIncident:66867,2,1013569964270359692
ITIncident:66871,2,15062389976322578153
ITIncident:66874,2,8485099658957835457
ITIncident:66881,2,5609421075403995584
ITIncident:66885,2,16994180133269328621
ITIncident:66888,2,15738967823535717785
ITIncident:66894,2,17810555099530224852
ITIncident:66901,2,9174294298112804414
ITIncident:66910,2,211325693703674215
ITIncident:66914,2,10595623170334859146
ITIncident:66917,2,17045635975568820297
ITIncident:66920,2,3220036035629089542
ITIncident:66922,2,11859186153032159539
ITIncident:66925,2,8816785384205415928
ITIncident:66934,2,18231762129324837858
ITIncident:66954,2,12289520884501976822
ITIncident:66962,2,12355181923779303418
ITIncident:66965,2,1818354946605286282
ITIncident:66968,2,12240379720431207661
ITIncident:66971,2,17045635975568820297
ITIncident:66973,2,15237301139014346805
ITIncident:66986,2,16232460221321068748
ITIncident:66990,2,9797854002384365914
ITIncident:66998,0,2999016136968917584
ITIncident:67001,2,15777731366497412576
ITIncident:67005,2,1135936464327218291
ITIncident:67019,2,12960109635928485614
ITIncident:67033,2,13130425087334282111
ITIncident:67037,2,17491613141829375505
ITIncident:67043,2,11090342792740947844
ITIncident:67048,2,1349571755897795715
ITIncident:67051,2,12566513415925253793
ITIncident:67054,2,4948565937945971902
ITIncident:67057,2,12566513415925253793
ITIncident:67060,2,12566513415925253793
ITIncident:67062,2,5408694821547344994
ITIncident:67065,2,12566513415925253793
ITIncident:67069,2,12566513415925253793
ITIncident:67072,2,7550224225993504612
ITIncident:67076,2,12566513415925253793
ITIncident:67079,1,1818354946605286282
ITIncident:67082,2,12249696678911521859
ITIncident:67089,2,4559678076667037947
ITIncident:67092,2,15361698495998657411
ITIncident:67097,1,14563090993650411217
ITIncident:67101,2,16013035547835878841
ITIncident:67108,2,16064097140032509766
ITIncident:67115,2,253119728574433112
ITIncident:67122,2,13993642168294553158
ITIncident:67126,2,12566513415925253793
ITIncident:67136,2,7527362514107260124
ITIncident:67142,2,12396225285070939464
ITIncident:67147,2,18165482340078631504
ITIncident:67152,2,4971019594312536905
ITIncident:67159,2,13967223703616984340
ITIncident:67171,2,16952519583635902294
ITIncident:67191,2,14307414459210154456
ITIncident:67193,2,15700050980871181311
ITIncident:67198,2,1388136693517981520
ITIncident:67201,2,4782898608022058204
ITIncident:67224,2,13672294701540370235
ITIncident:67235,2,5541957407145770643
ITIncident:67238,2,4825612855767557374
ITIncident:67240,2,7771690227755582734
ITIncident:67246,2,13670454395893806919
ITIncident:67250,2,1609990673650143440
ITIncident:67257,1,8943636091158567384
ITIncident:67260,2,9249293981459253177
ITIncident:67262,2,2227388970451998165
ITIncident:67265,2,16479043657205106744
ITIncident:67274,2,17117328080800078943
ITIncident:67276,2,10604720135613690506
ITIncident:67279,2,10790560368693134722
ITIncident:67282,1,2941048360625129140
ITIncident:67289,2,5813667602301686988
ITIncident:67292,2,2802323676490830801
ITIncident:67295,2,6680034160740047843
ITIncident:67297,2,2227388970451998165
ITIncident:67299,2,17042940470083455458
ITIncident:67307,2,5117984147422947881
ITIncident:67322,2,15691361578008733147
ITIncident:67326,2,10501305689431067421
ITIncident:67333,1,6391677581170728799
ITIncident:67343,2,5239148654651317672
ITIncident:67352,2,4527997139781527814
ITIncident:67354,2,13424201944886856007
ITIncident:67361,2,4025957702746260151
ITIncident:67364,2,17280627373704885130
ITIncident:67371,2,9262163159447284954
ITIncident:67374,2,11877921628316920666
ITIncident:67378,2,2796681850147963724
ITIncident:67384,2,4695595898878644085
ITIncident:67399,2,11979423091310184842
ITIncident:67413,2,11423798027689228106
ITIncident:67416,2,2802323676490830801
ITIncident:67419,2,17916591117259707661
ITIncident:67437,2,15182820998830269252
ITIncident:67446,2,5520730844014699806
ITIncident:67457,2,14759883427394776379
ITIncident:67462,2,4053323895329937247
ITIncident:67467,2,7136565925542296889
ITIncident:67470,2,15200532513703151671
ITIncident:67475,2,9967406906931646477
ITIncident:67478,2,12566513415925253793
ITIncident:67483,2,1000586342227219377
ITIncident:67486,2,13688267506177063077
ITIncident:67489,2,9249293981459253177
ITIncident:67494,2,5405076596650000718
ITIncident:67497,2,13907320440570291453
ITIncident:67500,2,12566513415925253793
ITIncident:67507,2,6887442840089443886
ITIncident:67511,2,11183011138995818353
ITIncident:67514,2,440678888339226740
ITIncident:67517,2,12566513415925253793
ITIncident:67524,2,2762621774438777778
ITIncident:67528,2,13609440404668315939
ITIncident:67540,2,10489995017310913691
ITIncident:67551,2,13948221158640243081
ITIncident:67553,2,9300721067924512804
ITIncident:67560,2,9810660975460128270
ITIncident:67565,2,2197367905907293209
ITIncident:67570,2,268494249967487458
ITIncident:67574,2,17491613141829375505
ITIncident:67577,2,4838668988133220141
ITIncident:67580,2,12750753737349537572
ITIncident:67583,2,11826512119767011956
ITIncident:67588,2,17395584482822070533
ITIncident:67593,1,5312616940513544241
ITIncident:67603,2,6452175965155537929
ITIncident:67606,2,4838668988133220141
ITIncident:67609,2,1818354946605286282
ITIncident:67612,2,6680034160740047843
ITIncident:67614,2,15476825560888476318
ITIncident:67617,2,12566513415925253793
ITIncident:67620,2,9249293981459253177
ITIncident:67624,2,15921998494182150093
ITIncident:67626,2,2201164688422737312
ITIncident:67629,2,6489313206895087637
ITIncident:67634,2,3611774868565794307
ITIncident:67639,2,15002931706869491905
ITIncident:67651,2,1046395364396341953
ITIncident:67654,2,8163112164786291030
ITIncident:67662,2,5464580293637374155
ITIncident:67666,2,9791610142393842232
ITIncident:67670,2,12401621378734750995
ITIncident:67673,2,4273490464291226049
ITIncident:67675,2,14595129147341132965
ITIncident:67678,2,12111186344008580855
ITIncident:67681,2,1762588527951697538
ITIncident:67688,2,6106399089851891985
ITIncident:67691,2,5392058506486092126
ITIncident:67701,2,391827232659883292
ITIncident:67708,2,5958490728549430864
ITIncident:67715,2,10611144281311657967
ITIncident:67718,2,5579489666467677631
ITIncident:67724,2,11198562779480181745
ITIncident:67733,2,7346807624118500862
ITIncident:67737,2,14987702106818394745
ITIncident:67741,2,2324965632557094438
ITIncident:67744,2,18127972085563324938
ITIncident:67747,2,9249293981459253177
ITIncident:67753,2,13705006533470331889
ITIncident:67759,2,6868437162273059436
ITIncident:67761,1,5408694821547344994
ITIncident:67766,2,4400775848428335168
ITIncident:67770,2,7178809496977608971
ITIncident:67773,2,5433424327779158199
ITIncident:67776,2,951230441340271548
ITIncident:67780,2,1338460287856927068
ITIncident:67783,2,12122997701781773450
ITIncident:67792,2,13493813022273575793
ITIncident:67797,2,2247802420212485478
ITIncident:67801,2,5972021907682088508
ITIncident:67807,2,8150865129516160658
ITIncident:67814,2,14179503678502163660
ITIncident:67823,2,732743301162023859
ITIncident:67826,2,10140109032354169260
ITIncident:67833,2,5959017972121750210
ITIncident:67836,2,8485099658957835457
ITIncident:67839,2,6680034160740047843
ITIncident:67876,2,8637870404566096663
ITIncident:67882,2,2432079109117894513
ITIncident:67885,2,7726697860500025587
ITIncident:67889,2,17292222662096806044
ITIncident:67894,2,9870047743102024861
ITIncident:67899,2,6931648518647657731
ITIncident:67903,2,14987702106818394745
ITIncident:67909,2,6336638819031578174
ITIncident:67913,2,18347579686988225283
ITIncident:67924,2,8022297660975669301
ITIncident:67927,2,11112317285214622955
ITIncident:67929,2,3968020277615795118
ITIncident:67936,2,10768494411569785877
ITIncident:67940,2,10774041051258315610
ITIncident:67944,2,698731044845059306
ITIncident:67949,2,16885647055035457402
ITIncident:67957,2,4363282799838053159
ITIncident:67959,2,11859186153032159539
ITIncident:67967,2,784739336093339714
ITIncident:67970,2,1634128744250102478
ITIncident:67972,2,17170996042833632875
ITIncident:67978,2,14553365492830915576
ITIncident:67989,2,11948320990342453861
ITIncident:67996,2,814740839006903407
ITIncident:67999,2,9249293981459253177
ITIncident:68004,2,5001838986178777392
ITIncident:68008,1,12023022598476756903
ITIncident:68011,2,8485099658957835457
ITIncident:68014,2,6677481782188748767
ITIncident:68019,2,9221336856256510820
ITIncident:68026,2,7652303174392300398
ITIncident:68033,2,16465604082097916743
ITIncident:68037,2,14958158921799282248
ITIncident:68046,2,10811029843602270834
ITIncident:68054,2,9049224602327184653
ITIncident:68063,2,6133538071778345251
ITIncident:68067,2,9826207935414989288
ITIncident:68073,2,13824266932113478041
ITIncident:68081,2,17668466972458713436
ITIncident:68086,2,17724201434172996510
ITIncident:68090,2,540520954561049175
ITIncident:68093,2,9118367958902923346
ITIncident:68097,2,17449188227514436176
ITIncident:68100,2,5651313983145445138
ITIncident:68106,2,8442587612158456585
ITIncident:68111,2,13327281379004316498
ITIncident:68119,2,12587372630340167367
ITIncident:68122,2,17923149777136964216
ITIncident:68126,2,5327376859706822415
ITIncident:68134,2,5801216642505686819
ITIncident:68137,2,1634128744250102478
ITIncident:68141,2,11247124734897095754
ITIncident:68159,2,6272171543249707474
ITIncident:68163,2,5594773923426473141
ITIncident:68170,2,11584478185284237110
ITIncident:68173,2,16867751229168067394
ITIncident:68179,2,6931648518647657731
ITIncident:68186,2,364912734356898209
ITIncident:68191,2,1980499399721937477
ITIncident:68201,2,4568566232217958727
ITIncident:68203,2,928565737261567267
ITIncident:68210,2,15918192558760313904
ITIncident:68219,2,3329911756981671031
ITIncident:68231,2,11875446695156475024
ITIncident:68235,2,10030415140546663974
ITIncident:68238,2,4948565937945971902
ITIncident:68241,2,1818354946605286282
ITIncident:68244,2,13793519998764738858
ITIncident:68263,2,7898316435174356739
ITIncident:68274,2,1082938288529000419
ITIncident:68279,2,15908319386703299648
ITIncident:68288,2,5138185603718686066
ITIncident:68292,2,9811358865465949254
ITIncident:68298,2,2888532494027901845
ITIncident:68306,2,784739336093339714
ITIncident:68313,2,6364858756006821750
ITIncident:68316,2,4476800265195779904
ITIncident:68323,2,12173285215378703602
ITIncident:68334,2,8974250048719464250
ITIncident:68337,2,13648118712173299818
ITIncident:68340,2,3970192783599568662
ITIncident:68343,2,8803586730564181879
ITIncident:68348,2,6174138283183033758
ITIncident:68352,2,5186399677049962392
ITIncident:68355,2,11644008880979709785
ITIncident:68360,2,14811081709007660039
ITIncident:68364,2,17083988117053276807
ITIncident:68373,2,1925243413586465505
ITIncident:68377,2,9865378240176074422
ITIncident:68382,2,4815608309498186506
ITIncident:68390,2,10432455665757401622
ITIncident:68392,2,5415116056967740440
ITIncident:68395,2,11235499797743223046
ITIncident:68398,2,4029562367582368698
ITIncident:68402,2,5494304118716142701
ITIncident:68404,2,11861603709753599511
ITIncident:68409,2,8559318181966141680
ITIncident:68425,2,13915614562977210132
ITIncident:68429,2,7506242435214680280
ITIncident:68433,2,12091921840132568648
ITIncident:68438,2,11298209128744904664
ITIncident:68442,2,2044693914121590652
ITIncident:68445,2,14000940943372255409
ITIncident:68456,2,16409175578526943929
ITIncident:68461,2,8858456061745519208
ITIncident:68470,2,4191641352971389297
ITIncident:68474,2,9224720479514808980
ITIncident:68503,2,15525800797833817683
ITIncident:68511,2,10681919743902499674
ITIncident:68514,2,14915580861794152666
ITIncident:68528,2,13898563149609508619
ITIncident:68533,2,4075541125034580230
ITIncident:68543,2,1074212913246386426
ITIncident:68559,2,10868542129839001211
ITIncident:68564,2,4763024609441299862
ITIncident:68571,2,9380373736018499463
ITIncident:68582,2,17032870878371138775
ITIncident:68593,2,4973998645434021166
ITIncident:68597,2,17656893973031035340
ITIncident:68601,2,6610475436725704648
ITIncident:68604,2,1634128744250102478
ITIncident:68608,2,7065259006650655464
ITIncident:68617,2,4285558891265154519
ITIncident:68619,2,8953386182354600461
ITIncident:68622,2,12750753737349537572
ITIncident:68625,2,4469701921650845453
ITIncident:68628,2,13799795015041195600
ITIncident:68633,2,10354611812954491864
ITIncident:68643,2,1836049251305889117
ITIncident:68646,2,16479043657205106744
ITIncident:68653,2,1960535941381930005
ITIncident:68659,2,1354525776050260199
ITIncident:68674,2,1624467480129280887
ITIncident:68677,2,5989436177772978955
ITIncident:68682,2,6585073336840229439
ITIncident:68687,2,5085283161329497389
ITIncident:68692,1,2321551148110604078
ITIncident:68696,2,10244687318931387072
ITIncident:68699,2,17936139132401396807
ITIncident:68703,2,2709757731775230250
ITIncident:68707,2,15553116863885807514
ITIncident:68719,2,12168062743528838649
ITIncident:68725,2,12139459946680683757
ITIncident:68730,2,7395889689286254850
ITIncident:68733,2,6839276372087821921
ITIncident:68737,2,2110530821153252937
ITIncident:68743,2,8401103700042677404
ITIncident:68748,2,412473140476646056
ITIncident:68751,2,4782898608022058204
ITIncident:68756,2,9538988860998703896
ITIncident:68761,2,12482290737247860532
ITIncident:68765,2,79268282420699132
ITIncident:68768,2,9249293981459253177
ITIncident:68771,2,5778218159075827908
ITIncident:68780,2,162097607956762714
ITIncident:68787,2,2827082938421418978
ITIncident:68791,2,18116305085156366407
ITIncident:68794,2,2941048360625129140
ITIncident:68798,2,5698902175209006047
ITIncident:68806,2,16933078842690372197
ITIncident:68814,2,8577839047045362374
ITIncident:68820,2,8216808863808867385
ITIncident:68823,2,6325782128206346200
ITIncident:68827,2,12441324949912612932
ITIncident:68831,2,3677004824801289396
ITIncident:68833,2,7264367454697408435
ITIncident:68849,0,17817666436620555679
ITIncident:68853,2,1820252919270072468
ITIncident:68857,2,18115601647066759228
ITIncident:68862,2,2197367905907293209
ITIncident:68866,2,10155076974339540111
ITIncident:68874,2,13315616252636628205
ITIncident:68883,2,17986361314256256533
ITIncident:68894,2,4252052584187167022
ITIncident:68898,2,2874200601233556368
ITIncident:68903,2,17948962857141970715
ITIncident:68908,2,18141686709635245736
ITIncident:68915,2,1847420326527567524
ITIncident:68919,2,5478336909846379761
ITIncident:68925,2,3953382902860992668
ITIncident:68932,2,83994903523116789
ITIncident:68937,2,9696252098448322055
ITIncident:68940,2,1634128744250102478
ITIncident:68945,0,16977139393374637833
ITIncident:68951,2,17009519235516114316
ITIncident:68967,2,6215000490575694139
ITIncident:68973,2,18318588398304193392
ITIncident:68976,2,16385063712618380368
ITIncident:68980,2,9216372407705799768
ITIncident:68988,2,13887190539055129657
ITIncident:68991,2,14602748128945665084
ITIncident:68995,2,7606137618120677410
ITIncident:69005,2,4991029119972421012
ITIncident:69010,2,1305051075671169913
ITIncident:69019,2,16973948188912458558
ITIncident:69026,2,15203498546922927601
ITIncident:69030,2,5861361178857631251
ITIncident:69035,2,16338753909439996335
ITIncident:69038,2,16722913326170480828
ITIncident:69047,2,5718285582023424300
ITIncident:69049,2,5408694821547344994
ITIncident:69052,2,6680034160740047843
ITIncident:69057,2,14401322680583104426
ITIncident:69060,2,13048222445483466062
ITIncident:69066,2,11611663295399243720
ITIncident:69069,2,6510675725759131472
ITIncident:69072,2,2941048360625129140
ITIncident:69082,0,18283066680544876040
ITIncident:69084,2,7250886135376056917
ITIncident:69087,2,16722913326170480828
ITIncident:69090,2,2369134139554927280
ITIncident:69097,2,12084854498984434919
ITIncident:69100,2,5590259930751394025
ITIncident:69104,2,14000626215704871990
ITIncident:69108,2,2894310590756977997
ITIncident:69110,2,10927789776271377249
ITIncident:69114,2,3352747091837405267
ITIncident:69119,2,12333303801118464761
ITIncident:69122,2,6473456897920130597
ITIncident:69125,2,6592359131129534196
ITIncident:69133,2,18360276052390833245
ITIncident:69137,2,10905889538733603829
ITIncident:69141,2,8501011520273975767
ITIncident:69150,2,15839565831384721678
ITIncident:69157,2,10411012720854017158
ITIncident:69169,2,2783819035587155761
ITIncident:69173,2,17421556207761359858
ITIncident:69176,2,10790560368693134722
ITIncident:69180,2,3288156911838640699
ITIncident:69183,2,10790560368693134722
ITIncident:69185,2,1394448892800713115
ITIncident:69188,2,12566513415925253793
ITIncident:69191,2,12566513415925253793
ITIncident:69194,2,12566513415925253793
ITIncident:69196,2,1394448892800713115
ITIncident:69201,2,5407827382196205044
ITIncident:69206,2,3834768038747722549
ITIncident:69220,2,503458612295981581
ITIncident:69223,2,6680034160740047843
ITIncident:69226,2,13220669687677444256
ITIncident:69231,2,5001838986178777392
ITIncident:69238,2,9586968009604090713
ITIncident:69241,2,6983354500834791772
ITIncident:69245,1,13609440404668315939
ITIncident:69253,2,8868358571839970634
ITIncident:69259,2,6778881109438104154
ITIncident:69261,2,10538990098194470142
ITIncident:69264,2,12111186344008580855
ITIncident:69268,2,13293634324945175089
ITIncident:69272,2,15744013387303979528
ITIncident:69275,2,5151429479029678215
ITIncident:69279,2,5580584930830273332
ITIncident:69285,2,7644535874139061346
ITIncident:69303,2,12228607011675629115
ITIncident:69311,2,10846869755798466973
ITIncident:69315,2,16994180133269328621
ITIncident:69318,2,5014921244532561391
ITIncident:69323,2,14788856738423294433
ITIncident:69325,2,4688447467219680551
ITIncident:69330,2,1889321023496223559
ITIncident:69333,2,5651313983145445138
ITIncident:69337,2,17044155081378503169
ITIncident:69343,2,18284096371128775551
ITIncident:69349,2,3537543991825229034
ITIncident:69355,2,3723494921574056823
ITIncident:69358,2,4469701921650845453
ITIncident:69361,2,14276702367561722511
ITIncident:69364,2,16161109675341375089
ITIncident:69367,2,896823271388130965
ITIncident:69372,1,15272672722118271205
ITIncident:69374,2,14595129147341132965
ITIncident:69379,2,1781986509035490394
ITIncident:69385,2,8454069188104035393
ITIncident:69392,2,6966437799743319369
ITIncident:69397,2,12378217799392737981
ITIncident:69404,2,18404357765861248652
ITIncident:69407,2,1468898494999302980
ITIncident:69415,2,5159922839358746126
ITIncident:69419,2,13609440404668315939
ITIncident:69426,2,5278853636860350616
ITIncident:69429,2,12539538978425360888
ITIncident:69433,2,9288874943607067828
ITIncident:69439,2,15196051616598895453
ITIncident:69442,2,7905480602934059517
ITIncident:69445,2,11857090397179045002
ITIncident:69454,2,4567424916949971967
ITIncident:69461,2,17477628392968629940
ITIncident:69469,2,2443379204965043978
ITIncident:69472,2,4825612855767557374
ITIncident:69476,2,15752846290654427889
ITIncident:69479,2,9249293981459253177
ITIncident:69484,2,10329532976790416436
ITIncident:69488,2,6581732593521416474
ITIncident:69492,2,7516410135944313386
ITIncident:69499,2,5330471664054844846
ITIncident:69508,2,11758407311290145008
ITIncident:69511,2,1370511003339131664
ITIncident:69516,2,1712146773121676225
ITIncident:69526,2,4084110179641711879
ITIncident:69532,2,13642384354573866793
ITIncident:69535,2,6680034160740047843
ITIncident:69539,2,7098272898829918733
ITIncident:69544,2,6162406346017586892
ITIncident:69547,2,10606602808617674189
ITIncident:69550,2,4548492441228165260
ITIncident:69557,2,3654354703632355623
ITIncident:69560,2,8848070961433480053
ITIncident:69563,2,1423686755584692652
ITIncident:69580,2,6488217698253672991
ITIncident:69583,2,12566513415925253793
ITIncident:69586,2,3742945607923053449
ITIncident:69589,2,9691712434911128071
ITIncident:69593,2,11967175711862390327
ITIncident:69597,2,610384893072100107
ITIncident:69604,2,7388813321721110299
ITIncident:69609,2,14761663030823064748
ITIncident:69612,2,12539538978425360888
ITIncident:69617,2,17216074419832605707
ITIncident:69621,2,1008219002030162244
ITIncident:69625,2,16730906793100156701
ITIncident:69629,2,11628000325417675154
ITIncident:69635,2,2392894087027436120
ITIncident:69639,2,14905950126507279191
ITIncident:69646,2,6582905317745718796
ITIncident:69652,2,2187029039637767693
ITIncident:69655,2,6680034160740047843
ITIncident:69670,2,688561122963016458
ITIncident:69673,2,12566513415925253793
ITIncident:69684,2,13026518862323346135
ITIncident:69689,2,17250119082585888698
ITIncident:69693,2,18075725933803700937
ITIncident:69696,2,12566513415925253793
ITIncident:69700,2,2861710769881285643
ITIncident:69704,2,6284530520515860206
ITIncident:69707,2,9087127560383336135
ITIncident:69711,2,118883036867327659
ITIncident:69715,2,11736811556474757168
ITIncident:69717,2,12256838431153728563
ITIncident:69724,2,4656619123313686680
ITIncident:69733,2,4253045502610409894
ITIncident:69736,2,3508361976390710500
ITIncident:69740,2,15953683947044734627
ITIncident:69743,2,12505394228556255781
ITIncident:69753,2,12645558427346978611
ITIncident:69758,2,13067656814301644376
ITIncident:69766,2,11595446768468492119
ITIncident:69771,2,5695932492231915434
ITIncident:69775,2,1559489390748820368
ITIncident:69783,2,14628722528420188103
ITIncident:69787,2,6284530520515860206
ITIncident:69790,2,12566513415925253793
ITIncident:69805,0,12092860019998739024
ITIncident:69812,2,15793508939828826129
ITIncident:69821,2,4092493600506129079
ITIncident:69829,2,18329265923874930755
ITIncident:69833,2,118883036867327659
ITIncident:69836,2,1114450936869285833
ITIncident:69838,2,12081169314507275002
ITIncident:69845,2,16557843770243692504
ITIncident:69849,2,5869931044814855150
ITIncident:69854,2,6623908526437740256
ITIncident:69859,2,3845541468127470490
ITIncident:69865,2,2628652310430944517
ITIncident:69869,2,11964002954147782403
ITIncident:69873,2,12064531942498127555
ITIncident:69882,2,5966527819237247351
ITIncident:69886,2,118883036867327659
ITIncident:69893,2,4722979445948166119
ITIncident:69903,2,2681496955247615293
ITIncident:69908,2,7121554745549683923
ITIncident:69914,2,1208510791978921871
ITIncident:69921,2,7428117427485326852
ITIncident:69927,2,16148111933009098949
ITIncident:69932,2,3850495050273327655
ITIncident:69935,2,8761403018731066804
ITIncident:69937,2,3968020277615795118
ITIncident:69940,2,9249293981459253177
ITIncident:69948,2,6468657695913885563
ITIncident:69952,2,7002481500210598711
ITIncident:69955,2,4224592293418934964
ITIncident:69962,2,763423929845383039
ITIncident:69982,2,5876219304254756343
ITIncident:69986,2,5816656330192128016
ITIncident:69992,2,15930196819989256881
ITIncident:70005,2,13004848545472007785
ITIncident:70009,2,2855559077909153936
ITIncident:70019,2,18027173773062910096
ITIncident:70023,2,2800451571465944075
ITIncident:70028,1,10778885504598386406
ITIncident:70035,2,5720559409207778860
ITIncident:70046,2,8351168563568045204
ITIncident:70049,2,5806251991111106694
ITIncident:70061,2,14452084969630113974
ITIncident:70065,2,15921743046638071537
ITIncident:70073,2,4269411750203883574
ITIncident:70077,2,4099291026884294902
ITIncident:70085,0,2144147519903754217
ITIncident:70088,2,13793519998764738858
ITIncident:70091,2,3009916094264130021
ITIncident:70099,2,5046170456415369846
ITIncident:70102,2,13793519998764738858
ITIncident:70110,2,11745068021387279059
ITIncident:70117,2,11433394948524306375
ITIncident:70122,2,892666992683744371
ITIncident:70127,2,473629422455051920
ITIncident:70130,2,1848519252850336578
ITIncident:70133,2,14638506984632233348
ITIncident:70137,2,3766007819878720518
ITIncident:70139,2,3979992260907922218
ITIncident:70141,2,3979992260907922218
ITIncident:70157,2,11519101300188577731
ITIncident:70161,2,7977634065145934853
ITIncident:70164,2,16722913326170480828
ITIncident:70167,2,17970155816985013268
ITIncident:70172,2,14764244526946976206
ITIncident:70176,2,9248461813045675275
ITIncident:70179,2,9249293981459253177
ITIncident:70187,2,2308173246198916763
ITIncident:70196,2,11552831113940414756
ITIncident:70201,2,10256554187804294753
ITIncident:70215,2,13396918306570700380
ITIncident:70218,2,12817140839551613291
ITIncident:70223,2,11303115683778608588
ITIncident:70227,2,5025256238238137721
ITIncident:70230,2,11877921628316920666
ITIncident:70233,2,15130418033523160113
ITIncident:70238,2,12378217799392737981
ITIncident:70241,2,4180592024749203285
ITIncident:70247,2,17105586757142684007
ITIncident:70253,2,14997712925359893144
ITIncident:70256,2,12111186344008580855
ITIncident:70268,2,2202409590885662435
ITIncident:70276,2,10952062029533724376
ITIncident:70283,2,8478253592143845137
ITIncident:70290,2,3250833296081089679
ITIncident:70298,2,2969129253422666601
ITIncident:70304,2,9240814730837948404
ITIncident:70308,2,5352329218116032754
ITIncident:70314,2,14769944817648972795
ITIncident:70318,2,14794728450835081103
ITIncident:70327,2,11790815923450596450
ITIncident:70331,2,7065259006650655464
ITIncident:70335,2,16137973434150526001
ITIncident:70340,2,14124337742244110371
ITIncident:70353,2,16471733789082308258
ITIncident:70362,2,54811710024158738
ITIncident:70369,2,2746510342121673100
ITIncident:70374,2,16268856724088594277
ITIncident:70381,2,4695595898878644085
ITIncident:70392,0,8324632149871186185
ITIncident:70396,2,2599420067394212119
ITIncident:70399,2,13688267506177063077
ITIncident:70405,2,940014264368076433
ITIncident:70409,2,9791610142393842232
ITIncident:70414,2,14868777530964744679
ITIncident:70422,0,7253386598033946494
ITIncident:70426,2,310392340018709279
ITIncident:70435,2,11990519275157453651
ITIncident:70439,2,9936556137356947089
ITIncident:70444,2,4635219753845321250
ITIncident:70448,2,79268282420699132
ITIncident:70451,2,12018567855880088393
ITIncident:70458,2,6368168011827378762
ITIncident:70462,2,14824053366490697622
ITIncident:70479,2,5610524646549095344
ITIncident:70484,2,4715834770128519014
ITIncident:70492,2,14837455882341064974
ITIncident:70499,2,7134953296306967742
ITIncident:70507,2,829214383855187599
ITIncident:70511,2,14854557295023003466
ITIncident:70516,2,1283642878564457964
ITIncident:70520,2,818831147119926450
ITIncident:70523,2,1659546481906049225
ITIncident:70526,2,18020991537619688766
ITIncident:70529,2,791987996349323778
ITIncident:70534,2,2320213292443340979
ITIncident:70538,2,4870494666252888953
ITIncident:70548,2,668343056038909093
ITIncident:70555,2,15447367095831586490
ITIncident:70560,2,7413568090875595549
ITIncident:70565,2,9538988860998703896
ITIncident:70573,2,5391397256846165296
ITIncident:70580,2,6824022452176243160
ITIncident:70585,2,8383411930573805233
ITIncident:70592,2,18034849387094464301
ITIncident:70597,2,6192708011103887972
ITIncident:70604,0,12209051085464061920
ITIncident:70615,2,7952359035212352479
ITIncident:70621,2,9813032170697914694
ITIncident:70626,2,6808692735960108912
ITIncident:70630,2,1659229861090761827
ITIncident:70635,2,12309705615968914585
ITIncident:70639,2,5173095688115460615
ITIncident:70643,2,4150391198403808164
ITIncident:70653,2,3789587031816579479
ITIncident:70657,2,9052897405047605259
ITIncident:70662,2,18130901092464938330
ITIncident:70671,2,15496518234095027637
ITIncident:70675,2,13800591798904859994
ITIncident:70677,2,17415543075242652528
ITIncident:70682,2,11276849545796912890
ITIncident:70688,2,9104076696761855424
ITIncident:70692,2,2796681850147963724
ITIncident:70695,2,12647283881312530830
ITIncident:70699,2,3691407667558597101
ITIncident:70707,2,16245820726371766395
ITIncident:70710,2,9249293981459253177
ITIncident:70713,2,15738967823535717785
ITIncident:70716,2,715318864010695106
ITIncident:70725,2,47055925397282073
ITIncident:70731,2,9431266229242262457
ITIncident:70740,2,12962929056523435322
ITIncident:70746,2,14344642269162541941
ITIncident:70768,2,14483407864840124697
ITIncident:70771,2,6839276372087821921
ITIncident:70779,2,16790116492867407833
ITIncident:70786,2,14904300796883061332
ITIncident:70793,2,5345303667741680647
ITIncident:70799,2,3482610370584619421
ITIncident:70802,2,13220669687677444256
ITIncident:70805,2,1370511003339131664
ITIncident:70812,2,6531219796399891273
ITIncident:70816,2,16348892766269109429
ITIncident:70824,2,7232967865434573247
ITIncident:70829,2,5750963162413338118
ITIncident:70838,2,87735219482423849
ITIncident:70842,2,16801081454882173806
ITIncident:70846,2,2301766731979775897
ITIncident:70850,2,818831147119926450
ITIncident:70854,2,17160814323739919919
ITIncident:70860,2,16686305005203765257
ITIncident:70863,2,8443360921654424867
ITIncident:70871,2,3983803383088745861
ITIncident:70878,2,4819063986224150325
ITIncident:70884,2,2734596406727774335
ITIncident:70889,2,5887212870298757774
ITIncident:70901,2,15544443953659433567
ITIncident:70904,2,9249293981459253177
ITIncident:70911,2,15057358468778455497
ITIncident:70925,2,12058593897552430205
ITIncident:70935,0,3289737739293510457
ITIncident:70942,2,5138641983342435535
ITIncident:70949,2,14502489948665468419
ITIncident:70955,2,10602814217265748389
ITIncident:70958,2,13793519998764738858
ITIncident:70968,2,7101380881932255445
ITIncident:70971,2,5236102999490034585
ITIncident:70976,2,3236492739071650951
ITIncident:70982,2,13615299501196100743
ITIncident:70985,2,6325782128206346200
ITIncident:70996,2,452499010894269716
ITIncident:70999,2,2356181819777856285
ITIncident:71005,2,14884999947978716914
ITIncident:71009,2,6581732593521416474
ITIncident:71013,2,12265599299585647989
ITIncident:71021,2,18415060769631655270
ITIncident:71025,2,7599281298094248753
ITIncident:71035,2,5331751008026865560
ITIncident:71039,2,14121435376315836499
ITIncident:71046,2,5476120126491868178
ITIncident:71050,2,209341815648284960
ITIncident:71054,2,14056244141616709888
ITIncident:71058,2,16994180133269328621
ITIncident:71064,2,13411282829358593861
ITIncident:71067,2,3953136569964579634
ITIncident:71070,2,2356181819777856285
ITIncident:71073,2,2613007622536025887
ITIncident:71076,2,13886789140316092841
ITIncident:71091,2,6913170130307998161
ITIncident:71095,2,3203980533976089659
ITIncident:71097,2,14591051636706910714
ITIncident:71103,2,11628000325417675154
ITIncident:71113,2,640417254380838199
ITIncident:71117,2,2514171300968242822
ITIncident:71127,2,11429060678644298470
ITIncident:71130,2,6473456897920130597
ITIncident:71135,2,7376521878644242452
ITIncident:71140,2,8523662834252324829
ITIncident:71145,2,17199627142967943944
ITIncident:71148,2,12566513415925253793
ITIncident:71150,2,15024138795462046465
ITIncident:71153,2,12566513415925253793
ITIncident:71156,2,12566513415925253793
ITIncident:71167,2,17007155270665327566
ITIncident:71171,2,5693901236313308908
ITIncident:71179,2,6504115289107582501
ITIncident:71183,2,4838668988133220141
ITIncident:71186,2,5579489666467677631
ITIncident:71190,1,287220700199163759
ITIncident:71193,2,5424838402845465494
ITIncident:71196,2,12111186344008580855
ITIncident:71205,2,16647794024471129226
ITIncident:71211,2,6334800967680664007
ITIncident:71215,2,8592421202235764518
ITIncident:71217,2,17415543075242652528
ITIncident:71219,2,5408694821547344994
ITIncident:71225,1,2427911208454493441
ITIncident:71227,2,4531484715378881133
ITIncident:71236,2,815105511055582059
ITIncident:71239,2,4825612855767557374
ITIncident:71251,2,6668504872933908584
ITIncident:71254,2,475078432542121279
ITIncident:71262,2,7038503076630683429
ITIncident:71271,2,17948849022383333991
ITIncident:71275,2,18435481067054291953
ITIncident:71294,2,3210714233759488803
ITIncident:71297,2,15738967823535717785
ITIncident:71300,2,15527657090443793156
ITIncident:71303,2,4070495765507427249
ITIncident:71307,2,10650850977580290799
ITIncident:71320,2,3130266300460567663
ITIncident:71323,2,16275264956597754696
ITIncident:71327,2,1885597697616137326
ITIncident:71329,2,17415543075242652528
ITIncident:71335,2,4033883226749484243
ITIncident:71338,2,12566513415925253793
ITIncident:71342,2,420134394973417254
ITIncident:71348,2,18034723758286310066
ITIncident:71352,2,3410192152884060783
ITIncident:71355,2,13560634563022122924
ITIncident:71360,2,9538988860998703896
ITIncident:71371,2,11258331054339882646
ITIncident:71376,2,532036849120527368
ITIncident:71393,2,13250128067379308703
ITIncident:71398,2,6543907413215816186
ITIncident:71400,2,11754138933783404109
ITIncident:71408,2,12564976099184117722
ITIncident:71413,2,9221336856256510820
ITIncident:71417,2,11736811556474757168
ITIncident:71423,2,16478949628928370926
ITIncident:71431,2,4005310779120510374
ITIncident:71435,2,16409402124039360568
ITIncident:71437,2,16479043657205106744
ITIncident:71441,2,17791569321912627124
ITIncident:71450,2,5836586121925168110
ITIncident:71454,2,4685114179931574029
ITIncident:71458,2,14682301208839472123
ITIncident:71464,2,2329813775567880090
ITIncident:71467,2,5579489666467677631
ITIncident:71470,2,9249293981459253177
ITIncident:71475,2,9217941723137177171
ITIncident:71478,2,13907320440570291453
ITIncident:71480,2,12136344891395425160
ITIncident:71488,2,7715872536554128877
ITIncident:71492,2,9454257038590495107
ITIncident:71495,2,9037910228859503053
ITIncident:71499,2,13609440404668315939
ITIncident:71504,2,3441050331770587270
ITIncident:71516,2,2977942931959494793
ITIncident:71519,2,6680034160740047843
ITIncident:71525,2,9857209000141194413
ITIncident:71529,2,13809595274289679491
ITIncident:71532,2,180806663613916093
ITIncident:71535,2,9782757529406968592
ITIncident:71543,2,3428008116073997655
ITIncident:71547,2,10253543290280665095
ITIncident:71553,2,6506088913244391685
ITIncident:71555,2,3582881113766432677
ITIncident:71562,2,10842314029990685562
ITIncident:71564,2,12999537909079447668
ITIncident:71569,2,9717696388738056658
ITIncident:71573,2,9454257038590495107
ITIncident:71576,2,11694164741208910546
ITIncident:71580,2,13032349234628589391
ITIncident:71591,2,10421194105287626396
ITIncident:71594,2,23746766423540840
ITIncident:71601,2,14312777472955082078
ITIncident:71610,2,14323491700484124949
ITIncident:71618,2,2455439285821152094
ITIncident:71629,2,15538938403322776209
ITIncident:71633,2,14970329030952799216
ITIncident:71641,2,7169982558492237169
ITIncident:71649,2,2427274236784746952
ITIncident:71653,2,15294548933180856241
ITIncident:71666,2,17372410520147412468
ITIncident:71672,2,665235547230182152
ITIncident:71675,2,4970790503287525771
ITIncident:71680,2,8664755435071311214
ITIncident:71684,2,5501190101379226098
ITIncident:71687,2,1315770652885074475
ITIncident:71693,2,7230079959919235851
ITIncident:71700,2,5571329927407206466
ITIncident:71706,2,5434586435674745902
ITIncident:71715,2,7536649590948391477
ITIncident:71718,2,13622585845838544168
ITIncident:71723,2,2028730630207840814
ITIncident:71729,2,13976730230563283189
ITIncident:71736,2,5998055363869949364
ITIncident:71743,2,5318731525574804165
ITIncident:71752,2,15638878002043361714
ITIncident:71758,2,3836001994100888257
ITIncident:71770,2,5559943148152553100
ITIncident:71779,2,15912374327091659717
ITIncident:71784,2,4520710983967977361
ITIncident:71787,2,8233223301788595039
ITIncident:71789,2,16336288571605805079
ITIncident:71792,2,8454285023148334203
ITIncident:71795,2,18310603342461320124
ITIncident:71798,2,9249293981459253177
ITIncident:71802,2,13609440404668315939
ITIncident:71805,2,440678888339226740
ITIncident:71808,2,9141543725527778207
ITIncident:71814,2,2250871083769281994
ITIncident:71817,2,2018651800164876507
ITIncident:71828,2,4789799156606906567
ITIncident:71832,2,4026664395675299165
ITIncident:71837,2,16841750319297249372
ITIncident:71840,2,9249293981459253177
ITIncident:71845,2,16690308185875919070
ITIncident:71847,2,16411171470594831839
ITIncident:71852,2,4337972083792414688
ITIncident:71854,2,9674987169038257914
ITIncident:71858,2,13780418306135185923
ITIncident:71866,2,5165658136008172664
ITIncident:71872,2,8772247316353538541
ITIncident:71880,2,1048978347933518805
ITIncident:71883,2,8366561302696807707
ITIncident:71888,2,13265363839830967916
ITIncident:71892,2,4026664395675299165
ITIncident:71895,2,5877909211409751509
ITIncident:71907,2,13487008618306365521
ITIncident:71917,2,18165293517942070601
ITIncident:71921,2,15089737664886866410
ITIncident:71925,2,17656893973031035340
ITIncident:71942,2,4546582337184079093
ITIncident:71945,1,18127972085563324938
ITIncident:71951,2,18301529478080294974
ITIncident:71958,2,16338860321666244929
ITIncident:71961,2,10713553465392209875
ITIncident:71964,2,16479043657205106744
ITIncident:71967,2,16328279466821273321
ITIncident:71971,2,540520954561049175
ITIncident:71976,2,5068069091857079862
ITIncident:71978,2,2039293939731684703
ITIncident:71985,2,1617532019147213594
ITIncident:71992,2,8495972289225597327
ITIncident:71996,2,2084285792203249379
ITIncident:72002,2,3198634401692752266
ITIncident:72005,2,3725694873416831845
ITIncident:72008,2,16479043657205106744
ITIncident:72011,2,1421101445620171623
ITIncident:72015,2,16690308185875919070
ITIncident:72034,2,1655679242277509461
ITIncident:72041,2,17233279962811648712
ITIncident:72051,2,2590332488444858815
ITIncident:72053,2,7956699965014151154
ITIncident:72055,2,1869904479513687889
ITIncident:72058,2,16363741616966457873
ITIncident:72060,2,7956699965014151154
ITIncident:72072,2,9061516663473390440
ITIncident:72078,2,16891744414152986241
ITIncident:72082,2,14987702106818394745
ITIncident:72087,2,6365009080909389510
ITIncident:72098,2,13429480465819537369
ITIncident:72102,2,818831147119926450
ITIncident:72108,2,7764198857636176466
ITIncident:72111,2,5778218159075827908
ITIncident:72118,2,9727140883179268184
ITIncident:72126,2,3550998253999100367
ITIncident:72132,2,9170472553343757780
ITIncident:72135,2,5847458114820431739
ITIncident:72138,2,13304805716221073866
ITIncident:72145,2,2763075466053717108
ITIncident:72151,2,16075711539188679318
ITIncident:72158,2,891973241612307278
ITIncident:72169,2,13832305921578338238
ITIncident:72173,2,9209272897014261307
ITIncident:72177,2,10501305689431067421
ITIncident:72186,2,18112033998680304434
ITIncident:72188,2,6020376750250784710
ITIncident:72192,2,7761411290123958630
ITIncident:72194,2,7956699965014151154
ITIncident:72199,2,4330933502433055558
ITIncident:72203,2,8577701756904563443
ITIncident:72215,2,17234254238131236269
ITIncident:72227,2,13270980771365982662
ITIncident:72231,2,1508754340333249324
ITIncident:72238,2,3315630798454835101
ITIncident:72247,2,18382452798903329247
ITIncident:72250,2,16479043657205106744
ITIncident:72254,2,3162660628969575045
ITIncident:72257,2,15440711096457706732
ITIncident:72260,2,1865744484290533161
ITIncident:72268,2,13333978461118802012
ITIncident:72271,2,8783465290847411686
ITIncident:72275,2,14787336841321506972
ITIncident:72279,2,11999839968711861059
ITIncident:72290,2,680053297614095466
ITIncident:72293,2,7058994983937167253
ITIncident:72297,2,813789804035808666
ITIncident:72301,2,4794380502131505826
ITIncident:72310,2,120643374729017504
ITIncident:72314,2,6925582112771180264
ITIncident:72319,2,8216808863808867385
ITIncident:72322,2,6435172660086262458
ITIncident:72326,2,6160173858954587674
ITIncident:72329,2,9158246441948552276
ITIncident:72332,2,15381591215692424151
ITIncident:72337,2,16581763180570851777
ITIncident:72345,2,4709700118030353937
ITIncident:72352,2,7546813218290255601
ITIncident:72360,2,11946407747885300661
ITIncident:72365,2,16764923395742130141
ITIncident:72369,2,5074939932259416345
ITIncident:72372,2,2113718247392916067
ITIncident:72377,2,11541500520529564837
ITIncident:72380,2,16479043657205106744
ITIncident:72384,2,7431901128232060514
ITIncident:72393,2,14229361620692560904
ITIncident:72396,2,30627588971167006
ITIncident:72401,2,4425545705468652591
ITIncident:72406,2,9556829092019731191
ITIncident:72410,2,7307145313860527647
ITIncident:72414,2,6761550133854265004
ITIncident:72417,2,12111186344008580855
ITIncident:72423,2,6148525649429119876
ITIncident:72426,2,7521225582939018728
ITIncident:72432,2,12262089813255022352
ITIncident:72434,2,10538990098194470142
ITIncident:72437,2,10519289025612769686
ITIncident:72444,2,8793669076068470891
ITIncident:72448,2,15292699525805029895
ITIncident:72455,2,5002901897078560836
ITIncident:72470,2,7408329630924605009
ITIncident:72477,2,9272025482575891544
ITIncident:72481,2,15900081694172969658
ITIncident:72484,2,7134017149487009416
ITIncident:72488,2,3611226263672276391
ITIncident:72499,2,933848066189082247
ITIncident:72505,2,15198931244177200723
ITIncident:72508,2,13907320440570291453
ITIncident:72511,2,10912508996402517409
ITIncident:72521,2,36453293428346335
ITIncident:72525,2,1053277698088307950
ITIncident:72534,2,7222142187426957301
ITIncident:72537,2,6680034160740047843
ITIncident:72541,2,8172034390138742083
ITIncident:72546,2,5438408582321313813
ITIncident:72549,2,13648118712173299818
ITIncident:72551,2,3785039852368840387
ITIncident:72560,2,1446348973758087903
ITIncident:72565,2,16556488453676299302
ITIncident:72569,2,5641969207398125515
ITIncident:72583,2,7272005778763313977
ITIncident:72586,2,12111186344008580855
ITIncident:72590,2,14272383060241479543
ITIncident:72593,2,4180592024749203285
ITIncident:72596,2,10599585892899526161
ITIncident:72604,2,8506161014082812613
ITIncident:72610,2,1420653765886208721
ITIncident:72617,2,11603206796566550468
ITIncident:72620,2,12752542529315788541
ITIncident:72629,2,7167306594041555507
ITIncident:72632,2,17620018128230446944
ITIncident:72638,2,4695595898878644085
ITIncident:72641,2,1762588527951697538
ITIncident:72645,2,8741362605930696798
ITIncident:72652,2,8511935445485998811
ITIncident:72657,2,13170947322409881305
ITIncident:72661,2,15953683947044734627
ITIncident:72665,2,8365757968291152330
ITIncident:72675,2,9991905466102605732
ITIncident:72682,2,4352914437217875911
ITIncident:72687,2,15001022700753814100
ITIncident:72690,2,1865744484290533161
ITIncident:72699,2,7153473757312843209
ITIncident:72705,2,8247576471895926271
ITIncident:72709,2,6539098607070506628
ITIncident:72715,2,4365542190457200483
ITIncident:72723,2,2399086021287514741
ITIncident:72732,2,14323726553031674597
ITIncident:72736,2,17364940845359997671
ITIncident:72741,2,13187094389429488359
ITIncident:72749,2,2673062523179203114
ITIncident:72752,2,3793695619177116480
ITIncident:72755,2,12847637602087586750
ITIncident:72758,2,9820988631690102539
ITIncident:72765,2,13654064494903164843
ITIncident:72769,2,10662966193689525601
ITIncident:72772,2,13671702094733656956
ITIncident:72774,2,16413723610591773452
ITIncident:72778,2,2602253249707559195
ITIncident:72786,2,5182752801126180860
ITIncident:72791,2,7133343860836118674
ITIncident:72796,2,947173822430643955
ITIncident:72801,2,16089492843874264465
ITIncident:72807,2,1275100215393221976
ITIncident:72813,2,10646601182346086075
ITIncident:72820,2,6142504668037017240
ITIncident:72825,2,5055962399617354936
ITIncident:72832,2,14351868328070869085
ITIncident:72836,2,8457097510079811694
ITIncident:72839,2,18392442383670728427
ITIncident:72851,2,5068516127014724126
ITIncident:72855,2,14362154830083710798
ITIncident:72861,0,15926083567965889304
ITIncident:72865,2,4521464719607984796
ITIncident:72872,2,7225108340725444055
ITIncident:72875,2,12380831226766660961
ITIncident:72878,2,7905480602934059517
ITIncident:72882,2,3570636565585449301
ITIncident:72886,2,7337920904034717918
ITIncident:72896,2,10508966651165376075
ITIncident:72901,2,11103538541345708847
ITIncident:72904,2,8019416891269177380
ITIncident:72912,2,2597585855903808507
ITIncident:72915,2,8263564238637363600
ITIncident:72923,2,6729114898401288377
ITIncident:72932,2,17602314125107194730
ITIncident:72937,2,10845708215874898793
ITIncident:72942,2,2832405993675503804
ITIncident:72946,2,1067091021443369198
ITIncident:72949,2,4948565937945971902
ITIncident:72960,2,9557618404753122978
ITIncident:72969,2,6108547988892872258
ITIncident:72976,2,12925355076467826001
ITIncident:72979,2,9781367246059980057
ITIncident:72983,2,9172975130012413314
ITIncident:72988,2,16056549158754125411
ITIncident:72993,2,6543907413215816186
ITIncident:72997,2,1053277698088307950
ITIncident:73001,2,1820433300357222629
ITIncident:73006,2,6676452146968979380
ITIncident:73009,2,11241665385586338809
ITIncident:73024,2,965849182672284085
ITIncident:73029,2,9353921498174012957
ITIncident:73035,2,6433960009393295015
ITIncident:73045,0,1505152347941139886
ITIncident:73049,2,9216372407705799768
ITIncident:73053,2,13097485038592073305
ITIncident:73055,2,15237301139014346805
ITIncident:73058,2,6680034160740047843
ITIncident:73065,2,6849099981338019052
ITIncident:73069,2,4463376509947536071
ITIncident:73071,2,11859186153032159539
ITIncident:73073,2,10538990098194470142
ITIncident:73079,2,5760072142329588632
ITIncident:73081,2,11859186153032159539
ITIncident:73084,2,10790560368693134722
ITIncident:73087,2,2261776188131475990
ITIncident:73096,2,9080468567132452506
ITIncident:73101,2,11116486342502909622
ITIncident:73104,2,13671702094733656956
ITIncident:73108,2,7764214386395421892
ITIncident:73111,2,18308953315258233316
ITIncident:73114,2,3110909873064524045
ITIncident:73117,2,1818354946605286282
ITIncident:73127,2,10226411721669718748
ITIncident:73134,2,8760472311827440165
ITIncident:73140,2,2696937466692495808
ITIncident:73143,2,1848519252850336578
ITIncident:73152,1,2485525045635811933
ITIncident:73155,2,348682925803981311
ITIncident:73158,2,9249293981459253177
ITIncident:73161,2,6592359131129534196
ITIncident:73174,2,4792097336771949120
ITIncident:73182,2,12365664351426855167
ITIncident:73185,2,13671702094733656956
ITIncident:73194,2,16215751110093322204
ITIncident:73199,2,7845631903722794258
ITIncident:73202,2,4825612855767557374
ITIncident:73210,2,13963821923681508800
ITIncident:73213,2,6325782128206346200
ITIncident:73220,2,1118837105044850141
ITIncident:73223,2,17813028259618158589
ITIncident:73237,0,11343226478985993900
ITIncident:73247,2,4962134914228582092
ITIncident:73251,2,326094551514189695
ITIncident:73261,2,16319009455675875689
ITIncident:73267,1,6506563478698856034
ITIncident:73270,2,7500802229028871727
ITIncident:73273,2,7905480602934059517
ITIncident:73280,2,4695595898878644085
ITIncident:73283,2,13381206755915008328
ITIncident:73286,2,8019416891269177380
ITIncident:73289,2,9715488046992960512
ITIncident:73292,2,4825612855767557374
ITIncident:73300,2,11149931663541453091
ITIncident:73308,2,8905352290717046555
ITIncident:73313,2,18165482340078631504
ITIncident:73318,2,18165482340078631504
ITIncident:73321,2,10883174451450001190
ITIncident:73324,2,1818354946605286282
ITIncident:73327,2,13671702094733656956
ITIncident:73330,2,8454285023148334203
ITIncident:73333,2,15777731366497412576
ITIncident:73344,2,1940615570890335967
ITIncident:73348,2,16606649391128803132
ITIncident:73352,2,10385357605212773233
ITIncident:73358,2,5809224834045293424
ITIncident:73362,2,9797854002384365914
ITIncident:73370,2,6529064884078048966
ITIncident:73380,2,8740917569069293548
ITIncident:73393,2,16554156446937689219
ITIncident:73396,2,12566513415925253793
ITIncident:73399,2,12566513415925253793
ITIncident:73402,2,12566513415925253793
ITIncident:73405,2,12566513415925253793
ITIncident:73408,2,12750753737349537572
ITIncident:73411,2,12566513415925253793
ITIncident:73414,2,12566513415925253793
ITIncident:73419,2,7845631903722794258
ITIncident:73426,2,9241678306628550778
ITIncident:73430,2,421679701633615330
ITIncident:73439,2,10112776101047587630
ITIncident:73443,2,5935048080425917202
ITIncident:73446,2,13793519998764738858
ITIncident:73451,2,7395889689286254850
ITIncident:73467,0,4128322742439635837
ITIncident:73473,2,2207833314397604968
ITIncident:73476,2,13671702094733656956
ITIncident:73480,2,9797854002384365914
ITIncident:73486,2,1303913757253861422
ITIncident:73489,2,12750753737349537572
ITIncident:73491,2,15844792606388248673
ITIncident:73497,2,2621968319747671670
ITIncident:73501,2,8592421202235764518
ITIncident:73507,1,1782596042187822532
ITIncident:73513,2,14647191085828320900
ITIncident:73516,2,4825612855767557374
ITIncident:73523,2,5287267850151141123
ITIncident:73541,2,10240093397115639997
ITIncident:73547,2,14674383222167616139
ITIncident:73550,2,12706066897907374700
ITIncident:73553,2,6680034160740047843
ITIncident:73559,2,5433681035141099667
ITIncident:73564,2,17805631874343583475
ITIncident:73570,2,16683524528174795275
ITIncident:73573,2,12566513415925253793
ITIncident:73582,2,11485624178737567746
ITIncident:73585,2,13671702094733656956
ITIncident:73589,2,9381937015178279153
ITIncident:73593,2,5005400229298117889
ITIncident:73599,2,10625646311422552584
ITIncident:73602,2,12706066897907374700
ITIncident:73605,2,12750753737349537572
ITIncident:73608,2,5557518520729388078
ITIncident:73611,2,17302008764530685860
ITIncident:73618,2,2761509470357525747
ITIncident:73625,2,11081509911414251896
ITIncident:73632,2,10351958814669554412
ITIncident:73638,2,7010458172075149244
ITIncident:73641,2,1818354946605286282
ITIncident:73647,2,12675391003383434426
ITIncident:73650,2,12111186344008580855
ITIncident:73655,2,13881907899314838668
ITIncident:73657,2,17415543075242652528
ITIncident:73666,2,8861730040921730526
ITIncident:73671,2,4337972083792414688
ITIncident:73681,2,644656206658946182
ITIncident:73686,2,9037825716360375375
ITIncident:73691,2,7845631903722794258
ITIncident:73701,0,2323405435665695534
ITIncident:73711,2,11300297589289811194
ITIncident:73714,2,11654135827086051188
ITIncident:73717,2,16479043657205106744
ITIncident:73723,2,18314825607608938950
ITIncident:73731,2,2644980157334639618
ITIncident:73734,2,12256202513832802278
ITIncident:73739,2,17228022015604676413
ITIncident:73742,2,3725694873416831845
ITIncident:73760,2,11889863223624708765
ITIncident:73765,2,3907810707942194137
ITIncident:73768,2,13671702094733656956
ITIncident:73771,2,4948565937945971902
ITIncident:73780,2,14094131453793136111
ITIncident:73783,2,12566513415925253793
ITIncident:73788,2,7256137380841903297
ITIncident:73796,1,3994928836542778938
ITIncident:73798,2,18212242361610138128
ITIncident:73800,2,16413723610591773452
ITIncident:73803,2,4037944060381003908
ITIncident:73807,2,12166980448857684016
ITIncident:73810,2,12111186344008580855
ITIncident:73819,1,15134140929696057684
ITIncident:73821,2,12779172824378653196
ITIncident:73831,2,10369301698439350599
ITIncident:73834,2,7905480602934059517
ITIncident:73836,2,17512328303971389112
ITIncident:73843,2,5542475630113192106
ITIncident:73850,2,16722987127506720672
ITIncident:73853,2,18072613936515842967
ITIncident:73856,2,4782898608022058204
ITIncident:73861,2,7563710656687800164
ITIncident:73867,2,3935282295015823436
ITIncident:73872,2,1719964720995214352
ITIncident:73877,2,9296639221728731058
ITIncident:73879,2,2063286199585988361
ITIncident:73883,2,10113238540348217932
ITIncident:73886,2,7905480602934059517
ITIncident:73901,2,1506562346811913614
ITIncident:73904,2,17971478489420363471
ITIncident:73912,0,5733676469307523668
ITIncident:73915,2,18072613936515842967
ITIncident:73922,2,10053916496952122043
ITIncident:73924,2,11372398630185660640
ITIncident:73927,2,17923149777136964216
ITIncident:73929,2,17415543075242652528
ITIncident:73940,2,1036581475489959028
ITIncident:73946,2,14087524932051005604
ITIncident:73948,2,2227388970451998165
ITIncident:73954,2,15095680417402078150
ITIncident:73959,2,4713373043147762405
ITIncident:73971,2,3153731955528442577
ITIncident:73975,2,14943251717737113144
ITIncident:73978,2,9249293981459253177
ITIncident:73982,2,16606649391128803132
ITIncident:73992,2,6585990007731498658
ITIncident:73995,2,9511473866463649084
ITIncident:74000,2,13843721427212582657
ITIncident:74006,2,2116440121567811980
ITIncident:74009,2,16742938575278070297
ITIncident:74013,2,14000626215704871990
ITIncident:74017,2,10389611908625385788
ITIncident:74022,2,7400306131274610090
ITIncident:74027,2,2312449796596744055
ITIncident:74032,2,16449878168818202296
ITIncident:74035,2,5651313983145445138
ITIncident:74038,2,6680034160740047843
ITIncident:74040,2,15767052140887253720
ITIncident:74043,2,12566513415925253793
ITIncident:74050,2,12636406841497115785
ITIncident:74057,2,5210255321255102691
ITIncident:74061,2,17656893973031035340
ITIncident:74063,2,11859186153032159539
ITIncident:74066,2,7211042903894853105
ITIncident:74071,2,3040978125384290358
ITIncident:74078,2,15076859221907653197
ITIncident:74081,2,12750753737349537572
ITIncident:74083,2,4121242777782390089
ITIncident:74096,2,10852757736635259481
ITIncident:74099,2,14680969947636597948
ITIncident:74102,2,3067864944977797713
ITIncident:74108,1,4305220637031072268
ITIncident:74121,2,14603458641781035060
ITIncident:74124,2,5579489666467677631
ITIncident:74128,2,6858310324648776567
ITIncident:74136,2,3261070657385783595
ITIncident:74139,2,13907320440570291453
ITIncident:74142,2,12111186344008580855
ITIncident:74151,2,16813336188085442285
ITIncident:74159,2,14636603410558812984
ITIncident:74162,2,10249062420399208299
ITIncident:74169,2,15867071846669698698
ITIncident:74175,2,7151881279390290006
ITIncident:74177,2,11332670109076977432
ITIncident:74182,2,3936556762042844055
ITIncident:74186,2,13003888781435704320
ITIncident:74189,2,4714525460757383464
ITIncident:74192,2,9249293981459253177
ITIncident:74196,2,12337716860894800049
ITIncident:74199,2,17923149777136964216
ITIncident:74208,2,913575607697667270
ITIncident:74210,2,1131015313228348119
ITIncident:74213,2,2802323676490830801
ITIncident:74227,2,5627436762132845844
ITIncident:74230,2,13688267506177063077
ITIncident:74237,2,14863969287423208121
ITIncident:74240,2,9812055819448115678
ITIncident:74243,2,8887969814688353327
ITIncident:74255,2,17418400159413508791
ITIncident:74258,2,5144908195348524385
ITIncident:74262,2,5068913166765291676
ITIncident:74265,2,5579489666467677631
ITIncident:74273,2,17382234719255695066
ITIncident:74276,2,4668616436907457703
ITIncident:74281,2,9104308033177825219
ITIncident:74290,2,7484157940997886300
ITIncident:74295,2,6506563478698856034
ITIncident:74299,2,4719017308005990030
ITIncident:74302,2,17894038244196264426
ITIncident:74312,2,9253732386963723030
ITIncident:74315,2,9249293981459253177
ITIncident:74318,2,12829907519845069883
ITIncident:74324,2,9865009505147964398
ITIncident:74332,2,4790894012047196240
ITIncident:74335,2,12111186344008580855
ITIncident:74346,2,17700926471302051238
ITIncident:74352,2,17400342976363176890
ITIncident:74358,2,14119934025704444560
ITIncident:74363,2,1861267903161403344
ITIncident:74366,2,16479043657205106744
ITIncident:74370,2,15225012478543476551
ITIncident:74375,2,11904088029760904156
ITIncident:74381,2,6462805088959911162
ITIncident:74386,2,6014299702241660851
ITIncident:74392,1,7679506426935613472
ITIncident:74395,2,15758333477773338058
ITIncident:74400,2,3015718929062226468
ITIncident:74404,2,18098489145428662593
ITIncident:74406,1,10972126490692547085
ITIncident:74410,2,14000626215704871990
ITIncident:74414,2,2684835598423557714
ITIncident:74422,2,18066271379675057762
ITIncident:74427,2,7945286085538575555
ITIncident:74430,2,4970790503287525771
ITIncident:74436,2,15851554092909025867
ITIncident:74440,2,4376688619542359715
ITIncident:74443,2,18092673801562337689
ITIncident:74446,2,4545277462443955532
ITIncident:74449,2,1762588527951697538
ITIncident:74458,2,14395010721353397784
ITIncident:74462,2,2591461721342561929
ITIncident:74466,2,7210719279286509428
ITIncident:74469,2,1634128744250102478
ITIncident:74473,2,7606622475838573148
ITIncident:74481,2,2965789978899207731
ITIncident:74486,1,16542446902900733396
ITIncident:74492,2,15636533239800193846
ITIncident:74498,2,546566256345725393
ITIncident:74500,2,17415543075242652528
ITIncident:74507,2,16516321187208365661
ITIncident:74515,2,438033310116444059
ITIncident:74520,2,14804502237782462739
ITIncident:74531,2,13596434155075866710
ITIncident:74533,2,17415543075242652528
ITIncident:74551,2,13582230062172852529
ITIncident:74556,2,3404379071387813630
ITIncident:74559,2,8454285023148334203
ITIncident:74562,2,16479043657205106744
ITIncident:74567,2,16841750319297249372
ITIncident:74571,2,16179526340557766303
ITIncident:74576,2,15826386004408763469
ITIncident:74579,2,16479043657205106744
ITIncident:74582,2,10687953218359894217
ITIncident:74586,2,16179526340557766303
ITIncident:74592,2,9856730223907927555
ITIncident:74595,2,12111186344008580855
ITIncident:74598,2,18418577437909645239
ITIncident:74602,2,11495711391599572311
ITIncident:74612,2,13295483140821523881
ITIncident:74618,2,12000035575546144366
ITIncident:74623,2,15801242243316622619
ITIncident:74627,2,18117812263516495178
ITIncident:74630,2,2884821882256210048
ITIncident:74635,2,16716406365555651325
ITIncident:74640,2,3555074192883508062
ITIncident:74647,2,3815088647338075544
ITIncident:74659,2,13840180114582424550
ITIncident:74667,0,2922834317190157564
ITIncident:74670,2,17175978616421536655
ITIncident:74676,2,4057547349042624941
ITIncident:74681,2,7962573479417474685
ITIncident:74688,2,8554281407751051807
ITIncident:74692,2,2372499482612232150
ITIncident:74698,2,18124773394244104099
ITIncident:74704,2,18249795781936598067
ITIncident:74713,2,10870634740183640406
ITIncident:74716,2,3009916094264130021
ITIncident:74719,2,17110878646077916637
ITIncident:74727,2,2500150900579067417
ITIncident:74738,2,13340458274103478152
ITIncident:74748,2,18009008889521242367
ITIncident:74751,2,2802323676490830801
ITIncident:74757,2,18054306977045823915
ITIncident:74760,2,9511473866463649084
ITIncident:74764,2,9672214719059289726
ITIncident:74768,2,11495711391599572311
ITIncident:74780,2,11918557842750354870
ITIncident:74785,2,5287372482577991655
ITIncident:74788,2,14210125891064902968
ITIncident:74795,2,17549502326459972392
ITIncident:74798,2,17640537391632431664
ITIncident:74802,2,18117812263516495178
ITIncident:74808,2,6637287165249743097
ITIncident:74814,2,6176768444878557085
ITIncident:74820,2,17077977823802570059
ITIncident:74825,2,10258459210850241887
ITIncident:74833,2,10835072190224520545
ITIncident:74848,0,13270109365770619593
ITIncident:74854,2,15561789795733850901
ITIncident:74857,2,6350253986405381520
ITIncident:74863,2,6931648518647657731
ITIncident:74870,0,14997712925359893144
ITIncident:74873,2,9249293981459253177
ITIncident:74878,2,6740230570603262713
ITIncident:74886,2,12497151581010700323
ITIncident:74891,2,4400775848428335168
ITIncident:74894,2,13907320440570291453
ITIncident:74899,2,999927665014275116
ITIncident:74901,2,18255120663726539349
ITIncident:74904,2,4948565937945971902
ITIncident:74910,2,2995460389040721368
ITIncident:74917,1,12417555516021486162
ITIncident:74920,2,8019416891269177380
ITIncident:74928,2,6067705398584061030
ITIncident:74936,1,8117360204011693142
ITIncident:74940,1,2289114572169735957
ITIncident:74948,2,16517461723115929872
ITIncident:74951,2,16479043657205106744
ITIncident:74959,2,12988953875184441076
ITIncident:74962,2,15400428244989250647
ITIncident:74971,1,1157959015059041601
ITIncident:74974,2,9249293981459253177
ITIncident:74980,2,6931648518647657731
ITIncident:74988,2,2143316146740311995
ITIncident:75001,2,10004346726625088777
ITIncident:75004,2,6160069798942294709
ITIncident:75008,2,17822166599782328453
ITIncident:75013,2,15368385632569566045
ITIncident:75016,2,6160069798942294709
ITIncident:75020,2,818831147119926450
ITIncident:75024,2,2621968319747671670
ITIncident:75028,2,1712146773121676225
ITIncident:75030,2,3418767471197891926
ITIncident:75036,2,16569729698410363578
ITIncident:75040,0,818831147119926450
ITIncident:75046,2,9537341937989443039
ITIncident:75049,2,4948565937945971902
ITIncident:75054,2,5353338575316165166
ITIncident:75063,2,14945851657041021435
ITIncident:75066,2,9249293981459253177
ITIncident:75069,2,709223647771056480
ITIncident:75073,2,7761411290123958630
ITIncident:75075,2,6352084089208529275
ITIncident:75082,2,6260300152612674911
ITIncident:75085,2,17923149777136964216
ITIncident:75088,2,8019416891269177380
ITIncident:75096,2,16697187185854517758
ITIncident:75100,2,1939967292046600659
ITIncident:75105,2,8836586958691364832
ITIncident:75108,2,12111186344008580855
ITIncident:75114,2,4057547349042624941
ITIncident:75127,0,11532731221191497236
ITIncident:75132,2,16883256470097491324
ITIncident:75145,2,14842600390496787630
ITIncident:75152,2,18124546898609996133
ITIncident:75165,0,14444248094184954875
ITIncident:75171,1,13466795808883537120
ITIncident:75183,2,12554704178420777398
ITIncident:75187,2,420134394973417254
ITIncident:75197,2,15723983997104332012
ITIncident:75206,2,9747001723316991307
ITIncident:75210,2,12700670008324846382
ITIncident:75214,2,17791569321912627124
ITIncident:75219,2,11727496488783991515
ITIncident:75225,2,3039718361038481960
ITIncident:75232,2,8706058472846830442
ITIncident:75243,2,10065082104071171883
ITIncident:75248,2,6429839025538197749
ITIncident:75252,2,16326632452141869181
ITIncident:75256,2,1438013745878625944
ITIncident:75259,2,7905480602934059517
ITIncident:75263,2,6434521520425321574
ITIncident:75267,2,5707271812534877023
ITIncident:75279,2,14979985733819564546
ITIncident:75287,2,4256086730158626905
ITIncident:75290,2,18310603342461320124
ITIncident:75292,2,4520840826681676596
ITIncident:75296,2,8786052169847782895
ITIncident:75313,2,12326634853752380729
ITIncident:75317,2,5278873162107334207
ITIncident:75322,2,3017926772125195604
ITIncident:75329,2,10738475293327290569
ITIncident:75333,2,11495711391599572311
ITIncident:75336,2,16855483512978916268
ITIncident:75340,2,8405332557971038346
ITIncident:75343,2,16855483512978916268
ITIncident:75347,2,3407208254637292715
ITIncident:75352,2,17008467674363099264
ITIncident:75354,2,1131015313228348119
ITIncident:75358,2,8144388347218376610
ITIncident:75361,2,13618626996207977788
ITIncident:75366,1,7845631903722794258
ITIncident:75369,2,12111186344008580855
ITIncident:75374,2,4635364100741339861
ITIncident:75382,2,11423715445833774388
ITIncident:75388,0,942895179892319525
ITIncident:75392,2,17612742998556602814
ITIncident:75396,2,17152052711678295842
ITIncident:75413,2,15303699821014611775
ITIncident:75416,2,421679701633615330
ITIncident:75426,2,15944914578035969455
ITIncident:75430,0,16049350386800397457
ITIncident:75435,2,1088350222431273192
ITIncident:75438,2,12750753737349537572
ITIncident:75450,2,5194654048147028291
ITIncident:75453,2,16609947496062565597
ITIncident:75456,2,3019792234992432856
ITIncident:75460,2,3559340322736172901
ITIncident:75464,2,16679881971594561728
ITIncident:75468,2,12644138983078102949
ITIncident:75474,2,5049528007862428379
ITIncident:75485,2,2819125149671466657
ITIncident:75491,2,11198562779480181745
ITIncident:75495,2,1696040006580467575
ITIncident:75506,1,17599141263387535113
ITIncident:75520,2,4382191423668962903
ITIncident:75524,2,11753805828714841769
ITIncident:75536,2,8758087045161033149
ITIncident:75540,2,4685114179931574029
ITIncident:75543,2,13671702094733656956
ITIncident:75547,1,16409402124039360568
ITIncident:75551,2,4376688619542359715
ITIncident:75556,2,9538988860998703896
ITIncident:75561,2,8846272204637744128
ITIncident:75564,2,6377487738335340462
ITIncident:75570,2,11090342792740947844
ITIncident:75573,2,9069285143340173857
ITIncident:75578,2,8755431311006610526
ITIncident:75586,2,3610538495916894804
ITIncident:75588,2,3582881113766432677
ITIncident:75592,2,3309244017573555346
ITIncident:75596,2,12276359419398845195
ITIncident:75599,2,589798146875051096
ITIncident:75606,2,5630008896768191085
ITIncident:75608,2,14591051636706910714
ITIncident:75613,2,8826522761838406010
ITIncident:75632,2,6951459640725005245
ITIncident:75635,2,7905480602934059517
ITIncident:75639,2,10925917709619506712
ITIncident:75643,2,1425269983827731464
ITIncident:75647,2,4151321947569775683
ITIncident:75651,2,11495711391599572311
ITIncident:75658,2,16065983832571998276
ITIncident:75662,2,15576451236323689761
ITIncident:75668,2,189060051777797255
ITIncident:75672,2,14457706217586620813
ITIncident:75682,2,9428696858096926209
ITIncident:75686,2,18117812263516495178
ITIncident:75689,2,7905480602934059517
ITIncident:75693,2,4340123948792790246
ITIncident:75698,2,1584902092739316370
ITIncident:75706,2,7153837642882004229
ITIncident:75711,2,4533822744186960092
ITIncident:75715,2,13422885719693669705
ITIncident:75720,2,8214559540652775084
ITIncident:75725,2,6908197732686052446
ITIncident:75731,2,4706816615163449222
ITIncident:75738,2,6467440195051488518
ITIncident:75750,2,2717637618681653685
ITIncident:75753,2,13671702094733656956
ITIncident:75758,2,6506563478698856034
ITIncident:75766,2,3959560050857646768
ITIncident:75769,2,16139034222672939512
ITIncident:75772,2,17923149777136964216
ITIncident:75781,2,10919425628439046167
ITIncident:75789,2,11904243140716963336
ITIncident:75792,2,18437020331055116741
ITIncident:75794,2,1840594021331610197
ITIncident:75797,2,18310603342461320124
ITIncident:75799,2,15247542096022240057
ITIncident:75802,2,3725694873416831845
ITIncident:75806,2,7512464928430355224
ITIncident:75813,2,10981846750856260258
ITIncident:75816,2,17923149777136964216
ITIncident:75819,2,3725694873416831845
ITIncident:75824,2,7555010745050594183
ITIncident:75828,2,18139450490189784445
ITIncident:75830,2,15700050980871181311
ITIncident:75835,2,2285078743907671879
ITIncident:75846,2,12553257816754409476
ITIncident:75852,2,2856001782469244283
ITIncident:75860,2,4596337783151046968
ITIncident:75862,2,8162990939996356817
ITIncident:75867,2,3479848769804644234
ITIncident:75870,2,589798146875051096
ITIncident:75872,2,7866398127594921580
ITIncident:75880,2,15517709532513976785
ITIncident:75884,2,11628000325417675154
ITIncident:75889,2,5439637378064138625
ITIncident:75892,2,4948565937945971902
ITIncident:75896,2,6669223581447750330
ITIncident:75901,2,9602197727414769526
ITIncident:75904,2,18387423766585339343
ITIncident:75907,2,9249293981459253177
ITIncident:75911,2,14000626215704871990
ITIncident:75914,2,4632001778120850606
ITIncident:75919,2,12480801622886074155
ITIncident:75922,2,9249293981459253177
ITIncident:75927,2,11336464888189203535
ITIncident:75932,2,13605898630307070226
ITIncident:75942,2,3609727464932085882
ITIncident:75945,2,11769755253092515128
ITIncident:75957,2,8195796375094253501
ITIncident:75960,2,14308461358152788757
ITIncident:75966,2,7924891278154528730
ITIncident:75970,2,2894310590756977997
ITIncident:75977,2,2735825183473136977
ITIncident:75980,2,8164599984944240536
ITIncident:75987,2,10370944365360075719
ITIncident:75997,2,11459567004413815904
ITIncident:76001,2,9420787482547397702
ITIncident:76005,2,14809293740877854442
ITIncident:76008,2,7549807300471026846
ITIncident:76012,2,1467947473519153609
ITIncident:76016,2,3031855105334534039
ITIncident:76021,2,4249125458031529435
ITIncident:76024,2,13907320440570291453
ITIncident:76030,2,612940811903227991
ITIncident:76039,2,6928651917091083128
ITIncident:76047,2,15001558673293453954
ITIncident:76051,2,11737544259788115290
ITIncident:76058,2,14044007722242962659
ITIncident:76061,2,5497726451826680567
ITIncident:76064,2,10790560368693134722
ITIncident:76075,2,15939485825090087269
ITIncident:76078,2,4970790503287525771
ITIncident:76086,2,3995639660656981112
ITIncident:76089,2,6552022065971456422
ITIncident:76092,2,11247124734897095754
ITIncident:76095,2,4948565937945971902
ITIncident:76101,2,6230958224602666800
ITIncident:76105,2,18323978925470257696
ITIncident:76108,2,13381206755915008328
ITIncident:76113,2,1871672886585825572
ITIncident:76119,2,3992014372022162351
ITIncident:76124,2,1683463470262885111
ITIncident:76129,2,9734560654177805690
ITIncident:76133,2,12757112295853139741
ITIncident:76137,2,8984886335493978752
ITIncident:76148,2,2672157978496732933
ITIncident:76157,2,11483967700495434113
ITIncident:76160,2,5651313983145445138
ITIncident:76169,2,16979855053773858751
ITIncident:76174,2,12918975953614022982
ITIncident:76179,2,6360190873205080221
ITIncident:76189,2,5641112787584775292
ITIncident:76191,2,5610553593861658476
ITIncident:76194,2,3093632818937331570
ITIncident:76198,2,13609440404668315939
ITIncident:76203,2,8565793102067406818
ITIncident:76210,2,1418930140194036008
ITIncident:76213,2,4170799387676964688
ITIncident:76217,2,818831147119926450
ITIncident:76220,2,3372002851442349077
ITIncident:76223,2,3398731816802846041
ITIncident:76230,2,9138586169106862847
ITIncident:76233,2,17894038244196264426
ITIncident:76237,2,1598461941710952873
ITIncident:76249,2,12904965389051597484
ITIncident:76254,2,16690308185875919070
ITIncident:76263,2,1085693032169816177
ITIncident:76266,2,4970790503287525771
ITIncident:76269,2,13907320440570291453
ITIncident:76272,2,17175978616421536655
ITIncident:76275,2,12111186344008580855
ITIncident:76281,2,10843840572796164810
ITIncident:76286,2,12719459154209214302
ITIncident:76289,2,4680222036522512649
ITIncident:76294,2,13948419190803160435
ITIncident:76297,2,14457092529055423976
ITIncident:76301,2,12188055465653157104
ITIncident:76304,2,1818354946605286282
ITIncident:76312,2,12568961207793618024
ITIncident:76315,2,13199615590183874146
ITIncident:76318,2,12752542529315788541
ITIncident:76322,2,8922465323844128764
ITIncident:76325,2,14806110317984163566
ITIncident:76338,2,5980143963966605297
ITIncident:76341,2,17021656955853456256
ITIncident:76347,2,7172429854976736945
ITIncident:76357,1,9322515856645133434
ITIncident:76361,2,6762775065402085308
ITIncident:76368,2,15155718078748608737
ITIncident:76384,2,5958627193361981683
ITIncident:76387,2,13907320440570291453
ITIncident:76394,2,7278271296338011056
ITIncident:76399,2,16264994967425842538
ITIncident:76402,2,18107018481663970584
ITIncident:76408,2,9880874509118794964
ITIncident:76414,2,3420221341651718418
ITIncident:76417,2,5236102999490034585
ITIncident:76434,0,6414100717507262761
ITIncident:76439,2,15311067430496383809
ITIncident:76443,2,3487342783652155116
ITIncident:76449,2,508196641560089484
ITIncident:76452,2,13907320440570291453
ITIncident:76460,2,15770387981788034861
ITIncident:76465,2,11628169015520017486
ITIncident:76468,2,1762588527951697538
ITIncident:76472,2,15463598019493898562
ITIncident:76477,2,5465959229639361382
ITIncident:76483,2,9555658446760243793
ITIncident:76488,2,4053323895329937247
ITIncident:76491,0,8576881485257965429
ITIncident:76498,2,1020911449150023057
ITIncident:76506,1,8962395450494742894
ITIncident:76514,2,9900542010601240081
ITIncident:76516,2,4472157865303932745
ITIncident:76518,2,4025086314517839861
ITIncident:76528,2,15384518404799421632
ITIncident:76533,2,8421935431896154854
ITIncident:76536,2,10790560368693134722
ITIncident:76539,2,17045635975568820297
ITIncident:76541,2,9692684408424594885
ITIncident:76544,2,643520828881617307
ITIncident:76548,2,2228303368234261507
ITIncident:76551,2,13907320440570291453
ITIncident:76554,2,6680034160740047843
ITIncident:76556,2,2570716336637277584
ITIncident:76567,2,4943378184026494504
ITIncident:76574,2,6492890730877801700
ITIncident:76577,2,4050022800521230963
ITIncident:76583,2,2790713902145493991
ITIncident:76588,2,2374054057490460525
ITIncident:76591,2,14308461358152788757
ITIncident:76595,2,326094551514189695
ITIncident:76604,2,13533585475140832378
ITIncident:76610,2,1014997409166089627
ITIncident:76615,2,8748900012318388215
ITIncident:76618,2,9249293981459253177
ITIncident:76643,2,9956622344819350182
ITIncident:76646,2,4170799387676964688
ITIncident:76657,2,17823342887967684160
ITIncident:76662,2,14235795055694888500
ITIncident:76669,2,16790116492867407833
ITIncident:76674,2,12491849117515693238
ITIncident:76678,2,15664235904921181725
ITIncident:76685,2,8765552008820724225
ITIncident:76689,2,5327376859706822415
ITIncident:76692,2,5458705121620957438
ITIncident:76696,2,18100984443352536017
ITIncident:76713,2,6329050695158169384
ITIncident:76717,2,15512907701833328204
ITIncident:76720,2,14806110317984163566
ITIncident:76723,2,4970790503287525771
ITIncident:76736,2,14437837531786661282
ITIncident:76740,2,8099420136956878373
ITIncident:76743,2,5542613038817269086
ITIncident:76746,2,12121450906376583073
ITIncident:76749,2,2117138591581592955
ITIncident:76753,2,15752910422009749812
ITIncident:76764,2,14956184036863081338
ITIncident:76767,2,7441088837781628961
ITIncident:76770,2,5014921244532561391
ITIncident:76777,2,11383550531097341262
ITIncident:76790,2,13536082743353385977
ITIncident:76795,2,3445049586765354889
ITIncident:76798,2,8131532756761261295
ITIncident:76801,2,13907320440570291453
ITIncident:76805,2,14468316259418302487
ITIncident:76808,2,4970790503287525771
ITIncident:76813,2,16537279042009103627
ITIncident:76821,2,18434565542211257798
ITIncident:76824,2,6805750019626044029
ITIncident:76835,2,17748260188731651596
ITIncident:76838,2,2243976066308632232
ITIncident:76842,2,1964650222731450265
ITIncident:76847,2,3573374784967383756
ITIncident:76851,2,11303009018601767082
ITIncident:76854,2,7781703138731223572
ITIncident:76857,2,16479043657205106744
ITIncident:76864,2,12787637118958029707
ITIncident:76868,2,4736685436424370669
ITIncident:76874,0,16259582293085984096
ITIncident:76881,2,14184183441506803481
ITIncident:76885,2,5739521235051778080
ITIncident:76892,2,6035279578068198634
ITIncident:76895,2,4970790503287525771
ITIncident:76913,2,10804002314535759683
ITIncident:76916,2,13907320440570291453
ITIncident:76921,2,280473188846007251
ITIncident:76928,2,4288751378992222501
ITIncident:76932,2,10113238540348217932
ITIncident:76935,2,14054326518856100730
ITIncident:76938,2,12111186344008580855
ITIncident:76941,2,2613007622536025887
ITIncident:76953,2,812679388555496247
ITIncident:76959,2,11949308774649350092
ITIncident:76962,2,1235657579956101103
ITIncident:76969,2,9113681672111031464
ITIncident:76974,2,12905967151675547809
ITIncident:76978,2,8260349147894467666
ITIncident:76981,2,6680034160740047843
ITIncident:76983,2,15838941544337234197
ITIncident:76987,2,17729461580584686843
ITIncident:76990,2,2356181819777856285
ITIncident:76995,2,12134121627878067162
ITIncident:76997,2,5949848660666614272
ITIncident:77007,2,13039526222463155667
ITIncident:77010,2,4170799387676964688
ITIncident:77014,2,10696871173938324120
ITIncident:77017,2,3607856481312872195
ITIncident:77021,2,4026664395675299165
ITIncident:77033,2,14099916010672826499
ITIncident:77040,2,6826048885539464697
ITIncident:77043,2,13303197351285566852
ITIncident:77045,2,5408694821547344994
ITIncident:77057,2,16909178509549701870
ITIncident:77060,2,2404076332918217944
ITIncident:77062,2,15247542096022240057
ITIncident:77064,2,2401947207640511393
ITIncident:77069,2,5068069091857079862
ITIncident:77071,2,928565737261567267
ITIncident:77077,2,10548429913257284499
ITIncident:77083,2,1370399763866786676
ITIncident:77094,2,2801579021136486689
ITIncident:77097,2,14054326518856100730
ITIncident:77103,2,11342283263984754275
ITIncident:77105,2,2401947207640511393
ITIncident:77111,2,17145803893472007923
ITIncident:77115,2,2800451571465944075
ITIncident:77127,2,17793146790902256860
ITIncident:77129,2,4715557627969985371
ITIncident:77137,2,18151281603758848232
ITIncident:77143,2,3787789788167050573
ITIncident:77149,2,14669230136235955979
ITIncident:77152,2,1865744484290533161
ITIncident:77157,2,4681931262773116468
ITIncident:77160,2,9249293981459253177
ITIncident:77163,2,13790776165509335038
ITIncident:77167,2,222738791587839267
ITIncident:77170,2,5424838402845465494
ITIncident:77173,2,14806110317984163566
ITIncident:77183,2,11459567004413815904
ITIncident:77186,2,1818354946605286282
ITIncident:77198,0,17103063799113437381
ITIncident:77202,2,589798146875051096
ITIncident:77205,2,2560935633574040978
ITIncident:77220,2,7918864195159812557
ITIncident:77225,2,9409627368690861530
ITIncident:77227,2,11372398630185660640
ITIncident:77232,2,3505989227512092583
ITIncident:77240,0,8234653210242538263
ITIncident:77249,2,5039478568061159266
ITIncident:77252,2,16956734474108947430
ITIncident:77265,2,10492762673491201562
ITIncident:77268,2,16479043657205106744
ITIncident:77271,2,11298430362827578976
ITIncident:77273,2,12136344891395425160
ITIncident:77275,2,15164401084533435221
ITIncident:77282,2,15824037162662031794
ITIncident:77284,2,9038666478526050904
ITIncident:77287,2,17923149777136964216
ITIncident:77290,2,4970790503287525771
ITIncident:77299,2,13386636798270024278
ITIncident:77304,2,11628000325417675154
ITIncident:77307,2,11473789732237737468
ITIncident:77311,2,2575845518337621831
ITIncident:77313,2,16413723610591773452
ITIncident:77316,2,14655690841240739217
ITIncident:77319,2,17923149777136964216
ITIncident:77321,2,11228563950940326324
ITIncident:77324,2,4970790503287525771
ITIncident:77338,2,17450138840008076481
ITIncident:77341,2,8534500839448104873
ITIncident:77352,2,12677971224310414581
ITIncident:77364,2,188229793487303985
ITIncident:77366,2,11739861255447018030
ITIncident:77374,2,17308626682919049570
ITIncident:77378,2,3579379598788406291
ITIncident:77381,2,12018567855880088393
ITIncident:77386,2,6764195281089592535
ITIncident:77389,2,4068189009704555928
ITIncident:77393,2,1820726884035230853
ITIncident:77396,2,13671702094733656956
ITIncident:77402,0,22504944308584757
ITIncident:77417,2,12973560620447381724
ITIncident:77420,2,17813028259618158589
ITIncident:77426,2,2621968319747671670
ITIncident:77429,2,16855483512978916268
ITIncident:77432,2,16855483512978916268
ITIncident:77437,2,3834768038747722549
ITIncident:77446,2,2351982776229319769
ITIncident:77452,2,3198634401692752266
ITIncident:77455,2,3953136569964579634
ITIncident:77458,2,9650746492707596217
ITIncident:77468,0,10407969366677990046
ITIncident:77474,2,18152455234954951475
ITIncident:77482,2,7843044938749237102
ITIncident:77491,2,16011413953244825224
ITIncident:77495,2,9543635496123431853
ITIncident:77498,2,6680034160740047843
ITIncident:77501,2,15777731366497412576
ITIncident:77504,2,4948565937945971902
ITIncident:77508,2,7764214386395421892
ITIncident:77511,2,6325782128206346200
ITIncident:77514,2,6680034160740047843
ITIncident:77517,2,6325782128206346200
ITIncident:77521,2,79268282420699132
ITIncident:77525,2,17999216949364889750
ITIncident:77528,2,7905480602934059517
ITIncident:77531,2,6680034160740047843
ITIncident:77535,2,2894310590756977997
ITIncident:77538,2,6230066988007506523
ITIncident:77544,2,13392729677953787420
ITIncident:77548,2,17999216949364889750
ITIncident:77554,2,10547564243835344499
ITIncident:77558,2,3432479445774463682
ITIncident:77562,2,16679881971594561728
ITIncident:77565,2,4948565937945971902
ITIncident:77569,2,13003888781435704320
ITIncident:77572,2,12980085256142142062
ITIncident:77575,2,1818354946605286282
ITIncident:77578,2,6680034160740047843
ITIncident:77581,2,12980085256142142062
ITIncident:77584,2,6680034160740047843
ITIncident:77587,2,9044555577879455725
ITIncident:77600,2,18196877866895950543
ITIncident:77603,2,5935619769662407360
ITIncident:77606,2,12750753737349537572
ITIncident:77615,2,5145392149608241484
ITIncident:77618,2,5579489666467677631
ITIncident:77621,2,5579489666467677631
ITIncident:77624,2,5579489666467677631
ITIncident:77627,2,5579489666467677631
ITIncident:77631,2,10660183385005712057
ITIncident:77634,2,5579489666467677631
ITIncident:77637,2,5579489666467677631
ITIncident:77640,2,12591489816723352843
ITIncident:77647,2,2795914574030156932
ITIncident:77652,2,12146319270588941382
ITIncident:77658,2,13897740324247618816
ITIncident:77664,2,8468509422617693014
ITIncident:77674,2,3388123264474425351
ITIncident:77676,2,10793563583709759966
ITIncident:77690,2,14958999077305075442
ITIncident:77695,2,6566827038408215279
ITIncident:77699,2,2684025389253583905
ITIncident:77702,2,7442497595732252057
ITIncident:77705,2,8095578245868521169
ITIncident:77709,2,9837884677656475095
ITIncident:77714,2,4971019594312536905
ITIncident:77720,2,66095533003520690
ITIncident:77725,2,1738422514104424538
ITIncident:77731,1,2208509680007606190
ITIncident:77733,2,3582881113766432677
ITIncident:77742,2,10242807929722530022
ITIncident:77751,2,10895190742727954616
ITIncident:77755,2,326094551514189695
ITIncident:77758,2,9249293981459253177
ITIncident:77762,2,2894310590756977997
ITIncident:77766,2,6950946255190459191
ITIncident:77769,2,17923149777136964216
ITIncident:77771,2,13758911280635432730
ITIncident:77775,2,326094551514189695
ITIncident:77779,2,5723561605589369300
ITIncident:77783,2,14298710657580025166
ITIncident:77786,2,14944770171287495576
ITIncident:77796,0,9726559319177695654
ITIncident:77814,2,8277715243218620983
ITIncident:77817,2,4970790503287525771
ITIncident:77820,2,12111186344008580855
ITIncident:77823,2,6325782128206346200
ITIncident:77828,2,6969753479083067057
ITIncident:77831,2,7905480602934059517
ITIncident:77833,2,9035128172441453623
ITIncident:77836,2,7905480602934059517
ITIncident:77839,2,1818354946605286282
ITIncident:77842,2,2947064008570430784
ITIncident:77845,2,12111186344008580855
ITIncident:77852,2,9437976969136862247
ITIncident:77855,2,13671702094733656956
ITIncident:77859,2,8033273547773974922
ITIncident:77862,2,1865744484290533161
ITIncident:77866,2,421679701633615330
ITIncident:77888,2,14560623623969005713
ITIncident:77893,2,6723840869769528968
ITIncident:77896,2,17343501743590284826
ITIncident:77899,2,7905480602934059517
ITIncident:77902,2,1865744484290533161
ITIncident:77908,1,8454069188104035393
ITIncident:77912,2,5740170421981586315
ITIncident:77915,2,15758333477773338058
ITIncident:77918,2,9249293981459253177
ITIncident:77926,2,17646958447275975976
ITIncident:77930,2,1208510791978921871
ITIncident:77932,2,3582881113766432677
ITIncident:77939,2,3144532560383680413
ITIncident:77945,2,4962517073420134956
ITIncident:77957,2,3545420374495569622
ITIncident:77960,2,11818985130286401326
ITIncident:77963,2,7119590221600601453
ITIncident:77965,2,15247542096022240057
ITIncident:77970,2,6069000328725950755
ITIncident:77975,2,17603494429842758779
ITIncident:77982,2,15479468941469135404
ITIncident:77991,2,10956357974325591810
ITIncident:77994,2,16609947496062565597
ITIncident:77998,2,4515260094387094713
ITIncident:78001,2,3878096527796986210
ITIncident:78007,2,3014473267024441778
ITIncident:78012,2,537193102942123713
ITIncident:78015,2,5314328429452903088
ITIncident:78018,2,17045635975568820297
ITIncident:78022,2,10528172495636721961
ITIncident:78026,2,421679701633615330
ITIncident:78029,2,17045635975568820297
ITIncident:78034,2,875499513741249541
ITIncident:78039,2,15215860796284871174
ITIncident:78042,2,5651313983145445138
ITIncident:78045,2,4970790503287525771
ITIncident:78049,1,326094551514189695
ITIncident:78052,2,10590960610940273329
ITIncident:78054,2,2505556168823886170
ITIncident:78058,2,10419931322396828137
ITIncident:78060,2,2555100101650306457
ITIncident:78063,2,17175978616421536655
ITIncident:78067,2,17827063464817858873
ITIncident:78070,1,1818354946605286282
ITIncident:78075,2,1518388125729678784
ITIncident:78081,2,8511893856326107182
ITIncident:78098,2,2378362201977369206
ITIncident:78103,2,9858114707171808400
ITIncident:78108,2,5874449678601129561
ITIncident:78116,2,1319988768969288435
ITIncident:78121,2,8559318181966141680
ITIncident:78127,2,18013864628433926866
ITIncident:78134,2,15950683869838048622
ITIncident:78139,2,16649078635863525217
ITIncident:78151,0,9633976762472414237
ITIncident:78156,2,5175094619685374287
ITIncident:78165,2,3002284050401258527
ITIncident:78172,2,3250833296081089679
ITIncident:78175,2,16609947496062565597
ITIncident:78178,2,13671702094733656956
ITIncident:78181,2,11471293293829598778
ITIncident:78190,2,6219290352477094022
ITIncident:78193,2,2613007622536025887
ITIncident:78197,2,11126116063655135895
ITIncident:78201,2,12769994703970820881
ITIncident:78204,2,16479043657205106744
ITIncident:78208,2,13472836575055195344
ITIncident:78219,2,4735548698114123159
ITIncident:78223,1,326094551514189695
ITIncident:78227,2,326094551514189695
ITIncident:78229,2,10793563583709759966
ITIncident:78233,2,18117812263516495178
ITIncident:78240,0,17650293049444408968
ITIncident:78245,2,74684612180971845
ITIncident:78248,2,4970790503287525771
ITIncident:78251,2,7557963363278366463
ITIncident:78256,2,4378838509198359127
ITIncident:78264,2,8164234155601774407
ITIncident:78268,2,2220966877385487399
ITIncident:78272,2,7761411290123958630
ITIncident:78281,1,1875441574690072295
ITIncident:78286,2,7963007497412607035
ITIncident:78289,2,7557963363278366463
ITIncident:78291,2,3871390592411663767
ITIncident:78294,2,7619805871474334221
ITIncident:78299,1,875499513741249541
ITIncident:78302,2,16368648713697560603
ITIncident:78306,2,1464748305446602498
ITIncident:78312,2,4653010295617401822
ITIncident:78316,2,15799087934962120108
ITIncident:78319,2,4970790503287525771
ITIncident:78323,2,421679701633615330
ITIncident:78330,2,17037590231786667839
ITIncident:78333,2,17347694118881187729
ITIncident:78335,2,13758911280635432730
ITIncident:78344,2,2707320776691272708
ITIncident:78357,2,723807918841037451
ITIncident:78365,2,5132368468200413805
ITIncident:78368,2,2113718247392916067
ITIncident:78371,2,10790560368693134722
ITIncident:78374,2,4970790503287525771
ITIncident:78378,2,16608498519747369807
ITIncident:78384,2,6106399089851891985
ITIncident:78388,2,12220027720198558473
ITIncident:78390,2,928565737261567267
ITIncident:78396,2,12069046737973410306
ITIncident:78404,2,16519945869387018871
ITIncident:78417,2,12359696475091152230
ITIncident:78422,2,15933476041149504660
ITIncident:78441,2,15871730860798836417
ITIncident:78445,2,1930137146779430511
ITIncident:78449,1,15752910422009749812
ITIncident:78452,2,4970790503287525771
ITIncident:78454,2,11859186153032159539
ITIncident:78458,2,12831044531776965302
ITIncident:78461,2,4170799387676964688
ITIncident:78464,1,13671702094733656956
ITIncident:78472,0,13687144290930173756
ITIncident:78478,2,10126831770458171193
ITIncident:78488,2,10058959832940627243
ITIncident:78493,2,18263619189109228270
ITIncident:78498,2,10517478776851550137
ITIncident:78506,2,3853752928246787051
ITIncident:78509,2,17630784631011353869
ITIncident:78512,2,4170799387676964688
ITIncident:78521,2,5329516947392555083
ITIncident:78540,2,6767785403245736368
ITIncident:78547,2,312591560740628441
ITIncident:78552,2,16719257750019745089
ITIncident:78559,2,5065457007017314535
ITIncident:78570,2,5824894816332379679
ITIncident:78572,2,15841424403262014240
ITIncident:78575,2,8019416891269177380
ITIncident:78578,2,15220110888752605522
ITIncident:78584,2,9813032170697914694
ITIncident:78587,2,4970790503287525771
ITIncident:78590,2,7905480602934059517
ITIncident:78593,2,13070710372664140700
ITIncident:78599,2,8247576471895926271
ITIncident:78602,2,4970790503287525771
ITIncident:78607,2,11409381407496285209
ITIncident:78625,2,11850944386188313964
ITIncident:78628,2,3227549982915990920
ITIncident:78633,2,12723888523896370234
ITIncident:78637,2,4030700427849807912
ITIncident:78640,2,8404588211957482228
ITIncident:78643,2,1818354946605286282
ITIncident:78650,2,1188522114004682646
ITIncident:78653,2,4970790503287525771
ITIncident:78661,2,16445673778179323587
ITIncident:78664,2,6406101325184136302
ITIncident:78667,2,1818354946605286282
ITIncident:78672,2,13454582912712195902
ITIncident:78686,2,18320679383856128461
ITIncident:78694,2,2302976926441047024
ITIncident:78701,2,9904662499611846513
ITIncident:78705,2,15225012478543476551
ITIncident:78712,2,17012675032728236573
ITIncident:78715,2,17982803516725694534
ITIncident:78724,2,1645993535314973732
ITIncident:78735,2,6455426166094017660
ITIncident:78741,2,3847470844621945054
ITIncident:78746,2,8432979477476513180
ITIncident:78752,2,11645251160176994926
ITIncident:78755,2,4970790503287525771
ITIncident:78764,2,4825114292355274520
ITIncident:78769,2,1380402640746249039
ITIncident:78777,2,12364111093382089264
ITIncident:78786,2,15941140964570921988
ITIncident:78790,2,5014510500219401468
ITIncident:78801,2,10536412821829420764
ITIncident:78804,2,5247357624340320762
ITIncident:78807,2,17971478489420363471
ITIncident:78812,2,8150865129516160658
ITIncident:78822,2,12525383321893278308
ITIncident:78834,2,11756670543739547688
ITIncident:78837,2,13907320440570291453
ITIncident:78841,2,6008196315877157613
ITIncident:78844,2,15738967823535717785
ITIncident:78849,2,5283334470028784913
ITIncident:78852,2,13381206755915008328
ITIncident:78855,2,9918664875711475229
ITIncident:78868,2,4199605262616273980
ITIncident:78872,2,3560402310425404401
ITIncident:78878,2,7190229711831330372
ITIncident:78895,2,323718038530759488
ITIncident:78898,2,8454285023148334203
ITIncident:78901,2,7905480602934059517
ITIncident:78905,2,9068868110019438353
ITIncident:78909,2,8978490057166625748
ITIncident:78912,2,9249293981459253177
ITIncident:78915,2,4970790503287525771
ITIncident:78917,2,1077616726117701981
ITIncident:78927,2,16105783800379113354
ITIncident:78940,2,9420485097704096326
ITIncident:78945,2,12995290784478920635
ITIncident:78949,2,2656065159504890122
ITIncident:78952,2,11678600937779415052
ITIncident:78959,2,4288751378992222501
ITIncident:78984,2,11747542276801545226
ITIncident:78988,1,14710710295220347715
ITIncident:78998,2,10164407304379351372
ITIncident:79005,2,10936644998902969169
ITIncident:79024,2,12106665553809105539
ITIncident:79027,2,4612913952395479993
ITIncident:79032,2,3850303624180778837
ITIncident:79046,2,567740151585855392
ITIncident:79053,2,18057184936323731308
ITIncident:79056,2,4970790503287525771
ITIncident:79067,2,11016837682965001600
ITIncident:79070,2,17479302113027012473
ITIncident:79073,2,4970790503287525771
ITIncident:79078,2,18372915415654964888
ITIncident:79086,2,4624736400019572506
ITIncident:79089,2,4970790503287525771
ITIncident:79092,2,6680034160740047843
ITIncident:79095,2,8019416891269177380
ITIncident:79105,2,18004309315886947909
ITIncident:79108,2,4970790503287525771
ITIncident:79111,2,10063961111733842701
ITIncident:79114,2,17923149777136964216
ITIncident:79116,2,16413723610591773452
ITIncident:79120,2,14218071449245995377
ITIncident:79122,2,8065098671299977173
ITIncident:79130,2,4395576197854911473
ITIncident:79134,2,1053277698088307950
ITIncident:79147,2,10441025603347668562
ITIncident:79156,2,851709845388357363
ITIncident:79159,2,5151429479029678215
ITIncident:79163,2,8365757968291152330
ITIncident:79170,2,15995631978493782696
ITIncident:79176,2,1239777917865683538
ITIncident:79180,2,9528754335729577624
ITIncident:79183,2,7462414758150857366
ITIncident:79186,2,8131532756761261295
ITIncident:79189,2,6680034160740047843
ITIncident:79191,2,5408694821547344994
ITIncident:79194,1,1891274497147454768
ITIncident:79200,2,11486795980648637821
ITIncident:79203,2,4970790503287525771
ITIncident:79207,2,9865378240176074422
ITIncident:79210,2,17116119831691649792
ITIncident:79216,1,17431165778353041513
ITIncident:79218,2,17728390900270536369
ITIncident:79221,2,13671702094733656956
ITIncident:79226,2,8360234327262967920
ITIncident:79229,2,8095578245868521169
ITIncident:79232,2,4970790503287525771
ITIncident:79234,2,5408694821547344994
ITIncident:79236,2,15700050980871181311
ITIncident:79238,2,9038666478526050904
ITIncident:79241,2,16956734474108947430
ITIncident:79246,2,6413453892998919112
ITIncident:79254,2,10018392934134148525
ITIncident:79256,2,18075384340422931889
ITIncident:79275,2,662131459548305096
ITIncident:79282,2,13333751706065722977
ITIncident:79290,2,3706216980251687062
ITIncident:79293,2,11818985130286401326
ITIncident:79296,2,4170799387676964688
ITIncident:79299,2,18107018481663970584
ITIncident:79304,2,16831263777289778481
ITIncident:79307,2,4825612855767557374
ITIncident:79320,2,16490459798051309658
ITIncident:79323,2,4825612855767557374
ITIncident:79328,2,7714740262917705992
ITIncident:79332,2,12693667139958233253
ITIncident:79336,2,5005400229298117889
ITIncident:79344,2,7955241959945830754
ITIncident:79349,2,5174561996175994113
ITIncident:79356,2,9464903866998511556
ITIncident:79359,2,12111186344008580855
ITIncident:79362,2,13907320440570291453
ITIncident:79367,2,7527139116880738664
ITIncident:79372,2,9023657011280021372
ITIncident:79375,2,3036906492983545211
ITIncident:79382,2,4722850210118615246
ITIncident:79385,2,18205865710969020276
ITIncident:79390,2,5850929185158167175
ITIncident:79392,2,14704923123306660315
ITIncident:79395,2,13671702094733656956
ITIncident:79397,2,928565737261567267
ITIncident:79404,2,11498285787906682386
ITIncident:79408,2,8566792973846704620
ITIncident:79410,2,3582881113766432677
ITIncident:79423,0,12221772700752914959
ITIncident:79427,2,2800451571465944075
ITIncident:79433,2,7342546883778043582
ITIncident:79440,0,2266578855950428564
ITIncident:79449,2,5255923327218302932
ITIncident:79452,2,17274531734164386444
ITIncident:79461,2,15344422519997310964
ITIncident:79463,2,10793563583709759966
ITIncident:79484,0,2004700044228909381
ITIncident:79487,2,4825612855767557374
ITIncident:79493,2,17169958244517681856
ITIncident:79496,2,6510675725759131472
ITIncident:79499,2,12088983022413801375
ITIncident:79502,2,12796430495570047031
ITIncident:79511,2,10402188915385173597
ITIncident:79513,2,15700050980871181311
ITIncident:79516,2,17045635975568820297
ITIncident:79519,2,5651313983145445138
ITIncident:79524,2,1965970073364707762
ITIncident:79538,2,9200959704283341080
ITIncident:79541,2,1818354946605286282
ITIncident:79545,2,16679881971594561728
ITIncident:79549,2,3288156911838640699
ITIncident:79558,2,5898630059709776256
ITIncident:79561,2,4723932281335048665
ITIncident:79564,2,12566513415925253793
ITIncident:79567,2,12566513415925253793
ITIncident:79570,2,12566513415925253793
ITIncident:79573,2,12566513415925253793
ITIncident:79576,2,11941983517648316853
ITIncident:79583,2,1921237654631140514
ITIncident:79586,1,15267741542038444485
ITIncident:79589,2,12566513415925253793
ITIncident:79599,2,13944092812552766966
ITIncident:79605,2,13817123032178612583
ITIncident:79608,2,4970790503287525771
ITIncident:79611,2,4948565937945971902
ITIncident:79616,2,12986780990870632173
ITIncident:79620,2,8786052169847782895
ITIncident:79630,2,18115942590957869664
ITIncident:79633,2,5651313983145445138
ITIncident:79636,2,13671702094733656956
ITIncident:79647,1,13863805811474108363
ITIncident:79650,2,6325782128206346200
ITIncident:79655,1,13156307464522530106
ITIncident:79666,2,5666908840551451336
ITIncident:79672,2,17190793695900162463
ITIncident:79678,2,12200694341834871358
ITIncident:79681,2,1865744484290533161
ITIncident:79688,2,2810948871549217540
ITIncident:79692,2,421679701633615330
ITIncident:79711,2,11917673753136784509
ITIncident:79714,2,1325964994780363338
ITIncident:79721,2,9948878641046761081
ITIncident:79728,2,4370841361231439420
ITIncident:79731,2,9249293981459253177
ITIncident:79735,2,8120722516242318495
ITIncident:79738,2,13671702094733656956
ITIncident:79741,2,180806663613916093
ITIncident:79745,2,11961829968975750677
ITIncident:79748,2,180806663613916093
ITIncident:79752,2,16238872618263542738
ITIncident:79755,2,13671702094733656956
ITIncident:79759,2,2894310590756977997
ITIncident:79764,2,5980890073421435740
ITIncident:79768,2,18164076060540279144
ITIncident:79771,2,4970790503287525771
ITIncident:79774,2,3317529716695318319
ITIncident:79777,2,4481680696195983537
ITIncident:79785,2,2288504457830520479
ITIncident:79788,2,17971478489420363471
ITIncident:79795,2,13913570980258813442
ITIncident:79798,2,4970790503287525771
ITIncident:79801,2,530711110409190105
ITIncident:79806,2,14157069281684521039
ITIncident:79812,2,16468097340565503352
ITIncident:79824,2,13297706843010385499
ITIncident:79827,2,6680034160740047843
ITIncident:79834,2,2911599804054910114
ITIncident:79839,2,5845819244237235673
ITIncident:79843,2,3266268283224533032
ITIncident:79846,2,8454285023148334203
ITIncident:79849,2,5603165706084929478
ITIncident:79859,2,6455426166094017660
ITIncident:79865,2,18255755682338455293
ITIncident:79868,2,3019792234992432856
ITIncident:79878,2,17228832580930711870
ITIncident:79883,2,1487163848310025907
ITIncident:79887,2,9791610142393842232
ITIncident:79890,2,14019191097615120641
ITIncident:79897,2,12974063083774139289
ITIncident:79904,2,16621224572534367330
ITIncident:79911,2,14201422671646036796
ITIncident:79923,1,13283919666049908099
ITIncident:79926,2,5014921244532561391
ITIncident:79929,2,16479043657205106744
ITIncident:79941,2,3427712273921335682
ITIncident:79945,2,10354611812954491864
ITIncident:79950,2,17866422944796832379
ITIncident:79953,2,4970790503287525771
ITIncident:79958,2,15621446672368271960
ITIncident:79964,2,16078039788442671200
ITIncident:79968,2,265237875021224909
ITIncident:79971,2,18107135158022739667
ITIncident:79974,2,3793695619177116480
ITIncident:79986,0,8643510649213783062
ITIncident:79989,1,5429770024017513129
ITIncident:79994,2,9538988860998703896
ITIncident:79997,2,17175978616421536655
ITIncident:80001,2,14987702106818394745
ITIncident:80006,2,10853295368504895109
ITIncident:80009,2,13671702094733656956
ITIncident:80016,2,9783049564359100108
ITIncident:80020,2,372884079413963001
ITIncident:80025,2,8559318181966141680
ITIncident:80028,1,9249293981459253177
ITIncident:80043,2,14877762131880253948
ITIncident:80046,2,5557518520729388078
ITIncident:80049,2,4970790503287525771
ITIncident:80055,2,3329498293018352049
ITIncident:80060,2,2078315340393948453
ITIncident:80065,2,8738208578332362897
ITIncident:80068,2,15279000502345601000
ITIncident:80071,2,12980085256142142062
ITIncident:80080,2,15809570109439181556
ITIncident:80083,2,12018567855880088393
ITIncident:80089,2,13897740324247618816
ITIncident:80098,2,16930792796395143333
ITIncident:80100,2,10793563583709759966
ITIncident:80112,2,10918661622191547186
ITIncident:80115,2,7905480602934059517
ITIncident:80120,2,17574443787592797208
ITIncident:80127,2,18178843134842395966
ITIncident:80142,2,9436313252849407225
ITIncident:80147,2,7809146831955560996
ITIncident:80149,2,4049865816053258915
ITIncident:80153,2,13334006855745728081
ITIncident:80163,2,14089989536160275058
ITIncident:80169,0,13099761457515754292
ITIncident:80173,2,7994095326268755608
ITIncident:80180,2,7509130618720477657
ITIncident:80183,2,8485099658957835457
ITIncident:80190,2,15829619242623590850
ITIncident:80193,2,3953136569964579634
ITIncident:80196,2,5415897729610159038
ITIncident:80200,2,16081735071761877027
ITIncident:80207,2,10135688262050924891
ITIncident:80210,2,7205791677690510730
ITIncident:80216,2,5182514666908678136
ITIncident:80225,2,1140244261499736066
ITIncident:80230,2,4470123273397932800
ITIncident:80239,2,14284383857642845386
ITIncident:80244,2,16536138052840049461
ITIncident:80246,2,8022962483332667951
ITIncident:80249,2,6154323042232202748
ITIncident:80255,2,12917448423185057249
ITIncident:80265,2,4729430046382003887
ITIncident:80272,2,4774702082176085235
ITIncident:80284,2,10374255897687751019
ITIncident:80288,2,5820648368005878700
ITIncident:80290,2,18255120663726539349
ITIncident:80301,2,16337238566444790747
ITIncident:80307,2,12573636412347638996
ITIncident:80312,2,7051470984783414241
ITIncident:80319,2,1165221226763312306
ITIncident:80322,2,14539084077958179733
ITIncident:80327,2,7024344302430718280
ITIncident:80331,2,11237246496591616833
ITIncident:80334,2,4970790503287525771
ITIncident:80343,2,4099170271736201706
ITIncident:80351,2,13419292563069902209
ITIncident:80358,2,6854767921198168683
ITIncident:80365,2,16395050056886507197
ITIncident:80368,2,13671702094733656956
ITIncident:80379,2,3411957390324747726
ITIncident:80390,2,9707600116563247213
ITIncident:80417,2,12674207597541065338
ITIncident:80420,2,16609947496062565597
ITIncident:80423,2,7905480602934059517
ITIncident:80432,2,8175865368585704115
ITIncident:80435,2,15740620611146833109
ITIncident:80439,2,16801081454882173806
ITIncident:80441,2,13610292651130767932
ITIncident:80448,2,18034459771081275653
ITIncident:80451,2,5847458114820431739
ITIncident:80454,2,5847458114820431739
ITIncident:80458,2,2894310590756977997
ITIncident:80460,2,13610292651130767932
ITIncident:80463,2,8019416891269177380
ITIncident:80469,2,11020129121244785404
ITIncident:80472,2,13671702094733656956
ITIncident:80476,1,818831147119926450
ITIncident:80480,2,7774150526554457890
ITIncident:80485,2,7798210669821740178
ITIncident:80492,1,9157051131571553852
ITIncident:80495,2,13371960886165858042
ITIncident:80500,2,11409381407496285209
ITIncident:80506,2,15883841859661404440
ITIncident:80514,2,9537568371106298448
ITIncident:80519,2,15095626704930850864
ITIncident:80526,2,10873993201910513493
ITIncident:80529,1,13671702094733656956
ITIncident:80532,2,13907320440570291453
ITIncident:80538,2,6829075990377797347
ITIncident:80541,2,4970790503287525771
ITIncident:80547,2,5314416191230057936
ITIncident:80550,2,13907320440570291453
ITIncident:80554,2,9248461813045675275
ITIncident:80568,2,968805832463682356
ITIncident:80571,2,10790560368693134722
ITIncident:80574,2,3864535194077314582
ITIncident:80577,2,18092673801562337689
ITIncident:80581,2,326094551514189695
ITIncident:80589,2,9410504150360776054
ITIncident:80591,2,2227388970451998165
ITIncident:80594,2,13671702094733656956
ITIncident:80597,2,17807013680950564650
ITIncident:80608,2,3731196144698697505
ITIncident:80610,2,4025086314517839861
ITIncident:80612,2,2342571914779709908
ITIncident:80615,2,4970790503287525771
ITIncident:80622,2,9967046270619290231
ITIncident:80624,2,3582881113766432677
ITIncident:80627,2,5847458114820431739
ITIncident:80630,2,12633799970552907055
ITIncident:80633,2,13671702094733656956
ITIncident:80637,2,2894310590756977997
ITIncident:80646,2,12149908323362884824
ITIncident:80649,2,3019792234992432856
ITIncident:80651,2,928565737261567267
ITIncident:80656,2,11296990367617031481
ITIncident:80659,2,13671702094733656956
ITIncident:80664,2,150380255085669058
ITIncident:80669,2,5538510758554487236
ITIncident:80678,2,6051755352804544830
ITIncident:80682,2,16948290265354395811
ITIncident:80690,2,16785063092759883139
ITIncident:80695,2,5540315718888181994
ITIncident:80703,2,10242272400278732312
ITIncident:80706,2,16479043657205106744
ITIncident:80709,2,18107018481663970584
ITIncident:80722,2,6030960095825952234
ITIncident:80724,2,10793563583709759966
ITIncident:80736,2,6758393312391409254
ITIncident:80743,2,4999664066275930923
ITIncident:80745,2,11372398630185660640
ITIncident:80748,2,17175978616421536655
ITIncident:80758,2,12307409801752927705
ITIncident:80769,2,5423487197650306508
ITIncident:80773,2,15773905582018012206
ITIncident:80775,2,15739464986381813059
ITIncident:80779,2,14242172023202164765
ITIncident:80781,2,15247542096022240057
ITIncident:80783,2,16413723610591773452
ITIncident:80786,2,10432520714196922166
ITIncident:80793,2,15701115143659517679
ITIncident:80796,2,6680034160740047843
ITIncident:80798,2,11372398630185660640
ITIncident:80800,2,8162990939996356817
ITIncident:80803,2,13907320440570291453
ITIncident:80809,2,2275616153424687566
ITIncident:80814,2,18088557767630152371
ITIncident:80817,2,4948565937945971902
ITIncident:80823,2,9646835597819012530
ITIncident:80826,2,4970790503287525771
ITIncident:80830,2,6803549283578134051
ITIncident:80833,2,4970790503287525771
ITIncident:80844,2,10101438154972230226
ITIncident:80848,2,14761663030823064748
ITIncident:80856,2,384110452244590910
ITIncident:80859,2,10637772856798959158
ITIncident:80863,2,15059964667275556289
ITIncident:80869,2,10682596395526715756
ITIncident:80871,2,5408694821547344994
ITIncident:80874,2,10637772856798959158
ITIncident:80879,2,4681931262773116468
ITIncident:80888,0,8349488519010013437
ITIncident:80891,2,15738967823535717785
ITIncident:80897,2,9194226180068447553
ITIncident:80904,2,16783672410545180752
ITIncident:80910,2,14997712925359893144
ITIncident:80914,2,10440922957049583866
ITIncident:80923,2,2963491052879283669
ITIncident:80928,2,17199627142967943944
ITIncident:80931,2,1818354946605286282
ITIncident:80934,2,12829907519845069883
ITIncident:80939,2,17199627142967943944
ITIncident:80943,2,896823271388130965
ITIncident:80946,2,4469701921650845453
ITIncident:80951,2,17199627142967943944
ITIncident:80958,2,16783672410545180752
ITIncident:80965,2,196836113753550301
ITIncident:80972,2,16783672410545180752
ITIncident:80975,2,13648118712173299818
ITIncident:80983,2,13205206734735184847
ITIncident:80992,2,871592314552095729
ITIncident:80994,2,18444884136974241422
ITIncident:80997,2,8454285023148334203
ITIncident:81010,2,956619414962748488
ITIncident:81013,2,1634128744250102478
ITIncident:81016,2,4651110143153763316
ITIncident:81021,2,672738468425924636
ITIncident:81023,2,16193508567419464077
ITIncident:81027,2,18139149285229053091
ITIncident:81030,2,13671702094733656956
ITIncident:81033,2,17971478489420363471
ITIncident:81038,2,6057301377572678236
ITIncident:81041,2,4911746620546174003
ITIncident:81044,2,3055248448947703746
ITIncident:81056,2,16189184943280205799
ITIncident:81063,2,181971547941652545
ITIncident:81070,2,16336424859618922097
ITIncident:81075,2,16180592775659517354
ITIncident:81078,2,4170799387676964688
ITIncident:81082,2,537193102942123713
ITIncident:81085,2,14951232574654654273
ITIncident:81090,2,5720559409207778860
ITIncident:81093,2,9249293981459253177
ITIncident:81108,2,1170189689507362269
ITIncident:81124,2,5723079656889905786
ITIncident:81143,2,10283186044462565380
ITIncident:81151,2,1790769104831430152
ITIncident:81153,2,3582881113766432677
ITIncident:81156,2,1805317997323321678
ITIncident:81161,2,16078039788442671200
ITIncident:81171,2,10627169223199903056
ITIncident:81180,2,9625846443199303291
ITIncident:81190,2,3761640466714368348
ITIncident:81195,2,4496207407984623131
ITIncident:81202,2,17536810651018032526
ITIncident:81207,2,16078039788442671200
ITIncident:81212,2,14625044148095672830
ITIncident:81218,2,18376730279213598610
ITIncident:81223,2,8634285608429370232
ITIncident:81227,2,2101271364134543389
ITIncident:81231,2,15723450701750631351
ITIncident:81236,2,13466795808883537120
ITIncident:81242,2,15335019731831110229
ITIncident:81249,2,13708356231627036693
ITIncident:81252,2,4970790503287525771
ITIncident:81255,2,2113718247392916067
ITIncident:81260,2,4684533164002934281
ITIncident:81266,2,11671865881747294835
ITIncident:81270,2,14056244141616709888
ITIncident:81275,2,1954685392796297570
ITIncident:81277,2,6352084089208529275
ITIncident:81283,2,14757678140079053083
ITIncident:81287,2,15130871380826007814
ITIncident:81290,2,11495711391599572311
ITIncident:81295,2,16489197477633297541
ITIncident:81299,2,17044155081378503169
ITIncident:81304,0,9329663724511258220
ITIncident:81306,2,10538990098194470142
ITIncident:81314,2,4403084334295771208
ITIncident:81317,2,6082831514702582463
ITIncident:81323,2,9366116211876332444
ITIncident:81328,2,4513084463286508751
ITIncident:81331,2,10252986347346636940
ITIncident:81339,2,2630247042650028276
ITIncident:81343,2,7771881320451988126
ITIncident:81345,2,1782501947812388075
ITIncident:81348,2,13381206755915008328
ITIncident:81352,2,16013035547835878841
ITIncident:81364,2,8930100939238510482
ITIncident:81366,2,3407908093336666748
ITIncident:81369,2,2613007622536025887
ITIncident:81371,2,9038666478526050904
ITIncident:81374,2,16722913326170480828
ITIncident:81378,2,10684957570955124086
ITIncident:81381,2,2613007622536025887
ITIncident:81397,2,17254060488843874865
ITIncident:81402,2,16384309861128630146
ITIncident:81406,2,1820433300357222629
ITIncident:81410,2,5005400229298117889
ITIncident:81413,2,2813468121682729775
ITIncident:81417,2,14987702106818394745
ITIncident:81475,2,15093225031270646141
ITIncident:81478,2,6510675725759131472
ITIncident:81482,2,5005400229298117889
ITIncident:81494,2,14723309610744379843
ITIncident:81500,2,13743524654907964918
ITIncident:81505,2,535501661844813021
ITIncident:81518,2,5232918431020181715
ITIncident:81522,2,7764214386395421892
ITIncident:81534,2,4084293436741672312
ITIncident:81540,2,1359696631811006210
ITIncident:81544,2,11736811556474757168
ITIncident:81547,2,13671702094733656956
ITIncident:81554,2,8988358387562450727
ITIncident:81562,2,5520900745771143369
ITIncident:81569,2,13194506206956214929
ITIncident:81573,2,11736811556474757168
ITIncident:81584,2,3116261419130555598
ITIncident:81587,2,5651313983145445138
ITIncident:81592,2,3763388716514982522
ITIncident:81596,2,2894310590756977997
ITIncident:81599,2,4970790503287525771
ITIncident:81601,2,10793563583709759966
ITIncident:81603,2,17415543075242652528
ITIncident:81607,2,16679881971594561728
ITIncident:81617,2,18113854271168504914
ITIncident:81621,2,2709757731775230250
ITIncident:81624,2,1685677629840161746
ITIncident:81632,2,1712074423640783734
ITIncident:81641,2,8357913801142947635
ITIncident:81648,2,1553883859340834175
ITIncident:81651,2,5651313983145445138
ITIncident:81658,2,12371472524496102049
ITIncident:81662,2,8826522761838406010
ITIncident:81667,2,7798210669821740178
ITIncident:81670,2,4170799387676964688
ITIncident:81673,2,1026369926220767654
ITIncident:81676,2,4970790503287525771
ITIncident:81685,2,2972288265801838026
ITIncident:81690,2,13948419190803160435
ITIncident:81703,2,2528880754324461742
ITIncident:81708,2,7482862345912328446
ITIncident:81713,2,15783816475597493899
ITIncident:81722,2,17673427316001648100
ITIncident:81726,2,6998015357551149914
ITIncident:81739,2,11186461857437681722
ITIncident:81742,2,4170799387676964688
ITIncident:81745,2,7315759402118752459
ITIncident:81747,2,10538990098194470142
ITIncident:81752,2,16084891733370914850
ITIncident:81758,2,3669430974400077635
ITIncident:81762,2,9337385004935378106
ITIncident:81765,2,1818354946605286282
ITIncident:81768,2,4970790503287525771
ITIncident:81773,2,6762689609052018730
ITIncident:81777,2,2922866008177552743
ITIncident:81780,2,16955942645047168596
ITIncident:81788,2,2096862797936113124
ITIncident:81794,2,10236089289840271677
ITIncident:81798,2,1630357507622921561
ITIncident:81804,2,2853827114464499481
ITIncident:81807,2,11809158827808975202
ITIncident:81810,2,5469226950558193188
ITIncident:81813,2,13191315888390237100
ITIncident:81816,2,11298430362827578976
ITIncident:81823,2,2265356573621965192
ITIncident:81828,2,3210870805005654204
ITIncident:81832,2,15609685742706045505
ITIncident:81835,2,4970790503287525771
ITIncident:81839,2,2942331219317962531
ITIncident:81842,2,4970790503287525771
ITIncident:81845,2,11531261031770642183
ITIncident:81847,2,13862715434510200629
ITIncident:81855,2,6462172406810639709
ITIncident:81858,2,13191315888390237100
ITIncident:81867,2,16290492878612748688
ITIncident:81872,2,3556761974901026865
ITIncident:81878,2,670450279059994692
ITIncident:81881,2,6680034160740047843
ITIncident:81884,2,16215514533174316544
ITIncident:81887,2,7297698771311312220
ITIncident:81893,2,6908436446744304727
ITIncident:81897,2,18117812263516495178
ITIncident:81900,2,7905480602934059517
ITIncident:81905,2,6171734463665315933
ITIncident:81908,2,11877921628316920666
ITIncident:81911,2,1818354946605286282
ITIncident:81916,2,2313297914984279875
ITIncident:81919,2,13907320440570291453
ITIncident:81922,2,6151899990123628902
ITIncident:81927,2,7068961689535984188
ITIncident:81929,2,10132283220960026843
ITIncident:81939,2,775978137634875887
ITIncident:81941,2,1869904479513687889
ITIncident:81944,1,2356181819777856285
ITIncident:81948,2,16269786965543231585
ITIncident:81953,2,5845819244237235673
ITIncident:81957,2,3407208254637292715
ITIncident:81959,2,1869904479513687889
ITIncident:81963,2,2894310590756977997
ITIncident:81966,2,4970790503287525771
ITIncident:81968,2,10793563583709759966
ITIncident:81971,2,14818660267643010709
ITIncident:81980,2,2101938165449159393
ITIncident:81994,2,13747527841295611781
ITIncident:81997,2,4170799387676964688
ITIncident:82001,2,14987702106818394745
ITIncident:82005,2,17723785639102653347
ITIncident:82013,2,6911884751512439937
ITIncident:82023,2,4251796916179491362
ITIncident:82029,2,301218514139123306
ITIncident:82032,2,16925679888354483000
ITIncident:82034,2,18342654463097959522
ITIncident:82041,2,896552730372338575
ITIncident:82045,2,17723785639102653347
ITIncident:82049,2,14088982398857796451
ITIncident:82052,2,14981810794260515248
ITIncident:82055,2,13220669687677444256
ITIncident:82058,1,2553553888326674492
ITIncident:82061,2,12539538978425360888
ITIncident:82064,2,8131532756761261295
ITIncident:82067,2,4970790503287525771
ITIncident:82070,2,1832434412974047992
ITIncident:82076,2,4189028909275334136
ITIncident:82080,2,3143812998234744859
ITIncident:82083,2,13220669687677444256
ITIncident:82087,2,8156236534108131991
ITIncident:82092,2,2519273991489880251
ITIncident:82100,2,7248627601957260503
ITIncident:82104,2,15952831924177183340
ITIncident:82106,2,10793563583709759966
ITIncident:82109,2,4970790503287525771
ITIncident:82112,2,18418577437909645239
ITIncident:82115,2,13648118712173299818
ITIncident:82118,2,4970790503287525771
ITIncident:82121,2,14359540097236467063
ITIncident:82129,2,6598780577875529577
ITIncident:82137,2,9403435784922425342
ITIncident:82140,2,6680034160740047843
ITIncident:82144,2,16801081454882173806
ITIncident:82153,2,18121120407909650122
ITIncident:82155,2,9585514647455043784
ITIncident:82158,2,16479043657205106744
ITIncident:82161,2,10745792234826587558
ITIncident:82166,2,3047981039102490679
ITIncident:82169,2,16795880539410443444
ITIncident:82174,2,15774575229348880923
ITIncident:82178,2,14987702106818394745
ITIncident:82181,2,2534777266304290698
ITIncident:82186,2,17676264387905967872
ITIncident:82189,2,13907320440570291453
ITIncident:82194,2,13583009237248882658
ITIncident:82197,2,4170799387676964688
ITIncident:82200,2,13671702094733656956
ITIncident:82206,2,9981721789409700513
ITIncident:82216,2,5028035708272959159
ITIncident:82219,2,268657105664638033
ITIncident:82232,2,15322286145359678812
ITIncident:82235,2,15738967823535717785
ITIncident:82239,2,15752910422009749812
ITIncident:82241,2,10793563583709759966
ITIncident:82246,2,12665974228856697377
ITIncident:82251,2,5030251539576233364
ITIncident:82258,2,11816972636290520652
ITIncident:82267,1,11567171326641301121
ITIncident:82269,2,7866398127594921580
ITIncident:82279,2,8645272813333329974
ITIncident:82288,2,15027699830739477520
ITIncident:82291,2,1818354946605286282
ITIncident:82294,2,17274531734164386444
ITIncident:82299,2,11871726736458692276
ITIncident:82319,2,17291195352658133459
ITIncident:82322,2,4970790503287525771
ITIncident:82325,2,4970790503287525771
ITIncident:82342,2,1135140825206567076
ITIncident:82345,2,13671702094733656956
ITIncident:82349,2,16673578447992461244
ITIncident:82352,1,5014921244532561391
ITIncident:82363,2,16395835414085596506
ITIncident:82367,2,2796681850147963724
ITIncident:82371,2,14692558082065381990
ITIncident:82374,2,2957671462006739668
ITIncident:82379,2,9340246869874399647
ITIncident:82383,2,14002267586230390199
ITIncident:82390,2,17642269370844327516
ITIncident:82395,2,10354611812954491864
ITIncident:82401,2,16625014687684738741
ITIncident:82406,2,8565793102067406818
ITIncident:82413,2,7479439808417344023
ITIncident:82420,2,11821648438572830351
ITIncident:82423,2,13381206755915008328
ITIncident:82433,2,5066450190878361718
ITIncident:82437,2,17449188227514436176
ITIncident:82443,2,9635799920150126116
ITIncident:82445,2,7099382653132445681
ITIncident:82447,2,6779449280655607754
ITIncident:82453,2,9840082537503559021
ITIncident:82457,2,326094551514189695
ITIncident:82461,0,14804604290105650653
ITIncident:82467,2,18314825607608938950
ITIncident:82476,2,5167087741029311052
ITIncident:82479,2,1818354946605286282
ITIncident:82485,2,8360234327262967920
ITIncident:82490,2,2546118775266792097
ITIncident:82493,2,4970790503287525771
ITIncident:82498,2,17676264387905967872
ITIncident:82501,2,11186986197389993440
ITIncident:82506,2,11044729297656271348
ITIncident:82518,2,10033961340997592771
ITIncident:82533,2,6412024053231209204
ITIncident:82536,2,8006217188639152136
ITIncident:82541,2,7945286085538575555
ITIncident:82546,2,18077389010762030415
ITIncident:82548,2,10793563583709759966
ITIncident:82552,2,18075725933803700937
ITIncident:82554,2,2118370937639606188
ITIncident:82557,2,4970790503287525771
ITIncident:82560,2,4970790503287525771
ITIncident:82572,2,3191730243392326653
ITIncident:82575,2,8992615744989215648
ITIncident:82582,2,3615769018349681411
ITIncident:82585,2,17813028259618158589
ITIncident:82593,2,6219456708744973799
ITIncident:82596,2,17155659107839135511
ITIncident:82599,2,4970790503287525771
ITIncident:82603,2,4512186440549470292
ITIncident:82606,2,13907320440570291453
ITIncident:82609,2,5603165706084929478
ITIncident:82611,2,10793563583709759966
ITIncident:82614,2,4970790503287525771
ITIncident:82621,2,18388984033140814528
ITIncident:82624,2,14565734080648345109
ITIncident:82627,2,14634176735227553723
ITIncident:82632,2,15766375557863218601
ITIncident:82635,2,4970790503287525771
ITIncident:82670,2,6002568080923534354
ITIncident:82677,2,4336997607644830394
ITIncident:82680,2,4970790503287525771
ITIncident:82683,2,14565734080648345109
ITIncident:82688,2,4979356517398440148
ITIncident:82690,2,17006662050506572907
ITIncident:82696,2,5675563790251505077
ITIncident:82699,2,2297322823787049503
ITIncident:82712,2,9442294379229332743
ITIncident:82714,2,10793563583709759966
ITIncident:82719,2,3265167871316787672
ITIncident:82722,2,4970790503287525771
ITIncident:82730,2,5573249903416317815
ITIncident:82733,2,8019416891269177380
ITIncident:82740,2,412473140476646056
ITIncident:82744,2,15062389976322578153
ITIncident:82747,2,12750753737349537572
ITIncident:82751,2,4199514630072057157
ITIncident:82755,2,8978490057166625748
ITIncident:82759,2,2894310590756977997
ITIncident:82766,0,14654277157838684235
ITIncident:82769,2,8742047896513514559
ITIncident:82776,2,1015063958585468085
ITIncident:82781,2,1015063958585468085
ITIncident:82784,2,4170799387676964688
ITIncident:82789,2,8640566927142772583
ITIncident:82794,2,7158987055508029998
ITIncident:82797,2,8404588211957482228
ITIncident:82800,2,3804518530390334224
ITIncident:82802,2,695776321291291868
ITIncident:82808,2,537193102942123713
ITIncident:82813,2,5560353657935949923
ITIncident:82821,2,9271248818765028838
ITIncident:82825,2,14395522974657016384
ITIncident:82832,2,5730417667268007572
ITIncident:82842,2,5795734998748810655
ITIncident:82845,2,16479043657205106744
ITIncident:82848,2,9249293981459253177
ITIncident:82856,0,13564617157214306026
ITIncident:82859,2,4170799387676964688
ITIncident:82864,2,12637039521554883901
ITIncident:82867,2,9589803254004304975
ITIncident:82876,2,9322515856645133434
ITIncident:82879,2,17971478489420363471
ITIncident:82882,2,13907320440570291453
ITIncident:82885,2,452163930659320969
ITIncident:82893,2,7657930289453223211
ITIncident:82908,2,15416647821872917278
ITIncident:82912,2,5869931044814855150
ITIncident:82915,2,4033726877249689296
ITIncident:82919,2,10354611812954491864
ITIncident:82925,2,3720786940723280315
ITIncident:82931,2,4762180478766427706
ITIncident:82939,2,16463265171671043377
ITIncident:82942,2,16479043657205106744
ITIncident:82946,2,16908746962062050832
ITIncident:82954,2,11117438732234326435
ITIncident:82957,2,4970790503287525771
ITIncident:82960,2,715318864010695106
ITIncident:82964,2,4515260094387094713
ITIncident:82966,2,5419341326052558389
ITIncident:82972,2,13371024995021879998
ITIncident:82975,2,4970790503287525771
ITIncident:82981,2,14674383222167616139
ITIncident:82984,2,715318864010695106
ITIncident:82987,2,475078432542121279
ITIncident:82990,2,7905480602934059517
ITIncident:82993,2,16095716458525359971
ITIncident:82997,2,18119158132957253842
ITIncident:83003,2,12274026784720688982
ITIncident:83006,2,10726074832073671660
ITIncident:83018,2,17917386764065857620
ITIncident:83021,2,4970790503287525771
ITIncident:83025,2,326094551514189695
ITIncident:83047,2,16757543381375034590
ITIncident:83050,2,17072326927026801675
ITIncident:83057,2,2817674402467289479
ITIncident:83060,2,13907320440570291453
ITIncident:83068,2,4946455558486084018
ITIncident:83071,2,7905480602934059517
ITIncident:83081,2,16433929331405867662
ITIncident:83084,2,13304805716221073866
ITIncident:83089,2,324792534068726370
ITIncident:83093,2,6526224784210427820
ITIncident:83105,2,251074329393674518
ITIncident:83108,2,4970790503287525771
ITIncident:83114,2,10556024609837829038
ITIncident:83121,2,5554831526259466746
ITIncident:83124,2,4170799387676964688
ITIncident:83133,2,2628004121428899786
ITIncident:83139,0,13845632190322995839
ITIncident:83142,2,4170799387676964688
ITIncident:83148,2,11235858464156199640
ITIncident:83155,2,2105135204586843495
ITIncident:83161,2,14290186895380766725
ITIncident:83166,2,667987722301944801
ITIncident:83175,2,6098597024406994877
ITIncident:83178,2,5469226950558193188
ITIncident:83183,2,16730064024619049263
ITIncident:83185,2,10793563583709759966
ITIncident:83195,2,744333413537143672
ITIncident:83201,2,10681919743902499674
ITIncident:83204,2,12249696678911521859
ITIncident:83214,2,3710763288950402464
ITIncident:83221,2,11745795259671464484
ITIncident:83226,2,4513084463286508751
ITIncident:83229,2,5603165706084929478
ITIncident:83239,2,1074212913246386426
ITIncident:83254,2,13101497154384646285
ITIncident:83256,2,7244448654939290835
ITIncident:83259,2,6680034160740047843
ITIncident:83270,2,14802680664296564710
ITIncident:83274,2,5304962703008902369
ITIncident:83277,2,9249293981459253177
ITIncident:83284,2,15853880187829874962
ITIncident:83290,2,1007702475172731946
ITIncident:83293,2,9802954601770612351
ITIncident:83296,2,1959636528012356427
ITIncident:83303,0,17516563852804764003
ITIncident:83305,2,11859186153032159539
ITIncident:83308,2,180806663613916093
ITIncident:83311,2,4970790503287525771
ITIncident:83325,2,925678467580071042
ITIncident:83327,2,13660945958242390575
ITIncident:83330,2,7357881878783530031
ITIncident:83333,2,8443360921654424867
ITIncident:83336,2,1017437017354488521
ITIncident:83338,2,12549941534002666700
ITIncident:83348,2,4430548957966814512
ITIncident:83353,2,5573453120021795176
ITIncident:83357,2,11091979830925428065
ITIncident:83361,2,18309608806201841029
ITIncident:83364,2,4970790503287525771
ITIncident:83367,2,16194167498340187714
ITIncident:83373,2,10497486495763858666
ITIncident:83380,2,310075714843586637
ITIncident:83383,2,7905480602934059517
ITIncident:83388,2,296868083623947855
ITIncident:83392,2,2445713813399557798
ITIncident:83399,0,5741599363665454834
ITIncident:83405,2,16176528464324039622
ITIncident:83409,2,4030700427849807912
ITIncident:83421,2,113911665786507067
ITIncident:83425,2,7806830186167695665
ITIncident:83437,2,11045097877823484549
ITIncident:83440,2,12948178909144579627
ITIncident:83443,2,17328883228682763430
ITIncident:83446,2,5181189985610972155
ITIncident:83450,2,4318787975449487159
ITIncident:83456,2,3629443378192356591
ITIncident:83459,2,16479043657205106744
ITIncident:83462,2,5151429479029678215
ITIncident:83465,2,2941048360625129140
ITIncident:83468,2,3081479852638945825
ITIncident:83472,2,6615941050687123630
ITIncident:83475,2,16368648713697560603
ITIncident:83477,2,9300721067924512804
ITIncident:83480,2,17620018128230446944
ITIncident:83485,2,5620854813179749227
ITIncident:83488,2,8454285023148334203
ITIncident:83491,2,5151429479029678215
ITIncident:83494,2,7781703138731223572
ITIncident:83500,2,17027633499270972254
ITIncident:83504,2,421679701633615330
ITIncident:83507,2,5151429479029678215
ITIncident:83509,2,16399467962262467800
ITIncident:83516,1,1673259372849963304
ITIncident:83519,2,13362558036114876626
ITIncident:83525,2,17595365272160862455
ITIncident:83528,2,3081479852638945825
ITIncident:83531,2,13907320440570291453
ITIncident:83539,2,5152302330244399953
ITIncident:83544,2,16842005366206592883
ITIncident:83548,2,17274115465573158036
ITIncident:83552,2,4026664395675299165
ITIncident:83558,2,14823362823931044768
ITIncident:83561,2,15738967823535717785
ITIncident:83563,2,5415116056967740440
ITIncident:83569,0,7809272290496319991
ITIncident:83572,2,2404076332918217944
ITIncident:83575,2,8467443245142053315
ITIncident:83578,2,3583572093020030930
ITIncident:83582,2,3047981039102490679
ITIncident:83589,2,5226852808616393707
ITIncident:83593,2,17963926020145492561
ITIncident:83598,2,10019490640201061083
ITIncident:83600,2,10664804372011998901
ITIncident:83603,2,12240379720431207661
ITIncident:83606,2,4825612855767557374
ITIncident:83609,2,7905480602934059517
ITIncident:83612,2,13671702094733656956
ITIncident:83615,2,1818354946605286282
ITIncident:83618,2,17923149777136964216
ITIncident:83622,1,17484536952079624492
ITIncident:83625,2,4970790503287525771
ITIncident:83633,2,6452895161222898679
ITIncident:83637,2,2894310590756977997
ITIncident:83642,2,11284500779395600410
ITIncident:83653,2,6472897732224958531
ITIncident:83673,2,16863659277422109946
ITIncident:83686,2,9350547386593014571
ITIncident:83689,2,13648118712173299818
ITIncident:83695,2,7595709309101402407
ITIncident:83698,2,3525536084375236026
ITIncident:83701,2,4970790503287525771
ITIncident:83704,2,13671702094733656956
ITIncident:83711,2,9298709006245760666
ITIncident:83716,2,8119988256253881176
ITIncident:83719,2,15241712952837587960
ITIncident:83722,2,12018567855880088393
ITIncident:83728,2,6621499625777468597
ITIncident:83732,1,964981882824963632
ITIncident:83735,2,4026664395675299165
ITIncident:83739,2,15360139355134524416
ITIncident:83743,2,3591148897653522886
ITIncident:83747,2,3949226579532381082
ITIncident:83759,2,4841362867499418929
ITIncident:83763,2,16801081454882173806
ITIncident:83771,2,16790116492867407833
ITIncident:83786,0,14956645549950749592
ITIncident:83796,2,14274791909194652863
ITIncident:83799,2,12111186344008580855
ITIncident:83810,2,12032251054676093401
ITIncident:83814,2,4026664395675299165
ITIncident:83818,2,15684665453065283018
ITIncident:83831,2,7597074291762331459
ITIncident:83834,2,8454285023148334203
ITIncident:83838,2,7764214386395421892
ITIncident:83841,2,12111186344008580855
ITIncident:83853,0,3949886564920848394
ITIncident:83856,2,8454285023148334203
ITIncident:83864,2,13943096349884311205
ITIncident:83867,2,12111186344008580855
ITIncident:83873,2,4685479580211817486
ITIncident:83876,2,5424838402845465494
ITIncident:83879,2,16722913326170480828
ITIncident:83886,2,8938552022893756269
ITIncident:83891,2,17565055159795153452
ITIncident:83894,2,18107018481663970584
ITIncident:83899,2,16830785129739358440
ITIncident:83903,2,5327376859706822415
ITIncident:83911,2,3082657195910309845
ITIncident:83916,0,6432645110998700299
ITIncident:83920,2,4685114179931574029
ITIncident:83928,2,5779268887626105658
ITIncident:83931,2,4469701921650845453
ITIncident:83935,2,12947212986653067329
ITIncident:83940,2,5935619769662407360
ITIncident:83946,2,18362396250826396189
ITIncident:83949,2,4970790503287525771
ITIncident:83961,2,2896058955630228511
ITIncident:83965,2,4030700427849807912
ITIncident:83968,2,17923149777136964216
ITIncident:83971,2,17923149777136964216
ITIncident:83978,2,15488240016106243244
ITIncident:83987,2,13493813022273575793
ITIncident:83990,2,13671702094733656956
ITIncident:83993,2,3804518530390334224
ITIncident:83997,2,2796681850147963724
ITIncident:83999,2,15844792606388248673
ITIncident:84002,2,13671702094733656956
ITIncident:84005,2,9212317461437851250
ITIncident:84008,2,1634128744250102478
ITIncident:84020,2,17553129070710217773
ITIncident:84026,2,7595709309101402407
ITIncident:84031,2,1524744293638377567
ITIncident:84042,2,8909006038192024567
ITIncident:84045,2,18107018481663970584
ITIncident:84052,2,3813046400879904334
ITIncident:84059,2,1723620487290545444
ITIncident:84063,2,10388780054674293741
ITIncident:84066,2,12018567855880088393
ITIncident:84069,2,2613007622536025887
ITIncident:84087,2,15645744306783295814
ITIncident:84090,2,13907320440570291453
ITIncident:84093,2,14210283380016885009
ITIncident:84097,2,3407208254637292715
ITIncident:84100,2,10524001942518724520
ITIncident:84110,2,3993662343286277282
ITIncident:84115,2,8365757968291152330
ITIncident:84121,2,9312956800127711268
ITIncident:84124,2,5651313983145445138
ITIncident:84127,2,4970790503287525771
ITIncident:84136,2,8128758940054786616
ITIncident:84141,2,11409381407496285209
ITIncident:84145,2,17984258741065715346
ITIncident:84151,2,7878912785068837141
ITIncident:84154,2,9249293981459253177
ITIncident:84165,2,9444327283624043305
ITIncident:84168,2,5424838402845465494
ITIncident:84171,2,16479043657205106744
ITIncident:84174,2,7484250193244983965
ITIncident:84180,2,13055133301834374281
ITIncident:84182,2,12875219298938936561
ITIncident:84185,2,2941048360625129140
ITIncident:84188,2,9249293981459253177
ITIncident:84191,2,16479043657205106744
ITIncident:84195,2,1186662563746343993
ITIncident:84199,2,2894310590756977997
ITIncident:84203,1,1026438669444042234
ITIncident:84208,2,22366096465300737
ITIncident:84217,2,10123949407908924456
ITIncident:84230,2,10919754927553167859
ITIncident:84236,2,10687632736835265561
ITIncident:84241,2,14361477988639210615
ITIncident:84244,2,16390638323311239204
ITIncident:84252,2,5425758872793671544
ITIncident:84257,2,5523223980427073982
ITIncident:84267,2,12254211523519544732
ITIncident:84272,1,14920752567665031547
ITIncident:84276,2,2894310590756977997
ITIncident:84280,2,13107893427761586363
ITIncident:84286,2,14577836121520884432
ITIncident:84289,2,7933810964561043382
ITIncident:84292,2,2737111266433934443
ITIncident:84300,2,18064621296543116158
ITIncident:84303,2,12111186344008580855
ITIncident:84311,2,9365201058455264370
ITIncident:84331,2,2053726120371790360
ITIncident:84345,2,9764505484244028173
ITIncident:84350,2,9492293229940437562
ITIncident:84354,2,17999216949364889750
ITIncident:84357,2,16098017437508469465
ITIncident:84362,2,18256617434317260391
ITIncident:84366,2,8901154086572510081
ITIncident:84372,2,2427911208454493441
ITIncident:84376,2,1710528985941289471
ITIncident:84388,0,3031371924403663712
ITIncident:84391,2,3416632957455039849
ITIncident:84398,2,17663462669250824841
ITIncident:84403,2,7931095560760208957
ITIncident:84412,2,10773291284994485404
ITIncident:84415,2,5156627550287336795
ITIncident:84424,2,3078432092970562033
ITIncident:84427,2,5181189985610972155
ITIncident:84430,2,751978350231370106
ITIncident:84433,2,12750753737349537572
ITIncident:84439,2,3959829540194724825
ITIncident:84442,2,2356181819777856285
ITIncident:84448,2,7305178681101668717
ITIncident:84456,2,3936828607716241721
ITIncident:84463,2,4695595898878644085
ITIncident:84471,2,659661615182829842
ITIncident:84476,2,3850495050273327655
ITIncident:84479,2,18127972085563324938
ITIncident:84484,2,9179562856069413738
ITIncident:84487,2,12111186344008580855
ITIncident:84492,2,2519273991489880251
ITIncident:84500,2,18077389010762030415
ITIncident:84503,2,13648118712173299818
ITIncident:84510,2,18426770837138305580
ITIncident:84513,2,751978350231370106
ITIncident:84516,2,4170799387676964688
ITIncident:84522,2,10096354653550977153
ITIncident:84528,2,8003961943126313557
ITIncident:84533,2,6064698477826060548
ITIncident:84537,2,205501655981636400
ITIncident:84550,2,14834926706886864881
ITIncident:84559,2,1403755571477474298
ITIncident:84572,2,14229085651300987518
ITIncident:84585,2,12874631846441182879
ITIncident:84589,2,14987702106818394745
ITIncident:84594,2,13785176955923797061
ITIncident:84597,2,17280627373704885130
ITIncident:84604,2,6643618246299287470
ITIncident:84610,2,675337281558471555
ITIncident:84614,2,4179570958333835610
ITIncident:84617,2,13793519998764738858
ITIncident:84624,2,1173626907269505587
ITIncident:84627,2,1191804746488571920
ITIncident:84630,2,6747899806322993675
ITIncident:84646,2,15180637701475830323
ITIncident:84652,2,6807171300820833836
ITIncident:84656,2,8565793102067406818
ITIncident:84675,2,3036141219680699027
ITIncident:84678,2,9141543725527778207
ITIncident:84686,2,10376756404191187310
ITIncident:84691,2,12125878370806202660
ITIncident:84694,2,15020829610457500475
ITIncident:84698,2,421679701633615330
ITIncident:84701,2,4948565937945971902
ITIncident:84705,2,18075725933803700937
ITIncident:84709,2,4179570958333835610
ITIncident:84712,2,12980085256142142062
ITIncident:84715,2,12980085256142142062
ITIncident:84718,2,13793519998764738858
ITIncident:84723,2,660279428851181332
ITIncident:84726,2,8454285023148334203
ITIncident:84729,2,7905480602934059517
ITIncident:84733,2,6018279725168209949
ITIncident:84740,2,4707384481275666121
ITIncident:84743,2,1099128974534446918
ITIncident:84747,2,18320523865660516582
ITIncident:84756,2,11003179859535594726
ITIncident:84759,2,17175978616421536655
ITIncident:84767,2,17565155996243868526
ITIncident:84774,2,13816801034450778469
ITIncident:84777,2,4170799387676964688
ITIncident:84781,2,9068868110019438353
ITIncident:84792,2,6463558896615506587
ITIncident:84795,2,10065357721361609732
ITIncident:84805,2,6608481438233623498
ITIncident:84809,2,8197288075115905263
ITIncident:84812,2,76399523115440089
ITIncident:84815,2,4970790503287525771
ITIncident:84818,2,16939438270069466527
ITIncident:84825,2,11308752845863847834
ITIncident:84837,2,1926495643901001019
ITIncident:84841,2,1282326616223350918
ITIncident:84844,2,4970790503287525771
ITIncident:84847,2,13648118712173299818
ITIncident:84854,2,5287267850151141123
ITIncident:84857,2,3742945607923053449
ITIncident:84867,2,5383169944734083538
ITIncident:84871,2,4030700427849807912
ITIncident:84879,2,1709907675873928270
ITIncident:84885,2,12917448423185057249
ITIncident:84888,2,8131532756761261295
ITIncident:84891,2,2802323676490830801
ITIncident:84902,2,957477434050326045
ITIncident:84907,2,11716395764647114288
ITIncident:84911,2,10541375047979518050
ITIncident:84914,2,6680034160740047843
ITIncident:84917,2,13793519998764738858
ITIncident:84923,2,15136669317647753364
ITIncident:84926,2,8006217188639152136
ITIncident:84931,2,3225637794214708451
ITIncident:84936,2,8858456061745519208
ITIncident:84939,2,4970790503287525771
ITIncident:84944,2,6807171300820833836
ITIncident:84948,2,18237167336691314005
ITIncident:84955,2,17009041100716158412
ITIncident:84967,2,3143987929418443350
ITIncident:84976,2,3588429840325675171
ITIncident:84979,2,14660483693613818780
ITIncident:84982,2,1762588527951697538
ITIncident:84986,2,11565857002230095984
ITIncident:84989,2,5651313983145445138
ITIncident:84992,2,6325782128206346200
ITIncident:85009,2,14780237168847359915
ITIncident:85012,2,13793519998764738858
ITIncident:85018,2,17293272607202080469
ITIncident:85029,2,18390646152413292768
ITIncident:85032,2,11112159838205760559
ITIncident:85048,2,6676232238144633858
ITIncident:85052,2,4799466932787607521
ITIncident:85059,2,9410504150360776054
ITIncident:85062,2,12111186344008580855
ITIncident:85071,2,11279690139089980018
ITIncident:85074,2,8454285023148334203
ITIncident:85077,2,14818660267643010709
ITIncident:85080,2,8454285023148334203
ITIncident:85087,2,9410504150360776054
ITIncident:85098,2,11020007412472889038
ITIncident:85101,2,5557518520729388078
ITIncident:85104,2,14631093842133845903
ITIncident:85112,2,15001558673293453954
ITIncident:85115,2,1634128744250102478
ITIncident:85117,2,1176976294099690726
ITIncident:85127,2,15957457351985671739
ITIncident:85132,2,17127532708382924127
ITIncident:85142,2,2016837811705329831
ITIncident:85145,2,2613007622536025887
ITIncident:85149,2,15949194340307995470
ITIncident:85167,2,18357376030041755069
ITIncident:85170,2,16939438270069466527
ITIncident:85172,2,695776321291291868
ITIncident:85175,2,18107018481663970584
ITIncident:85178,2,1634128744250102478
ITIncident:85182,2,12258528520711550296
ITIncident:85185,2,12111186344008580855
ITIncident:85192,2,15776277533941085234
ITIncident:85198,2,18104061598490044577
ITIncident:85205,2,2573507076255334803
ITIncident:85208,2,13907320440570291453
ITIncident:85219,2,8804308572660525258
ITIncident:85222,2,6680034160740047843
ITIncident:85227,2,6190725923783053607
ITIncident:85233,2,12644895724002751874
ITIncident:85241,2,10966007798520101037
ITIncident:85245,2,8444444667742439382
ITIncident:85249,2,18444405670801121617
ITIncident:85262,2,3281938046704054902
ITIncident:85265,2,4970790503287525771
ITIncident:85268,2,13907320440570291453
ITIncident:85271,2,17971478489420363471
ITIncident:85283,2,12050543635270423581
ITIncident:85285,2,5815271170955777638
ITIncident:85289,2,13551981714190515583
ITIncident:85291,2,17415543075242652528
ITIncident:85296,2,15759143333904707912
ITIncident:85300,2,9791610142393842232
ITIncident:85313,2,11793891919865651496
ITIncident:85317,2,4512186440549470292
ITIncident:85324,2,5021853465105620979
ITIncident:85326,2,1761484498738387395
ITIncident:85329,2,12111186344008580855
ITIncident:85337,2,9468964066604985136
ITIncident:85339,2,5408694821547344994
ITIncident:85342,2,18418577437909645239
ITIncident:85344,2,10089285196797867700
ITIncident:85355,2,13854849713977516807
ITIncident:85358,2,4970790503287525771
ITIncident:85363,2,739608970761134844
ITIncident:85366,2,8719217120074107553
ITIncident:85388,2,7992657721172669043
ITIncident:85394,0,4262077795382208906
ITIncident:85397,2,8454285023148334203
ITIncident:85401,2,4983984934907950738
ITIncident:85410,2,14041787423468349469
ITIncident:85414,2,7909534582276441620
ITIncident:85417,2,17813028259618158589
ITIncident:85422,0,17541908593980918173
ITIncident:85425,2,17912769813906024989
ITIncident:85433,2,4317691513392357664
ITIncident:85436,2,8019416891269177380
ITIncident:85443,2,3440845202855178618
ITIncident:85448,2,2848407572478318109
ITIncident:85456,2,10027963259131569461
ITIncident:85459,2,17688017576000355266
ITIncident:85462,2,9583086359917499962
ITIncident:85465,2,1634128744250102478
ITIncident:85468,2,3725694873416831845
ITIncident:85478,2,237082034355181003
ITIncident:85485,2,8863544752895526327
ITIncident:85492,2,10690671863504153642
ITIncident:85495,2,1818354946605286282
ITIncident:85501,2,17430971373840394536
ITIncident:85507,0,4262077795382208906
ITIncident:85516,2,15073098215820620136
ITIncident:85521,0,10343290184527995457
ITIncident:85523,2,1869904479513687889
ITIncident:85526,2,6256002585463015458
ITIncident:85529,2,10763673819567579330
ITIncident:85536,2,9468964066604985136
ITIncident:85540,2,11237246496591616833
ITIncident:85543,2,1191804746488571920
ITIncident:85548,2,5152727308071860708
ITIncident:85551,2,13907320440570291453
ITIncident:85557,2,11085064914749723288
ITIncident:85573,2,8979485970669226014
ITIncident:85578,2,17033163123420011876
ITIncident:85582,2,15555926087844909191
ITIncident:85585,2,4782898608022058204
ITIncident:85587,2,6352084089208529275
ITIncident:85592,2,9158475489618411307
ITIncident:85599,2,4557414282642405411
ITIncident:85606,2,4565329526090229356
ITIncident:85612,2,16760718499159908979
ITIncident:85626,2,1402203998045774869
ITIncident:85629,2,13793519998764738858
ITIncident:85634,2,6740230570603262713
ITIncident:85638,2,7113010359710511158
ITIncident:85642,2,8978490057166625748
ITIncident:85645,2,1634128744250102478
ITIncident:85652,2,271534974446561651
ITIncident:85669,2,12252581397014482382
ITIncident:85671,2,6193990277390163662
ITIncident:85675,2,690782248795354225
ITIncident:85678,2,1762588527951697538
ITIncident:85688,0,3335620492690103183
ITIncident:85690,2,10793563583709759966
ITIncident:85692,2,8159874193132449694
ITIncident:85697,2,11099189058687420380
ITIncident:85706,2,181891086199460934
ITIncident:85709,2,2113718247392916067
ITIncident:85713,2,6552022065971456422
ITIncident:85716,2,9242675170487418983
ITIncident:85722,2,5984244925077256043
ITIncident:85727,2,3173709360657115685
ITIncident:85731,2,1539020855946425487
ITIncident:85736,2,17688866284951315649
ITIncident:85738,2,6808670350822346822
ITIncident:85741,2,1396213510530255009
ITIncident:85745,2,16801081454882173806
ITIncident:85750,2,12619316583469281115
ITIncident:85753,2,8131532756761261295
ITIncident:85756,2,530711110409190105
ITIncident:85760,2,626054149525653186
ITIncident:85767,2,14787680372721747186
ITIncident:85770,2,13671702094733656956
ITIncident:85773,2,13793519998764738858
ITIncident:85780,2,5461557142848745402
ITIncident:85785,2,4550655923317994188
ITIncident:85788,2,5624739694388044078
ITIncident:85795,2,5461557142848745402
ITIncident:85798,2,8366561302696807707
ITIncident:85800,2,10793563583709759966
ITIncident:85803,2,4702282439829043377
ITIncident:85809,2,6586003509333854752
ITIncident:85816,2,5461557142848745402
ITIncident:85825,2,11965011693014638634
ITIncident:85827,2,15247542096022240057
ITIncident:85836,2,3012199386480743232
ITIncident:85844,2,3482626589011329434
ITIncident:85847,2,12111186344008580855
ITIncident:85849,2,12022448501677072652
ITIncident:85870,2,16138626758766784420
ITIncident:85872,2,1131015313228348119
ITIncident:85877,2,14783840396950663991
ITIncident:85886,2,14556798655229868118
ITIncident:85889,2,4825612855767557374
ITIncident:85905,2,15760261461650151763
ITIncident:85909,2,8399770798164138563
ITIncident:85918,2,4988482791809325637
ITIncident:85928,2,15719806825387213039
ITIncident:85935,2,5461557142848745402
ITIncident:85938,2,355664361605188036
ITIncident:85941,2,4970790503287525771
ITIncident:85950,2,15777053687549415416
ITIncident:85955,2,652135184587401546
ITIncident:85957,2,6352084089208529275
ITIncident:85966,2,12957294573171001362
ITIncident:85969,2,16795880539410443444
ITIncident:85973,2,18117812263516495178
ITIncident:85976,2,13793519998764738858
ITIncident:85978,2,3582881113766432677
ITIncident:85983,2,12285396861725142573
ITIncident:85998,2,7260284851878552097
ITIncident:86004,2,15553664542929443696
ITIncident:86007,2,13907320440570291453
ITIncident:86013,2,997609200507913865
ITIncident:86017,2,11003719899072267708
ITIncident:86034,2,1566794745194041188
ITIncident:86036,2,16342516627132782470
ITIncident:86043,2,16255265676858084245
ITIncident:86048,2,17157910845116444701
ITIncident:86051,2,15689559126921592650
ITIncident:86054,2,2941048360625129140
ITIncident:86062,0,6394950308901093761
ITIncident:86073,0,14938969368531464384
ITIncident:86078,2,2347142141035201593
ITIncident:86082,2,2365066574191275270
ITIncident:86086,2,8554978948031182203
ITIncident:86091,2,2474839105765857961
ITIncident:86094,2,7781703138731223572
ITIncident:86125,2,4243337840033058595
ITIncident:86128,2,12847637602087586750
ITIncident:86134,2,14798396836820519354
ITIncident:86136,2,1869904479513687889
ITIncident:86139,2,1171994691515212907
ITIncident:86142,2,13907320440570291453
ITIncident:86145,2,5590259930751394025
ITIncident:86148,1,17754606609018947961
ITIncident:86151,2,1396213510530255009
ITIncident:86168,2,11907707277304308739
ITIncident:86174,2,5331856270935054376
ITIncident:86177,2,15738967823535717785
ITIncident:86180,2,12948178909144579627
ITIncident:86183,2,13907320440570291453
ITIncident:86189,2,6551312519523973943
ITIncident:86192,2,18392442383670728427
ITIncident:86195,2,3953136569964579634
ITIncident:86203,2,5665208399182619899
ITIncident:86210,2,7491496813568735367
ITIncident:86215,2,2815067163397836466
ITIncident:86226,2,7997234594398929480
ITIncident:86232,2,8962775964781247413
ITIncident:86248,0,13118982628963357829
ITIncident:86264,0,13122189646443687440
ITIncident:86268,2,16557401659136396871
ITIncident:86273,2,10581534948911024232
ITIncident:86281,2,17848985178209865548
ITIncident:86286,2,5018865400110246757
ITIncident:86290,2,16606649391128803132
ITIncident:86293,2,9249293981459253177
ITIncident:86297,2,9135413056747539806
ITIncident:86309,0,3927374916288028792
ITIncident:86312,2,16963205882153557187
ITIncident:86317,2,12099549331129880262
ITIncident:86323,0,6128681066557554267
ITIncident:86327,2,3410192152884060783
ITIncident:86339,0,11091209338334436789
ITIncident:86342,2,6680034160740047843
ITIncident:86347,2,3607073558106570611
ITIncident:86353,2,5878818239668528472
ITIncident:86358,2,9739693581280062703
ITIncident:86361,2,17045635975568820297
ITIncident:86365,2,16679881971594561728
ITIncident:86370,2,5596898087911325799
ITIncident:86373,2,4970790503287525771
ITIncident:86377,1,326094551514189695
ITIncident:86386,2,5608936071336947677
ITIncident:86389,2,4500192143504590967
ITIncident:86392,2,11384798886519269463
ITIncident:86395,2,13671702094733656956
ITIncident:86401,2,5294361874718235658
ITIncident:86404,2,9037910228859503053
ITIncident:86408,2,11628169015520017486
ITIncident:86414,2,16351821919687978337
ITIncident:86459,2,16145956276226281166
ITIncident:86465,2,2059125955068765284
ITIncident:86472,2,2062100532399240519
ITIncident:86474,2,10538990098194470142
ITIncident:86479,2,9730403231087123424
ITIncident:86485,2,9949811555100917483
ITIncident:86491,2,1369026547820804832
ITIncident:86494,2,9249293981459253177
ITIncident:86497,2,2973466684765360446
ITIncident:86504,2,304939986835275283
ITIncident:86507,2,13241970243781809834
ITIncident:86511,2,2894310590756977997
ITIncident:86522,2,11614888142691062827
ITIncident:86525,2,11730717780618169319
ITIncident:86531,2,8247576471895926271
ITIncident:86534,2,4469701921650845453
ITIncident:86557,2,3949932603492466706
ITIncident:86561,2,326094551514189695
ITIncident:86564,2,2802323676490830801
ITIncident:86571,2,3250833296081089679
ITIncident:86578,2,11098624699612960272
ITIncident:86588,2,3855106597880970346
ITIncident:86590,2,10538990098194470142
ITIncident:86598,2,5109948307783523011
ITIncident:86602,0,10847197139113281310
ITIncident:86608,2,551768169316716816
ITIncident:86625,2,4288302871156231559
ITIncident:86635,2,2310389593725527613
ITIncident:86648,2,14635709492339245642
ITIncident:86659,2,18389233060175404531
ITIncident:86665,2,13042533880685930159
ITIncident:86668,2,8829269295981935606
ITIncident:86671,2,8111926516835181179
ITIncident:86675,2,9065151676691880199
ITIncident:86681,2,6227123863166082636
ITIncident:86686,2,15823412218347120441
ITIncident:86690,2,2675406883161095384
ITIncident:86695,1,9303117927352734996
ITIncident:86699,2,4351770126965230601
ITIncident:86703,2,16027357853915167216
ITIncident:86706,2,593714942879714827
ITIncident:86710,2,13325107506158479654
ITIncident:86713,2,13609440404668315939
ITIncident:86715,2,4715557627969985371
ITIncident:86723,2,16994284745573186277
ITIncident:86726,2,13220669687677444256
ITIncident:86729,2,6014149984344757861
ITIncident:86733,2,16036471582920779045
ITIncident:86737,2,13421627090817721436
ITIncident:86744,2,9241678306628550778
ITIncident:86747,2,6874461019933155441
ITIncident:86757,2,5455735326958344041
ITIncident:86768,2,4631361359936863948
ITIncident:86771,2,18107018481663970584
ITIncident:86774,2,14025041099395404746
ITIncident:86783,2,5770070839141905033
ITIncident:86785,2,1761484498738387395
ITIncident:86796,2,4574598078178390830
ITIncident:86803,2,15910113299029971643
ITIncident:86807,2,1464748305446602498
ITIncident:86818,2,1488733143267451464
ITIncident:86831,2,1126257370386959198
ITIncident:86842,2,4362390588792623575
ITIncident:86845,2,7669420379096096434
ITIncident:86849,2,10155599676665228703
ITIncident:86852,2,18049404389615743352
ITIncident:86856,2,10801840652809822375
ITIncident:86859,2,1325964994780363338
ITIncident:86865,2,8150695357495025973
ITIncident:86868,2,15885980840618922689
ITIncident:86872,2,7761411290123958630
ITIncident:86878,2,14575387174526282852
ITIncident:86885,2,16059859269423742989
ITIncident:86896,2,1589196144912650244
ITIncident:86899,2,17590905059210891419
ITIncident:86913,2,12461899859258838150
ITIncident:86916,2,13001658049629443542
ITIncident:86922,2,11410606267717583882
ITIncident:86925,2,3916164675892730486
ITIncident:86928,2,6680034160740047843
ITIncident:86930,2,1665151777706060968
ITIncident:86933,2,15738967823535717785
ITIncident:86936,1,2113718247392916067
ITIncident:86940,2,13209117725395586259
ITIncident:86945,2,817094723057191980
ITIncident:86948,2,4970790503287525771
ITIncident:86962,2,18411380430631547926
ITIncident:86965,2,13671702094733656956
ITIncident:86969,2,9272998470356989480
ITIncident:86973,2,3677004824801289396
ITIncident:86977,2,9797854002384365914
ITIncident:86980,2,3009916094264130021
ITIncident:86986,0,8356056259139302285
ITIncident:86989,2,17311650959361622285
ITIncident:86994,2,17713322457579884116
ITIncident:86997,2,15738967823535717785
ITIncident:87000,2,14210125891064902968
ITIncident:87007,2,13833176830632021628
ITIncident:87012,2,1911506193014698307
ITIncident:87018,0,14802260101005003246
ITIncident:87023,2,5750963162413338118
ITIncident:87027,2,13770801173782469596
ITIncident:87031,2,2894310590756977997
ITIncident:87040,2,1740845256224231604
ITIncident:87050,2,4517771875177128421
ITIncident:87055,2,13682739117782557157
ITIncident:87058,2,4351770126965230601
ITIncident:87062,2,15351972738071919078
ITIncident:87100,2,11910076614792823803
ITIncident:87108,2,4350658983697925961
ITIncident:87116,2,17825539309649248947
ITIncident:87121,2,14666374956443380766
ITIncident:87125,2,2800352227736392204
ITIncident:87132,2,3667913277377524047
ITIncident:87138,2,7029944635576722421
ITIncident:87141,2,6680034160740047843
ITIncident:87145,2,9649065181187233536
ITIncident:87147,2,2401947207640511393
ITIncident:87149,2,15841424403262014240
ITIncident:87152,2,10887410141626367439
ITIncident:87155,2,1925089860229344699
ITIncident:87160,2,14783840396950663991
ITIncident:87164,2,6414100717507262761
ITIncident:87167,1,11356264282771115754
ITIncident:87174,2,3278643004830239613
ITIncident:87178,2,17785827866768920926
ITIncident:87185,0,16459485131618945336
ITIncident:87187,2,15247542096022240057
ITIncident:87193,2,14109255288056762954
ITIncident:87196,2,9520187216430008378
ITIncident:87204,2,8711070936426611680
ITIncident:87206,2,1131015313228348119
ITIncident:87209,2,4970790503287525771
ITIncident:87223,2,14310857218290634964
ITIncident:87226,1,11356264282771115754
ITIncident:87230,2,8444444667742439382
ITIncident:87240,2,6354368309889153869
ITIncident:87243,2,13688267506177063077
ITIncident:87252,2,14038856917005511763
ITIncident:87256,2,7761411290123958630
ITIncident:87267,2,2874024705606657745
ITIncident:87276,2,8124466370387942104
ITIncident:87282,2,1715868102158760409
ITIncident:87288,2,13102656576063390668
ITIncident:87292,2,7761411290123958630
ITIncident:87298,0,17298197845657196529
ITIncident:87301,2,17265381605197421427
ITIncident:87308,2,12893328059274281
ITIncident:87313,1,2410217262427112082
ITIncident:87316,2,18107018481663970584
ITIncident:87325,2,11308390997357994952
ITIncident:87328,2,12847637602087586750
ITIncident:87335,2,16114780242949281446
ITIncident:87340,2,10354611812954491864
ITIncident:87343,2,4970790503287525771
ITIncident:87350,2,12078567450877821158
ITIncident:87355,2,17174121915536088946
ITIncident:87358,2,12847637602087586750
ITIncident:87363,2,13644568092074422537
ITIncident:87366,2,6052451010235511762
ITIncident:87380,2,9317820647831727218
ITIncident:87388,2,8875726043416975582
ITIncident:87395,2,3085497425082569106
ITIncident:87399,2,10354611812954491864
ITIncident:87402,2,4970790503287525771
ITIncident:87414,2,8220891278436505253
ITIncident:87418,2,5437564499897215700
ITIncident:87422,2,16606649391128803132
ITIncident:87424,2,13381772329686612318
ITIncident:87430,2,12268087768367908207
ITIncident:87433,2,5847458114820431739
ITIncident:87436,2,17220260018140327479
ITIncident:87440,2,2588462894049378223
ITIncident:87446,2,14584872723633164609
ITIncident:87449,2,17813028259618158589
ITIncident:87453,2,18117812263516495178
ITIncident:87457,2,17273410616885888127
ITIncident:87460,2,2941048360625129140
ITIncident:87472,0,9292929226617445133
ITIncident:87474,2,3968020277615795118
ITIncident:87479,2,18414027275308799206
ITIncident:87482,2,6680034160740047843
ITIncident:87485,2,17454288332298369319
ITIncident:87491,2,5566382437239940086
ITIncident:87518,2,14342505647259302378
ITIncident:87524,2,12659373185918648398
ITIncident:87529,2,8776719905594643836
ITIncident:87532,2,2737111266433934443
ITIncident:87535,2,5438272402798080473
ITIncident:87545,2,11733650661596482938
ITIncident:87548,2,14641167259959196762
ITIncident:87550,2,1761484498738387395
ITIncident:87553,2,16368648713697560603
ITIncident:87557,2,15953683947044734627
ITIncident:87575,2,11680450242721164693
ITIncident:87579,2,5409233045769798131
ITIncident:87586,2,17350943361240482587
ITIncident:87589,2,1905077090770408402
ITIncident:87603,2,7268963577955799329
ITIncident:87606,2,7773407190738691362
ITIncident:87610,2,4179570958333835610
ITIncident:87617,2,6999694611192836658
ITIncident:87620,2,6820608699945549682
ITIncident:87627,2,12268087768367908207
ITIncident:87635,2,12762239696607952344
ITIncident:87638,2,13921569370616702658
ITIncident:87641,2,17220260018140327479
ITIncident:87643,2,13095965331804872097
ITIncident:87645,2,3968020277615795118
ITIncident:87655,2,18070293618779400020
ITIncident:87662,2,16293534353975719338
ITIncident:87669,2,1204920770793611271
ITIncident:87676,2,12747608038214386524
ITIncident:87679,2,1634128744250102478
ITIncident:87681,2,928565737261567267
ITIncident:87690,2,11599499714433952732
ITIncident:87697,2,13778509271042773895
ITIncident:87700,2,13420479451902125817
ITIncident:87704,2,3474978363326064827
ITIncident:87710,2,11940601270094487746
ITIncident:87714,0,3228603029231270148
ITIncident:87719,2,2757562676801071850
ITIncident:87723,2,8444444667742439382
ITIncident:87727,2,13232323225179906717
ITIncident:87730,2,6680034160740047843
ITIncident:87740,2,6850659344428667145
ITIncident:87743,2,9249293981459253177
ITIncident:87746,2,5844521373693075049
ITIncident:87749,2,2802323676490830801
ITIncident:87752,2,8782072895973867874
ITIncident:87754,2,15093253565582880395
ITIncident:87759,2,624918047568972372
ITIncident:87764,2,10790299742832282811
ITIncident:87766,2,6808670350822346822
ITIncident:87770,2,319948530582239755
ITIncident:87778,2,8452269291800693745
ITIncident:87783,2,17855208701841400057
ITIncident:87785,2,3979794969151511725
ITIncident:87788,2,4970790503287525771
ITIncident:87791,2,12111186344008580855
ITIncident:87801,2,15595478207275478376
ITIncident:87803,2,15247542096022240057
ITIncident:87808,2,11628000325417675154
ITIncident:87814,2,11675018202868231317
ITIncident:87821,2,13942762727351743377
ITIncident:87826,2,14157069281684521039
ITIncident:87835,2,13903637410618614427
ITIncident:87837,2,9038666478526050904
ITIncident:87839,2,2932327838796483923
ITIncident:87842,2,4948565937945971902
ITIncident:87844,2,17061773909451450278
ITIncident:87847,2,3685604037501696338
ITIncident:87856,2,18294122349424169388
ITIncident:87859,2,15882190203386021231
ITIncident:87866,2,11925383993078132047
ITIncident:87869,2,4970790503287525771
ITIncident:87872,2,4825612855767557374
ITIncident:87875,2,4825612855767557374
ITIncident:87879,2,16801081454882173806
ITIncident:87883,2,14182267263131933060
ITIncident:87887,2,14667011604513858739
ITIncident:87890,2,4970790503287525771
ITIncident:87894,2,6691361897700787359
ITIncident:87896,2,1869904479513687889
ITIncident:87904,2,17639110794423948973
ITIncident:87906,2,15247542096022240057
ITIncident:87909,2,9249293981459253177
ITIncident:87919,2,8682815040186625323
ITIncident:87922,2,13691075893917495800
ITIncident:87925,2,10873996218300094586
ITIncident:87931,2,9548968616131872994
ITIncident:87934,2,13921569370616702658
ITIncident:87937,2,7430841012371807472
ITIncident:87940,2,13907320440570291453
ITIncident:87948,2,11773429074810767924
ITIncident:87950,2,15916072217261044658
ITIncident:87953,2,15738967823535717785
ITIncident:87956,2,12018567855880088393
ITIncident:87959,2,2579946075213837645
ITIncident:87962,2,1818354946605286282
ITIncident:87972,2,8592787987463028411
ITIncident:87975,2,15777731366497412576
ITIncident:87980,2,817094723057191980
ITIncident:87989,0,2921176487959260369
ITIncident:87994,2,5750963162413338118
ITIncident:87997,2,12111186344008580855
ITIncident:88002,2,11099189058687420380
ITIncident:88007,2,11409381407496285209
ITIncident:88014,2,14313593046899404201
ITIncident:88018,2,8199671561439385106
ITIncident:88021,2,17623255578832961462
ITIncident:88025,2,11854791287024515369
ITIncident:88035,2,1645993535314973732
ITIncident:88038,2,13048222445483466062
ITIncident:88041,2,1634128744250102478
ITIncident:88051,2,14312256965415362672
ITIncident:88058,0,209086755359035949
ITIncident:88072,2,612243001657659686
ITIncident:88075,2,13907320440570291453
ITIncident:88078,2,13907320440570291453
ITIncident:88088,0,8295373497698054241
ITIncident:88095,2,6733807894141408776
ITIncident:88101,2,10480051094220973737
ITIncident:88104,2,8597604892091937575
ITIncident:88107,2,12599396082109185434
ITIncident:88110,2,8366561302696807707
ITIncident:88119,2,17945013322492850617
ITIncident:88122,2,5424838402845465494
ITIncident:88131,0,719992752171756386
ITIncident:88145,2,17466891417043636244
ITIncident:88154,0,10814438245662737301
ITIncident:88160,2,4242122636866396821
ITIncident:88170,0,4472107161838100157
ITIncident:88173,2,12018567855880088393
ITIncident:88183,2,1161891921998404253
ITIncident:88189,0,7134360605554985329
ITIncident:88202,2,17188118686202035060
ITIncident:88217,2,16239320754918311248
ITIncident:88220,2,1818354946605286282
ITIncident:88233,2,13248942425616156791
ITIncident:88238,2,11284500779395600410
ITIncident:88241,2,16609947496062565597
ITIncident:88244,2,327122009902009978
ITIncident:88247,2,10790560368693134722
ITIncident:88261,2,16275599287071172308
ITIncident:88264,2,13671702094733656956
ITIncident:88267,2,18107018481663970584
ITIncident:88272,2,14236537807233209691
ITIncident:88283,1,5401209262502065442
ITIncident:88286,2,9249293981459253177
ITIncident:88290,2,7065704417904266483
ITIncident:88293,2,5937740810379896315
ITIncident:88297,2,421679701633615330
ITIncident:88306,2,6904456935553647624
ITIncident:88309,2,10790560368693134722
ITIncident:88315,0,15695418175031809783
ITIncident:88318,2,6756736746373403974
ITIncident:88322,2,7764214386395421892
ITIncident:88326,2,4899570340966537618
ITIncident:88329,2,3110909873064524045
ITIncident:88333,2,7806830186167695665
ITIncident:88341,2,8026254701107392876
ITIncident:88345,2,1773732188251141247
ITIncident:88351,1,8360234327262967920
ITIncident:88356,2,16793110913202417684
ITIncident:88360,2,6676452146968979380
ITIncident:88364,2,18164479357512012533
ITIncident:88368,2,16994180133269328621
ITIncident:88371,2,1893937920740485557
ITIncident:88374,2,11809158827808975202
ITIncident:88378,2,1734152436469721487
ITIncident:88382,2,11736811556474757168
ITIncident:88386,2,14987265359159874652
ITIncident:88392,2,4505943562172872448
ITIncident:88402,2,16706684151448052907
ITIncident:88406,2,3474978363326064827
ITIncident:88409,2,1818354946605286282
ITIncident:88412,2,4825612855767557374
ITIncident:88416,2,12638231868398213677
ITIncident:88424,2,10286613745994672131
ITIncident:88434,2,15486894464248617340
ITIncident:88441,2,6391434118515865522
ITIncident:88444,2,593301587177603253
ITIncident:88447,2,9249293981459253177
ITIncident:88451,2,4026664395675299165
ITIncident:88457,0,16265023773633327830
ITIncident:88460,2,13793519998764738858
ITIncident:88464,2,13667991811968429103
ITIncident:88467,2,16479043657205106744
ITIncident:88470,2,1818354946605286282
ITIncident:88473,2,12750753737349537572
ITIncident:88479,2,10711927870900448631
ITIncident:88483,2,8978490057166625748
ITIncident:88489,2,5566382437239940086
ITIncident:88492,2,17688017576000355266
ITIncident:88496,2,16342854297218084063
ITIncident:88500,2,16514677336439387023
ITIncident:88509,2,15295744118131419206
ITIncident:88513,2,9402077343498827114
ITIncident:88517,2,5005400229298117889
ITIncident:88526,2,9446507105917133337
ITIncident:88530,2,13281265782583787445
ITIncident:88533,2,15740620611146833109
ITIncident:88547,2,8456615020639689370
ITIncident:88553,1,18314825607608938950
ITIncident:88558,2,7650995676022142440
ITIncident:88561,2,10599585892899526161
ITIncident:88570,2,5339253883502977517
ITIncident:88574,2,8336366898017464109
ITIncident:88577,2,5977487057568919596
ITIncident:88585,2,8235561481370810500
ITIncident:88588,2,3793695619177116480
ITIncident:88591,2,13671702094733656956
ITIncident:88598,2,17407305945602950992
ITIncident:88603,2,5140911076894261243
ITIncident:88608,2,1656260605514282893
ITIncident:88613,2,15774575229348880923
ITIncident:88617,1,11736811556474757168
ITIncident:88621,2,12347042126469482457
ITIncident:88624,2,1992001551874341233
ITIncident:88630,2,16171782296268326009
ITIncident:88635,2,150380255085669058
ITIncident:88638,2,17468014358790677715
ITIncident:88642,0,5943207259200975100
ITIncident:88655,2,11880225135309657662
ITIncident:88663,2,5821682274796812479
ITIncident:88666,2,2613007622536025887
ITIncident:88669,2,9583086359917499962
ITIncident:88672,2,18310603342461320124
ITIncident:88677,1,787009086435371462
ITIncident:88680,2,2189978950855397108
ITIncident:88684,2,7058617945804263839
ITIncident:88687,2,1890911923497018810
ITIncident:88691,2,7635322596484824526
ITIncident:88695,2,388339861631299502
ITIncident:88698,2,4481680696195983537
ITIncident:88701,2,17688017576000355266
ITIncident:88705,2,13609440404668315939
ITIncident:88708,2,5651313983145445138
ITIncident:88711,2,4171427816487606462
ITIncident:88718,2,7168047625958743504
ITIncident:88730,2,12652570794072210362
ITIncident:88735,2,5809145978684984584
ITIncident:88738,2,4481680696195983537
ITIncident:88742,2,15953683947044734627
ITIncident:88746,2,16409402124039360568
ITIncident:88749,2,17894038244196264426
ITIncident:88752,2,3416632957455039849
ITIncident:88755,2,15943301224350947915
ITIncident:88760,2,11731983942662162317
ITIncident:88765,2,4397285496367223852
ITIncident:88769,2,7973122014788862846
ITIncident:88776,2,459613892287104264
ITIncident:88783,2,15478491438703588021
ITIncident:88792,2,11039466908141648238
ITIncident:88795,2,1818354946605286282
ITIncident:88798,2,12378217799392737981
ITIncident:88806,2,6965707572983141482
ITIncident:88812,2,5516244238167618684
ITIncident:88817,2,2453248838565676730
ITIncident:88820,2,6066614767248644552
ITIncident:88823,2,13420479451902125817
ITIncident:88828,2,4505434081997884123
ITIncident:88835,2,1118837105044850141
ITIncident:88838,2,15943301224350947915
ITIncident:88845,2,3497788521658791540
ITIncident:88851,2,11984420548851444780
ITIncident:88856,2,12584058113911178926
ITIncident:88859,2,4970790503287525771
ITIncident:88862,2,9422329143060568642
ITIncident:88865,2,8454285023148334203
ITIncident:88872,2,2063244345905908927
ITIncident:88876,2,326094551514189695
ITIncident:88879,2,14602748128945665084
ITIncident:88883,2,818831147119926450
ITIncident:88887,2,10669038668885292770
ITIncident:88890,2,12716694325531414293
ITIncident:88893,2,1762588527951697538
ITIncident:88897,2,9980175338525410370
ITIncident:88911,1,519773849664199642
ITIncident:88914,2,10120089365515377288
ITIncident:88916,2,5611296811108556061
ITIncident:88923,2,9224235540626278875
ITIncident:88926,2,18264870537392770550
ITIncident:88930,2,2347142141035201593
ITIncident:88934,2,18323978925470257696
ITIncident:88945,2,8916579084374182086
ITIncident:88951,2,11502802011935169462
ITIncident:88954,2,13671702094733656956
ITIncident:88957,2,12980085256142142062
ITIncident:88962,2,7400306131274610090
ITIncident:88966,2,11336464888189203535
ITIncident:88971,2,9221336856256510820
ITIncident:88974,2,6325782128206346200
ITIncident:88979,2,17676264387905967872
ITIncident:88992,2,9166170826751352919
ITIncident:88995,2,16194167498340187714
ITIncident:88998,2,12847637602087586750
ITIncident:89001,2,18107018481663970584
ITIncident:89004,2,5847458114820431739
ITIncident:89011,2,12291522587678065534
ITIncident:89014,2,4970790503287525771
ITIncident:89019,0,7138203201744660696
ITIncident:89022,2,4970790503287525771
ITIncident:89025,2,4970790503287525771
ITIncident:89028,2,17110878646077916637
ITIncident:89034,0,989875212056330493
ITIncident:89042,2,18090035065792672112
ITIncident:89045,2,7905480602934059517
ITIncident:89048,2,4970790503287525771
ITIncident:89058,2,15803451174899737932
ITIncident:89061,2,12847637602087586750
ITIncident:89064,2,17923149777136964216
ITIncident:89070,2,18156232772377619885
ITIncident:89074,2,2894310590756977997
ITIncident:89078,0,16459144903063974969
ITIncident:89082,2,5969682277216707876
ITIncident:89092,0,17524333961833978147
ITIncident:89094,2,10793563583709759966
ITIncident:89099,0,16417460022541766901
ITIncident:89105,2,18156232772377619885
ITIncident:89110,2,16417460022541766901
ITIncident:89116,0,18156232772377619885
ITIncident:89129,2,8164609202075508721
ITIncident:89137,0,6220270275986152756
ITIncident:89150,0,15284432298750904416
ITIncident:89153,2,9045237475565953104
ITIncident:89161,0,6220270275986152756
ITIncident:89172,0,12779922485727509979
ITIncident:89177,2,2440921092315272663
ITIncident:89183,2,18156232772377619885
ITIncident:89187,2,9623297858861626737
ITIncident:89189,2,7099382653132445681
ITIncident:89195,0,4262077795382208906
ITIncident:89201,2,4262077795382208906
ITIncident:89206,0,16417460022541766901
ITIncident:89215,0,1372490818134291184
ITIncident:89219,2,9286171449710188942
ITIncident:89225,0,4262077795382208906
ITIncident:89231,0,18156232772377619885
ITIncident:89243,2,17986790318392096815
ITIncident:89251,0,8109112176373028696
ITIncident:89255,2,15908715208953261665
ITIncident:89261,0,4262077795382208906
ITIncident:89267,0,4262077795382208906
ITIncident:89274,2,5470125822699292700
ITIncident:89280,0,4262077795382208906
ITIncident:89284,2,8770761436709043813
ITIncident:89290,0,4262077795382208906
ITIncident:89298,0,15791541970009750940
ITIncident:89302,2,2433338180318873065
ITIncident:89306,2,16459144903063974969
ITIncident:89309,2,13907320440570291453
ITIncident:89312,2,9249293981459253177
ITIncident:89317,0,16417460022541766901
ITIncident:89328,0,7022330061486904671
ITIncident:89334,0,18156232772377619885
ITIncident:89337,2,12980085256142142062
ITIncident:89340,2,1104320133438169961
ITIncident:89352,2,9988692122845656997
ITIncident:89356,0,16459144903063974969
ITIncident:89361,2,11588032684449417704
ITIncident:89365,0,16459144903063974969
ITIncident:89370,0,16417460022541766901
ITIncident:89378,2,8816345301622180059
ITIncident:89381,2,13921569370616702658
ITIncident:89384,2,1818354946605286282
ITIncident:89391,2,10070655071259244426
ITIncident:89398,2,14314046277301789504
ITIncident:89403,0,16417460022541766901
ITIncident:89408,0,16417460022541766901
ITIncident:89412,2,6337610064209743023
ITIncident:89416,2,2635731470110100995
ITIncident:89424,2,13912127326693304419
ITIncident:89428,2,8826522761838406010
ITIncident:89431,2,8006217188639152136
ITIncident:89435,2,17960089065461355709
ITIncident:89439,2,9194295307956142382
ITIncident:89443,2,9194295307956142382
ITIncident:89446,2,1818354946605286282
ITIncident:89450,2,5114370364415396214
ITIncident:89463,0,16748213938556410529
ITIncident:89466,2,12750753737349537572
ITIncident:89471,2,16599224570427186588
ITIncident:89474,2,8412505904353268348
ITIncident:89481,2,4014483466902277474
ITIncident:89484,2,5424838402845465494
ITIncident:89487,2,5424838402845465494
ITIncident:89489,2,1049341694760954916
ITIncident:89492,2,10763673819567579330
ITIncident:89494,2,12196040619797559760
ITIncident:89498,2,10248331739893109375
ITIncident:89501,2,2908890214699636237
ITIncident:89505,2,1818094606738797684
ITIncident:89513,2,11816972636290520652
ITIncident:89528,2,11223858482063853387
ITIncident:89531,2,16735001705197551148
ITIncident:89534,2,4970790503287525771
ITIncident:89541,2,1296847791138072653
ITIncident:89544,2,7067353087296876194
ITIncident:89547,2,13793519998764738858
ITIncident:89552,2,2572567530071281329
ITIncident:89555,2,5143116363498995784
ITIncident:89558,0,10788685724359207174
ITIncident:89562,2,14665049515422648391
ITIncident:89569,2,7191736296632848574
ITIncident:89573,2,9194295307956142382
ITIncident:89576,2,13112223909631859409
ITIncident:89579,2,5143116363498995784
ITIncident:89583,2,12091921840132568648
ITIncident:89586,0,10788685724359207174
ITIncident:89590,2,11229358484820051470
ITIncident:89595,2,15088802262845489402
ITIncident:89598,0,10788685724359207174
ITIncident:89600,2,14595129147341132965
ITIncident:89604,0,11307334315450160860
ITIncident:89607,2,9249293981459253177
ITIncident:89611,0,11307334315450160860
ITIncident:89615,0,11307334315450160860
ITIncident:89622,2,12259941255970975731
ITIncident:89627,2,15370136043358638538
ITIncident:89634,2,2775109758144300098
ITIncident:89637,2,7905480602934059517
ITIncident:89640,2,5143116363498995784
ITIncident:89652,2,8587446246734260388
ITIncident:89662,2,4569211879010339307
ITIncident:89669,2,126089810989249497
ITIncident:89671,2,3979794969151511725
ITIncident:89682,2,4574598078178390830
ITIncident:89692,2,8813170173371239698
ITIncident:89702,2,14862694423247593118
ITIncident:89713,2,9437884304278260914
ITIncident:89724,2,9437884304278260914
ITIncident:89726,2,7566663966577990717
ITIncident:89735,2,4718332728772999519
ITIncident:89738,2,15060641615505296889
ITIncident:89741,2,5143116363498995784
ITIncident:89744,2,4948565937945971902
ITIncident:89747,2,5143116363498995784
ITIncident:89750,2,9249293981459253177
ITIncident:89755,2,13186996114508785312
ITIncident:89762,2,786816787776944928
ITIncident:89766,2,9194295307956142382
ITIncident:89770,2,4026664395675299165
ITIncident:89772,2,14038830055728369035
ITIncident:89777,2,15524949141717817789
ITIncident:89784,0,3051666254202613694
ITIncident:89787,2,8307270555375435620
ITIncident:89793,2,17479790958114218295
ITIncident:89799,2,4398624117720194409
ITIncident:89803,2,9948253267804737714
ITIncident:89808,2,15524949141717817789
ITIncident:89811,2,3162664462850518288
ITIncident:89815,0,13811068761844800020
ITIncident:89818,2,6680034160740047843
ITIncident:89825,2,12349130004489222048
ITIncident:89827,2,5408694821547344994
ITIncident:89836,2,7986322987275017256
ITIncident:89840,0,11307334315450160860
ITIncident:89844,0,11307334315450160860
ITIncident:89850,2,14143707377389912834
ITIncident:89854,2,11307334315450160860
ITIncident:89862,2,7616019146503843510
ITIncident:89866,0,11307334315450160860
ITIncident:89869,2,12111186344008580855
ITIncident:89873,2,11307334315450160860
ITIncident:89877,0,11307334315450160860
ITIncident:89881,0,11307334315450160860
ITIncident:89889,2,10270166747683889101
ITIncident:89893,0,11307334315450160860
ITIncident:89899,2,2644208541853491597
ITIncident:89902,2,12111186344008580855
ITIncident:89906,0,11307334315450160860
ITIncident:89912,2,1591063624978297694
ITIncident:89915,2,5995037813238371594
ITIncident:89919,0,11307334315450160860
ITIncident:89923,2,1712146773121676225
ITIncident:89927,0,11307334315450160860
ITIncident:89931,2,11307334315450160860
ITIncident:89934,2,1634128744250102478
ITIncident:89940,2,9757395725344315183
ITIncident:89944,0,11307334315450160860
ITIncident:89948,2,326094551514189695
ITIncident:89952,0,11307334315450160860
ITIncident:89955,2,14626591846677280066
ITIncident:89959,2,11307334315450160860
ITIncident:89963,0,11307334315450160860
ITIncident:89970,2,8421701252917642055
ITIncident:89974,2,11307334315450160860
ITIncident:89978,2,11307334315450160860
ITIncident:89982,0,11307334315450160860
ITIncident:89988,2,16788245455664051780
ITIncident:89992,0,11307334315450160860
ITIncident:89996,0,13186996114508785312
ITIncident:90000,0,13186996114508785312
ITIncident:90004,0,13186996114508785312
ITIncident:90013,2,14058054447901807286
ITIncident:90016,2,13793519998764738858
ITIncident:90020,0,13186996114508785312
ITIncident:90026,2,3983618749113092818
ITIncident:90030,0,13186996114508785312
ITIncident:90034,0,11307334315450160860
ITIncident:90038,2,11307334315450160860
ITIncident:90042,0,11307334315450160860
ITIncident:90046,2,2661056964871142202
ITIncident:90050,2,11307334315450160860
ITIncident:90054,0,11307334315450160860
ITIncident:90058,0,11307334315450160860
ITIncident:90062,0,11307334315450160860
ITIncident:90074,2,6830930794557316911
ITIncident:90078,0,11307334315450160860
ITIncident:90081,2,12847637602087586750
ITIncident:90085,2,11307334315450160860
ITIncident:90088,2,1634128744250102478
ITIncident:90092,0,11307334315450160860
ITIncident:90097,2,4432224622836213037
ITIncident:90101,2,6506563478698856034
ITIncident:90107,2,1487909338305509419
ITIncident:90110,2,13671702094733656956
ITIncident:90115,2,63457780282759535
ITIncident:90124,2,13121692269309441853
ITIncident:90128,2,13102010287337148415
ITIncident:90133,2,13863195799281817459
ITIncident:90135,2,16289477867812269351
ITIncident:90137,2,16289477867812269351
ITIncident:90143,2,4809548595589793535
ITIncident:90155,2,4524959695215166400
ITIncident:90163,2,5780615837749707265
ITIncident:90166,2,12111186344008580855
ITIncident:90170,2,10979514572418948105
ITIncident:90175,2,10179541110355462361
ITIncident:90186,2,9586931467035962983
ITIncident:90190,2,10979514572418948105
ITIncident:90198,2,14058948128309710004
ITIncident:90202,2,17899666582452166928
ITIncident:90212,2,13339342789872582775
ITIncident:90214,2,5415116056967740440
ITIncident:90217,2,7822235419515321074
ITIncident:90220,2,16722913326170480828
ITIncident:90224,2,10979514572418948105
ITIncident:90227,2,16256473841912636416
ITIncident:90231,2,17899666582452166928
ITIncident:90235,2,8571191242874065228
ITIncident:90239,2,17899666582452166928
ITIncident:90245,2,8119783747020897426
ITIncident:90248,2,1391816598293042819
ITIncident:90253,2,14523975415250164733
ITIncident:90257,2,10979514572418948105
ITIncident:90261,2,645236407123116199
ITIncident:90264,2,2941048360625129140
ITIncident:90267,2,1634128744250102478
ITIncident:90270,2,15777731366497412576
ITIncident:90273,2,3953136569964579634
ITIncident:90276,2,9086944500737847843
ITIncident:90280,2,17421556207761359858
ITIncident:90285,2,6729114898401288377
ITIncident:90288,2,10252986347346636940
ITIncident:90296,0,3420719923806014353
ITIncident:90298,2,13729575333001681167
ITIncident:90302,0,16254249392165212153
ITIncident:90305,0,10060605934418907365
ITIncident:90310,1,16003198916242044111
ITIncident:90325,0,10193777325556188662
ITIncident:90334,2,433095222889286065
ITIncident:90339,2,17073025162432767458
ITIncident:90351,2,1287261763499551413
ITIncident:90353,2,17618370855241152141
ITIncident:90355,2,13729575333001681167
ITIncident:90358,2,4014579055331153493
ITIncident:90364,2,17876534421026514574
ITIncident:90369,2,10834181215767392282
ITIncident:90372,2,11211359638260120432
ITIncident:90376,2,16051787909657034661
ITIncident:90379,2,4970790503287525771
ITIncident:90384,2,5538521069892927665
ITIncident:90391,2,16910256764187650912
ITIncident:90394,2,14890743884191540163
ITIncident:90397,2,3525536084375236026
ITIncident:90399,2,10793563583709759966
ITIncident:90403,2,8365757968291152330
ITIncident:90406,2,4970790503287525771
ITIncident:90411,2,9313841062066885313
ITIncident:90414,0,1056701975877029574
ITIncident:90417,2,9821911457087246503
ITIncident:90420,2,5424838402845465494
ITIncident:90426,2,9714797915062556144
ITIncident:90428,2,15247542096022240057
ITIncident:90432,2,10851547283267402207
ITIncident:90435,2,3508361976390710500
ITIncident:90439,2,12401961825694715370
ITIncident:90442,2,12111186344008580855
ITIncident:90445,2,12562845948800519212
ITIncident:90448,2,4970790503287525771
ITIncident:90452,2,3410328164240828412
ITIncident:90457,2,6506563478698856034
ITIncident:90462,2,2854904505852170287
ITIncident:90465,2,12980085256142142062
ITIncident:90468,2,8454285023148334203
ITIncident:90473,2,9379568583624334389
ITIncident:90481,2,5520900745771143369
ITIncident:90485,2,15027561770725814528
ITIncident:90488,2,2941048360625129140
ITIncident:90491,2,2017813556866439454
ITIncident:90495,2,1067091021443369198
ITIncident:90497,2,7099382653132445681
ITIncident:90501,2,1067091021443369198
ITIncident:90505,2,13003888781435704320
ITIncident:90514,2,560681005434291254
ITIncident:90525,2,9478504726742921375
ITIncident:90529,2,5820648368005878700
ITIncident:90535,2,1739073586860087473
ITIncident:90538,2,17923149777136964216
ITIncident:90543,2,6022047822726332720
ITIncident:90550,2,18107997857396037537
ITIncident:90559,2,8067813370461392810
ITIncident:90568,2,4483464870126196241
ITIncident:90573,2,2499596772996421772
ITIncident:90578,2,11948344660138769177
ITIncident:90581,2,13671702094733656956
ITIncident:90603,2,6474730377331448981
ITIncident:90606,2,715318864010695106
ITIncident:90616,2,14951681337742113559
ITIncident:90625,2,1311077001793657647
ITIncident:90628,2,715318864010695106
ITIncident:90631,2,3081479852638945825
ITIncident:90635,2,2894310590756977997
ITIncident:90643,2,3127555014584954404
ITIncident:90646,2,11818985130286401326
ITIncident:90649,2,5236102999490034585
ITIncident:90655,2,17026205365609561528
ITIncident:90658,2,15740620611146833109
ITIncident:90664,2,13123599849504870223
ITIncident:90667,2,5236102999490034585
ITIncident:90671,1,15334830064971307185
ITIncident:90676,2,5560353657935949923
ITIncident:90679,2,9594966738463001910
ITIncident:90683,2,1609990673650143440
ITIncident:90686,2,15874804637332485481
ITIncident:90690,2,13976275400419481120
ITIncident:90700,2,13805528881414406155
ITIncident:90703,2,2709757731775230250
ITIncident:90706,2,13886789140316092841
ITIncident:90709,2,1959587828940065449
ITIncident:90716,2,6712430181563152779
ITIncident:90719,2,6053363521673595064
ITIncident:90722,2,16456718225175257613
ITIncident:90725,2,4433506888135093228
ITIncident:90729,2,3496338186111970553
ITIncident:90737,2,11703883374239338620
ITIncident:90742,2,14954078993356997043
ITIncident:90745,2,5014921244532561391
ITIncident:90747,2,3071603134836118595
ITIncident:90750,2,3375472449531095204
ITIncident:90758,2,14444389962868481724
ITIncident:90762,2,14359540097236467063
ITIncident:90764,2,1717042000845641429
ITIncident:90768,2,18095227575379667960
ITIncident:90772,2,4285988526309901795
ITIncident:90774,2,15479189734091362251
ITIncident:90782,2,14444389962868481724
ITIncident:90785,2,18310603342461320124
ITIncident:90788,2,13907320440570291453
ITIncident:90802,2,18382724210010847144
ITIncident:90810,2,1048978347933518805
ITIncident:90819,2,2827599804606548448
ITIncident:90822,2,6810109501839317706
ITIncident:90828,2,15635057627873050703
ITIncident:90832,2,11755840565021587868
ITIncident:90835,2,16479043657205106744
ITIncident:90843,2,5698810896963826987
ITIncident:90846,2,9951332897423271709
ITIncident:90849,2,8875829347771933171
ITIncident:90852,2,18310603342461320124
ITIncident:90857,2,12573401278176206492
ITIncident:90860,2,14784134479820324535
ITIncident:90868,2,4053813040058930204
ITIncident:90884,2,8214151704261532071
ITIncident:90888,2,6018279725168209949
ITIncident:90892,2,16735759784568085240
ITIncident:90897,2,9908040046670234535
ITIncident:90902,2,7845631903722794258
ITIncident:90907,2,6259278844934681182
ITIncident:90916,2,3141320901982285752
ITIncident:90920,2,9865378240176074422
ITIncident:90930,2,4132922332505106654
ITIncident:90934,2,4760166727132424963
ITIncident:90945,2,7501465683646471197
ITIncident:90951,2,15993612118140294613
ITIncident:90958,2,1639775872951315157
ITIncident:90963,2,16690308185875919070
ITIncident:90966,2,10424834321528892736
ITIncident:90970,2,8001082118417738300
ITIncident:90973,2,13907320440570291453
ITIncident:90979,2,11084605439585999064
ITIncident:90985,2,10445882220913976965
ITIncident:90989,2,12026409405326793568
ITIncident:91003,2,14437122008136582921
ITIncident:91007,2,5327376859706822415
ITIncident:91012,2,17852983596524721563
ITIncident:91017,2,3849788209853128802
ITIncident:91023,0,7276721272100733369
ITIncident:91026,2,6317243395505279942
ITIncident:91030,2,2514171300968242822
ITIncident:91045,0,16499327148645218075
ITIncident:91053,0,14271966269844189701
ITIncident:91058,0,7689778583372303940
ITIncident:91063,2,9981895168267622064
ITIncident:91066,2,10294562190873352481
ITIncident:91070,0,17421556207761359858
ITIncident:91074,2,17421556207761359858
ITIncident:91077,2,5651313983145445138
ITIncident:91083,2,11198562779480181745
ITIncident:91087,2,3736011528939101059
ITIncident:91090,2,5651313983145445138
ITIncident:91094,2,9797854002384365914
ITIncident:91097,2,8019416891269177380
ITIncident:91099,2,10927789776271377249
ITIncident:91103,2,2800352227736392204
ITIncident:91108,2,1349571755897795715
ITIncident:91112,2,2800352227736392204
ITIncident:91116,2,3432479445774463682
ITIncident:91120,2,964981882824963632
ITIncident:91125,2,16099682785652369454
ITIncident:91129,2,7761411290123958630
ITIncident:91145,0,3765517049165948215
ITIncident:91151,2,18273734946908192022
ITIncident:91154,2,13381206755915008328
ITIncident:91158,2,2514171300968242822
ITIncident:91162,2,6858785698710803215
ITIncident:91168,2,2623747169239899201
ITIncident:91176,2,10869246253403276375
ITIncident:91185,2,11297439677268279553
ITIncident:91188,2,9249293981459253177
ITIncident:91190,2,11859186153032159539
ITIncident:91195,2,17347522896155613266
ITIncident:91197,2,5815271170955777638
ITIncident:91200,2,5424838402845465494
ITIncident:91204,2,13609440404668315939
ITIncident:91207,2,17280627373704885130
ITIncident:91210,2,12111186344008580855
ITIncident:91219,2,11816972636290520652
ITIncident:91221,2,10538990098194470142
ITIncident:91225,2,14365599095124116240
ITIncident:91230,2,7087018333477742519
ITIncident:91233,2,10790560368693134722
ITIncident:91235,2,11859186153032159539
ITIncident:91238,2,16722913326170480828
ITIncident:91243,2,11961829968975750677
ITIncident:91246,2,944323593760704747
ITIncident:91257,2,7344131785073585556
ITIncident:91259,2,9038666478526050904
ITIncident:91267,2,12735840601712194149
ITIncident:91279,2,6027588770338157091
ITIncident:91281,2,14581770561565022074
ITIncident:91284,2,9037910228859503053
ITIncident:91291,0,17153292796190916899
ITIncident:91300,2,10024417548100928058
ITIncident:91304,2,7764214386395421892
ITIncident:91313,2,2434153823396345331
ITIncident:91316,1,7905480602934059517
ITIncident:91319,2,18107018481663970584
ITIncident:91322,2,12829907519845069883
ITIncident:91326,2,10327267509256612851
ITIncident:91331,2,10581534948911024232
ITIncident:91334,2,13671702094733656956
ITIncident:91348,2,17937927853790362055
ITIncident:91352,2,9414525418844736194
ITIncident:91361,2,1248836656308758395
ITIncident:91367,2,10681919743902499674
ITIncident:91370,2,2051388141417990581
ITIncident:91373,2,13671702094733656956
ITIncident:91376,2,12980085256142142062
ITIncident:91381,2,813789804035808666
ITIncident:91385,2,2800352227736392204
ITIncident:91392,2,7005004988576233135
ITIncident:91397,2,17676264387905967872
ITIncident:91406,2,14190070029522020770
ITIncident:91408,2,5635692667610745863
ITIncident:91411,2,17923149777136964216
ITIncident:91413,2,1131015313228348119
ITIncident:91418,2,6324354889658949731
ITIncident:91421,2,5651313983145445138
ITIncident:91425,2,6528039389724651638
ITIncident:91428,2,12566513415925253793
ITIncident:91431,2,12566513415925253793
ITIncident:91434,2,12566513415925253793
ITIncident:91437,2,12566513415925253793
ITIncident:91440,2,12566513415925253793
ITIncident:91444,2,6321544764264488443
ITIncident:91447,2,12566513415925253793
ITIncident:91450,1,3081479852638945825
ITIncident:91453,2,14690862616760277236
ITIncident:91456,2,1818354946605286282
ITIncident:91459,2,12566513415925253793
ITIncident:91462,2,12566513415925253793
ITIncident:91465,2,6463408154983793972
ITIncident:91471,2,8454069188104035393
ITIncident:91474,2,12566513415925253793
ITIncident:91477,2,1396213510530255009
ITIncident:91481,2,2542403234945642973
ITIncident:91484,2,12566513415925253793
ITIncident:91489,2,2908729329172455617
ITIncident:91498,2,4366578397304981603
ITIncident:91502,2,7764214386395421892
ITIncident:91505,2,13688267506177063077
ITIncident:91508,2,2941048360625129140
ITIncident:91511,2,13671702094733656956
ITIncident:91514,2,2941048360625129140
ITIncident:91517,2,6441647126440916815
ITIncident:91520,2,6325782128206346200
ITIncident:91526,2,1226317912581845537
ITIncident:91529,2,9249293981459253177
ITIncident:91537,0,16390472635302186929
ITIncident:91540,2,15738967823535717785
ITIncident:91543,2,16609947496062565597
ITIncident:91546,2,6680034160740047843
ITIncident:91549,2,12750753737349537572
ITIncident:91553,2,1825295108551632711
ITIncident:91557,2,9209272897014261307
ITIncident:91560,2,10599585892899526161
ITIncident:91563,2,6680034160740047843
ITIncident:91566,2,18310603342461320124
ITIncident:91572,2,12262089813255022352
ITIncident:91578,2,1090939391412300811
ITIncident:91586,2,2897135661799433769
ITIncident:91589,2,12111186344008580855
ITIncident:91592,2,16479043657205106744
ITIncident:91596,2,421679701633615330
ITIncident:91602,2,7787768989657847414
ITIncident:91605,2,16662844152983767322
ITIncident:91608,2,13498197040662759501
ITIncident:91613,2,14589726931192381688
ITIncident:91623,2,13067657097226096324
ITIncident:91632,2,11866175730968475830
ITIncident:91635,2,12750753737349537572
ITIncident:91638,2,7905480602934059517
ITIncident:91648,2,18005211996063026340
ITIncident:91651,2,4948565937945971902
ITIncident:91656,2,9230472949852504495
ITIncident:91659,2,52944859356589589
ITIncident:91669,2,17189250265899902662
ITIncident:91673,2,14210484787607825742
ITIncident:91686,1,13509047594672810857
ITIncident:91690,2,2142461106616736795
ITIncident:91693,2,13829858782849491660
ITIncident:91696,2,4433506888135093228
ITIncident:91700,2,13070170326076299398
ITIncident:91705,2,6788020829429315854
ITIncident:91713,0,13123233328679107652
ITIncident:91719,2,1752138240504229940
ITIncident:91722,2,1818354946605286282
ITIncident:91725,2,15893234298738680182
ITIncident:91729,2,12061572383196533149
ITIncident:91734,2,2197367905907293209
ITIncident:91739,2,17749215712226586005
ITIncident:91742,2,15738967823535717785
ITIncident:91745,2,16479043657205106744
ITIncident:91749,2,8978490057166625748
ITIncident:91758,2,16454751198819559375
ITIncident:91762,2,13272809448322788788
ITIncident:91766,2,8565793102067406818
ITIncident:91769,2,9249293981459253177
ITIncident:91772,2,4970790503287525771
ITIncident:91780,2,5967454297322463830
ITIncident:91788,2,2931624261969412122
ITIncident:91792,2,11337305188658343015
ITIncident:91795,2,17923149777136964216
ITIncident:91798,2,5014921244532561391
ITIncident:91802,2,17426306326539648007
ITIncident:91805,2,4782898608022058204
ITIncident:91810,2,3568121925505580970
ITIncident:91813,2,18437020331055116741
ITIncident:91816,2,12566513415925253793
ITIncident:91822,2,4790262995950253132
ITIncident:91825,2,4825612855767557374
ITIncident:91837,2,8592787987463028411
ITIncident:91841,2,1535467923850522843
ITIncident:91845,2,1535467923850522843
ITIncident:91857,2,16415862247191243670
ITIncident:91863,2,1788421260881964415
ITIncident:91868,2,16690308185875919070
ITIncident:91871,2,8454285023148334203
ITIncident:91874,2,17175978616421536655
ITIncident:91880,2,12579975621612036145
ITIncident:91883,2,16742938575278070297
ITIncident:91888,2,14783840396950663991
ITIncident:91892,2,5005400229298117889
ITIncident:91895,2,12566513415925253793
ITIncident:91898,2,5803456337082581161
ITIncident:91902,2,8814524282968214190
ITIncident:91905,2,4838668988133220141
ITIncident:91909,2,4026664395675299165
ITIncident:91912,2,18341976816724115194
ITIncident:91917,2,10986096846885904778
ITIncident:91920,2,11941983517648316853
ITIncident:91928,2,3275316287194459465
ITIncident:91931,2,9414270621086404802
ITIncident:91934,2,15740620611146833109
ITIncident:91938,2,8365757968291152330
ITIncident:91943,2,8944525047687354398
ITIncident:91946,2,8146432736084567597
ITIncident:91950,2,818831147119926450
ITIncident:91953,2,4970790503287525771
ITIncident:91956,2,16479043657205106744
ITIncident:91959,2,4825612855767557374
ITIncident:91963,2,972235869298575269
ITIncident:91969,2,8501314111067543148
ITIncident:91972,2,6680034160740047843
ITIncident:91981,2,7654946439176311880
ITIncident:91985,2,14987702106818394745
ITIncident:91992,2,9359325692843583460
ITIncident:91996,2,10531668617638280176
ITIncident:92003,2,1445991032129716727
ITIncident:92006,2,12566513415925253793
ITIncident:92009,2,17529804678586505987
ITIncident:92014,2,2562172373687604621
ITIncident:92017,2,11485341919227293639
ITIncident:92021,2,3379697445344377584
ITIncident:92024,2,4376652014908683917
ITIncident:92030,2,15178166496995949676
ITIncident:92033,2,12566513415925253793
ITIncident:92036,2,180806663613916093
ITIncident:92042,2,15178166496995949676
ITIncident:92047,2,806203676058389120
ITIncident:92050,2,7905480602934059517
ITIncident:92053,2,12566513415925253793
ITIncident:92056,2,12566513415925253793
ITIncident:92061,2,7714740262917705992
ITIncident:92069,2,8130165683244013516
ITIncident:92075,2,14894886941619794890
ITIncident:92081,2,14700774523669686622
ITIncident:92087,2,13175276417629859362
ITIncident:92096,0,9027127090461056073
ITIncident:92100,2,10972646646419550316
ITIncident:92103,2,4174960703091818701
ITIncident:92110,2,14359309223789346996
ITIncident:92113,2,481503724923371185
ITIncident:92118,2,2942331219317962531
ITIncident:92121,2,4935584935701478499
ITIncident:92126,2,11628169015520017486
ITIncident:92134,2,511113088885445141
ITIncident:92137,2,530711110409190105
ITIncident:92140,2,13688267506177063077
ITIncident:92143,2,18423601773430144442
ITIncident:92148,2,15935365550963300331
ITIncident:92151,2,12566513415925253793
ITIncident:92156,2,2529806576825409578
ITIncident:92160,2,280540269163651091
ITIncident:92163,2,12566513415925253793
ITIncident:92166,2,1391816598293042819
ITIncident:92170,2,810403574459787503
ITIncident:92181,0,13021557295476008681
ITIncident:92186,2,8858456061745519208
ITIncident:92200,2,16414880635732166719
ITIncident:92204,2,1539020855946425487
ITIncident:92213,2,7573119565454577105
ITIncident:92217,2,8336366898017464109
ITIncident:92224,2,12603309577377519565
ITIncident:92228,2,6498198489235235850
ITIncident:92234,2,9138932862503562331
ITIncident:92247,2,12870136619056345454
ITIncident:92253,2,17396197264452894673
ITIncident:92259,2,10685550238493282747
ITIncident:92264,2,14034419568151830483
ITIncident:92267,2,3742945607923053449
ITIncident:92270,2,4970790503287525771
ITIncident:92273,2,2887522293269807086
ITIncident:92276,2,9249293981459253177
ITIncident:92279,2,13907320440570291453
ITIncident:92282,2,1634128744250102478
ITIncident:92285,2,13907320440570291453
ITIncident:92289,2,5460069920482634363
ITIncident:92293,2,11057043526425041855
ITIncident:92296,2,7781703138731223572
ITIncident:92300,0,12511068569544129414
ITIncident:92323,2,7197214349800177337
ITIncident:92327,2,18165482340078631504
ITIncident:92331,2,18158468750623351658
ITIncident:92339,2,16115391220332674191
ITIncident:92342,2,17923149777136964216
ITIncident:92347,2,5959354497896971308
ITIncident:92351,2,9194295307956142382
ITIncident:92354,2,13671702094733656956
ITIncident:92358,2,9194295307956142382
ITIncident:92362,2,9194295307956142382
ITIncident:92366,2,18280719633686686446
ITIncident:92371,2,13158965520573128413
ITIncident:92374,2,8454285023148334203
ITIncident:92378,2,17999216949364889750
ITIncident:92382,2,9194295307956142382
ITIncident:92385,2,12566513415925253793
ITIncident:92395,2,1833354636866005117
ITIncident:92399,2,9194295307956142382
ITIncident:92404,2,4031157037897720074
ITIncident:92407,2,6680034160740047843
ITIncident:92410,2,4008598003523969254
ITIncident:92413,2,12566513415925253793
ITIncident:92431,2,4952110346098236014
ITIncident:92435,2,2709757731775230250
ITIncident:92439,2,9194295307956142382
ITIncident:92443,2,9194295307956142382
ITIncident:92446,2,5651313983145445138
ITIncident:92450,2,9194295307956142382
ITIncident:92454,2,15835551161084977444
ITIncident:92457,2,18107018481663970584
ITIncident:92461,2,15576451236323689761
ITIncident:92464,2,1818354946605286282
ITIncident:92474,0,16652975374161747583
ITIncident:92477,2,13793519998764738858
ITIncident:92480,2,12106732234465134521
ITIncident:92483,2,13907320440570291453
ITIncident:92495,2,17930663158680185749
ITIncident:92498,2,7905480602934059517
ITIncident:92512,2,6743323959649395828
ITIncident:92517,2,6479549555273888617
ITIncident:92520,2,12614055566523923082
ITIncident:92525,2,13948419190803160435
ITIncident:92537,2,11593573716308071875
ITIncident:92539,2,12256838431153728563
ITIncident:92542,2,15738967823535717785
ITIncident:92549,2,8148796356775628334
ITIncident:92552,2,12111186344008580855
ITIncident:92557,2,3936556762042844055
ITIncident:92560,2,11604246182872785505
ITIncident:92564,2,2623015597799382265
ITIncident:92567,2,4970790503287525771
ITIncident:92570,2,8454285023148334203
ITIncident:92575,2,1907191628657819738
ITIncident:92579,2,8877495292341337331
ITIncident:92582,2,5424838402845465494
ITIncident:92586,2,17773189532860227171
ITIncident:92589,2,4970790503287525771
ITIncident:92593,2,9194295307956142382
ITIncident:92596,2,6052451010235511762
ITIncident:92600,2,12757112295853139741
ITIncident:92606,2,8451040433573899555
ITIncident:92610,2,17526544053606932071
ITIncident:92613,2,5143116363498995784
ITIncident:92617,2,2650973540785038557
ITIncident:92625,2,11345780269651107560
ITIncident:92630,2,15088802262845489402
ITIncident:92634,2,16342854297218084063
ITIncident:92637,2,4825612855767557374
ITIncident:92641,2,12531822347965353080
ITIncident:92645,2,9194295307956142382
ITIncident:92648,2,13907320440570291453
ITIncident:92653,2,4986449820711121569
ITIncident:92657,2,9194295307956142382
ITIncident:92663,2,3496624806950648884
ITIncident:92666,2,8019416891269177380
ITIncident:92669,2,5143116363498995784
ITIncident:92672,2,7905480602934059517
ITIncident:92676,2,9194295307956142382
ITIncident:92679,2,6680034160740047843
ITIncident:92684,2,8738208578332362897
ITIncident:92687,2,5143116363498995784
ITIncident:92694,2,7509130618720477657
ITIncident:92698,2,5493767454926464641
ITIncident:92705,2,4999664066275930923
ITIncident:92717,2,1927866062384930862
ITIncident:92720,2,1818354946605286282
ITIncident:92722,2,6811483338653730491
ITIncident:92728,2,12591260097036155941
ITIncident:92731,2,1818354946605286282
ITIncident:92737,2,9634317591592480526
ITIncident:92740,2,8453862732040638344
ITIncident:92747,2,12804804308353240799
ITIncident:92751,2,6451763217160916557
ITIncident:92757,2,4816452951744041825
ITIncident:92760,2,1587068171639818852
ITIncident:92769,2,6829439556534339183
ITIncident:92776,2,2621968319747671670
ITIncident:92783,0,7283944704412945501
ITIncident:92786,2,17894038244196264426
ITIncident:92790,2,8260349147894467666
ITIncident:92793,2,18107018481663970584
ITIncident:92800,2,3125948934611545236
ITIncident:92803,2,6160069798942294709
ITIncident:92806,2,1762588527951697538
ITIncident:92809,2,16095716458525359971
ITIncident:92812,2,6680034160740047843
ITIncident:92816,2,3564423365298215774
ITIncident:92822,2,13974228504165171481
ITIncident:92830,2,7410871774191360639
ITIncident:92834,1,12032040781316791672
ITIncident:92838,2,11453597400621996373
ITIncident:92841,2,17010168676067932334
ITIncident:92844,2,4970790503287525771
ITIncident:92847,2,13191315888390237100
ITIncident:92853,2,5515829248703993214
ITIncident:92862,2,11118229096199589020
ITIncident:92868,2,5984244925077256043
ITIncident:92872,2,6737296173588991615
ITIncident:92878,0,13066179096585203850
ITIncident:92882,2,885038452615237617
ITIncident:92886,2,1539020855946425487
ITIncident:92891,2,7476570827029253960
ITIncident:92896,2,10932226348926789383
ITIncident:92901,2,948550530821979623
ITIncident:92904,2,17807013680950564650
ITIncident:92907,2,5847458114820431739
ITIncident:92910,2,12111186344008580855
ITIncident:92913,2,13671702094733656956
ITIncident:92915,2,13381772329686612318
ITIncident:92926,2,2114906036500065050
ITIncident:92932,2,16341482053381452826
ITIncident:92936,2,3850495050273327655
ITIncident:92939,2,5774574215857279888
ITIncident:92947,2,8233621099693404048
ITIncident:92951,2,9194295307956142382
ITIncident:92962,2,15054770401074267165
ITIncident:92968,2,2996166844037652681
ITIncident:92971,2,5143116363498995784
ITIncident:92979,2,14636603410558812984
ITIncident:92983,2,9194295307956142382
ITIncident:92987,2,7415710522418820755
ITIncident:92989,2,9048667629751005694
ITIncident:93001,2,17480097529207653283
ITIncident:93003,2,5815271170955777638
ITIncident:93007,2,14804604290105650653
ITIncident:93018,2,17114849741552273992
ITIncident:93024,2,16529843870547153661
ITIncident:93029,2,6076985183458453029
ITIncident:93032,2,5143116363498995784
ITIncident:93036,2,2796681850147963724
ITIncident:93039,2,18107018481663970584
ITIncident:93042,2,5603165706084929478
ITIncident:93046,2,806359503979089971
ITIncident:93049,2,12249696678911521859
ITIncident:93053,2,9194295307956142382
ITIncident:93057,2,9854470115984016068
ITIncident:93060,2,8019416891269177380
ITIncident:93062,2,15247542096022240057
ITIncident:93065,2,715318864010695106
ITIncident:93069,2,16326632452141869181
ITIncident:93077,2,16230792867640566479
ITIncident:93080,2,8993517584270279981
ITIncident:93086,2,2056344581342558127
ITIncident:93090,2,9194295307956142382
ITIncident:93093,2,14890227897490889454
ITIncident:93099,2,17595365272160862455
ITIncident:93104,2,15999565800462082719
ITIncident:93111,2,12929251569134497901
ITIncident:93113,2,5408694821547344994
ITIncident:93116,2,6680034160740047843
ITIncident:93119,2,1818354946605286282
ITIncident:93122,2,13671702094733656956
ITIncident:93130,2,5122370160325778676
ITIncident:93136,2,1369026547820804832
ITIncident:93138,2,18255120663726539349
ITIncident:93141,2,3009916094264130021
ITIncident:93148,2,5520668785838896487
ITIncident:93153,0,14818070114758853175
ITIncident:93157,2,9194295307956142382
ITIncident:93160,2,6680034160740047843
ITIncident:93164,2,9194295307956142382
ITIncident:93168,2,3506925679952035843
ITIncident:93173,2,17603494429842758779
ITIncident:93181,2,12938274345328651315
ITIncident:93185,2,6423266028852057184
ITIncident:93198,2,9160830474513047003
ITIncident:93201,2,15740620611146833109
ITIncident:93230,2,1050922321604458278
ITIncident:93235,2,18201641358779901402
ITIncident:93238,2,8454285023148334203
ITIncident:93246,2,12527370291817014021
ITIncident:93249,2,1818354946605286282
ITIncident:93252,2,8485099658957835457
ITIncident:93258,2,6124060272676965722
ITIncident:93260,2,17512328303971389112
ITIncident:93263,2,9956088763434166197
ITIncident:93267,2,8444444667742439382
ITIncident:93271,2,2315605074364298212
ITIncident:93274,2,9782757529406968592
ITIncident:93281,2,10390531808984291386
ITIncident:93284,2,13907320440570291453
ITIncident:93290,2,2525461966393865967
ITIncident:93292,2,6352084089208529275
ITIncident:93296,2,5750963162413338118
ITIncident:93299,2,4970790503287525771
ITIncident:93304,2,3685188918642173711
ITIncident:93307,2,10807247341533731458
ITIncident:93310,2,9376843882698006094
ITIncident:93313,2,14638506984632233348
ITIncident:93315,2,15247542096022240057
ITIncident:93318,2,16479043657205106744
ITIncident:93322,2,17947195851935178972
ITIncident:93325,2,8454285023148334203
ITIncident:93329,2,8978490057166625748
ITIncident:93339,2,4704349337621963705
ITIncident:93344,2,18049252537635557851
ITIncident:93347,2,11991834273868245409
ITIncident:93357,2,2790413823966885379
ITIncident:93361,2,7336351457290354141
ITIncident:93367,0,14575387174526282852
ITIncident:93375,2,7063809391402745669
ITIncident:93378,2,4948565937945971902
ITIncident:93387,0,3012179858211450424
ITIncident:93392,2,10597210159202897535
ITIncident:93397,2,11998307953629692713
ITIncident:93401,2,6497584225467738313
ITIncident:93406,2,2042328730710285457
ITIncident:93409,2,9752813675001492061
ITIncident:93412,2,12707335172406318881
ITIncident:93422,2,4950638544522119525
ITIncident:93425,2,7532180679938050375
ITIncident:93428,2,944323593760704747
ITIncident:93435,2,13434595836977389357
ITIncident:93444,2,12600743802257856931
ITIncident:93451,2,13341593103108773574
ITIncident:93456,2,315371105279613239
ITIncident:93459,2,15777731366497412576
ITIncident:93463,2,12831044531776965302
ITIncident:93472,1,3914606267500608662
ITIncident:93476,2,5005400229298117889
ITIncident:93481,2,14577836121520884432
ITIncident:93483,2,4649367865911468111
ITIncident:93487,2,12438476342222682684
ITIncident:93496,2,12401040790451303801
ITIncident:93498,2,17412291547084892793
ITIncident:93506,1,10749702206304507818
ITIncident:93509,2,7905480602934059517
ITIncident:93514,2,12315636379159149622
ITIncident:93517,2,4948565937945971902
ITIncident:93520,2,6680034160740047843
ITIncident:93523,2,9249293981459253177
ITIncident:93526,2,4948565937945971902
ITIncident:93531,2,8107773705403577955
ITIncident:93534,2,6680034160740047843
ITIncident:93540,2,16280603629684686851
ITIncident:93543,2,5650269637071733798
ITIncident:93546,2,16050801397697896024
ITIncident:93549,2,11915668069682472491
ITIncident:93556,2,3011020790150478743
ITIncident:93564,2,9816148114950881040
ITIncident:93567,2,12380831226766660961
ITIncident:93571,2,6095534445576000305
ITIncident:93575,2,12210248424346639967
ITIncident:93578,2,556690191229711219
ITIncident:93586,0,6673418433368903584
ITIncident:93593,2,16248953699259070965
ITIncident:93601,2,109060159004686055
ITIncident:93606,2,2197367905907293209
ITIncident:93609,2,10883174451450001190
ITIncident:93614,2,15946935732033348161
ITIncident:93617,2,17010168676067932334
ITIncident:93623,2,8820714562089301607
ITIncident:93626,2,10065357721361609732
ITIncident:93629,2,4948565937945971902
ITIncident:93632,2,7905480602934059517
ITIncident:93635,2,1634128744250102478
ITIncident:93641,2,18370883213066171669
ITIncident:93643,2,15844792606388248673
ITIncident:93648,2,16287703268783963368
ITIncident:93659,2,10552449157744417326
ITIncident:93662,2,16479043657205106744
ITIncident:93665,2,12459794420955570566
ITIncident:93668,2,4970790503287525771
ITIncident:93673,2,12078904721691277038
ITIncident:93676,2,10609043389261517101
ITIncident:93679,2,5579489666467677631
ITIncident:93682,2,5579489666467677631
ITIncident:93686,2,5509207701315329857
ITIncident:93689,2,5579489666467677631
ITIncident:93693,2,1935996701053475380
ITIncident:93696,2,7065495198105507246
ITIncident:93704,2,14070740603824215655
ITIncident:93707,2,3176988909905766755
ITIncident:93709,2,4715557627969985371
ITIncident:93712,2,10016063374847722992
ITIncident:93718,2,4360351978694962030
ITIncident:93731,2,3815135695341741693
ITIncident:93734,2,9249293981459253177
ITIncident:93738,2,7761411290123958630
ITIncident:93743,2,1173626907269505587
ITIncident:93745,2,10793563583709759966
ITIncident:93749,2,14802690703159111477
ITIncident:93757,2,9380451600249042684
ITIncident:93766,2,2380769561757628768
ITIncident:93770,2,11495711391599572311
ITIncident:93774,2,4337972083792414688
ITIncident:93777,2,7522849925486194399
ITIncident:93790,2,1256583158479366937
ITIncident:93797,0,11647084705620449704
ITIncident:93800,2,4948565937945971902
ITIncident:93817,2,6479804669911342288
ITIncident:93820,2,8095578245868521169
ITIncident:93823,2,8803586730564181879
ITIncident:93832,2,14273580891791260936
ITIncident:93844,2,17102479195794605897
ITIncident:93849,2,7739322526782265012
ITIncident:93853,2,16444564052314026979
ITIncident:93856,2,10304851724742547906
ITIncident:93861,2,3731760324083161405
ITIncident:93869,2,17747043920857239631
ITIncident:93874,2,11753932904694419550
ITIncident:93877,2,12562845948800519212
ITIncident:93885,2,14218674318892594832
ITIncident:93897,2,13794243992063618033
ITIncident:93901,2,13003888781435704320
ITIncident:93904,2,12750753737349537572
ITIncident:93907,2,3226849176984757704
ITIncident:93917,2,15837502127331976677
ITIncident:93920,2,13671702094733656956
ITIncident:93923,2,10697066890580486518
ITIncident:93929,2,11528665538981583872
ITIncident:93935,2,3762375429581487432
ITIncident:93938,2,11273462966397513587
ITIncident:93941,2,6680034160740047843
ITIncident:93944,2,6680034160740047843
ITIncident:93947,2,13793519998764738858
ITIncident:93951,2,9407960023482866658
ITIncident:93955,2,2975189544660471271
ITIncident:93962,2,11462643335201772707
ITIncident:93966,2,721433245717540360
ITIncident:93970,2,7621866595591019814
ITIncident:93975,2,9953749788744594153
ITIncident:93979,2,11736811556474757168
ITIncident:93982,2,14680969947636597948
ITIncident:93985,2,13671702094733656956
ITIncident:93989,2,13213479065748609587
ITIncident:93992,2,13671702094733656956
ITIncident:93999,2,10886144992639271949
ITIncident:94002,2,18117112379842003637
ITIncident:94005,2,1634128744250102478
ITIncident:94008,2,2356181819777856285
ITIncident:94011,2,4170799387676964688
ITIncident:94015,2,7764214386395421892
ITIncident:94021,2,5821511485886656178
ITIncident:94024,2,6680034160740047843
ITIncident:94027,2,2826176868087109201
ITIncident:94031,2,16690308185875919070
ITIncident:94037,2,13428609598555277236
ITIncident:94040,2,7650414398980423581
ITIncident:94043,2,14261513898340130161
ITIncident:94046,2,9249293981459253177
ITIncident:94049,2,14246172090169748583
ITIncident:94057,2,997250933359922915
ITIncident:94059,2,9692684408424594885
ITIncident:94067,2,8159977962913641252
ITIncident:94071,2,4858541973473327990
ITIncident:94074,2,17923149777136964216
ITIncident:94078,2,16409402124039360568
ITIncident:94089,2,5102385394957499751
ITIncident:94096,2,13401880832336005169
ITIncident:94103,2,7190569868573472084
ITIncident:94109,2,16304631622251481865
ITIncident:94112,2,4290794463506700010
ITIncident:94117,2,15774575229348880923
ITIncident:94121,2,17961335449208843466
ITIncident:94129,2,4099086633891159323
ITIncident:94136,2,16345703074304357995
ITIncident:94146,2,17188344984403976488
ITIncident:94149,2,9249293981459253177
ITIncident:94154,2,7798210669821740178
ITIncident:94158,2,17994377752441030592
ITIncident:94163,2,3502504408460214427
ITIncident:94167,2,12757112295853139741
ITIncident:94171,2,3424509360306017555
ITIncident:94178,2,11036586065353120411
ITIncident:94180,2,1801289790198487225
ITIncident:94187,2,2552365960856854983
ITIncident:94189,2,15844792606388248673
ITIncident:94193,2,7764214386395421892
ITIncident:94198,2,6447403964886088906
ITIncident:94224,2,13883501125876813822
ITIncident:94227,2,13381206755915008328
ITIncident:94235,2,1077179406102643977
ITIncident:94252,2,14113543368118622709
ITIncident:94255,2,6680034160740047843
ITIncident:94259,2,535284226049802354
ITIncident:94262,2,8454285023148334203
ITIncident:94266,2,11495711391599572311
ITIncident:94269,2,16479043657205106744
ITIncident:94273,2,115363729066531881
ITIncident:94279,2,14309405287425750628
ITIncident:94282,2,9249293981459253177
ITIncident:94285,2,2698565736042874839
ITIncident:94288,2,6680034160740047843
ITIncident:94292,2,15752910422009749812
ITIncident:94294,2,5995867378809694192
ITIncident:94297,2,14680969947636597948
ITIncident:94302,2,7347521151425539569
ITIncident:94305,2,6680034160740047843
ITIncident:94308,2,18341976816724115194
ITIncident:94316,2,16610740503941702738
ITIncident:94319,2,9781367246059980057
ITIncident:94321,2,3582881113766432677
ITIncident:94324,2,10065357721361609732
ITIncident:94331,2,10791958113686094137
ITIncident:94336,2,15499709577314083630
ITIncident:94339,2,17175978616421536655
ITIncident:94342,2,3804518530390334224
ITIncident:94345,2,4970790503287525771
ITIncident:94352,0,13303096720346033498
ITIncident:94360,0,12146144759012024584
ITIncident:94364,2,4390889476342239505
ITIncident:94372,2,4137574038642654777
ITIncident:94375,2,16479043657205106744
ITIncident:94380,2,2890157480756070177
ITIncident:94382,2,2032677178594941904
ITIncident:94389,2,997124016166114722
ITIncident:94392,2,17175978616421536655
ITIncident:94395,2,9781367246059980057
ITIncident:94398,2,16479043657205106744
ITIncident:94413,2,4518050688624041708
ITIncident:94418,2,17254879496786128564
ITIncident:94421,2,9781367246059980057
ITIncident:94429,2,542805816241500067
ITIncident:94436,2,3288337554710624887
ITIncident:94441,2,10986096846885904778
ITIncident:94462,2,3880987323937604758
ITIncident:94466,2,12213063131929983445
ITIncident:94469,2,8454285023148334203
ITIncident:94474,2,4929634736019947042
ITIncident:94484,2,3398650772475098202
ITIncident:94488,2,5827459056031760854
ITIncident:94491,2,1818354946605286282
ITIncident:94494,2,6101911517731885206
ITIncident:94502,0,9505660253725192605
ITIncident:94506,2,17773189532860227171
ITIncident:94509,2,9242675170487418983
ITIncident:94513,2,13555967338343679835
ITIncident:94516,2,17010168676067932334
ITIncident:94519,2,16479043657205106744
ITIncident:94533,2,11222958522492929294
ITIncident:94542,2,6441855032340425470
ITIncident:94545,2,17175978616421536655
ITIncident:94558,2,2111045831758825177
ITIncident:94563,0,13365464864832848140
ITIncident:94579,2,11048664765904793467
ITIncident:94582,2,6680034160740047843
ITIncident:94586,2,818831147119926450
ITIncident:94589,2,14752771447330903759
ITIncident:94592,2,16874676535821577139
ITIncident:94599,2,4066983659812465195
ITIncident:94602,2,13671702094733656956
ITIncident:94610,2,5148664385609155475
ITIncident:94615,2,5750963162413338118
ITIncident:94620,2,17802921864917972542
ITIncident:94624,2,4885732624922792164
ITIncident:94627,2,1726939623511383423
ITIncident:94632,2,4433952103795322368
ITIncident:94635,2,16368648713697560603
ITIncident:94641,2,18173168530326283046
ITIncident:94644,2,8741912500431990345
ITIncident:94648,2,1660172540957537519
ITIncident:94651,2,4970790503287525771
ITIncident:94659,2,8810823045122744854
ITIncident:94662,2,15923586257056190315
ITIncident:94667,2,9144315562061644547
ITIncident:94670,2,1818354946605286282
ITIncident:94673,2,17813028259618158589
ITIncident:94675,2,2721239097974374082
ITIncident:94678,2,7875547682144435667
ITIncident:94681,2,611466275724891983
ITIncident:94688,2,5836655617861227265
ITIncident:94693,2,7627320644044052682
ITIncident:94696,2,530711110409190105
ITIncident:94698,2,16267442263948761663
ITIncident:94701,2,9802841364677536934
ITIncident:94704,2,13671702094733656956
ITIncident:94706,2,9038666478526050904
ITIncident:94710,2,11737544259788115290
ITIncident:94713,2,3031855105334534039
ITIncident:94716,2,8019416891269177380
ITIncident:94721,2,3138524498441048467
ITIncident:94728,2,5902012149492726207
ITIncident:94731,2,4711666864459939892
ITIncident:94733,2,5408694821547344994
ITIncident:94750,2,1409470341523027575
ITIncident:94760,2,9631917405666814910
ITIncident:94763,2,8146432736084567597
ITIncident:94767,2,1061220394320501673
ITIncident:94770,2,17045635975568820297
ITIncident:94775,2,574356284677793944
ITIncident:94778,2,2962643692798794707
ITIncident:94781,2,8454285023148334203
ITIncident:94783,2,11859186153032159539
ITIncident:94787,2,2575127649196020630
ITIncident:94797,2,12544218184215350542
ITIncident:94799,2,5408694821547344994
ITIncident:94802,2,5469226950558193188
ITIncident:94813,2,15541835008376713140
ITIncident:94815,2,12828963435288607560
ITIncident:94817,2,9038666478526050904
ITIncident:94821,2,18260902805241895359
ITIncident:94826,2,14783840396950663991
ITIncident:94830,2,6243334579031411189
ITIncident:94837,2,1885787524820043793
ITIncident:94841,2,8978490057166625748
ITIncident:94843,2,9038666478526050904
ITIncident:94851,2,18154035299792215782
ITIncident:94856,2,14497394847589554567
ITIncident:94859,2,18107018481663970584
ITIncident:94862,2,8454285023148334203
ITIncident:94867,2,17954142795901940950
ITIncident:94870,2,2613007622536025887
ITIncident:94882,2,12388940937980878215
ITIncident:94888,2,795076254335148753
ITIncident:94900,2,7244974906096471377
ITIncident:94908,2,6837428733334524745
ITIncident:94913,2,894209386199388164
ITIncident:94916,2,13907320440570291453
ITIncident:94922,2,8647754681655423685
ITIncident:94924,2,17415543075242652528
ITIncident:94928,2,326094551514189695
ITIncident:94933,2,5040330287768739955
ITIncident:94936,2,3055248448947703746
ITIncident:94938,2,12006083956603424997
ITIncident:94943,2,11697965633623213472
ITIncident:94946,2,4816703805656582284
ITIncident:94949,2,17045635975568820297
ITIncident:94952,2,15223162638720603327
ITIncident:94955,2,7832480453136554134
ITIncident:94958,2,15223162638720603327
ITIncident:94961,2,3055248448947703746
ITIncident:94966,2,15951231282380153888
ITIncident:94969,2,3055248448947703746
ITIncident:94976,2,5723514603509195336
ITIncident:94979,2,1634128744250102478
ITIncident:94982,2,6600549105739382788
ITIncident:94986,2,12547385408548452579
ITIncident:94995,2,11840739784307622099
ITIncident:95002,2,495941079609373354
ITIncident:95005,2,6874461019933155441
ITIncident:95007,2,12022448501677072652
ITIncident:95010,2,1818354946605286282
ITIncident:95012,2,10538990098194470142
ITIncident:95015,2,2613007622536025887
ITIncident:95022,0,7372183555781290217
ITIncident:95024,2,16193508567419464077
ITIncident:95027,2,9956640458266948878
ITIncident:95030,2,13793519998764738858
ITIncident:95032,2,8666022075785894731
ITIncident:95035,2,1634128744250102478
ITIncident:95041,2,1694587939940733226
ITIncident:95044,2,15060641615505296889
ITIncident:95050,2,5959354497896971308
ITIncident:95052,2,14595129147341132965
ITIncident:95055,2,1634128744250102478
ITIncident:95059,2,10160564405034908445
ITIncident:95068,2,182604785265731954
ITIncident:95072,2,11247124734897095754
ITIncident:95078,2,16110558976679718309
ITIncident:95082,2,13003888781435704320
ITIncident:95086,2,9159308399998610824
ITIncident:95096,2,7197084701447193131
ITIncident:95099,2,1716132928539228898
ITIncident:95103,2,2800352227736392204
ITIncident:95105,2,3256163508898910456
ITIncident:95109,2,11753805828714841769
ITIncident:95111,2,6826192623073515443
ITIncident:95115,2,13103326871637887590
ITIncident:95121,2,12518421887023474004
ITIncident:95133,2,7026479147487281079
ITIncident:95136,2,7905480602934059517
ITIncident:95145,2,13596434155075866710
ITIncident:95148,2,1818354946605286282
ITIncident:95155,2,11011522994355336784
ITIncident:95158,2,12750753737349537572
ITIncident:95161,2,4782898608022058204
ITIncident:95165,2,4858541973473327990
ITIncident:95170,2,11169096508908410744
ITIncident:95178,2,548805130284710646
ITIncident:95182,2,10085031514543696485
ITIncident:95187,2,5202939137581121106
ITIncident:95189,2,5408694821547344994
ITIncident:95193,2,5300409426797282299
ITIncident:95196,2,8912430695951943324
ITIncident:95199,2,8993517584270279981
ITIncident:95203,2,403109903093025364
ITIncident:95215,2,14780731671063525424
ITIncident:95222,2,8109241553020136035
ITIncident:95226,2,10914300018397396699
ITIncident:95229,2,14653502760391388024
ITIncident:95231,2,2555100101650306457
ITIncident:95237,2,5534761850909656108
ITIncident:95241,2,15041299807303925303
ITIncident:95244,2,12135478405355903463
ITIncident:95247,2,5236102999490034585
ITIncident:95264,2,18090752597153959532
ITIncident:95277,2,7600725974514891978
ITIncident:95281,2,3913899801497389601
ITIncident:95284,2,2113718247392916067
ITIncident:95287,2,18107018481663970584
ITIncident:95291,2,15062389976322578153
ITIncident:95296,2,9590881892064523362
ITIncident:95300,2,12213063131929983445
ITIncident:95304,2,8762059509176794686
ITIncident:95308,2,818831147119926450
ITIncident:95311,2,13886789140316092841
ITIncident:95319,2,829214383855187599
ITIncident:95323,2,13070170326076299398
ITIncident:95325,2,7866398127594921580
ITIncident:95328,2,16939438270069466527
ITIncident:95333,0,11578249387645005364
ITIncident:95336,2,1818354946605286282
ITIncident:95342,2,10231745406699484489
ITIncident:95346,2,11736811556474757168
ITIncident:95352,2,3520377938882003376
ITIncident:95358,0,17317496437094375543
ITIncident:95362,2,8197288075115905263
ITIncident:95365,2,15740620611146833109
ITIncident:95369,2,14987702106818394745
ITIncident:95374,2,2519895831347729852
ITIncident:95380,2,11053784319071701786
ITIncident:95383,2,10883174451450001190
ITIncident:95386,2,4933294109534722157
ITIncident:95389,2,8243875583394445510
ITIncident:95398,2,16536086979300458454
ITIncident:95408,2,14908994419234946642
ITIncident:95414,2,17199627142967943944
ITIncident:95417,2,2802323676490830801
ITIncident:95422,0,3499011489154665931
ITIncident:95432,2,1430574802159213061
ITIncident:95445,2,3573426270900806399
ITIncident:95455,2,7086154509713263412
ITIncident:95458,2,4825612855767557374
ITIncident:95461,2,16722913326170480828
ITIncident:95464,2,18107018481663970584
ITIncident:95468,2,18398952365754962632
ITIncident:95472,2,2894310590756977997
ITIncident:95476,2,16017576364099926497
ITIncident:95478,2,15767052140887253720
ITIncident:95481,2,10790560368693134722
ITIncident:95485,2,3619099893797249101
ITIncident:95489,2,13483203456145745552
ITIncident:95498,2,11056068553415356864
ITIncident:95501,2,5424838402845465494
ITIncident:95505,2,5114370364415396214
ITIncident:95508,2,1848519252850336578
ITIncident:95511,2,12980085256142142062
ITIncident:95516,2,5664885713719307894
ITIncident:95520,2,10501305689431067421
ITIncident:95536,2,1459235350678862176
ITIncident:95539,2,4933294109534722157
ITIncident:95542,2,13736223591794984463
ITIncident:95559,2,9242646203916469613
ITIncident:95563,2,13097485038592073305
ITIncident:95574,2,15680871187132831842
ITIncident:95578,2,12794457325957114438
ITIncident:95585,2,5080879358931982460
ITIncident:95588,2,13671702094733656956
ITIncident:95591,2,2835134086602556937
ITIncident:95594,2,13793519998764738858
ITIncident:95598,2,11833620897425219734
ITIncident:95601,2,7781703138731223572
ITIncident:95605,2,2544992398157162877
ITIncident:95607,2,7866398127594921580
ITIncident:95615,2,7451953918248754472
ITIncident:95619,2,1539020855946425487
ITIncident:95623,2,11495711391599572311
ITIncident:95628,0,14160279367500395854
ITIncident:95631,2,4970790503287525771
ITIncident:95634,2,4970790503287525771
ITIncident:95638,2,942895179892319525
ITIncident:95644,2,942895179892319525
ITIncident:95646,2,11332670109076977432
ITIncident:95658,2,15188986092307134362
ITIncident:95663,2,12203966756349303025
ITIncident:95667,2,964981882824963632
ITIncident:95678,2,13259702962011352506
ITIncident:95681,2,9249293981459253177
ITIncident:95691,2,11831940993881803694
ITIncident:95694,2,2113718247392916067
ITIncident:95697,2,4230237751532065700
ITIncident:95703,2,5569001712285863615
ITIncident:95709,2,16135714818650915962
ITIncident:95713,2,16606649391128803132
ITIncident:95718,2,15136669317647753364
ITIncident:95724,0,14652256274858985507
ITIncident:95730,2,10556024609837829038
ITIncident:95733,2,13688267506177063077
ITIncident:95736,2,9752813675001492061
ITIncident:95740,2,818831147119926450
ITIncident:95745,2,5694195330259883923
ITIncident:95748,2,17175978616421536655
ITIncident:95753,2,6124117060180616034
ITIncident:95756,2,1818354946605286282
ITIncident:95767,2,7362903441644306650
ITIncident:95771,2,1539020855946425487
ITIncident:95778,2,5921620401744505415
ITIncident:95781,2,11408814231637773236
ITIncident:95786,2,8322855462620021461
ITIncident:95790,2,11495711391599572311
ITIncident:95793,2,16479043657205106744
ITIncident:95797,2,4471929628414325181
ITIncident:95801,2,15153722875138675163
ITIncident:95804,2,13648118712173299818
ITIncident:95808,2,3779880220218016375
ITIncident:95825,2,330892312166544389
ITIncident:95829,2,5851017493653327879
ITIncident:95832,2,1635253010515190594
ITIncident:95837,2,17611866129645180771
ITIncident:95845,2,3663464910096179556
ITIncident:95849,2,788685390945723411
ITIncident:95856,2,5730417667268007572
ITIncident:95860,2,13207925128982030596
ITIncident:95864,2,13207925128982030596
ITIncident:95868,2,10391833498959599033
ITIncident:95871,2,835066563618791466
ITIncident:95891,2,17719906655519868791
ITIncident:95895,2,13207925128982030596
ITIncident:95900,2,7845631903722794258
ITIncident:95902,2,9433814171296427562
ITIncident:95906,2,13207925128982030596
ITIncident:95916,2,13649620426159471046
ITIncident:95921,2,4500197284173898330
ITIncident:95924,2,17175978616421536655
ITIncident:95928,2,15292699525805029895
ITIncident:95931,2,8803586730564181879
ITIncident:95938,2,4189065985076506360
ITIncident:95941,2,6680034160740047843
ITIncident:95946,0,6991649981011898789
ITIncident:95956,2,12423282200165061027
ITIncident:95959,2,16479043657205106744
ITIncident:95963,2,3677004824801289396
ITIncident:95970,2,17922827015020578700
ITIncident:95973,2,6473456897920130597
ITIncident:95979,2,16341482053381452826
ITIncident:95983,2,2625813272045512711
ITIncident:96004,2,7012161868541532165
ITIncident:96008,2,7513841672308405252
ITIncident:96015,2,18200749005445533812
ITIncident:96017,2,3223030559070186096
ITIncident:96021,2,13207925128982030596
ITIncident:96024,2,6680034160740047843
ITIncident:96028,2,13207925128982030596
ITIncident:96032,2,13207925128982030596
ITIncident:96037,2,15421563124320451271
ITIncident:96040,2,13671702094733656956
ITIncident:96043,2,4970790503287525771
ITIncident:96048,2,11732403471709915641
ITIncident:96051,2,13907320440570291453
ITIncident:96054,2,4257446805757166729
ITIncident:96059,2,10768490756890473844
ITIncident:96063,2,326094551514189695
ITIncident:96080,2,10703236300118768976
ITIncident:96084,2,12349045852712628466
ITIncident:96087,2,4970790503287525771
ITIncident:96091,2,3591148897653522886
ITIncident:96095,2,4290794463506700010
ITIncident:96099,2,16476872332210761081
ITIncident:96106,2,16619208678395367313
ITIncident:96109,2,5236102999490034585
ITIncident:96112,2,1818354946605286282
ITIncident:96114,2,17415543075242652528
ITIncident:96123,2,18341046604566779189
ITIncident:96127,2,3806631739018069812
ITIncident:96130,2,7781703138731223572
ITIncident:96133,2,8164599984944240536
ITIncident:96135,2,6020376750250784710
ITIncident:96138,2,3019792234992432856
ITIncident:96141,2,530711110409190105
ITIncident:96143,2,17415543075242652528
ITIncident:96147,2,2611769683342087757
ITIncident:96150,2,2113718247392916067
ITIncident:96152,2,12022448501677072652
ITIncident:96160,2,16196617118747454370
ITIncident:96169,2,18092887955219915958
ITIncident:96178,2,4035434136704909855
ITIncident:96181,2,8095578245868521169
ITIncident:96187,2,1827063009395915680
ITIncident:96190,2,12562845948800519212
ITIncident:96200,2,8403134436645261506
ITIncident:96203,2,17532942298353635169
ITIncident:96205,2,15037504373172902900
ITIncident:96208,2,4170799387676964688
ITIncident:96212,2,4688964410500327080
ITIncident:96219,2,17742595916794401685
ITIncident:96232,2,8582636925868515877
ITIncident:96235,2,12111186344008580855
ITIncident:96243,2,18088908716628589186
ITIncident:96246,2,9249293981459253177
ITIncident:96253,2,14954985576093726796
ITIncident:96255,2,3424054401041676903
ITIncident:96258,2,4469701921650845453
ITIncident:96261,2,2644715462692161325
ITIncident:96273,2,2527715931992285708
ITIncident:96276,2,8552739100468676133
ITIncident:96287,2,9458354845435085288
ITIncident:96290,2,13907320440570291453
ITIncident:96294,2,7761411290123958630
ITIncident:96297,2,12491805940654064055
ITIncident:96304,2,3764023605906525052
ITIncident:96307,2,12633799970552907055
ITIncident:96311,2,2220966877385487399
ITIncident:96316,2,15255009210638371803
ITIncident:96319,2,13330478343552543903
ITIncident:96324,2,3556761974901026865
ITIncident:96337,2,18075705691534000633
ITIncident:96342,2,5288492322170945067
ITIncident:96345,2,6053363521673595064
ITIncident:96348,2,13671702094733656956
ITIncident:96353,2,3545940807984838604
ITIncident:96356,2,12647283881312530830
ITIncident:96363,2,4999664066275930923
ITIncident:96372,2,11485624178737567746
ITIncident:96379,2,15311135457500122869
ITIncident:96382,2,4825612855767557374
ITIncident:96388,2,8150865129516160658
ITIncident:96413,2,14985343237338074916
ITIncident:96416,2,12111186344008580855
ITIncident:96419,2,13793519998764738858
ITIncident:96422,2,1634128744250102478
ITIncident:96429,2,7246207283687685717
ITIncident:96437,2,6699043718033064835
ITIncident:96441,2,14108435569423207156
ITIncident:96443,2,10793563583709759966
ITIncident:96445,2,16459215472757156977
ITIncident:96448,2,12104190424457604067
ITIncident:96453,2,12451348367360392225
ITIncident:96456,2,1396213510530255009
ITIncident:96458,2,13758911280635432730
ITIncident:96461,2,14662406097355671430
ITIncident:96465,1,17045456160624381878
ITIncident:96474,0,984197234320660934
ITIncident:96479,0,1911506193014698307
ITIncident:96484,2,12793429778573422571
ITIncident:96491,2,409405990110780560
ITIncident:96494,0,4482110511526228188
ITIncident:96497,2,16479043657205106744
ITIncident:96500,2,18107018481663970584
ITIncident:96506,2,1980447961689116380
ITIncident:96509,2,17045635975568820297
ITIncident:96512,2,2113718247392916067
ITIncident:96518,2,5605726286366830918
ITIncident:96526,2,17479790958114218295
ITIncident:96528,2,9038666478526050904
ITIncident:96538,0,1951065418416744672
ITIncident:96541,2,15221132247687927673
ITIncident:96547,2,6827414198073318568
ITIncident:96550,2,18107018481663970584
ITIncident:96555,2,7641542767581282139
ITIncident:96566,2,5840432486329152698
ITIncident:96573,0,651782182778941622
ITIncident:96580,2,7856125619005416469
ITIncident:96584,2,9145553763627950233
ITIncident:96591,2,16816321739487475991
ITIncident:96595,2,13299002777868828489
ITIncident:96598,2,5424838402845465494
ITIncident:96600,2,8159874193132449694
ITIncident:96603,2,13381206755915008328
ITIncident:96609,2,6942433449118867746
ITIncident:96612,2,14210125891064902968
ITIncident:96616,2,16342854297218084063
ITIncident:96622,2,17395784206241465846
ITIncident:96628,2,5678876792034618598
ITIncident:96635,0,18263582391359459941
ITIncident:96646,2,14725346328612730978
ITIncident:96649,2,12633799970552907055
ITIncident:96658,2,12001435949290266753
ITIncident:96662,2,6748025579901919539
ITIncident:96665,2,247588675690516071
ITIncident:96671,2,8323828857128025816
ITIncident:96675,2,12432153739821196955
ITIncident:96684,2,3773171438390323044
ITIncident:96689,2,16783672410545180752
ITIncident:96692,2,4970790503287525771
ITIncident:96694,2,5459633407471407827
ITIncident:96701,2,16794756223555119425
ITIncident:96704,2,12701039020449794997
ITIncident:96707,2,8687866320382263716
ITIncident:96709,2,2032677178594941904
ITIncident:96714,2,14783840396950663991
ITIncident:96717,2,4170799387676964688
ITIncident:96719,1,12547285712523444748
ITIncident:96722,2,3009301500149328258
ITIncident:96724,1,12547285712523444748
ITIncident:96726,1,12547285712523444748
ITIncident:96728,1,2564666045286374123
ITIncident:96730,2,17170996042833632875
ITIncident:96733,2,2356181819777856285
ITIncident:96736,2,15839688104197943917
ITIncident:96738,2,10538990098194470142
ITIncident:96740,1,2564666045286374123
ITIncident:96742,1,10995426386566563328
ITIncident:96745,2,7612394984402357546
ITIncident:96749,2,2894310590756977997
ITIncident:96752,2,18273227047580155303
ITIncident:96754,2,14827405186606267597
ITIncident:96756,1,2564666045286374123
ITIncident:96758,1,2564666045286374123
ITIncident:96761,2,3953136569964579634
ITIncident:96768,2,9492293229940437562
ITIncident:96776,0,5287676962426448116
ITIncident:96785,2,9671052440575126656
ITIncident:96797,0,18344286675078751085
ITIncident:96805,2,9008147884139345926
ITIncident:96812,2,3575670529548128726
ITIncident:96820,2,9008147884139345926
ITIncident:96828,1,9274307930968340256
ITIncident:96830,1,2564666045286374123
ITIncident:96832,1,2564666045286374123
ITIncident:96834,1,2564666045286374123
ITIncident:96836,1,2564666045286374123
ITIncident:96838,1,2564666045286374123
ITIncident:96840,1,10995426386566563328
ITIncident:96842,1,10995426386566563328
ITIncident:96844,1,10995426386566563328
ITIncident:96846,1,10995426386566563328
ITIncident:96856,2,10997708513722768084
ITIncident:96858,2,15237301139014346805
ITIncident:96860,1,10995426386566563328
ITIncident:96862,1,10995426386566563328
ITIncident:96864,1,10995426386566563328
ITIncident:96866,1,10995426386566563328
ITIncident:96868,1,10995426386566563328
ITIncident:96872,2,14620990788258292526
ITIncident:96877,2,6253071326576687157
ITIncident:96880,2,13907320440570291453
ITIncident:96894,2,8220624067072634706
ITIncident:96901,2,7291711965747022650
ITIncident:96905,2,4026664395675299165
ITIncident:96909,2,79268282420699132
ITIncident:96916,2,10179541110355462361
ITIncident:96920,2,9751988101372402298
ITIncident:96923,2,12018567855880088393
ITIncident:96942,0,5705418359366302284
ITIncident:96951,2,3892349988601210244
ITIncident:96956,2,8114395920701703751
ITIncident:96959,2,9249293981459253177
ITIncident:96963,2,8786052169847782895
ITIncident:96969,2,9950102696952421922
ITIncident:96972,2,2613007622536025887
ITIncident:96975,2,6680034160740047843
ITIncident:96980,2,8206721391081602204
ITIncident:96983,2,12566513415925253793
ITIncident:96986,2,12566513415925253793
ITIncident:96989,2,12566513415925253793
ITIncident:96997,0,12206516314786640962
ITIncident:97000,2,12566513415925253793
ITIncident:97003,2,12566513415925253793
ITIncident:97006,2,12566513415925253793
ITIncident:97011,2,17770409588038651936
ITIncident:97014,2,12566513415925253793
ITIncident:97017,2,12566513415925253793
ITIncident:97020,2,12750753737349537572
ITIncident:97023,2,6874461019933155441
ITIncident:97026,2,8870913177375454952
ITIncident:97034,2,13125912512548186614
ITIncident:97038,2,17560501191086081254
ITIncident:97041,2,12111186344008580855
ITIncident:97044,2,3211549046788586763
ITIncident:97050,2,7912636467855811793
ITIncident:97064,2,2838485323784230707
ITIncident:97069,2,10917514397084695043
ITIncident:97072,2,13303197351285566852
ITIncident:97075,2,3081479852638945825
ITIncident:97079,2,16606649391128803132
ITIncident:97083,2,3288156911838640699
ITIncident:97102,2,8922989534355571705
ITIncident:97112,0,15678640055680718464
ITIncident:97116,2,16342854297218084063
ITIncident:97120,2,4723932281335048665
ITIncident:97124,2,10253543290280665095
ITIncident:97127,2,1818354946605286282
ITIncident:97139,2,11860483546279107329
ITIncident:97142,2,3467229630768270020
ITIncident:97145,2,15249215276097912624
ITIncident:97149,2,7761411290123958630
ITIncident:97153,2,18394245263680588703
ITIncident:97157,2,12211873484976030302
ITIncident:97160,2,3467229630768270020
ITIncident:97163,2,3467229630768270020
ITIncident:97170,0,165507811891574726
ITIncident:97173,2,3467229630768270020
ITIncident:97181,2,18329265923874930755
ITIncident:97184,2,5489243229699311510
ITIncident:97187,2,9669089773376744523
ITIncident:97192,2,3246092435839616858
ITIncident:97195,2,5489243229699311510
ITIncident:97199,2,3274532681821404209
ITIncident:97202,2,5489243229699311510
ITIncident:97206,2,12373934642062097199
ITIncident:97209,2,13793519998764738858
ITIncident:97213,2,3496338186111970553
ITIncident:97216,2,16791990002333601581
ITIncident:97220,2,12211873484976030302
ITIncident:97228,2,15163252684362216393
ITIncident:97235,2,12268087768367908207
ITIncident:97238,2,327458738269388641
ITIncident:97242,2,18394245263680588703
ITIncident:97245,2,15249215276097912624
ITIncident:97249,2,13769287396676224120
ITIncident:97253,2,13364558258990396100
ITIncident:97257,2,11689766069315936839
ITIncident:97261,2,13364558258990396100
ITIncident:97265,2,13364558258990396100
ITIncident:97268,2,3467229630768270020
ITIncident:97273,2,7384164824264442221
ITIncident:97277,2,16279469624788922284
ITIncident:97280,2,17045635975568820297
ITIncident:97283,2,15147293970225371742
ITIncident:97286,2,18107018481663970584
ITIncident:97289,2,3467229630768270020
ITIncident:97292,2,15147293970225371742
ITIncident:97295,2,3467229630768270020
ITIncident:97298,2,17274531734164386444
ITIncident:97309,2,2878255442818898626
ITIncident:97312,2,15147293970225371742
ITIncident:97315,2,3467229630768270020
ITIncident:97321,2,14150999535023884641
ITIncident:97324,2,9249293981459253177
ITIncident:97327,2,16420005464749338780
ITIncident:97330,2,15147293970225371742
ITIncident:97336,2,6148326473960306939
ITIncident:97339,2,15147293970225371742
ITIncident:97351,2,18280473913325451707
ITIncident:97354,2,5489243229699311510
ITIncident:97357,2,15147293970225371742
ITIncident:97367,2,4390347158070783906
ITIncident:97370,2,10662866521442947557
ITIncident:97373,2,15147293970225371742
ITIncident:97376,2,3467229630768270020
ITIncident:97379,2,3467229630768270020
ITIncident:97382,2,1818354946605286282
ITIncident:97385,2,15147293970225371742
ITIncident:97388,2,15147293970225371742
ITIncident:97391,2,5489243229699311510
ITIncident:97394,2,8454285023148334203
ITIncident:97397,2,16791990002333601581
ITIncident:97404,2,7952775142712960876
ITIncident:97411,2,11130186363104851259
ITIncident:97414,2,969789682907053776
ITIncident:97420,2,8559318181966141680
ITIncident:97424,2,18348613006456626340
ITIncident:97427,2,5489243229699311510
ITIncident:97430,2,16479043657205106744
ITIncident:97434,2,3306522851166177052
ITIncident:97438,2,16664196730159176737
ITIncident:97441,2,5489243229699311510
ITIncident:97446,2,46235804171270080
ITIncident:97453,2,8995418832963249576
ITIncident:97456,2,16791990002333601581
ITIncident:97460,2,12373934642062097199
ITIncident:97467,2,1669931018389498793
ITIncident:97474,2,11904243140716963336
ITIncident:97487,2,8668530115283229705
ITIncident:97492,2,14465662568111324728
ITIncident:97495,2,14602748128945665084
ITIncident:97510,2,12885793265480652455
ITIncident:97514,2,17723785639102653347
ITIncident:97526,2,6170678108428862395
ITIncident:97529,2,6839276372087821921
ITIncident:97541,2,17724760403069034654
ITIncident:97547,2,12591260097036155941
ITIncident:97555,2,902940816459303788
ITIncident:97563,2,13387581660390242450
ITIncident:97571,2,3843353852935863493
ITIncident:97575,2,16801081454882173806
ITIncident:97578,2,9249293981459253177
ITIncident:97582,2,17491613141829375505
ITIncident:97585,2,7441088837781628961
ITIncident:97592,2,4427869803015414871
ITIncident:97596,2,5324057545795490460
ITIncident:97600,2,1939657599396078210
ITIncident:97603,2,1634128744250102478
ITIncident:97606,2,13671702094733656956
ITIncident:97610,2,13097485038592073305
ITIncident:97617,2,6850971864224431525
ITIncident:97623,2,5685254778316975467
ITIncident:97627,2,17773189532860227171
ITIncident:97634,2,1915659110441377280
ITIncident:97641,2,9858298361289397852
ITIncident:97644,2,4170799387676964688
ITIncident:97647,2,12566513415925253793
ITIncident:97650,2,12566513415925253793
ITIncident:97654,2,17773189532860227171
ITIncident:97657,2,791987996349323778
ITIncident:97664,2,7613908914822107361
ITIncident:97667,2,12566513415925253793
ITIncident:97670,2,16742938575278070297
ITIncident:97680,2,17580047006416065170
ITIncident:97683,2,12566513415925253793
ITIncident:97690,2,17241842540229468073
ITIncident:97693,2,4838668988133220141
ITIncident:97696,2,11941983517648316853
ITIncident:97699,2,12566513415925253793
ITIncident:97702,2,12980085256142142062
ITIncident:97705,2,7604779701496505935
ITIncident:97713,2,4257510747921980930
ITIncident:97716,2,12566513415925253793
ITIncident:97719,2,12566513415925253793
ITIncident:97722,2,5181189985610972155
ITIncident:97725,2,12566513415925253793
ITIncident:97728,2,6473456897920130597
ITIncident:97731,2,12566513415925253793
ITIncident:97737,2,16439369083550563826
ITIncident:97740,2,8454285023148334203
ITIncident:97742,2,11573288537155140297
ITIncident:97754,2,11041597926956159587
ITIncident:97757,2,12566513415925253793
ITIncident:97761,2,15062389976322578153
ITIncident:97766,2,7771047078868735481
ITIncident:97769,2,17208304890920339637
ITIncident:97780,2,7088511097714885008
ITIncident:97786,2,11990719804961021407
ITIncident:97789,1,5188124770013578579
ITIncident:97792,2,6680034160740047843
ITIncident:97796,2,16801081454882173806
ITIncident:97801,2,5620854813179749227
ITIncident:97805,2,17773189532860227171
ITIncident:97828,2,17408916903577925632
ITIncident:97832,2,2709757731775230250
ITIncident:97836,2,15062389976322578153
ITIncident:97839,2,530711110409190105
ITIncident:97844,2,5231794647733335410
ITIncident:97847,2,9355884138876542822
ITIncident:97850,2,4170799387676964688
ITIncident:97853,2,9355884138876542822
ITIncident:97856,2,9355884138876542822
ITIncident:97859,2,9355884138876542822
ITIncident:97862,2,3564356124037289294
ITIncident:97865,2,9355884138876542822
ITIncident:97884,2,11853847053325510132
ITIncident:97889,1,14815961942648614415
ITIncident:97892,2,9355884138876542822
ITIncident:97895,2,17343979757565597565
ITIncident:97899,2,7400306131274610090
ITIncident:97902,2,3031855105334534039
ITIncident:97914,2,830646790563035961
ITIncident:97917,2,12750753737349537572
ITIncident:97921,2,333152794626079829
ITIncident:97931,2,5710802308320887905
ITIncident:97934,2,8454285023148334203
ITIncident:97937,2,4170799387676964688
ITIncident:97940,2,7557963363278366463
ITIncident:97947,2,7713733358935721241
ITIncident:97958,2,4516514110294292588
ITIncident:97962,2,10501305689431067421
ITIncident:97973,2,2251873554815847490
ITIncident:97979,2,704137914141062712
ITIncident:97993,2,12884288022849905240
ITIncident:97996,2,2433322984069154764
ITIncident:98000,2,2128669756209093453
ITIncident:98004,2,18119158132957253842
ITIncident:98007,2,12111186344008580855
ITIncident:98010,2,2243641634620884237
ITIncident:98015,2,14365906385082879147
ITIncident:98018,2,17175978616421536655
ITIncident:98021,2,16194167498340187714
ITIncident:98028,2,6956540144766844120
ITIncident:98031,2,8454285023148334203
ITIncident:98035,2,326094551514189695
ITIncident:98042,2,6850971864224431525
ITIncident:98053,2,12604154913583358319
ITIncident:98056,2,4970790503287525771
ITIncident:98060,2,14987702106818394745
ITIncident:98066,2,17949460521409532868
ITIncident:98069,2,5557518520729388078
ITIncident:98075,2,17948962857141970715
ITIncident:98078,2,12380831226766660961
ITIncident:98081,2,8111926516835181179
ITIncident:98096,2,18178460527093154694
ITIncident:98099,2,8454285023148334203
ITIncident:98103,2,11072458435311906945
ITIncident:98112,0,6901371243795449972
ITIncident:98117,2,235000936502787728
ITIncident:98120,2,9337193795856934835
ITIncident:98128,2,11283940085121990892
ITIncident:98131,2,10637772856798959158
ITIncident:98134,2,12111186344008580855
ITIncident:98144,2,15595767099345780887
ITIncident:98155,2,11855457778282414261
ITIncident:98157,2,928565737261567267
ITIncident:98159,2,10538990098194470142
ITIncident:98161,2,11859186153032159539
ITIncident:98163,2,10538990098194470142
ITIncident:98169,2,15034332220586138537
ITIncident:98175,2,16708706460796090150
ITIncident:98177,2,12972064271270548531
ITIncident:98187,2,14935706752305162112
ITIncident:98192,2,10836195398018039799
ITIncident:98198,2,15988219296843060635
ITIncident:98201,2,17933460395902359394
ITIncident:98203,2,10538990098194470142
ITIncident:98210,2,18249770940414412201
ITIncident:98213,2,13688267506177063077
ITIncident:98216,2,15674794247282383126
ITIncident:98218,2,17415543075242652528
ITIncident:98224,2,8121339488684908611
ITIncident:98229,2,9146373726693635563
ITIncident:98232,2,8454285023148334203
ITIncident:98235,2,17813028259618158589
ITIncident:98240,2,14195123098012653441
ITIncident:98242,2,16399467962262467800
ITIncident:98246,2,13747105913640733187
ITIncident:98252,2,7211387425670915190
ITIncident:98254,2,16399467962262467800
ITIncident:98259,2,116994143334541331
ITIncident:98263,2,1815396923842156870
ITIncident:98270,2,6802933029765406163
ITIncident:98273,2,6680034160740047843
ITIncident:98275,2,10538990098194470142
ITIncident:98281,2,775288124567724596
ITIncident:98283,2,10538990098194470142
ITIncident:98298,2,16403366438768637106
ITIncident:98302,2,3622183471672048047
ITIncident:98308,0,3080658582591050373
ITIncident:98312,2,7878393007478819296
ITIncident:98314,2,8810589800789526284
ITIncident:98323,2,14763003614709496954
ITIncident:98327,2,12729437775997761882
ITIncident:98337,2,7919007257829424326
ITIncident:98340,2,530711110409190105
ITIncident:98343,2,4170799387676964688
ITIncident:98346,2,14429561310511991037
ITIncident:98354,2,13468603404939382292
ITIncident:98361,2,10298497670508844522
ITIncident:98364,2,12111186344008580855
ITIncident:98372,2,8546699450631019869
ITIncident:98375,2,12111186344008580855
ITIncident:98379,2,13097485038592073305
ITIncident:98383,2,3211336050322631385
ITIncident:98388,2,8090063296287923294
ITIncident:98392,2,7524437938098269115
ITIncident:98399,2,15474113039771220337
ITIncident:98402,2,8687866320382263716
ITIncident:98406,2,9865378240176074422
ITIncident:98410,2,6008196315877157613
ITIncident:98412,2,16399467962262467800
ITIncident:98415,2,1818354946605286282
ITIncident:98420,2,12180471819870518467
ITIncident:98422,2,16399467962262467800
ITIncident:98425,2,1396213510530255009
ITIncident:98427,2,12972064271270548531
ITIncident:98438,2,3460224960912356766
ITIncident:98441,2,16479043657205106744
ITIncident:98446,0,15561649966975123658
ITIncident:98455,2,6002664007639391295
ITIncident:98457,2,8810589800789526284
ITIncident:98461,2,13042211383622723925
ITIncident:98463,2,9285624916732570611
ITIncident:98474,2,13486236961080147514
ITIncident:98482,2,18325874425197576971
ITIncident:98493,2,7343600581367725187
ITIncident:98498,2,8948833449709427435
ITIncident:98500,2,10538990098194470142
ITIncident:98510,2,12937317803707063060
ITIncident:98515,2,6087210150108358982
ITIncident:98517,2,8810589800789526284
ITIncident:98520,2,12111186344008580855
ITIncident:98522,2,8810589800789526284
ITIncident:98524,2,10538990098194470142
ITIncident:98527,2,4825612855767557374
ITIncident:98538,2,7894233117332157415
ITIncident:98540,2,10538990098194470142
ITIncident:98542,2,10538990098194470142
ITIncident:98547,2,7873810636516479014
ITIncident:98557,0,12796681030346496324
ITIncident:98562,2,14783840396950663991
ITIncident:98568,2,18242634645272118939
ITIncident:98571,2,12750753737349537572
ITIncident:98581,0,14839329032180568424
ITIncident:98585,2,6499399972725705742
ITIncident:98595,2,5556135758161984525
ITIncident:98599,2,9791610142393842232
ITIncident:98604,2,11296990367617031481
ITIncident:98609,2,8858456061745519208
ITIncident:98621,2,5728311346030924857
ITIncident:98626,2,5095289776148140695
ITIncident:98631,2,1388136693517981520
ITIncident:98644,2,10210764234444730422
ITIncident:98647,2,17208304890920339637
ITIncident:98649,2,16459215472757156977
ITIncident:98652,2,1634128744250102478
ITIncident:98664,2,16615818073104626372
ITIncident:98669,2,7835895479293592902
ITIncident:98673,2,16433995469570181412
ITIncident:98675,2,5408694821547344994
ITIncident:98682,2,12975457053573977319
ITIncident:98687,2,17710050318871769807
ITIncident:98690,2,3093841315117191199
ITIncident:98692,2,1869904479513687889
ITIncident:98696,0,485766542384692767
ITIncident:98700,2,14436922669598626268
ITIncident:98703,2,7549807300471026846
ITIncident:98708,2,8680260696151468310
ITIncident:98711,2,15715613596748664406
ITIncident:98718,2,1320139597379632924
ITIncident:98724,2,18329375496669610026
ITIncident:98727,2,8454285023148334203
ITIncident:98730,2,8454285023148334203
ITIncident:98732,2,15007949837672002580
ITIncident:98735,2,13907320440570291453
ITIncident:98744,2,10840642277301449521
ITIncident:98746,2,1060949045898282911
ITIncident:98749,2,8454285023148334203
ITIncident:98753,2,15291387016469773489
ITIncident:98756,2,8467095708061350999
ITIncident:98762,2,13140251080820540354
ITIncident:98774,2,16403012741685273953
ITIncident:98790,2,13915433912075626812
ITIncident:98793,2,4825612855767557374
ITIncident:98798,2,11741477006705743573
ITIncident:98803,2,2133345877675447670
ITIncident:98805,2,2607895720057202322
ITIncident:98808,2,8428424361851449402
ITIncident:98818,2,12739894927202821673
ITIncident:98824,2,491405782786900693
ITIncident:98832,2,10753528379608615331
ITIncident:98834,2,4025086314517839861
ITIncident:98846,2,12370265576632937627
ITIncident:98850,2,6187895934362477155
ITIncident:98853,2,15777731366497412576
ITIncident:98856,2,9414270621086404802
ITIncident:98864,2,18176604385210875770
ITIncident:98878,2,15682670844724506492
ITIncident:98884,0,6553596699256408038
ITIncident:98890,2,18314825607608938950
ITIncident:98903,2,10263689884309323070
ITIncident:98913,2,14800651783161543094
ITIncident:98921,1,3985596323479170174
ITIncident:98929,2,10027963259131569461
ITIncident:98932,2,5651313983145445138
ITIncident:98941,2,1487275276700772483
ITIncident:98958,0,7734092209206635869
ITIncident:98964,2,18169318386783735134
ITIncident:98967,2,5014921244532561391
ITIncident:98974,2,9610161808023393915
ITIncident:98977,2,3878642923403311347
ITIncident:98980,2,10252986347346636940
ITIncident:98983,2,12566513415925253793
ITIncident:98986,2,12566513415925253793
ITIncident:98989,2,12566513415925253793
ITIncident:98992,2,12566513415925253793
ITIncident:98995,2,12566513415925253793
ITIncident:98998,2,12566513415925253793
ITIncident:99002,2,10959779165412828921
ITIncident:99007,2,4252924270309019920
ITIncident:99010,2,10790560368693134722
ITIncident:99013,2,3995591087247831146
ITIncident:99020,2,12706398531415480083
ITIncident:99023,2,10324322884558598261
ITIncident:99026,2,12566513415925253793
ITIncident:99029,2,12566513415925253793
ITIncident:99032,2,8454285023148334203
ITIncident:99035,2,13907320440570291453
ITIncident:99041,2,10556024609837829038
ITIncident:99044,2,7710108934868597000
ITIncident:99047,2,8454285023148334203
ITIncident:99050,2,8677900765678582589
ITIncident:99054,2,18117812263516495178
ITIncident:99056,2,14002013353181829716
ITIncident:99060,2,326094551514189695
ITIncident:99065,2,2664189844521405819
ITIncident:99068,2,12566513415925253793
ITIncident:99071,2,6325782128206346200
ITIncident:99077,2,10646601182346086075
ITIncident:99080,2,5424838402845465494
ITIncident:99084,2,7764214386395421892
ITIncident:99092,2,10491960435374333930
ITIncident:99102,2,16472501278667700358
ITIncident:99106,2,6244594873069345513
ITIncident:99112,2,14680608519094557675
ITIncident:99120,2,2421413748366892323
ITIncident:99126,2,11793169503939549443
ITIncident:99130,2,11331992490530202973
ITIncident:99133,2,5424838402845465494
ITIncident:99137,2,157304339668817765
ITIncident:99140,2,4170799387676964688
ITIncident:99143,2,16233464798619045970
ITIncident:99152,2,10004057287099433793
ITIncident:99155,2,6747899806322993675
ITIncident:99159,2,2894310590756977997
ITIncident:99162,2,6473456897920130597
ITIncident:99165,2,18107018481663970584
ITIncident:99169,2,10814414280446712138
ITIncident:99173,2,16835550895421573541
ITIncident:99177,2,12673578784913538027
ITIncident:99185,2,11482566424429526103
ITIncident:99189,2,1120922508074742156
ITIncident:99198,2,16210815701741917133
ITIncident:99201,2,4970790503287525771
ITIncident:99206,2,6020974939829441662
ITIncident:99218,2,3443399792194354858
ITIncident:99224,2,12707843013439034295
ITIncident:99227,2,14638506984632233348
ITIncident:99234,2,18379634036264938295
ITIncident:99237,2,18092673801562337689
ITIncident:99241,2,4644710098858990353
ITIncident:99245,2,6497385546926075564
ITIncident:99249,2,13609440404668315939
ITIncident:99253,2,14987702106818394745
ITIncident:99258,2,16146473975051098138
ITIncident:99262,2,5166858343879999417
ITIncident:99265,2,9249293981459253177
ITIncident:99269,2,16690308185875919070
ITIncident:99289,2,14133909788978890787
ITIncident:99294,2,3322789353371230632
ITIncident:99298,2,5264104845247419634
ITIncident:99301,2,12111186344008580855
ITIncident:99304,2,11826512119767011956
ITIncident:99307,2,14943426247731400923
ITIncident:99313,2,5156051201017029316
ITIncident:99319,2,8943636091158567384
ITIncident:99323,2,10735264745567247435
ITIncident:99335,2,11510953160366434151
ITIncident:99338,2,13793519998764738858
ITIncident:99341,2,18107018481663970584
ITIncident:99348,2,910639425223259279
ITIncident:99351,2,2720767852184873207
ITIncident:99353,2,14092189543315237782
ITIncident:99357,2,8332491830572049197
ITIncident:99360,2,1396213510530255009
ITIncident:99362,2,5648952828920644308
ITIncident:99365,2,8210824655070818442
ITIncident:99380,2,3852157886258799873
ITIncident:99384,2,779145956123474872
ITIncident:99391,2,14431071421109716224
ITIncident:99396,0,14620217279995342149
ITIncident:99400,2,779145956123474872
ITIncident:99403,2,7764214386395421892
ITIncident:99409,2,15255770045328438830
ITIncident:99413,2,13609440404668315939
ITIncident:99416,2,1756794083429284604
ITIncident:99422,2,17199627142967943944
ITIncident:99426,2,8978490057166625748
ITIncident:99435,2,14803205550812433354
ITIncident:99439,2,11425008489597644879
ITIncident:99452,2,9107682091147586395
ITIncident:99456,2,2796681850147963724
ITIncident:99466,2,14042908919551895123
ITIncident:99481,2,12810652129754144336
ITIncident:99484,2,14054939879072650378
ITIncident:99487,2,4973758716662607309
ITIncident:99490,2,8569548176084057440
ITIncident:99494,2,185055246518440900
ITIncident:99501,2,16245730948969075121
ITIncident:99504,2,7429001495199026665
ITIncident:99508,2,17676264387905967872
ITIncident:99516,2,421057601142772833
ITIncident:99520,2,779145956123474872
ITIncident:99527,2,12340096980294071123
ITIncident:99532,2,13543433661198577441
ITIncident:99541,2,6547792361340904077
ITIncident:99553,2,761293674160753594
ITIncident:99556,2,3537795949063525846
ITIncident:99559,2,13486059015554322445
ITIncident:99562,2,17567569399494951094
ITIncident:99565,2,14259461788527010033
ITIncident:99570,2,17045456160624381878
ITIncident:99574,2,17090065763057524819
ITIncident:99578,2,818831147119926450
ITIncident:99586,2,4922235478536092731
ITIncident:99588,2,10538990098194470142
ITIncident:99598,2,11566112558834576075
ITIncident:99603,2,11383505425336020736
ITIncident:99607,2,10489829208078929175
ITIncident:99610,2,715318864010695106
ITIncident:99613,2,16479043657205106744
ITIncident:99617,2,779145956123474872
ITIncident:99620,2,12566513415925253793
ITIncident:99623,2,16479043657205106744
ITIncident:99635,0,13462581915602648903
ITIncident:99638,2,4865867624229447885
ITIncident:99644,2,16877751356877075483
ITIncident:99648,2,8606677547922192821
ITIncident:99655,2,9647612825923655724
ITIncident:99658,2,12566513415925253793
ITIncident:99662,2,779145956123474872
ITIncident:99665,2,9962755369772612295
ITIncident:99668,2,16742938575278070297
ITIncident:99671,2,12566513415925253793
ITIncident:99674,2,4838668988133220141
ITIncident:99681,2,14557744496006817420
ITIncident:99684,2,11941983517648316853
ITIncident:99687,2,1788593892512025422
ITIncident:99690,2,12566513415925253793
ITIncident:99698,2,2952638797995800920
ITIncident:99701,2,12566513415925253793
ITIncident:99712,2,5918131445409275806
ITIncident:99715,2,7460886445797280769
ITIncident:99718,2,12566513415925253793
ITIncident:99721,2,12566513415925253793
ITIncident:99724,2,13793519998764738858
ITIncident:99733,2,16248953699259070965
ITIncident:99736,2,12566513415925253793
ITIncident:99751,2,16725464311362664172
ITIncident:99754,2,12566513415925253793
ITIncident:99757,2,12566513415925253793
ITIncident:99760,2,12566513415925253793
ITIncident:99766,2,880475854546887014
ITIncident:99772,2,9276298662043514828
ITIncident:99775,2,4197163780410556039
ITIncident:99781,2,14582447854548985346
ITIncident:99784,2,9249293981459253177
ITIncident:99788,2,14056244141616709888
ITIncident:99791,2,9249293981459253177
ITIncident:99794,2,2941048360625129140
ITIncident:99799,2,15272672722118271205
ITIncident:99802,2,2356181819777856285
ITIncident:99808,2,1583346681514861791
ITIncident:99812,2,2800451571465944075
ITIncident:99815,2,18049404389615743352
ITIncident:99826,2,31608512853833878
ITIncident:99829,2,5756227447224908456
ITIncident:99840,2,15552276725225565861
ITIncident:99844,2,5799700145259230073
ITIncident:99849,2,17985832666741554488
ITIncident:99855,2,16300060318800806858
ITIncident:99860,2,13272809448322788788
ITIncident:99863,2,4970790503287525771
ITIncident:99867,2,326094551514189695
ITIncident:99870,2,18107018481663970584
ITIncident:99873,2,7781703138731223572
ITIncident:99881,2,8283542565143286115
ITIncident:99884,2,4970790503287525771
ITIncident:99888,2,9209272897014261307
ITIncident:99894,2,14584701256035216587
ITIncident:99898,2,6130916653495199175
ITIncident:99904,2,1292751407081565907
ITIncident:99909,2,12759629760479947079
ITIncident:99912,2,13907320440570291453
ITIncident:99915,2,10790560368693134722
ITIncident:99921,2,9813032170697914694
ITIncident:99929,2,2305396768669840525
ITIncident:99935,2,1369026547820804832
ITIncident:99939,2,4134928472158418634
ITIncident:99942,2,5776839542834866646
ITIncident:99946,2,2291156752456281032
ITIncident:99951,2,14182529534470489547
ITIncident:99964,2,7608643933069129827
ITIncident:99967,2,13671702094733656956
ITIncident:99969,2,14591051636706910714
ITIncident:99979,2,10068205548492743638
ITIncident:99986,2,6829725155809652375
ITIncident:99988,2,16461242220797832151
ITIncident:99995,2,13865015094560719193
ITIncident:99998,2,12562845948800519212
ITIncident:100000,2,12986782226008748585
ITIncident:100005,2,3936556762042844055
ITIncident:100010,2,7376344241093050330
ITIncident:100023,2,17352317517558927319
ITIncident:100027,2,11753805828714841769
ITIncident:100030,2,4970790503287525771
ITIncident:100038,2,18209429079083963456
ITIncident:100041,2,9382485160376687172
ITIncident:100047,2,11090342792740947844
ITIncident:100056,2,8823948349360601396
ITIncident:100059,2,7134017149487009416
ITIncident:100065,2,7379851082752716507
ITIncident:100069,2,1803325969907303171
ITIncident:100079,2,8139314281587166048
ITIncident:100081,2,17415543075242652528
ITIncident:100087,2,12579975621612036145
ITIncident:100090,1,15089737664886866410
ITIncident:100096,2,12579975621612036145
ITIncident:100101,2,284614009885123129
ITIncident:100106,2,284614009885123129
ITIncident:100112,2,12579975621612036145
ITIncident:100118,2,12579975621612036145
ITIncident:100126,2,8496468187092583520
ITIncident:100132,2,2415601388362611557
ITIncident:100137,2,17158260411100868973
ITIncident:100140,2,13907320440570291453
ITIncident:100143,2,4970790503287525771
ITIncident:100160,2,14234974366108888423
ITIncident:100164,2,3716943649357004663
ITIncident:100167,2,8366561302696807707
ITIncident:100170,2,13793519998764738858
ITIncident:100186,2,1532348872788431862
ITIncident:100198,2,17590217415012179292
ITIncident:100201,2,15738967823535717785
ITIncident:100205,2,13937681078683173943
ITIncident:100210,2,2848407572478318109
ITIncident:100222,2,13908183842753371314
ITIncident:100226,2,7065259006650655464
ITIncident:100229,2,6680034160740047843
ITIncident:100236,2,8168464888648471749
ITIncident:100239,2,7905480602934059517
ITIncident:100244,2,4807981957040359431
ITIncident:100247,2,17021656955853456256
ITIncident:100255,0,16108210036468777207
ITIncident:100258,2,9249293981459253177
ITIncident:100268,2,16710045330063974863
ITIncident:100280,2,10374255897687751019
ITIncident:100288,2,14498866981230689721
ITIncident:100294,2,16435455493345986853
ITIncident:100297,2,8811568238316324770
ITIncident:100301,2,17960089065461355709
ITIncident:100304,2,5651313983145445138
ITIncident:100307,2,4170799387676964688
ITIncident:100309,2,5408694821547344994
ITIncident:100313,2,18075725933803700937
ITIncident:100316,2,7781703138731223572
ITIncident:100318,2,13380093800051452137
ITIncident:100323,2,15288199016779112494
ITIncident:100326,2,13793519998764738858
ITIncident:100328,2,17415543075242652528
ITIncident:100343,2,17591548521258908795
ITIncident:100350,2,1795348446042266904
ITIncident:100353,2,17923149777136964216
ITIncident:100355,2,18339474784138063903
ITIncident:100358,2,12847637602087586750
ITIncident:100370,2,9480599267251868595
ITIncident:100384,2,2192470032131713319
ITIncident:100387,2,17923149777136964216
ITIncident:100407,2,457815590926405024
ITIncident:100410,2,17998021835517520642
ITIncident:100416,2,7637780895257295813
ITIncident:100419,2,14588781002907337625
ITIncident:100427,2,17688533708881872694
ITIncident:100429,2,3582881113766432677
ITIncident:100435,2,8061013048867401941
ITIncident:100448,2,7441874430634345494
ITIncident:100453,2,18201715298815252331
ITIncident:100455,2,5459633407471407827
ITIncident:100461,2,8963994166223653760
ITIncident:100465,2,14023920179715060458
ITIncident:100468,2,6680034160740047843
ITIncident:100476,2,963376458765939053
ITIncident:100479,2,12750753737349537572
ITIncident:100482,2,5079188346080904344
ITIncident:100491,2,4211500650563691000
ITIncident:100494,2,5079188346080904344
ITIncident:100497,2,5079188346080904344
ITIncident:100500,2,5079188346080904344
ITIncident:100507,2,12142536060124919537
ITIncident:100510,2,13889359510655308622
ITIncident:100513,2,13889359510655308622
ITIncident:100516,2,13889359510655308622
ITIncident:100520,2,7600283749427267868
ITIncident:100523,2,13889359510655308622
ITIncident:100526,2,5008251503178156050
ITIncident:100528,2,14591051636706910714
ITIncident:100531,2,9158246441948552276
ITIncident:100535,2,7600283749427267868
ITIncident:100538,2,13889359510655308622
ITIncident:100544,0,10580543323909469886
ITIncident:100547,2,13622585845838544168
ITIncident:100550,2,13889359510655308622
ITIncident:100554,2,547338747476157346
ITIncident:100557,2,13889359510655308622
ITIncident:100559,2,10538990098194470142
ITIncident:100563,2,818831147119926450
ITIncident:100567,2,13415703780551647090
ITIncident:100571,2,818831147119926450
ITIncident:100575,2,11495711391599572311
ITIncident:100578,2,9883565520559376591
ITIncident:100587,2,15666534934163053179
ITIncident:100590,2,15738967823535717785
ITIncident:100592,2,6579084634067491004
ITIncident:100595,2,7781703138731223572
ITIncident:100602,2,8178338495795670053
ITIncident:100605,2,1659546481906049225
ITIncident:100607,2,5408694821547344994
ITIncident:100610,2,8887969814688353327
ITIncident:100615,2,10387644726566882202
ITIncident:100620,2,278174897164071018
ITIncident:100634,2,15565908713443472622
ITIncident:100637,2,2613007622536025887
ITIncident:100647,2,3120656485777811895
ITIncident:100650,2,8454285023148334203
ITIncident:100657,2,9095068246707352447
ITIncident:100666,2,15298013586780339259
ITIncident:100669,2,18107018481663970584
ITIncident:100673,2,1609990673650143440
ITIncident:100676,2,13907320440570291453
ITIncident:100678,2,5459633407471407827
ITIncident:100684,2,37351459418063557
ITIncident:100690,2,659781196180286780
ITIncident:100696,2,12292571716842548866
ITIncident:100708,2,13597055782274764965
ITIncident:100711,2,8263564238637363600
ITIncident:100714,2,13907320440570291453
ITIncident:100717,2,6510675725759131472
ITIncident:100720,2,7728197512620073909
ITIncident:100723,2,13907320440570291453
ITIncident:100730,2,15076859221907653197
ITIncident:100736,2,2476827938807595440
ITIncident:100740,2,3408027773802409628
ITIncident:100743,2,5944073975788937741
ITIncident:100748,2,8649913471474918212
ITIncident:100751,2,18107018481663970584
ITIncident:100759,2,3419991903408501732
ITIncident:100770,2,18110536685536165593
ITIncident:100780,2,10667444007306018941
ITIncident:100782,2,13729575333001681167
ITIncident:100787,2,3803788700629047449
ITIncident:100789,2,10279587454513540430
ITIncident:100792,2,18107018481663970584
ITIncident:100795,2,18107018481663970584
ITIncident:100801,2,7884349511402767123
ITIncident:100805,2,13032349234628589391
ITIncident:100814,0,15006064344597653711
ITIncident:100819,2,13693218945159958652
ITIncident:100822,2,15285623188414700595
ITIncident:100825,2,12111186344008580855
ITIncident:100834,2,14809064491228236296
ITIncident:100842,2,8258782614737128333
ITIncident:100845,2,3618713207814074437
ITIncident:100848,2,7495319408583843556
ITIncident:100853,2,8590751507136781860
ITIncident:100856,2,9249293981459253177
ITIncident:100861,2,7830768934669862557
ITIncident:100865,2,421679701633615330
ITIncident:100876,2,7797931480074832823
ITIncident:100882,2,8228498421160244460
ITIncident:100885,2,12111186344008580855
ITIncident:100888,2,9249293981459253177
ITIncident:100895,2,18376730279213598610
ITIncident:100901,2,17096179755087951467
ITIncident:100904,2,12111186344008580855
ITIncident:100914,2,5486648905354609965
ITIncident:100919,2,17629125021634108362
ITIncident:100927,2,16680905050445443917
ITIncident:100930,2,6680034160740047843
ITIncident:100937,2,10452036726844587502
ITIncident:100943,2,3252097353545280067
ITIncident:100952,2,17425104824596420917
ITIncident:100958,2,3520377938882003376
ITIncident:100961,2,6680034160740047843
ITIncident:100969,2,16266839638078614169
ITIncident:100971,2,13724935241414003879
ITIncident:100973,2,14917940356615828688
ITIncident:100976,2,4782898608022058204
ITIncident:100979,2,2261776188131475990
ITIncident:100981,2,11859186153032159539
ITIncident:100983,2,8162990939996356817
ITIncident:100987,2,18036375337265419046
ITIncident:100990,2,5603165706084929478
ITIncident:100995,2,15184965265293509891
ITIncident:100997,2,12022448501677072652
ITIncident:101004,2,3252297771116682988
ITIncident:101006,2,209950719051248138
ITIncident:101009,2,2356181819777856285
ITIncident:101011,2,6234142832234321229
ITIncident:101013,2,6234142832234321229
ITIncident:101019,2,8168810189632017368
ITIncident:101022,2,3833073591729405010
ITIncident:101027,2,5502094568268997768
ITIncident:101029,2,7459332610541630896
ITIncident:101040,2,4536469530454165181
ITIncident:101044,2,3591148897653522886
ITIncident:101048,2,2455559080398788729
ITIncident:101051,2,16722913326170480828
ITIncident:101056,2,6808692735960108912
ITIncident:101060,2,1240648335911162927
ITIncident:101062,2,15237301139014346805
ITIncident:101066,2,6111291810082721000
ITIncident:101068,2,4662393825693057698
ITIncident:101071,2,9249293981459253177
ITIncident:101074,2,6874461019933155441
ITIncident:101078,2,15360139355134524416
ITIncident:101084,2,8837360424134882247
ITIncident:101088,2,17998021835517520642
ITIncident:101097,2,11022847936038998304
ITIncident:101100,2,5847458114820431739
ITIncident:101113,2,17387327372502604289
ITIncident:101119,2,1076621622506634586
ITIncident:101122,2,5590259930751394025
ITIncident:101125,2,10045153618112787814
ITIncident:101131,2,10329532976790416436
ITIncident:101146,2,294510623777035435
ITIncident:101149,2,12566513415925253793
ITIncident:101152,2,5847458114820431739
ITIncident:101155,2,13671702094733656956
ITIncident:101158,2,12566513415925253793
ITIncident:101161,2,12566513415925253793
ITIncident:101164,2,12566513415925253793
ITIncident:101167,2,12566513415925253793
ITIncident:101170,2,12566513415925253793
ITIncident:101173,2,12566513415925253793
ITIncident:101176,2,12566513415925253793
ITIncident:101179,2,12566513415925253793
ITIncident:101182,2,12566513415925253793
ITIncident:101185,2,1238249571474510098
ITIncident:101188,2,12566513415925253793
ITIncident:101191,2,4838668988133220141
ITIncident:101194,2,11941983517648316853
ITIncident:101197,2,12566513415925253793
ITIncident:101200,2,12566513415925253793
ITIncident:101203,2,6463408154983793972
ITIncident:101206,2,2613007622536025887
ITIncident:101214,2,3330261566766594586
ITIncident:101217,2,6473456897920130597
ITIncident:101219,2,5408694821547344994
ITIncident:101225,0,4358783449396951142
ITIncident:101228,2,12566513415925253793
ITIncident:101232,2,12278121008703302102
ITIncident:101236,2,11628169015520017486
ITIncident:101242,2,10683031925156389519
ITIncident:101245,2,7905480602934059517
ITIncident:101248,2,12111186344008580855
ITIncident:101259,2,6052209069071678735
ITIncident:101267,0,15425179091343387874
ITIncident:101280,2,17098731231381373625
ITIncident:101286,0,10329532976790416436
ITIncident:101292,1,15932464735892586692
ITIncident:101297,1,15932464735892586692
ITIncident:101302,1,15932464735892586692
ITIncident:101307,1,15932464735892586692
ITIncident:101310,2,4948565937945971902
ITIncident:101313,2,9781367246059980057
ITIncident:101319,2,11920672928442413892
ITIncident:101329,2,11646793390133910254
ITIncident:101331,2,12542607608463492274
ITIncident:101337,2,12973670298823304556
ITIncident:101345,2,12473182902777205483
ITIncident:101349,2,14586352155407499650
ITIncident:101352,2,13671702094733656956
ITIncident:101376,0,17167997024750193573
ITIncident:101381,2,12449407316626015779
ITIncident:101387,2,11920672928442413892
ITIncident:101392,2,1839513880575797927
ITIncident:101395,2,1818354946605286282
ITIncident:101398,2,2113718247392916067
ITIncident:101402,2,12531822347965353080
ITIncident:101405,2,12111186344008580855
ITIncident:101410,2,10094024039528634172
ITIncident:101413,2,988907916484808176
ITIncident:101418,2,8301279231326076389
ITIncident:101429,2,8830545057954828560
ITIncident:101439,2,3259242671341670259
ITIncident:101442,2,3081479852638945825
ITIncident:101452,2,1024610077079000557
ITIncident:101459,2,2027957173999622976
ITIncident:101462,2,13671702094733656956
ITIncident:101466,2,1067091021443369198
ITIncident:101469,2,1180304451146704089
ITIncident:101474,2,5185549807144901618
ITIncident:101477,2,6680034160740047843
ITIncident:101480,2,9249293981459253177
ITIncident:101483,2,6325782128206346200
ITIncident:101488,2,15537819120454233319
ITIncident:101491,2,17010168676067932334
ITIncident:101498,2,17706134803198563596
ITIncident:101501,2,13793519998764738858
ITIncident:101504,2,5410088462074180620
ITIncident:101512,2,1810375828203141452
ITIncident:101517,2,18079861502656937859
ITIncident:101522,2,15297861187421907573
ITIncident:101525,2,6680034160740047843
ITIncident:101533,2,5635744364980884418
ITIncident:101536,2,13671702094733656956
ITIncident:101540,2,7923119473346872350
ITIncident:101543,2,3860296085229698968
ITIncident:101547,2,6717391001374190080
ITIncident:101550,2,4825612855767557374
ITIncident:101554,2,4026664395675299165
ITIncident:101557,2,11489268656561187835
ITIncident:101560,2,9249293981459253177
ITIncident:101563,2,12750753737349537572
ITIncident:101572,2,18191284802647275719
ITIncident:101576,2,1598461941710952873
ITIncident:101579,2,13420479451902125817
ITIncident:101582,2,13793519998764738858
ITIncident:101586,2,9342526785627091158
ITIncident:101589,2,13208094573169402413
ITIncident:101593,2,7764214386395421892
ITIncident:101596,2,12633799970552907055
ITIncident:101599,2,11171411085336492370
ITIncident:101602,2,13191315888390237100
ITIncident:101606,2,14791852513079202755
ITIncident:101616,2,3274186348466518047
ITIncident:101619,2,11241665385586338809
ITIncident:101622,2,11171411085336492370
ITIncident:101625,2,13671702094733656956
ITIncident:101636,2,12828024158852638197
ITIncident:101642,2,15012564604981320609
ITIncident:101645,2,7462414758150857366
ITIncident:101650,2,10319103882011928126
ITIncident:101653,2,9249293981459253177
ITIncident:101658,2,2197367905907293209
ITIncident:101661,2,9249293981459253177
ITIncident:101664,2,1818354946605286282
ITIncident:101669,2,16979705469517784483
ITIncident:101672,2,12415076090769905746
ITIncident:101675,2,7905480602934059517
ITIncident:101680,2,14262899188376089631
ITIncident:101685,2,9235727152653340065
ITIncident:101688,2,9249293981459253177
ITIncident:101692,2,2245612626377535964
ITIncident:101695,2,7905480602934059517
ITIncident:101707,2,9228077635021240650
ITIncident:101710,2,13793519998764738858
ITIncident:101724,2,688264015696496149
ITIncident:101727,2,11171411085336492370
ITIncident:101735,2,15647137133028333544
ITIncident:101738,2,9249293981459253177
ITIncident:101741,2,11384798886519269463
ITIncident:101744,2,4970790503287525771
ITIncident:101749,2,9470180367970902295
ITIncident:101752,2,12111186344008580855
ITIncident:101755,2,9461847028721391878
ITIncident:101759,2,1221663782296924841
ITIncident:101763,2,1512369327579333077
ITIncident:101767,2,6187895934362477155
ITIncident:101770,2,13671702094733656956
ITIncident:101777,2,8413457671033771159
ITIncident:101780,2,6451488489822793102
ITIncident:101783,2,12111186344008580855
ITIncident:101787,2,13609440404668315939
ITIncident:101793,2,8454069188104035393
ITIncident:101796,2,14308461358152788757
ITIncident:101799,2,12752542529315788541
ITIncident:101802,2,13793519998764738858
ITIncident:101805,2,7905480602934059517
ITIncident:101808,2,7063613921811368704
ITIncident:101811,2,6680034160740047843
ITIncident:101814,2,3326289593591017948
ITIncident:101817,2,18107018481663970584
ITIncident:101821,2,8308734025506329212
ITIncident:101825,2,16567294672716952926
ITIncident:101829,2,17723785639102653347
ITIncident:101833,2,2709757731775230250
ITIncident:101849,2,17133401554864748591
ITIncident:101852,2,9249293981459253177
ITIncident:101855,2,8887969814688353327
ITIncident:101858,2,9249293981459253177
ITIncident:101861,2,18107018481663970584
ITIncident:101864,2,2369134139554927280
ITIncident:101867,2,7905480602934059517
ITIncident:101871,2,11534799101278601501
ITIncident:101879,2,3317487253408942217
ITIncident:101882,2,14308461358152788757
ITIncident:101887,2,14511484953201443471
ITIncident:101894,2,5921620401744505415
ITIncident:101905,2,15195085229093348052
ITIncident:101909,2,16326632452141869181
ITIncident:101912,2,15912221592041590224
ITIncident:101929,2,15555657006705111482
ITIncident:101932,2,4825612855767557374
ITIncident:101939,2,8957669478976088825
ITIncident:101943,2,420134394973417254
ITIncident:101958,2,14824657196975534133
ITIncident:101962,2,3141510964053546947
ITIncident:101973,2,15914145767704313558
ITIncident:101985,2,16437703879748987584
ITIncident:101989,2,13780418306135185923
ITIncident:101992,2,3317529716695318319
ITIncident:101998,2,12195804342103625448
ITIncident:102001,2,16479043657205106744
ITIncident:102004,2,2802323676490830801
ITIncident:102013,2,7260806406285469500
ITIncident:102016,2,17051991035066492572
ITIncident:102024,2,18066271379675057762
ITIncident:102027,2,7905480602934059517
ITIncident:102031,2,13609440404668315939
ITIncident:102037,2,9282646915680763720
ITIncident:102040,2,14784134479820324535
ITIncident:102043,2,13671702094733656956
ITIncident:102046,2,754095797466917776
ITIncident:102052,2,13191040614621521630
ITIncident:102058,2,14652256274858985507
ITIncident:102062,2,16326632452141869181
ITIncident:102082,0,8840254807185224508
ITIncident:102085,2,9249293981459253177
ITIncident:102088,2,14680969947636597948
ITIncident:102092,2,9667433581384912264
ITIncident:102095,2,10424834321528892736
ITIncident:102112,2,14401216108637762204
ITIncident:102115,2,1305345008695049318
ITIncident:102118,2,16479043657205106744
ITIncident:102127,0,14345036223551216183
ITIncident:102134,2,13166872230719583193
ITIncident:102142,2,10843725439026057621
ITIncident:102146,2,2800352227736392204
ITIncident:102151,2,10354611812954491864
ITIncident:102154,2,13793519998764738858
ITIncident:102164,2,1670686134060486434
ITIncident:102170,2,6086477857518474829
ITIncident:102177,2,8515283546857612907
ITIncident:102180,2,8412505904353268348
ITIncident:102188,2,811352004992029962
ITIncident:102193,2,6064698477826060548
ITIncident:102200,2,11936356187442128706
ITIncident:102207,2,17822252177260792861
ITIncident:102210,2,7905480602934059517
ITIncident:102213,2,13793519998764738858
ITIncident:102217,2,11495711391599572311
ITIncident:102220,2,18107018481663970584
ITIncident:102224,2,16342854297218084063
ITIncident:102227,2,16557851840817232695
ITIncident:102233,2,3246092435839616858
ITIncident:102239,2,14577836121520884432
ITIncident:102241,2,18339474784138063903
ITIncident:102244,2,6473456897920130597
ITIncident:102251,2,12268087768367908207
ITIncident:102255,2,15405565095667241537
ITIncident:102261,2,11476968695743440838
ITIncident:102266,2,8949551305904739946
ITIncident:102270,2,11495711391599572311
ITIncident:102273,2,3860296085229698968
ITIncident:102276,2,9249293981459253177
ITIncident:102281,2,10581534948911024232
ITIncident:102284,2,2261776188131475990
ITIncident:102287,2,6052451010235511762
ITIncident:102290,2,5014921244532561391
ITIncident:102293,2,12111186344008580855
ITIncident:102296,2,15950472554911266130
ITIncident:102303,2,1518425164990545018
ITIncident:102311,2,9556929776656530068
ITIncident:102329,2,6491648239396167453
ITIncident:102339,2,12382591731057197151
ITIncident:102342,2,4970790503287525771
ITIncident:102345,2,7557963363278366463
ITIncident:102359,2,15895348725865193381
ITIncident:102366,2,4320517819243661480
ITIncident:102369,2,6874461019933155441
ITIncident:102372,2,7905480602934059517
ITIncident:102376,2,3858530646499454551
ITIncident:102380,2,15062389976322578153
ITIncident:102383,2,2792393499089718627
ITIncident:102386,2,2802323676490830801
ITIncident:102389,2,13671702094733656956
ITIncident:102398,2,5497109684216702774
ITIncident:102401,2,17982477976005099269
ITIncident:102407,2,3198634401692752266
ITIncident:102410,2,12111186344008580855
ITIncident:102414,2,2710263906973584976
ITIncident:102425,2,681870545897702026
ITIncident:102445,2,1762063674376540028
ITIncident:102449,2,3611226263672276391
ITIncident:102452,2,3830112598552115530
ITIncident:102467,2,2631315631776842137
ITIncident:102470,2,11296662894100087200
ITIncident:102473,2,12111186344008580855
ITIncident:102477,2,17994377752441030592
ITIncident:102480,2,17813028259618158589
ITIncident:102485,2,9546226059996004116
ITIncident:102493,2,7739080949340512012
ITIncident:102496,2,9249293981459253177
ITIncident:102501,2,10669038668885292770
ITIncident:102507,2,12170268287137239793
ITIncident:102513,2,16003839654821787260
ITIncident:102516,2,15691528480489960228
ITIncident:102519,2,4008598003523969254
ITIncident:102522,2,13793519998764738858
ITIncident:102525,2,15537455914151057765
ITIncident:102528,2,15691528480489960228
ITIncident:102531,2,15691528480489960228
ITIncident:102536,2,18380472434543962601
ITIncident:102545,2,11409882874986983884
ITIncident:102559,2,15456152389565365441
ITIncident:102562,2,15740620611146833109
ITIncident:102565,2,4312585277583358758
ITIncident:102571,2,4923922134755509749
ITIncident:102578,2,8936029134784548315
ITIncident:102581,2,7134017149487009416
ITIncident:102587,2,17268134767443400474
ITIncident:102590,2,3737299930626452468
ITIncident:102595,2,10918716406445214184
ITIncident:102599,2,9751988101372402298
ITIncident:102602,2,16621464696340030699
ITIncident:102605,2,7612394984402357546
ITIncident:102608,2,13222565547083088341
ITIncident:102611,2,15740620611146833109
ITIncident:102615,2,6696820583603598167
ITIncident:102621,2,10329532976790416436
ITIncident:102625,2,6128787461007767103
ITIncident:102640,2,6098587044922341908
ITIncident:102646,2,7771482396096078615
ITIncident:102649,2,4933294109534722157
ITIncident:102653,2,3702491348164889259
ITIncident:102656,2,8366561302696807707
ITIncident:102662,2,10547754599328646289
ITIncident:102665,2,4970790503287525771
ITIncident:102668,2,12111186344008580855
ITIncident:102678,2,15311120443034308854
ITIncident:102681,2,6053363521673595064
ITIncident:102687,2,9210590895649127493
ITIncident:102702,2,17256911242684121554
ITIncident:102710,2,18140107172873173792
ITIncident:102714,2,14987702106818394745
ITIncident:102717,2,7905480602934059517
ITIncident:102722,2,16835550895421573541
ITIncident:102726,2,3496338186111970553
ITIncident:102731,2,15018927641423018123
ITIncident:102739,2,8014252461643589285
ITIncident:102743,2,7923119473346872350
ITIncident:102752,2,3884916998387048981
ITIncident:102757,2,10834489415557549982
ITIncident:102760,2,6747899806322993675
ITIncident:102764,2,13609440404668315939
ITIncident:102768,2,2894310590756977997
ITIncident:102771,2,13648118712173299818
ITIncident:102774,2,4825612855767557374
ITIncident:102777,2,4970790503287525771
ITIncident:102781,2,9272998470356989480
ITIncident:102784,2,15758333477773338058
ITIncident:102786,2,1761484498738387395
ITIncident:102789,2,12111186344008580855
ITIncident:102798,2,76826073661376302
ITIncident:102807,2,8961302717835572239
ITIncident:102810,2,12068614284559441717
ITIncident:102814,2,215765701236947300
ITIncident:102827,2,15312438389832192598
ITIncident:102830,2,10548154920237998508
ITIncident:102832,2,13558822217469815122
ITIncident:102838,2,226936446942017160
ITIncident:102841,2,14033758804687129154
ITIncident:102844,2,9249293981459253177
ITIncident:102847,2,13381206755915008328
ITIncident:102858,2,8198406793845840201
ITIncident:102862,2,6885403774331683450
ITIncident:102865,2,8019416891269177380
ITIncident:102869,2,12954958573275908344
ITIncident:102871,2,10793563583709759966
ITIncident:102875,2,13097485038592073305
ITIncident:102877,2,7866398127594921580
ITIncident:102884,2,3439901804775020152
ITIncident:102888,2,6120228581989855378
ITIncident:102897,2,13945287712756810873
ITIncident:102900,2,7905480602934059517
ITIncident:102904,2,5114370364415396214
ITIncident:102909,2,14235795055694888500
ITIncident:102915,2,4131233871860441797
ITIncident:102923,2,11816972636290520652
ITIncident:102926,2,4170799387676964688
ITIncident:102928,2,2032677178594941904
ITIncident:102931,2,13381206755915008328
ITIncident:102936,2,16349266020956052201
ITIncident:102940,2,15062389976322578153
ITIncident:102944,2,18075725933803700937
ITIncident:102951,2,2290335726979804974
ITIncident:102955,2,11246772995751112959
ITIncident:102959,2,7527139116880738664
ITIncident:102967,2,9078786607153402420
ITIncident:102975,2,9393091876068545088
ITIncident:102979,2,2796681850147963724
ITIncident:102982,2,9211073219976663513
ITIncident:102985,2,12111186344008580855
ITIncident:102990,2,12581023144572490732
ITIncident:102994,2,421679701633615330
ITIncident:103016,2,6198874224519510235
ITIncident:103021,2,3556761974901026865
ITIncident:103030,2,2470909743391587535
ITIncident:103038,2,13473579142640559668
ITIncident:103041,2,15371486775399110953
ITIncident:103044,2,1587068171639818852
ITIncident:103047,2,15689559126921592650
ITIncident:103051,2,421679701633615330
ITIncident:103058,2,14377728811644435920
ITIncident:103061,2,9249293981459253177
ITIncident:103065,2,7761411290123958630
ITIncident:103068,2,9781367246059980057
ITIncident:103072,2,7900786305427956932
ITIncident:103079,2,9376226269913459170
ITIncident:103091,2,18345420890241532814
ITIncident:103095,2,3042008633116426437
ITIncident:103100,2,10586541894739131331
ITIncident:103109,2,8933994564907706432
ITIncident:103119,2,7796174544239289696
ITIncident:103123,2,2071184943732052030
ITIncident:103132,2,2751566474891649397
ITIncident:103135,0,1281791991335297470
ITIncident:103138,2,6680034160740047843
ITIncident:103141,2,10790560368693134722
ITIncident:103144,2,715318864010695106
ITIncident:103150,2,10022675187042420142
ITIncident:103154,2,2262423392523131365
ITIncident:103158,2,8270660960847251116
ITIncident:103161,2,6641294971526865521
ITIncident:103165,2,7761411290123958630
ITIncident:103168,2,2613007622536025887
ITIncident:103172,2,818831147119926450
ITIncident:103180,2,17475354110164707596
ITIncident:103185,2,6979110099425004710
ITIncident:103188,2,4970790503287525771
ITIncident:103196,2,394681885449389532
ITIncident:103199,2,17196189899786825628
ITIncident:103206,2,11259223346419866904
ITIncident:103210,2,9220791538220591096
ITIncident:103212,2,10341926692415981131
ITIncident:103215,2,17343501743590284826
ITIncident:103218,2,7408842445688912480
ITIncident:103226,0,7094191999472963388
ITIncident:103228,2,12256838431153728563
ITIncident:103232,2,7065259006650655464
ITIncident:103235,2,4170799387676964688
ITIncident:103240,2,14550462800120547025
ITIncident:103243,2,15949422159510662295
ITIncident:103246,2,13907320440570291453
ITIncident:103254,2,17573020191449849103
ITIncident:103259,2,13775665484096494426
ITIncident:103262,2,14680969947636597948
ITIncident:103265,2,12380831226766660961
ITIncident:103268,2,13671702094733656956
ITIncident:103274,2,17403744976596502927
ITIncident:103277,2,2356181819777856285
ITIncident:103283,2,8943636091158567384
ITIncident:103286,2,10790560368693134722
ITIncident:103291,2,12180471819870518467
ITIncident:103299,2,4440520330136763344
ITIncident:103306,2,6415264435929288109
ITIncident:103310,2,13913756218200767382
ITIncident:103313,2,12111186344008580855
ITIncident:103321,0,11412184375091087518
ITIncident:103328,2,3617073403489766009
ITIncident:103335,2,4617135688266955853
ITIncident:103343,2,14299970115996254706
ITIncident:103347,2,18293367134155323176
ITIncident:103351,2,12834844040578947216
ITIncident:103357,2,12371693873944590215
ITIncident:103359,2,13065189710568221461
ITIncident:103362,2,6451488489822793102
ITIncident:103365,2,3525536084375236026
ITIncident:103369,2,3310532943648659353
ITIncident:103373,2,3310532943648659353
ITIncident:103378,2,16174443947755717129
ITIncident:103381,2,2113718247392916067
ITIncident:103383,2,5611296811108556061
ITIncident:103386,2,11733536510398794419
ITIncident:103392,2,4929634736019947042
ITIncident:103395,2,8739846062254999821
ITIncident:103398,2,9526857938660062578
ITIncident:103402,2,13207925128982030596
ITIncident:103405,2,4554234737638796152
ITIncident:103410,2,17052188543384854188
ITIncident:103422,2,18115492264186685298
ITIncident:103424,2,15700050980871181311
ITIncident:103426,2,15247542096022240057
ITIncident:103439,2,5465029334039642668
ITIncident:103443,2,5451828945762669489
ITIncident:103450,2,12529036805549493028
ITIncident:103453,2,14039805105690263466
ITIncident:103461,2,10954255045797344776
ITIncident:103465,2,9854470115984016068
ITIncident:103477,2,3995215924819624902
ITIncident:103481,2,10160096921358750538
ITIncident:103485,2,18150440883952590098
ITIncident:103496,2,6775051209702922943
ITIncident:103500,2,11006438995394371473
ITIncident:103503,2,530711110409190105
ITIncident:103507,2,15255009210638371803
ITIncident:103510,0,13404011181128932639
ITIncident:103524,2,16920287688101143883
ITIncident:103533,2,3633673384558097341
ITIncident:103538,2,4631265400456486375
ITIncident:103543,2,8774089469683552060
ITIncident:103551,2,8865070386981417780
ITIncident:103555,2,6762775065402085308
ITIncident:103564,0,15615413687824121756
ITIncident:103567,2,4629543166991602840
ITIncident:103573,2,5427593709654644362
ITIncident:103578,2,9970045536802434087
ITIncident:103581,2,9249293981459253177
ITIncident:103584,2,13793519998764738858
ITIncident:103593,2,6555719640436176630
ITIncident:103609,2,9239647067406224623
ITIncident:103613,2,12289151969354094504
ITIncident:103622,2,12491842872711600295
ITIncident:103626,2,6473693712091668806
ITIncident:103635,2,2759180368158090565
ITIncident:103638,2,8887969814688353327
ITIncident:103645,2,4688751704661405505
ITIncident:103654,2,15186771386529785492
ITIncident:103657,2,13793519998764738858
ITIncident:103661,2,7599281298094248753
ITIncident:103666,2,2848407572478318109
ITIncident:103677,2,14782679597194408002
ITIncident:103680,2,2802323676490830801
ITIncident:103688,2,9753592507052764179
ITIncident:103699,2,14970935186159188173
ITIncident:103701,2,10927789776271377249
ITIncident:103717,2,3472772786453519098
ITIncident:103725,0,10732551896359269139
ITIncident:103728,2,17923149777136964216
ITIncident:103732,2,2324965632557094438
ITIncident:103737,2,15730553402972043818
ITIncident:103740,2,4948565937945971902
ITIncident:103743,2,9045237475565953104
ITIncident:103747,2,1133879260562910819
ITIncident:103749,2,2227388970451998165
ITIncident:103752,2,14308461358152788757
ITIncident:103755,2,12111186344008580855
ITIncident:103758,2,4970790503287525771
ITIncident:103761,1,6473456897920130597
ITIncident:103763,1,10995426386566563328
ITIncident:103765,1,10995426386566563328
ITIncident:103767,1,10995426386566563328
ITIncident:103769,1,10995426386566563328
ITIncident:103771,1,10995426386566563328
ITIncident:103773,1,10995426386566563328
ITIncident:103775,1,10995426386566563328
ITIncident:103777,1,10995426386566563328
ITIncident:103779,1,10995426386566563328
ITIncident:103781,1,10995426386566563328
ITIncident:103783,1,10995426386566563328
ITIncident:103785,1,10995426386566563328
ITIncident:103787,1,10995426386566563328
ITIncident:103789,1,10995426386566563328
ITIncident:103791,1,10995426386566563328
ITIncident:103793,1,10995426386566563328
ITIncident:103795,1,10995426386566563328
ITIncident:103797,1,10995426386566563328
ITIncident:103799,1,10995426386566563328
ITIncident:103801,1,10995426386566563328
ITIncident:103803,1,10995426386566563328
ITIncident:103805,1,10995426386566563328
ITIncident:103812,2,10537227824251550686
ITIncident:103816,2,17421556207761359858
ITIncident:103823,2,451793329333881462
ITIncident:103832,2,7152921796655228983
ITIncident:103835,2,13671702094733656956
ITIncident:103839,2,8786052169847782895
ITIncident:103842,2,16722913326170480828
ITIncident:103846,2,421679701633615330
ITIncident:103849,2,5503695927017274875
ITIncident:103852,2,3793695619177116480
ITIncident:103860,0,2503933304990356730
ITIncident:103863,2,6680034160740047843
ITIncident:103866,2,17444671887436118239
ITIncident:103878,0,2987939845664252452
ITIncident:103884,2,15734102095026199938
ITIncident:103890,2,8523662834252324829
ITIncident:103895,0,10939884812615455187
ITIncident:103901,2,6132581640747740837
ITIncident:103904,2,3067658322931447967
ITIncident:103910,2,6112422801574915372
ITIncident:103917,2,13993642168294553158
ITIncident:103921,2,16801081454882173806
ITIncident:103925,2,6454045545395473390
ITIncident:103937,2,914092774588922723
ITIncident:103946,2,547423836308937882
ITIncident:103951,2,9747064611268422154
ITIncident:103956,2,2574806737393348666
ITIncident:103959,2,14308461358152788757
ITIncident:103962,2,835066563618791466
ITIncident:103965,2,12638791942958891484
ITIncident:103968,2,2784910476699571634
ITIncident:103971,2,11298430362827578976
ITIncident:103976,2,9004312557009994551
ITIncident:103982,2,15482540927992364865
ITIncident:103993,2,17004343347737195812
ITIncident:103997,2,7923119473346872350
ITIncident:104000,2,15199812463396916913
ITIncident:104013,2,12126790933337665386
ITIncident:104016,2,12633799970552907055
ITIncident:104020,2,10634501884376549534
ITIncident:104027,2,10351065048839674052
ITIncident:104031,2,4911001985681120557
ITIncident:104034,2,5603165706084929478
ITIncident:104037,2,12111186344008580855
ITIncident:104043,2,11800494342404471405
ITIncident:104049,0,13775356383571218715
ITIncident:104053,2,7657074699642585589
ITIncident:104064,2,7595230800525487992
ITIncident:104068,2,5454781701810137977
ITIncident:104073,2,2650973540785038557
ITIncident:104077,2,2815174670599377140
ITIncident:104081,2,5116271445156366817
ITIncident:104084,2,5469226950558193188
ITIncident:104103,2,1032340992801456890
ITIncident:104126,2,2122818968784058903
ITIncident:104129,2,4825612855767557374
ITIncident:104132,2,6680034160740047843
ITIncident:104164,2,6772200926434938086
ITIncident:104167,2,5022348071878835041
ITIncident:104171,2,7600283749427267868
ITIncident:104174,2,13671702094733656956
ITIncident:104177,2,4825612855767557374
ITIncident:104181,2,1252411437469888136
ITIncident:104185,2,7600283749427267868
ITIncident:104189,2,16416655704298510281
ITIncident:104192,2,8552739100468676133
ITIncident:104196,2,7600283749427267868
ITIncident:104200,2,7600283749427267868
ITIncident:104203,2,16939438270069466527
ITIncident:104206,2,12750753737349537572
ITIncident:104210,2,7600283749427267868
ITIncident:104214,2,7600283749427267868
ITIncident:104219,2,12480801622886074155
ITIncident:104223,2,17152052711678295842
ITIncident:104228,2,5068069091857079862
ITIncident:104232,2,7600283749427267868
ITIncident:104236,2,7600283749427267868
ITIncident:104240,2,7423285890584579203
ITIncident:104243,2,2776018094709383955
ITIncident:104250,2,2628250241716874992
ITIncident:104254,2,7600283749427267868
ITIncident:104258,2,7600283749427267868
ITIncident:104262,2,7600283749427267868
ITIncident:104277,2,1430822846093113493
ITIncident:104281,2,7600283749427267868
ITIncident:104286,2,17565055159795153452
ITIncident:104291,2,1031790266664389336
ITIncident:104295,2,7600283749427267868
ITIncident:104298,2,12829907519845069883
ITIncident:104301,2,4970790503287525771
ITIncident:104306,2,14687553393804667623
ITIncident:104312,2,2941612152596095534
ITIncident:104322,1,16515052044754314291
ITIncident:104326,2,7600283749427267868
ITIncident:104329,2,9249293981459253177
ITIncident:104334,2,6454045545395473390
ITIncident:104338,2,7600283749427267868
ITIncident:104341,2,4745832149200876504
ITIncident:104346,2,13199800512380877857
ITIncident:104350,2,16409402124039360568
ITIncident:104353,2,15751366491683539573
ITIncident:104356,2,3942482534716463299
ITIncident:104359,2,3942482534716463299
ITIncident:104364,2,2197367905907293209
ITIncident:104371,0,8275459933428524820
ITIncident:104374,2,9324878281889179416
ITIncident:104377,2,6584381675152426335
ITIncident:104386,2,3392135137925514922
ITIncident:104396,2,6024137675993661777
ITIncident:104399,2,301071715277628088
ITIncident:104405,2,5516244238167618684
ITIncident:104410,0,1944174641333884476
ITIncident:104423,2,17194745262510871990
ITIncident:104426,2,9044555577879455725
ITIncident:104431,2,2760962229366649313
ITIncident:104438,2,9892854830308963208
ITIncident:104442,2,4026664395675299165
ITIncident:104445,2,8454285023148334203
ITIncident:104455,2,10952275495714639165
ITIncident:104458,2,2613007622536025887
ITIncident:104461,2,16479043657205106744
ITIncident:104469,2,11648646827931910851
ITIncident:104472,2,15537455914151057765
ITIncident:104476,2,15512907701833328204
ITIncident:104479,2,17110878646077916637
ITIncident:104482,2,15520118819816217881
ITIncident:104485,2,10102898116766964227
ITIncident:104489,2,14987702106818394745
ITIncident:104493,2,17083988117053276807
ITIncident:104497,2,17083988117053276807
ITIncident:104501,2,17083988117053276807
ITIncident:104505,2,17083988117053276807
ITIncident:104508,2,12111186344008580855
ITIncident:104512,2,2800352227736392204
ITIncident:104517,2,1555908633186676914
ITIncident:104524,2,11276849545796912890
ITIncident:104527,2,1457498436268907028
ITIncident:104530,2,9141543725527778207
ITIncident:104534,2,17960089065461355709
ITIncident:104539,2,1490731542401640552
ITIncident:104542,2,6680034160740047843
ITIncident:104549,2,16389722545167681579
ITIncident:104552,2,6325782128206346200
ITIncident:104555,2,3742945607923053449
ITIncident:104558,2,17870727656118392908
ITIncident:104562,2,5206580457963811472
ITIncident:104571,0,1459263428108944914
ITIncident:104576,2,13064916277368130831
ITIncident:104579,2,10883174451450001190
ITIncident:104586,2,10706491789170965039
ITIncident:104590,2,817094723057191980
ITIncident:104593,2,6839276372087821921
ITIncident:104601,2,6263709980586909325
ITIncident:104608,1,16713017480646882317
ITIncident:104613,2,7161636916857630978
ITIncident:104628,2,470242022405139471
ITIncident:104631,2,5503695927017274875
ITIncident:104634,2,9249293981459253177
ITIncident:104638,2,7435849551517882798
ITIncident:104643,2,13697226723709976454
ITIncident:104647,2,8365757968291152330
ITIncident:104650,2,9249293981459253177
ITIncident:104656,2,12591260097036155941
ITIncident:104660,2,14359540097236467063
ITIncident:104666,2,10540893833942629908
ITIncident:104672,2,10556024609837829038
ITIncident:104680,2,6207508919617093465
ITIncident:104682,2,13758911280635432730
ITIncident:104685,2,18164076060540279144
ITIncident:104688,2,9045237475565953104
ITIncident:104691,2,3809419479825789519
ITIncident:104697,2,5570259629678083807
ITIncident:104699,2,3968020277615795118
ITIncident:104711,2,6935450098824152809
ITIncident:104714,2,1818354946605286282
ITIncident:104725,0,1198352551700061154
ITIncident:104730,2,7142476153169307321
ITIncident:104735,2,10025384110629685678
ITIncident:104738,2,3742945607923053449
ITIncident:104741,2,12111186344008580855
ITIncident:104746,2,18000584499097004619
ITIncident:104751,2,14552739268033574488
ITIncident:104759,2,12491842872711600295
ITIncident:104768,2,8036743346415909126
ITIncident:104773,2,11204804872074389887
ITIncident:104776,2,11826512119767011956
ITIncident:104780,2,4806294340375429576
ITIncident:104785,2,429813228152036380
ITIncident:104787,2,7479846329026393426
ITIncident:104792,2,11667092852892980833
ITIncident:104801,2,9205246680001131783
ITIncident:104813,2,7784504376889516542
ITIncident:104816,2,1818354946605286282
ITIncident:104819,2,835066563618791466
ITIncident:104823,2,2709757731775230250
ITIncident:104826,2,15738967823535717785
ITIncident:104829,2,7905480602934059517
ITIncident:104833,2,14307671610338498429
ITIncident:104836,2,2356181819777856285
ITIncident:104839,2,8131532756761261295
ITIncident:104844,2,13881907899314838668
ITIncident:104861,2,17801884658387334454
ITIncident:104864,2,15738967823535717785
ITIncident:104866,2,5408694821547344994
ITIncident:104875,2,18008328541147205619
ITIncident:104879,2,2623015597799382265
ITIncident:104893,2,12212482390153920687
ITIncident:104895,2,5412026709412739053
ITIncident:104905,2,8038861682144523035
ITIncident:104910,2,6499399972725705742
ITIncident:104913,2,14981810794260515248
ITIncident:104916,2,9249293981459253177
ITIncident:104921,2,8103147549802714530
ITIncident:104937,2,9474314937791512674
ITIncident:104941,2,2290916605770810073
ITIncident:104944,2,13793519998764738858
ITIncident:104948,2,10155599676665228703
ITIncident:104951,2,14680969947636597948
ITIncident:104956,2,3020700630289930057
ITIncident:104958,2,13626246250964675696
ITIncident:104965,2,6185845475590591304
ITIncident:104968,2,6160069798942294709
ITIncident:104982,2,7860771020653024477
ITIncident:104986,2,15700045172309532859
ITIncident:104992,2,12440554598371148172
ITIncident:104995,2,13671702094733656956
ITIncident:105002,2,15488240016106243244
ITIncident:105009,2,1566876238917224998
ITIncident:105012,2,15574867691357683478
ITIncident:105018,2,17711735723881173717
ITIncident:105030,2,9430049565447213968
ITIncident:105033,2,4970790503287525771
ITIncident:105042,2,6454034301579455044
ITIncident:105045,2,15882190203386021231
ITIncident:105048,2,8552739100468676133
ITIncident:105053,2,15827594950208620658
ITIncident:105056,0,18020991537619688766
ITIncident:105060,2,8978490057166625748
ITIncident:105063,2,11915668069682472491
ITIncident:105069,2,18347820594888620486
ITIncident:105072,2,17620018128230446944
ITIncident:105075,2,2113718247392916067
ITIncident:105081,2,13005658950338265536
ITIncident:105084,2,11896323890828936954
ITIncident:105089,2,8228281968492006689
ITIncident:105100,2,13512515064485303030
ITIncident:105103,2,13671702094733656956
ITIncident:105106,2,11531261031770642183
ITIncident:105109,2,11531261031770642183
ITIncident:105112,2,9650746492707596217
ITIncident:105118,2,2347142141035201593
ITIncident:105120,2,15247542096022240057
ITIncident:105127,2,12996456365844139082
ITIncident:105131,2,8808876977251370820
ITIncident:105139,2,3175229709485333734
ITIncident:105142,2,6680034160740047843
ITIncident:105144,2,13657354345726408452
ITIncident:105169,2,18175154304594480636
ITIncident:105172,2,15738967823535717785
ITIncident:105176,2,2071184943732052030
ITIncident:105178,2,3439667889600050940
ITIncident:105181,2,9249293981459253177
ITIncident:105186,2,13835999126909123116
ITIncident:105188,2,1764696717122066984
ITIncident:105191,2,10637772856798959158
ITIncident:105208,2,11915299374138099285
ITIncident:105210,2,16461242220797832151
ITIncident:105218,2,9875580423179848237
ITIncident:105233,2,18232121987979985718
ITIncident:105240,2,14599250637759486528
ITIncident:105246,2,5959426301968175086
ITIncident:105249,2,9024319061034875864
ITIncident:105256,2,15012566232800050236
ITIncident:105260,2,17729461580584686843
ITIncident:105268,2,14061889898332610235
ITIncident:105271,2,3565315248291339530
ITIncident:105275,2,10811090364956223281
ITIncident:105280,2,9101013155828316852
ITIncident:105283,2,9249293981459253177
ITIncident:105286,2,8383828163086245328
ITIncident:105290,2,10113238540348217932
ITIncident:105293,2,7905480602934059517
ITIncident:105297,2,1253689173202366213
ITIncident:105300,2,5424838402845465494
ITIncident:105304,2,17072326927026801675
ITIncident:105307,2,9650746492707596217
ITIncident:105309,2,3582881113766432677
ITIncident:105312,2,2941048360625129140
ITIncident:105317,2,14543478504822844074
ITIncident:105321,2,10288903359504534141
ITIncident:105324,2,17010168676067932334
ITIncident:105327,2,5712616962908418917
ITIncident:105331,2,16774215271066353471
ITIncident:105341,2,11864167799457661709
ITIncident:105343,2,12870293208671084586
ITIncident:105346,2,17747570446494844140
ITIncident:105350,2,15635534986737872921
ITIncident:105360,2,1711892243323712702
ITIncident:105364,2,9861315787155064914
ITIncident:105369,0,17586322422472894059
ITIncident:105371,2,7866398127594921580
ITIncident:105379,2,11255960524656417797
ITIncident:105383,2,13032349234628589391
ITIncident:105385,2,9692684408424594885
ITIncident:105388,2,12111186344008580855
ITIncident:105391,2,16456718225175257613
ITIncident:105394,2,16095716458525359971
ITIncident:105401,2,10611606157346994299
ITIncident:105407,2,10827633590630103094
ITIncident:105411,2,16423416225972872366
ITIncident:105413,2,15247542096022240057
ITIncident:105422,2,1485031193841533890
ITIncident:105426,2,265237875021224909
ITIncident:105430,2,15759756956675171934
ITIncident:105432,2,12038425956505475191
ITIncident:105441,2,17054587579634781087
ITIncident:105445,2,15062389976322578153
ITIncident:105449,2,14252284927746231776
ITIncident:105453,2,315906182527092101
ITIncident:105465,2,6018938958834872056
ITIncident:105469,2,315906182527092101
ITIncident:105473,2,315906182527092101
ITIncident:105477,2,315906182527092101
ITIncident:105483,2,1681561432128481465
ITIncident:105490,2,13238316977833833124
ITIncident:105497,2,10680023579576302232
ITIncident:105507,2,12942735375304328217
ITIncident:105509,2,10995426386566563328
ITIncident:105512,2,4222575348636266053
ITIncident:105515,2,6473456897920130597
ITIncident:105518,2,6473456897920130597
ITIncident:105520,1,10995426386566563328
ITIncident:105523,2,6473456897920130597
ITIncident:105525,1,10995426386566563328
ITIncident:105528,2,6473456897920130597
ITIncident:105530,1,10995426386566563328
ITIncident:105532,1,10995426386566563328
ITIncident:105535,2,6473456897920130597
ITIncident:105537,1,10995426386566563328
ITIncident:105541,2,2617859537011638858
ITIncident:105543,1,10995426386566563328
ITIncident:105545,1,10995426386566563328
ITIncident:105548,2,5650997457441877632
ITIncident:105550,1,10995426386566563328
ITIncident:105554,2,2617859537011638858
ITIncident:105556,1,10995426386566563328
ITIncident:105561,0,6954888006340705771
ITIncident:105565,2,2617859537011638858
ITIncident:105567,1,10995426386566563328
ITIncident:105571,2,2617859537011638858
ITIncident:105579,2,12259941255970975731
ITIncident:105588,2,6193856481134614467
ITIncident:105596,2,16389212608716789097
ITIncident:105602,2,4172656843730107292
ITIncident:105606,2,11736811556474757168
ITIncident:105614,2,13878546424519287528
ITIncident:105617,2,5651313983145445138
ITIncident:105620,2,9249293981459253177
ITIncident:105623,2,17444671887436118239
ITIncident:105633,2,11339297964804293057
ITIncident:105638,2,5409773837847135960
ITIncident:105641,2,11408814231637773236
ITIncident:105645,2,17421556207761359858
ITIncident:105648,2,17444671887436118239
ITIncident:105651,2,6325782128206346200
ITIncident:105658,2,4478233516818313938
ITIncident:105661,2,348682925803981311
ITIncident:105664,2,4948565937945971902
ITIncident:105670,2,9210590895649127493
ITIncident:105672,2,5781308161672800254
ITIncident:105681,2,14095288349914609646
ITIncident:105684,2,14308461358152788757
ITIncident:105688,2,6843547182474440749
ITIncident:105692,2,4791587743068385443
ITIncident:105697,2,3834768038747722549
ITIncident:105702,2,16830785129739358440
ITIncident:105705,2,13671702094733656956
ITIncident:105708,2,17127986475844451837
ITIncident:105711,2,871731548102218350
ITIncident:105714,2,8948757653392011985
ITIncident:105717,2,12111186344008580855
ITIncident:105723,2,12641903066876830097
ITIncident:105727,2,14783840396950663991
ITIncident:105730,2,5603165706084929478
ITIncident:105740,2,1046389886485721176
ITIncident:105744,2,7761411290123958630
ITIncident:105746,2,1840594021331610197
ITIncident:105749,2,13741689784182337418
ITIncident:105752,2,14680969947636597948
ITIncident:105755,2,12111186344008580855
ITIncident:105759,2,16409402124039360568
ITIncident:105762,2,9249293981459253177
ITIncident:105767,2,13352296317510209474
ITIncident:105790,2,1086269731740304746
ITIncident:105793,2,8993517584270279981
ITIncident:105796,2,1368179269223582680
ITIncident:105799,2,12111186344008580855
ITIncident:105802,2,18107018481663970584
ITIncident:105820,2,6326025999779305706
ITIncident:105825,2,16027587227812226857
ITIncident:105829,2,1390890730569087921
ITIncident:105840,2,12659315411667688398
ITIncident:105843,2,6782475709555568014
ITIncident:105845,2,17415543075242652528
ITIncident:105848,2,8993517584270279981
ITIncident:105851,2,7619805871474334221
ITIncident:105860,2,13880196162594948129
ITIncident:105863,2,16479043657205106744
ITIncident:105868,2,12184996834081128165
ITIncident:105871,2,11818267903392102731
ITIncident:105876,2,1860422573083893490
ITIncident:105904,0,18420363349585828809
ITIncident:105915,2,5959054897083792003
ITIncident:105918,2,6451488489822793102
ITIncident:105951,2,12244990435671417738
ITIncident:105959,2,291990247436591349
ITIncident:105966,2,3374026629549785702
ITIncident:105970,2,2709757731775230250
ITIncident:105974,2,13654731098227369285
ITIncident:105980,2,8706573330623253064
ITIncident:105986,2,3620435428888528658
ITIncident:105993,2,1978833759697165123
ITIncident:105995,2,12524975102616770919
ITIncident:105998,2,715318864010695106
ITIncident:106001,2,15738967823535717785
ITIncident:106010,2,1869023132348029243
ITIncident:106016,2,3630674124046949931
ITIncident:106019,2,6160069798942294709
ITIncident:106022,2,17175978616421536655
ITIncident:106051,2,5688007752955591672
ITIncident:106056,2,2023887733138268106
ITIncident:106061,2,10892313848876943369
ITIncident:106066,2,7400306131274610090
ITIncident:106068,2,11859186153032159539
ITIncident:106072,2,1089482876783050606
ITIncident:106076,2,14987702106818394745
ITIncident:106081,0,1639284157513812931
ITIncident:106088,2,18206143575301890177
ITIncident:106091,2,10867220114719951843
ITIncident:106095,2,16244341490256798616
ITIncident:106109,2,13533172426344833893
ITIncident:106113,2,13070170326076299398
ITIncident:106116,2,17045635975568820297
ITIncident:106124,2,16664574685529033780
ITIncident:106167,0,17642249936888564530
ITIncident:106174,2,3482626589011329434
ITIncident:106177,2,3525536084375236026
ITIncident:106187,2,13308136775411746274
ITIncident:106190,2,5706196191071773124
ITIncident:106195,2,12011925338869024281
ITIncident:106203,2,5532281634058723306
ITIncident:106206,2,17127986475844451837
ITIncident:106211,2,1808339375973146340
ITIncident:106214,2,14308461358152788757
ITIncident:106222,2,17479790958114218295
ITIncident:106232,2,9323517035565167733
ITIncident:106235,2,16479043657205106744
ITIncident:106238,2,4825612855767557374
ITIncident:106242,2,17083988117053276807
ITIncident:106250,2,16417150270258764694
ITIncident:106255,2,9307410075001920987
ITIncident:106258,2,13114096215540049859
ITIncident:106264,2,3606053097460875265
ITIncident:106267,2,12111186344008580855
ITIncident:106278,2,1487763556926910204
ITIncident:106284,2,3225637794214708451
ITIncident:106290,2,11920672928442413892
ITIncident:106294,2,3963048544687639903
ITIncident:106297,2,2802323676490830801
ITIncident:106300,2,9069285143340173857
ITIncident:106304,2,15841821841242425964
ITIncident:106309,2,14783840396950663991
ITIncident:106318,2,4030699837109825654
ITIncident:106324,2,4382783723748838535
ITIncident:106327,2,3860296085229698968
ITIncident:106333,2,4762180478766427706
ITIncident:106335,2,6352084089208529275
ITIncident:106346,2,12938252472896833887
ITIncident:106349,2,4970790503287525771
ITIncident:106354,2,8943636091158567384
ITIncident:106362,2,8015034766527562025
ITIncident:106378,2,14680890112631758714
ITIncident:106384,0,3249935304398795085
ITIncident:106387,2,17982477976005099269
ITIncident:106397,2,4704902942739980757
ITIncident:106417,2,3314447265322730233
ITIncident:106420,2,13618626996207977788
ITIncident:106423,2,4507206699547353644
ITIncident:106428,2,6144842949467664977
ITIncident:106434,2,7695549896743884308
ITIncident:106444,2,16146393951233137860
ITIncident:106448,2,16606649391128803132
ITIncident:106461,2,6394785724620240618
ITIncident:106468,2,11211234060625352162
ITIncident:106479,2,4884067036859731592
ITIncident:106483,2,8444444667742439382
ITIncident:106487,2,2800352227736392204
ITIncident:106493,2,1076621622506634586
ITIncident:106496,2,5236102999490034585
ITIncident:106503,2,4025452505056627824
ITIncident:106506,2,5651313983145445138
ITIncident:106511,2,13314297939465151408
ITIncident:106513,2,4025086314517839861
ITIncident:106518,2,13314297939465151408
ITIncident:106523,2,13314297939465151408
ITIncident:106528,2,13314297939465151408
ITIncident:106530,2,10538990098194470142
ITIncident:106532,2,10793563583709759966
ITIncident:106538,2,1138837773610968894
ITIncident:106540,2,13093139513128032653
ITIncident:106552,2,6116911190006953793
ITIncident:106557,1,5277108675551825931
ITIncident:106560,2,15257258029717130629
ITIncident:106572,2,11604168107808647683
ITIncident:106575,2,12750753737349537572
ITIncident:106581,2,16807671629660922027
ITIncident:106585,2,11714381336628404480
ITIncident:106589,2,14750796074076542262
ITIncident:106592,2,8263564238637363600
ITIncident:106596,2,16409402124039360568
ITIncident:106599,2,12401545644544104154
ITIncident:106602,2,12111186344008580855
ITIncident:106606,2,2922866008177552743
ITIncident:106609,2,12633799970552907055
ITIncident:106614,2,1518388125729678784
ITIncident:106618,2,1439446026116064402
ITIncident:106621,2,12750753737349537572
ITIncident:106626,2,4171243989107768805
ITIncident:106635,0,18049546522476896926
ITIncident:106638,2,9249293981459253177
ITIncident:106641,2,9249293981459253177
ITIncident:106644,2,5424838402845465494
ITIncident:106649,2,14584277483391149813
ITIncident:106657,2,15595567306517678269
ITIncident:106663,2,139302257504875247
ITIncident:106666,2,9249293981459253177
ITIncident:106682,2,17076286901591251185
ITIncident:106687,2,2707122835047546009
ITIncident:106690,2,6680034160740047843
ITIncident:106693,2,9597753791799942681
ITIncident:106695,2,7566663966577990717
ITIncident:106700,2,11132503460328780099
ITIncident:106703,2,13889359510655308622
ITIncident:106708,2,3063666135927082100
ITIncident:106711,2,3695110762716903132
ITIncident:106717,2,6961893579035903372
ITIncident:106719,2,17415543075242652528
ITIncident:106722,2,13889359510655308622
ITIncident:106725,2,1634128744250102478
ITIncident:106731,2,12026885907260487369
ITIncident:106741,2,14206790983103317329
ITIncident:106752,2,14532502003297089246
ITIncident:106757,2,10918716406445214184
ITIncident:106768,2,7461643771929878334
ITIncident:106771,2,1911579112626079614
ITIncident:106779,2,1865638068716506813
ITIncident:106793,2,5487501347122572001
ITIncident:106803,2,18122844949941201603
ITIncident:106814,2,10063906222823593213
ITIncident:106823,2,9588649094409737070
ITIncident:106826,2,8688962899514375995
ITIncident:106829,2,4970790503287525771
ITIncident:106851,2,7349955867253470412
ITIncident:106855,2,18300995512599783016
ITIncident:106865,2,18012663660425538075
ITIncident:106868,2,13793519998764738858
ITIncident:106881,2,15358055919515913359
ITIncident:106885,2,17180424751831385742
ITIncident:106887,2,16413723610591773452
ITIncident:106896,2,3055590743015004777
ITIncident:106901,2,4894384837938446168
ITIncident:106904,2,6990134627514861871
ITIncident:106907,2,6680034160740047843
ITIncident:106916,2,2703263121010644356
ITIncident:106922,2,8653806885006671092
ITIncident:106928,2,13976275400419481120
ITIncident:106931,2,1818354946605286282
ITIncident:106940,2,18137712533362795905
ITIncident:106945,2,16214600621781678738
ITIncident:106952,2,8940224050425497007
ITIncident:106961,2,8955228847557280565
ITIncident:106965,2,9808117322060500276
ITIncident:106968,2,6325782128206346200
ITIncident:106976,2,1815032111145602432
ITIncident:106979,2,5424838402845465494
ITIncident:106984,2,16323419966069555869
ITIncident:106987,2,14638506984632233348
ITIncident:106992,2,18000678084207790129
ITIncident:106995,2,1659546481906049225
ITIncident:106998,2,10637772856798959158
ITIncident:107006,2,4337395770316086647
ITIncident:107009,2,13671702094733656956
ITIncident:107013,2,662413529099650401
ITIncident:107018,2,14151255743008489481
ITIncident:107021,2,6680034160740047843
ITIncident:107024,2,7619805871474334221
ITIncident:107031,2,14519630460194357529
ITIncident:107043,2,18396281685703536438
ITIncident:107051,2,11104012916760914488
ITIncident:107057,2,15090039774132740418
ITIncident:107063,2,9651699962628105203
ITIncident:107073,2,8683779735611149909
ITIncident:107080,2,5249026673754506843
ITIncident:107087,2,9694319926042064379
ITIncident:107098,2,5975458060140452354
ITIncident:107103,2,7192413509265915049
ITIncident:107113,2,7109594278259189880
ITIncident:107124,2,9891740746334566137
ITIncident:107127,2,13793519998764738858
ITIncident:107131,2,17676264387905967872
ITIncident:107138,2,3480241223865146208
ITIncident:107144,2,17188180900714186168
ITIncident:107150,0,7861619636809057768
ITIncident:107155,2,10928694594942951622
ITIncident:107166,2,1141100815584428931
ITIncident:107169,2,1951012635993602248
ITIncident:107174,2,4031788281230004749
ITIncident:107176,2,13381772329686612318
ITIncident:107181,2,3950172608438963332
ITIncident:107184,2,1351166825968122163
ITIncident:107188,2,11152399948320892978
ITIncident:107192,2,16387992861823515144
ITIncident:107197,2,3468907643963221290
ITIncident:107205,2,307719377864824251
ITIncident:107207,2,11859186153032159539
ITIncident:107220,2,16846969602618164766
ITIncident:107223,2,17175978616421536655
ITIncident:107227,2,13523759861275258563
ITIncident:107230,2,4948565937945971902
ITIncident:107238,2,4235563209365693166
ITIncident:107245,2,11140875164787490034
ITIncident:107255,2,16196086561444036876
ITIncident:107258,2,2813468121682729775
ITIncident:107265,2,6367738402605017612
ITIncident:107268,2,4825612855767557374
ITIncident:107270,2,10427865784207230295
ITIncident:107273,2,4782898608022058204
ITIncident:107284,2,8821950154664182824
ITIncident:107287,2,2613007622536025887
ITIncident:107318,2,15607805645734836091
ITIncident:107321,2,17807013680950564650
ITIncident:107334,2,17028774316622485514
ITIncident:107336,2,6819640301004930913
ITIncident:107340,2,13293634324945175089
ITIncident:107342,2,15893406019331955376
ITIncident:107348,2,11789289415821153431
ITIncident:107351,2,18048613519135867931
ITIncident:107360,2,11465056020300111367
ITIncident:107377,2,15575843169483815505
ITIncident:107380,2,13793519998764738858
ITIncident:107386,2,4484230661186794963
ITIncident:107394,2,6228872576691083813
ITIncident:107398,2,16304307384959931124
ITIncident:107401,2,9464850683152408417
ITIncident:107410,2,11924711613891825070
ITIncident:107415,0,13093277004616929472
ITIncident:107417,2,1394448892800713115
ITIncident:107425,2,15941140964570921988
ITIncident:107435,2,15941140964570921988
ITIncident:107444,2,8976242656340990136
ITIncident:107446,2,4049865816053258915
ITIncident:107448,2,6352084089208529275
ITIncident:107457,2,15941140964570921988
ITIncident:107460,2,4970790503287525771
ITIncident:107466,2,11908382666799663982
ITIncident:107471,2,6639543217789155451
ITIncident:107473,2,14595129147341132965
ITIncident:107478,2,11344557001436297466
ITIncident:107486,2,6228872576691083813
ITIncident:107493,2,10548429913257284499
ITIncident:107500,2,16706819408254635535
ITIncident:107507,2,8372704246351401370
ITIncident:107518,2,9963411746655306838
ITIncident:107529,2,16647109061843243121
ITIncident:107532,2,14417748411261696101
ITIncident:107536,2,15953683947044734627
ITIncident:107542,2,6539863780611292726
ITIncident:107545,2,5236102999490034585
ITIncident:107552,2,9272790676229514820
ITIncident:107561,2,18395445940591196227
ITIncident:107565,2,14278870593576909066
ITIncident:107567,2,10538990098194470142
ITIncident:107579,0,401032462300697757
ITIncident:107582,2,6488699099785516990
ITIncident:107585,2,6224767196649174977
ITIncident:107588,2,2356181819777856285
ITIncident:107595,2,17583816886411312942
ITIncident:107598,2,16161109675341375089
ITIncident:107600,2,12256838431153728563
ITIncident:107603,2,9880322781945814327
ITIncident:107606,2,1959636528012356427
ITIncident:107613,2,4411209879333484634
ITIncident:107627,2,3768449348097554782
ITIncident:107633,2,98864319455646862
ITIncident:107635,1,10995426386566563328
ITIncident:107639,1,2617859537011638858
ITIncident:107643,1,2617859537011638858
ITIncident:107647,1,2617859537011638858
ITIncident:107651,2,2617859537011638858
ITIncident:107656,1,3108999842479719750
ITIncident:107660,2,2617859537011638858
ITIncident:107664,2,2617859537011638858
ITIncident:107668,1,2617859537011638858
ITIncident:107672,2,2617859537011638858
ITIncident:107675,2,5650997457441877632
ITIncident:107679,1,2617859537011638858
ITIncident:107683,2,2617859537011638858
ITIncident:107687,1,2617859537011638858
ITIncident:107691,2,2617859537011638858
ITIncident:107695,2,2617859537011638858
ITIncident:107698,2,3942482534716463299
ITIncident:107711,2,658489027711468263
ITIncident:107715,1,2617859537011638858
ITIncident:107718,2,2113718247392916067
ITIncident:107723,1,3108999842479719750
ITIncident:107727,1,2617859537011638858
ITIncident:107731,1,2617859537011638858
ITIncident:107735,1,2617859537011638858
ITIncident:107739,1,2617859537011638858
ITIncident:107742,2,13381206755915008328
ITIncident:107754,2,15130844145876980569
ITIncident:107758,2,9194295307956142382
ITIncident:107766,2,4174146119811647579
ITIncident:107773,2,11021503195236371783
ITIncident:107778,2,7476847379966250473
ITIncident:107781,2,10790560368693134722
ITIncident:107786,0,5001838986178777392
ITIncident:107792,2,15805255661929770780
ITIncident:107808,2,3089193731120672174
ITIncident:107811,2,7905480602934059517
ITIncident:107814,2,17923149777136964216
ITIncident:107817,2,7313900677911974575
ITIncident:107820,2,2113718247392916067
ITIncident:107823,2,5651313983145445138
ITIncident:107828,2,6251612646556145313
ITIncident:107831,2,12018567855880088393
ITIncident:107846,2,11032770242542647929
ITIncident:107849,2,9249293981459253177
ITIncident:107855,2,7029944635576722421
ITIncident:107858,2,17444671887436118239
ITIncident:107870,2,5823348954532174494
ITIncident:107873,2,1818354946605286282
ITIncident:107876,2,2941048360625129140
ITIncident:107880,2,420134394973417254
ITIncident:107884,2,326094551514189695
ITIncident:107891,2,14599250637759486528
ITIncident:107894,2,10252986347346636940
ITIncident:107899,2,1076621622506634586
ITIncident:107902,2,2887522293269807086
ITIncident:107914,2,13692555934655987586
ITIncident:107920,2,12924806941669217365
ITIncident:107923,2,1818354946605286282
ITIncident:107927,2,15360139355134524416
ITIncident:107930,2,4825612855767557374
ITIncident:107934,2,17144823155606306535
ITIncident:107939,2,11691161912997381105
ITIncident:107948,2,12600743802257856931
ITIncident:107951,2,7905480602934059517
ITIncident:107956,2,9407960023482866658
ITIncident:107960,2,8510810050270205123
ITIncident:107963,2,5236102999490034585
ITIncident:107970,2,14912342837661851269
ITIncident:107979,2,14094131453793136111
ITIncident:107985,2,10556798578566678330
ITIncident:107994,2,12959002828295468940
ITIncident:108005,2,2170993976334360497
ITIncident:108008,2,17175978616421536655
ITIncident:108011,2,5424838402845465494
ITIncident:108015,2,2315605074364298212
ITIncident:108019,2,6837334909613870113
ITIncident:108024,2,15100244002317608848
ITIncident:108027,2,7905480602934059517
ITIncident:108030,2,2027479419149304528
ITIncident:108033,2,12111186344008580855
ITIncident:108036,2,16479043657205106744
ITIncident:108043,2,9087970506325582767
ITIncident:108052,2,6708747947473489178
ITIncident:108064,2,15666592449899292356
ITIncident:108068,2,2290916605770810073
ITIncident:108074,2,17878480490700792180
ITIncident:108079,2,6614569498301043160
ITIncident:108083,2,16801081454882173806
ITIncident:108086,2,14662406097355671430
ITIncident:108093,2,9714797915062556144
ITIncident:108096,2,6990134627514861871
ITIncident:108099,2,13793519998764738858
ITIncident:108102,2,1325964994780363338
ITIncident:108105,2,6680034160740047843
ITIncident:108113,2,15809730502748533266
ITIncident:108116,2,6483630130825741781
ITIncident:108120,2,11581114458582604608
ITIncident:108124,2,11247124734897095754
ITIncident:108128,2,7764214386395421892
ITIncident:108133,2,7056415413041835696
ITIncident:108136,2,9249293981459253177
ITIncident:108144,2,16184762635673211477
ITIncident:108153,2,635717616208107991
ITIncident:108157,2,13609440404668315939
ITIncident:108160,2,1325964994780363338
ITIncident:108170,2,12423282200165061027
ITIncident:108178,2,12994666073738626274
ITIncident:108180,2,2618024584417418804
ITIncident:108183,2,9249293981459253177
ITIncident:108186,2,13671702094733656956
ITIncident:108190,2,7435849551517882798
ITIncident:108194,2,817094723057191980
ITIncident:108198,2,405699726329451522
ITIncident:108206,2,6228872576691083813
ITIncident:108209,2,9249293981459253177
ITIncident:108216,2,14292032654844898790
ITIncident:108249,2,93938240335512333
ITIncident:108252,2,12111186344008580855
ITIncident:108255,2,10883174451450001190
ITIncident:108263,2,7232967865434573247
ITIncident:108266,2,4712051144290040602
ITIncident:108277,2,13533125057593111516
ITIncident:108285,2,8294794441776549774
ITIncident:108288,2,1391816598293042819
ITIncident:108292,2,18299969419105645991
ITIncident:108295,2,6680034160740047843
ITIncident:108298,2,12665703718317408528
ITIncident:108302,2,8195374321713812433
ITIncident:108305,2,12539538978425360888
ITIncident:108308,2,6680034160740047843
ITIncident:108318,2,5402108661156156002
ITIncident:108330,2,4825003529851765822
ITIncident:108335,2,2218354102220147453
ITIncident:108338,2,5557518520729388078
ITIncident:108347,2,1463802287972890372
ITIncident:108353,2,15485319022435676098
ITIncident:108360,2,642852632439031740
ITIncident:108371,2,9462650536936031174
ITIncident:108374,2,9249293981459253177
ITIncident:108377,2,9608756901304277749
ITIncident:108382,2,16333446022786348594
ITIncident:108390,0,14166079159431357813
ITIncident:108402,2,1085383935444103200
ITIncident:108406,2,5826950024902890233
ITIncident:108410,0,2004281160758360408
ITIncident:108414,2,2315605074364298212
ITIncident:108425,2,8440402431754088433
ITIncident:108444,2,12885793265480652455
ITIncident:108452,2,17264845514155349566
ITIncident:108456,2,14184079193686219708
ITIncident:108459,2,2471596866016283053
ITIncident:108467,2,14390873787616872682
ITIncident:108473,2,16853350691586465762
ITIncident:108477,2,7435849551517882798
ITIncident:108486,2,8470809396580020869
ITIncident:108494,2,9503505892639508555
ITIncident:108499,2,3070106511350337212
ITIncident:108506,2,16960231665841359341
ITIncident:108510,2,4812062238244336045
ITIncident:108520,2,7343600581367725187
ITIncident:108524,2,8826522761838406010
ITIncident:108527,2,6375946921581672843
ITIncident:108532,0,17531585050194387812
ITIncident:108536,2,14987702106818394745
ITIncident:108539,2,9249293981459253177
ITIncident:108543,2,12549128576212961250
ITIncident:108549,2,11731678636531612794
ITIncident:108554,2,886367849682762055
ITIncident:108559,2,10619570036434298608
ITIncident:108567,2,24072904848806715
ITIncident:108571,2,2623015597799382265
ITIncident:108574,2,12750753737349537572
ITIncident:108583,2,6039849455927338901
ITIncident:108591,2,905573756369557515
ITIncident:108595,2,2301766731979775897
ITIncident:108600,2,16078039788442671200
ITIncident:108619,0,5041735331144961009
ITIncident:108623,2,1950457699330356584
ITIncident:108628,2,16556488453676299302
ITIncident:108633,2,4179570958333835610
ITIncident:108637,2,1950457699330356584
ITIncident:108642,2,6321544764264488443
ITIncident:108647,2,3365896208192765220
ITIncident:108650,2,7781703138731223572
ITIncident:108654,2,15634475642482801527
ITIncident:108664,2,10548921065681038135
ITIncident:108669,2,2064289103213336441
ITIncident:108675,2,2403707616410154872
ITIncident:108679,2,1950457699330356584
ITIncident:108690,2,3927374916288028792
ITIncident:108695,2,9221336856256510820
ITIncident:108704,2,1918066470690706708
ITIncident:108707,2,10432520714196922166
ITIncident:108712,2,8858456061745519208
ITIncident:108715,2,6473456897920130597
ITIncident:108718,2,9249293981459253177
ITIncident:108724,2,7107425031500117172
ITIncident:108727,2,2471596866016283053
ITIncident:108730,2,9211073219976663513
ITIncident:108738,2,12237239527089441675
ITIncident:108748,2,4841383153168095162
ITIncident:108756,2,13356698675367613688
ITIncident:108759,2,12111186344008580855
ITIncident:108764,2,12581023144572490732
ITIncident:108782,0,12077010804301540097
ITIncident:108787,0,1649075929409325837
ITIncident:108793,2,1453783414416326791
ITIncident:108795,2,9345661731390245133
ITIncident:108800,2,7224926686001405707
ITIncident:108817,2,17624196218864689839
ITIncident:108827,2,17203157316660841578
ITIncident:108831,2,4315276903207478543
ITIncident:108837,2,9001158255709031080
ITIncident:108840,2,13907320440570291453
ITIncident:108848,2,13646535200910404824
ITIncident:108853,2,8101085101354383651
ITIncident:108863,2,9565212435869685387
ITIncident:108866,2,15454706175541649312
ITIncident:108874,2,9475653362468162283
ITIncident:108877,2,12111186344008580855
ITIncident:108882,2,18165482340078631504
ITIncident:108887,2,200950010877684625
ITIncident:108890,2,13793519998764738858
ITIncident:108893,2,2947064008570430784
ITIncident:108904,2,88046063143699220
ITIncident:108912,2,8416109012338528950
ITIncident:108916,2,818831147119926450
ITIncident:108920,2,818831147119926450
ITIncident:108923,2,5651799489684012464
ITIncident:108927,2,818831147119926450
ITIncident:108930,2,2887522293269807086
ITIncident:108934,2,818831147119926450
ITIncident:108943,2,778456908455192244
ITIncident:108947,2,8165591345555756586
ITIncident:108951,2,16690308185875919070
ITIncident:108956,2,7376344241093050330
ITIncident:108960,2,818831147119926450
ITIncident:108965,2,10855075391056874664
ITIncident:108969,2,818831147119926450
ITIncident:108974,2,6049133158698906989
ITIncident:108979,2,7912790737706165622
ITIncident:108983,2,16690308185875919070
ITIncident:108987,2,818831147119926450
ITIncident:108990,2,2790450192986473214
ITIncident:108994,2,818831147119926450
ITIncident:108998,2,818831147119926450
ITIncident:109001,2,1818354946605286282
ITIncident:109005,2,6834141996641085924
ITIncident:109009,2,818831147119926450
ITIncident:109011,2,10793563583709759966
ITIncident:109015,2,818831147119926450
ITIncident:109018,2,9249293981459253177
ITIncident:109022,2,4696343043063567070
ITIncident:109029,2,8228498421160244460
ITIncident:109035,2,13085718422819511269
ITIncident:109038,2,11030307201137118384
ITIncident:109050,2,13469356071636297919
ITIncident:109062,2,15463886545839598304
ITIncident:109068,2,7305178681101668717
ITIncident:109074,2,15384597443762100395
ITIncident:109076,2,4662393825693057698
ITIncident:109088,2,12751788200964972415
ITIncident:109091,2,7134017149487009416
ITIncident:109094,2,2213891765919731593
ITIncident:109098,0,10814102666811122487
ITIncident:109100,2,10538990098194470142
ITIncident:109111,2,1340879125204930340
ITIncident:109114,2,4825612855767557374
ITIncident:109131,0,16340703697238177152
ITIncident:109134,2,2113718247392916067
ITIncident:109138,2,3669426801379814960
ITIncident:109142,2,7415710522418820755
ITIncident:109145,2,3452876120542076794
ITIncident:109151,2,11090175133292708820
ITIncident:109156,2,11409381407496285209
ITIncident:109172,2,8431548087669039564
ITIncident:109178,2,7738937657528144918
ITIncident:109185,2,1208431485640458702
ITIncident:109187,2,10538990098194470142
ITIncident:109209,2,6029138076639705139
ITIncident:109217,2,9186777660578497749
ITIncident:109220,2,8260083037848238052
ITIncident:109223,2,4170799387676964688
ITIncident:109227,2,588450072094265224
ITIncident:109229,2,6352084089208529275
ITIncident:109237,2,1894726421953535701
ITIncident:109240,2,17010168676067932334
ITIncident:109243,2,8366561302696807707
ITIncident:109249,2,2930200425768832799
ITIncident:109259,2,2923539586754091481
ITIncident:109263,2,12847407940666743976
ITIncident:109282,2,1831657279116587963
ITIncident:109289,2,17281771376490061579
ITIncident:109294,2,4284389777704114622
ITIncident:109297,2,3618713207814074437
ITIncident:109301,2,1438013745878625944
ITIncident:109304,2,9249293981459253177
ITIncident:109313,2,1995318130702587465
ITIncident:109319,2,8559318181966141680
ITIncident:109326,2,11926499759734389574
ITIncident:109331,2,16395690785534908798
ITIncident:109340,2,7283993049759379073
ITIncident:109344,2,5122443579676325655
ITIncident:109347,2,16479043657205106744
ITIncident:109350,2,12750753737349537572
ITIncident:109355,2,8660025262820176751
ITIncident:109359,2,13364558258990396100
ITIncident:109363,2,3805468052736491179
ITIncident:109374,2,4809292341388683066
ITIncident:109377,2,7612394984402357546
ITIncident:109381,2,9710776027044238170
ITIncident:109388,2,2139837154710997492
ITIncident:109392,2,9587122189715535107
ITIncident:109396,2,4018163579060192224
ITIncident:109400,2,17271376902770566730
ITIncident:109403,2,4970790503287525771
ITIncident:109407,2,3805468052736491179
ITIncident:109411,2,6882203746331831785
ITIncident:109415,2,3811133660340281677
ITIncident:109417,2,6748218914712479955
ITIncident:109420,2,17491507167654232634
ITIncident:109423,2,16661716182592965833
ITIncident:109426,2,2015052038460484043
ITIncident:109446,2,12453057643329642868
ITIncident:109449,2,16661716182592965833
ITIncident:109452,2,8339899116395713358
ITIncident:109465,2,10254982491933375047
ITIncident:109468,2,9132401203913364449
ITIncident:109473,2,13726449255799893775
ITIncident:109476,2,16661716182592965833
ITIncident:109479,2,9249293981459253177
ITIncident:109482,2,12893054068723892864
ITIncident:109485,2,5520643926232843091
ITIncident:109490,2,18165482340078631504
ITIncident:109494,2,9587122189715535107
ITIncident:109499,2,15294686782431263377
ITIncident:109501,2,9300721067924512804
ITIncident:109504,2,7905480602934059517
ITIncident:109507,2,12107990870927824779
ITIncident:109512,2,848214221677777505
ITIncident:109514,2,8162990939996356817
ITIncident:109517,2,13147937396777114790
ITIncident:109521,2,15062389976322578153
ITIncident:109524,2,12111186344008580855
ITIncident:109528,2,17042169624491143875
ITIncident:109531,2,17151722662598456983
ITIncident:109534,2,8339899116395713358
ITIncident:109537,2,1818354946605286282
ITIncident:109541,2,14056244141616709888
ITIncident:109550,2,2687752589934331776
ITIncident:109555,2,3892044414258664463
ITIncident:109560,2,15436640636178654626
ITIncident:109563,2,16661716182592965833
ITIncident:109566,2,12107990870927824779
ITIncident:109574,2,14550498549832286627
ITIncident:109577,2,15147293970225371742
ITIncident:109580,2,15147293970225371742
ITIncident:109586,2,3582817922230366299
ITIncident:109589,2,16661716182592965833
ITIncident:109594,2,10742501652946060616
ITIncident:109597,2,16661716182592965833
ITIncident:109604,2,13168274586376555815
ITIncident:109607,2,16661716182592965833
ITIncident:109610,2,7138926431080852949
ITIncident:109614,2,16510136520128147523
ITIncident:109616,2,12256838431153728563
ITIncident:109621,2,5714286830310108634
ITIncident:109624,2,13907320440570291453
ITIncident:109628,2,15953683947044734627
ITIncident:109630,2,12256838431153728563
ITIncident:109634,2,2128560546675569693
ITIncident:109640,2,12203589105265285724
ITIncident:109645,2,14783840396950663991
ITIncident:109651,2,15775180553316681061
ITIncident:109656,2,9590881892064523362
ITIncident:109658,2,13381772329686612318
ITIncident:109660,2,723790095475599930
ITIncident:109670,2,3052341000060698355
ITIncident:109673,2,2356181819777856285
ITIncident:109676,2,715318864010695106
ITIncident:109679,2,13793519998764738858
ITIncident:109686,2,17825539309649248947
ITIncident:109690,2,10893334032538925065
ITIncident:109692,2,5408694821547344994
ITIncident:109701,2,16771316197251137432
ITIncident:109710,0,15059853462989955896
ITIncident:109713,2,9735632304399426401
ITIncident:109717,2,12261753514555925389
ITIncident:109720,2,1080860592101269447
ITIncident:109727,2,9572881035489940623
ITIncident:109730,2,16479043657205106744
ITIncident:109733,2,7905480602934059517
ITIncident:109738,2,14110782638592526568
ITIncident:109741,2,17045635975568820297
ITIncident:109745,2,13769287396676224120
ITIncident:109757,2,8204865646784044684
ITIncident:109765,2,13238316977833833124
ITIncident:109768,2,7612394984402357546
ITIncident:109772,2,3705651579465588944
ITIncident:109775,2,16933466982852715306
ITIncident:109778,2,1818354946605286282
ITIncident:109789,2,14669806310621861264
ITIncident:109793,2,5066184272834623254
ITIncident:109795,2,14595129147341132965
ITIncident:109799,2,2617859537011638858
ITIncident:109804,2,3108999842479719750
ITIncident:109808,1,2617859537011638858
ITIncident:109812,2,2617859537011638858
ITIncident:109816,2,2617859537011638858
ITIncident:109820,2,2617859537011638858
ITIncident:109824,2,2617859537011638858
ITIncident:109828,1,2617859537011638858
ITIncident:109832,1,2617859537011638858
ITIncident:109837,2,3108999842479719750
ITIncident:109841,1,2617859537011638858
ITIncident:109845,2,2617859537011638858
ITIncident:109849,1,2617859537011638858
ITIncident:109853,1,2617859537011638858
ITIncident:109857,2,2617859537011638858
ITIncident:109861,2,2617859537011638858
ITIncident:109865,2,2617859537011638858
ITIncident:109870,2,6279523439316791028
ITIncident:109874,1,2617859537011638858
ITIncident:109878,1,2617859537011638858
ITIncident:109882,1,2617859537011638858
ITIncident:109886,1,2617859537011638858
ITIncident:109890,1,2617859537011638858
ITIncident:109898,2,5448003095668777866
ITIncident:109903,2,13063757153616622860
ITIncident:109907,2,8786052169847782895
ITIncident:109913,2,5316241985293118091
ITIncident:109921,2,13194506206956214929
ITIncident:109930,0,17842895096382430171
ITIncident:109933,2,5651313983145445138
ITIncident:109950,2,5064090294235963278
ITIncident:109961,0,8837360424134882247
ITIncident:109964,2,9044555577879455725
ITIncident:109973,0,6263210342159473965
ITIncident:109979,2,11718406366273286166
ITIncident:109984,2,17565055159795153452
ITIncident:109987,2,16722913326170480828
ITIncident:109994,2,10552760404542592127
ITIncident:110001,2,2545895843300577571
ITIncident:110019,0,1710465707122904339
ITIncident:110025,2,11982050535927591734
ITIncident:110034,2,5335732168339313327
ITIncident:110037,2,17444671887436118239
ITIncident:110052,2,5546311151870397782
ITIncident:110070,2,11158605696652508474
ITIncident:110073,2,14308461358152788757
ITIncident:110076,2,6680034160740047843
ITIncident:110081,2,9353921498174012957
ITIncident:110093,2,15498860999995458104
ITIncident:110097,2,6954392249044245755
ITIncident:110114,0,16249475735370682132
ITIncident:110117,2,2941048360625129140
ITIncident:110147,2,854188219116665170
ITIncident:110151,2,7764214386395421892
ITIncident:110154,2,12111186344008580855
ITIncident:110161,2,556357986256912911
ITIncident:110166,2,8254601248171659509
ITIncident:110169,2,13671702094733656956
ITIncident:110172,2,9533223676683832725
ITIncident:110178,2,4847282762543405613
ITIncident:110186,2,3126205917422532785
ITIncident:110190,2,15086101963276492865
ITIncident:110196,2,17310118706712766393
ITIncident:110202,2,6450935638631801625
ITIncident:110211,2,16080365314316409173
ITIncident:110216,2,14783840396950663991
ITIncident:110219,2,13671702094733656956
ITIncident:110222,2,17175978616421536655
ITIncident:110226,2,2894310590756977997
ITIncident:110231,2,9221336856256510820
ITIncident:110234,2,18094616063087328053
ITIncident:110239,2,2168274408084783235
ITIncident:110251,2,9681151244048199922
ITIncident:110254,2,1315770652885074475
ITIncident:110257,2,1762588527951697538
ITIncident:110260,2,3081479852638945825
ITIncident:110264,2,1945201768107740716
ITIncident:110268,2,15723450701750631351
ITIncident:110274,2,5787838844549315682
ITIncident:110279,2,3722660622235305770
ITIncident:110282,2,8075142122169400883
ITIncident:110285,2,6875965706794434860
ITIncident:110289,2,12729437775997761882
ITIncident:110295,2,4382783723748838535
ITIncident:110305,2,8372660208249679206
ITIncident:110308,2,5458705121620957438
ITIncident:110315,2,2709743244186251054
ITIncident:110319,2,10595623170334859146
ITIncident:110322,2,5651313983145445138
ITIncident:110325,2,5236102999490034585
ITIncident:110329,2,3474978363326064827
ITIncident:110334,2,10546305564094702954
ITIncident:110339,2,16179526340557766303
ITIncident:110345,2,158429470338409398
ITIncident:110352,2,9483839285069898172
ITIncident:110356,2,14987702106818394745
ITIncident:110359,2,9211073219976663513
ITIncident:110365,2,1273055903765845779
ITIncident:110370,2,8078438514424817473
ITIncident:110383,2,10568209711442231678
ITIncident:110386,2,1396213510530255009
ITIncident:110391,2,679924538629563631
ITIncident:110396,2,13726449255799893775
ITIncident:110401,2,5182365578076092390
ITIncident:110405,2,17279592365038682600
ITIncident:110411,2,10156089895426299835
ITIncident:110422,2,3810996628081892039
ITIncident:110426,2,3031855105334534039
ITIncident:110430,2,1107092269846930359
ITIncident:110436,2,8693200059756059961
ITIncident:110443,2,14945851657041021435
ITIncident:110450,2,6510299407436867054
ITIncident:110453,2,13207925128982030596
ITIncident:110460,2,6596965464766003389
ITIncident:110468,2,12129508423381328827
ITIncident:110476,2,7232967865434573247
ITIncident:110482,0,2799572205547476956
ITIncident:110486,2,9996676571807366915
ITIncident:110489,2,4948565937945971902
ITIncident:110492,2,4948565937945971902
ITIncident:110516,2,9236663248821865872
ITIncident:110519,2,10790560368693134722
ITIncident:110523,2,2140462866140856943
ITIncident:110528,2,3246092435839616858
ITIncident:110535,2,8996995582918526868
ITIncident:110538,2,15882190203386021231
ITIncident:110544,2,10309305511644941152
ITIncident:110549,2,7576423007628541847
ITIncident:110554,2,16161848516745685829
ITIncident:110558,2,7400306131274610090
ITIncident:110561,2,11915668069682472491
ITIncident:110566,2,1677959374677504807
ITIncident:110573,2,17574443787592797208
ITIncident:110582,2,12561853008811368057
ITIncident:110592,2,6838424768984126552
ITIncident:110595,2,6680034160740047843
ITIncident:110600,2,5726491184192288128
ITIncident:110610,2,5085729046139183220
ITIncident:110623,2,12786886233370393230
ITIncident:110626,2,2947064008570430784
ITIncident:110633,2,8943636091158567384
ITIncident:110639,2,497197471603954717
ITIncident:110645,2,10629231619708763647
ITIncident:110649,2,15422984606222668257
ITIncident:110654,2,13726449255799893775
ITIncident:110659,2,8247576471895926271
ITIncident:110663,2,4857482862096795185
ITIncident:110667,2,14920935834958001015
ITIncident:110673,2,14892894927776819879
ITIncident:110676,2,13793519998764738858
ITIncident:110679,2,13793519998764738858
ITIncident:110693,2,16210628931021237873
ITIncident:110697,2,5807463646221546406
ITIncident:110702,2,787009086435371462
ITIncident:110706,2,5618237416783355027
ITIncident:110714,2,11064514838401466659
ITIncident:110717,2,9249293981459253177
ITIncident:110720,2,10665469086018024243
ITIncident:110728,2,11211234060625352162
ITIncident:110740,2,11141959207924053495
ITIncident:110743,2,9797854002384365914
ITIncident:110749,2,7885807061732035839
ITIncident:110752,2,4948565937945971902
ITIncident:110757,2,2778609473434771695
ITIncident:110760,2,13671702094733656956
ITIncident:110764,2,421679701633615330
ITIncident:110769,2,7068961689535984188
ITIncident:110772,2,5651313983145445138
ITIncident:110778,2,11782508694978657716
ITIncident:110781,2,12111186344008580855
ITIncident:110786,2,2148350092559941394
ITIncident:110790,2,13617446179503442717
ITIncident:110796,2,10886144992639271949
ITIncident:110799,2,247625233617680234
ITIncident:110806,2,5464944918615491166
ITIncident:110814,2,9157676933634935969
ITIncident:110823,2,4079569639312488641
ITIncident:110827,2,14359540097236467063
ITIncident:110830,2,10790560368693134722
ITIncident:110835,2,17703236383829438465
ITIncident:110839,2,420134394973417254
ITIncident:110849,2,4962134914228582092
ITIncident:110853,2,2796681850147963724
ITIncident:110858,2,13726449255799893775
ITIncident:110862,2,15024598894689891302
ITIncident:110865,2,13671702094733656956
ITIncident:110877,2,4944999347047167032
ITIncident:110884,2,2314118886651507893
ITIncident:110888,2,295180933625647028
ITIncident:110893,2,4762180478766427706
ITIncident:110899,0,8351304037157391587
ITIncident:110902,2,13671702094733656956
ITIncident:110919,2,17433229696014231036
ITIncident:110925,2,7804242561148335827
ITIncident:110930,2,2832405993675503804
ITIncident:110935,2,17800906451071495283
ITIncident:110938,2,3742945607923053449
ITIncident:110946,2,2360457451981879000
ITIncident:110954,2,14544692395732379359
ITIncident:110966,2,17199413113266039483
ITIncident:110969,2,2051388141417990581
ITIncident:110972,2,16095716458525359971
ITIncident:110980,2,8955228847557280565
ITIncident:110988,2,14464138854505780488
ITIncident:110995,2,16300060318800806858
ITIncident:110997,2,2032677178594941904
ITIncident:110999,2,15454167676120435248
ITIncident:111002,2,12111186344008580855
ITIncident:111006,2,4685114179931574029
ITIncident:111009,2,4970790503287525771
ITIncident:111020,2,12159439028205864614
ITIncident:111027,2,3953714310736898921
ITIncident:111032,2,13726449255799893775
ITIncident:111036,2,10694326732918399146
ITIncident:111040,2,1047887452835069377
ITIncident:111047,2,7562964793247424092
ITIncident:111054,2,13021826217321611347
ITIncident:111057,2,4825612855767557374
ITIncident:111063,2,2621968319747671670
ITIncident:111067,2,17656893973031035340
ITIncident:111073,2,8523662834252324829
ITIncident:111076,2,9782757529406968592
ITIncident:111079,2,11678600937779415052
ITIncident:111082,2,3055248448947703746
ITIncident:111086,2,18100865171399421405
ITIncident:111090,2,818831147119926450
ITIncident:111093,2,16048085059101269090
ITIncident:111098,2,16830785129739358440
ITIncident:111100,2,12406077550275119591
ITIncident:111106,2,12917448423185057249
ITIncident:111110,2,17656893973031035340
ITIncident:111118,2,790528913738587011
ITIncident:111120,2,16413723610591773452
ITIncident:111123,2,3292115071765800085
ITIncident:111126,2,8006217188639152136
ITIncident:111134,2,4854331732324722781
ITIncident:111137,2,8019416891269177380
ITIncident:111154,2,2190825971855667991
ITIncident:111160,2,15937669754694066640
ITIncident:111164,2,15953683947044734627
ITIncident:111170,2,8938552022893756269
ITIncident:111194,2,333370084926560732
ITIncident:111196,2,11279048461310487921
ITIncident:111202,2,16228733854048477497
ITIncident:111205,2,715318864010695106
ITIncident:111208,2,16131582965928304974
ITIncident:111211,2,15738967823535717785
ITIncident:111214,2,8095578245868521169
ITIncident:111221,2,13652095980231324414
ITIncident:111231,2,13813647716077889542
ITIncident:111234,2,11323588160075754622
ITIncident:111238,2,16801081454882173806
ITIncident:111241,2,12111186344008580855
ITIncident:111246,0,16064931782578748635
ITIncident:111253,2,7648259311563418615
ITIncident:111258,2,13726449255799893775
ITIncident:111263,2,2785968601360590941
ITIncident:111266,2,12111186344008580855
ITIncident:111275,2,9576597681810435038
ITIncident:111278,2,3525536084375236026
ITIncident:111282,2,17042169624491143875
ITIncident:111285,2,17869088701942581580
ITIncident:111289,2,420134394973417254
ITIncident:111293,2,6145100688566487568
ITIncident:111297,2,6831680664146717511
ITIncident:111303,2,9922622364551816996
ITIncident:111307,2,18117812263516495178
ITIncident:111314,2,3581498797159690234
ITIncident:111319,2,13605898630307070226
ITIncident:111330,2,2248887406620705307
ITIncident:111334,2,6354405275438474396
ITIncident:111338,2,197100678732187604
ITIncident:111342,2,6145100688566487568
ITIncident:111346,1,5029516739926445509
ITIncident:111352,2,8488505512854949105
ITIncident:111355,2,7905480602934059517
ITIncident:111358,0,10995284963653623585
ITIncident:111366,2,8073407177154024370
ITIncident:111369,2,16479043657205106744
ITIncident:111375,2,3041464081142183470
ITIncident:111385,2,3323452001441895717
ITIncident:111395,2,18216335507829986373
ITIncident:111402,2,4867089663207370884
ITIncident:111405,2,180806663613916093
ITIncident:111410,2,13917683993289109302
ITIncident:111412,2,8797918397126363176
ITIncident:111415,2,15465167004556870263
ITIncident:111418,2,180806663613916093
ITIncident:111421,2,3742945607923053449
ITIncident:111423,2,1869904479513687889
ITIncident:111426,2,9249293981459253177
ITIncident:111430,2,5323970497520282529
ITIncident:111435,2,18186072098640639876
ITIncident:111438,2,16909902987324009442
ITIncident:111441,2,16368648713697560603
ITIncident:111445,2,15694554795449827853
ITIncident:111448,2,4948565937945971902
ITIncident:111450,2,10249441431124451852
ITIncident:111453,2,17158260411100868973
ITIncident:111458,2,6540546035473634663
ITIncident:111461,2,9918664875711475229
ITIncident:111469,2,4530278485322184021
ITIncident:111472,2,9249293981459253177
ITIncident:111479,2,14892894927776819879
ITIncident:111482,2,16479043657205106744
ITIncident:111485,2,18036375337265419046
ITIncident:111487,2,16413723610591773452
ITIncident:111499,2,15252045011008178505
ITIncident:111502,2,2113718247392916067
ITIncident:111508,2,15198150233550590354
ITIncident:111512,2,14218071449245995377
ITIncident:111515,2,715318864010695106
ITIncident:111517,2,10232681987645979299
ITIncident:111519,2,5408694821547344994
ITIncident:111522,2,15740620611146833109
ITIncident:111526,2,2709757731775230250
ITIncident:111534,2,7536344997554308592
ITIncident:111537,2,12018567855880088393
ITIncident:111540,2,15740620611146833109
ITIncident:111548,2,8996995582918526868
ITIncident:111552,2,13780418306135185923
ITIncident:111557,2,7062272038149754794
ITIncident:111565,2,11973812570788697679
ITIncident:111567,2,11228563950940326324
ITIncident:111573,2,3720364295514160338
ITIncident:111576,2,4545183127929634326
ITIncident:111580,2,13609440404668315939
ITIncident:111583,2,7442497595732252057
ITIncident:111597,2,11751198524437617955
ITIncident:111606,2,7923874106217464942
ITIncident:111609,2,3804518530390334224
ITIncident:111615,2,16623405883166659291
ITIncident:111620,2,5003672468324964688
ITIncident:111624,2,1067091021443369198
ITIncident:111627,2,16479043657205106744
ITIncident:111630,2,9735604224217519284
ITIncident:111644,2,18348499893406761830
ITIncident:111653,2,2871223587798266487
ITIncident:111658,2,2392298523843158471
ITIncident:111665,2,6924148330036072102
ITIncident:111672,2,5823961268191310159
ITIncident:111675,2,8263564238637363600
ITIncident:111679,2,15022587121422169950
ITIncident:111692,2,7090255199224166612
ITIncident:111696,2,15987039967342503869
ITIncident:111700,2,13208788692538731222
ITIncident:111706,2,4281741513988035966
ITIncident:111711,2,10743670848124623825
ITIncident:111720,2,8593485842363437305
ITIncident:111724,2,2617859537011638858
ITIncident:111728,2,2617859537011638858
ITIncident:111732,1,2617859537011638858
ITIncident:111736,2,2617859537011638858
ITIncident:111740,2,2617859537011638858
ITIncident:111744,2,2617859537011638858
ITIncident:111748,2,2617859537011638858
ITIncident:111752,2,2617859537011638858
ITIncident:111756,1,2617859537011638858
ITIncident:111760,2,2617859537011638858
ITIncident:111764,1,2617859537011638858
ITIncident:111768,1,2617859537011638858
ITIncident:111773,2,3108999842479719750
ITIncident:111777,1,2617859537011638858
ITIncident:111782,2,3108999842479719750
ITIncident:111786,1,2617859537011638858
ITIncident:111790,2,2617859537011638858
ITIncident:111793,2,10922037082655326747
ITIncident:111797,1,2617859537011638858
ITIncident:111801,1,2617859537011638858
ITIncident:111805,1,2617859537011638858
ITIncident:111809,1,2617859537011638858
ITIncident:111813,1,2617859537011638858
ITIncident:111817,1,2617859537011638858
ITIncident:111822,2,15440990065245909107
ITIncident:111825,2,8263564238637363600
ITIncident:111828,2,4970790503287525771
ITIncident:111832,2,11753805828714841769
ITIncident:111834,2,10123660658906838347
ITIncident:111839,2,813789804035808666
ITIncident:111843,2,421679701633615330
ITIncident:111845,2,12169096999502110762
ITIncident:111850,0,13164890347735838747
ITIncident:111854,2,16606649391128803132
ITIncident:111869,0,9511113902935052218
ITIncident:111877,2,10771616472644960985
ITIncident:111888,2,13251536494615387169
ITIncident:111896,2,16569636073766950333
ITIncident:111901,2,7376521878644242452
ITIncident:111911,2,11126086626655464010
ITIncident:111920,2,7274744471149687585
ITIncident:111924,2,11753805828714841769
ITIncident:111928,2,13070170326076299398
ITIncident:111933,2,4336610122451242520
ITIncident:111937,2,1067091021443369198
ITIncident:111940,2,17444671887436118239
ITIncident:111946,2,14268539569122283782
ITIncident:111950,2,1067091021443369198
ITIncident:111953,2,1396213510530255009
ITIncident:111972,2,2832515283576475191
ITIncident:111987,1,12876366681958954164
ITIncident:111992,2,16649078635863525217
ITIncident:111996,2,13003888781435704320
ITIncident:112002,2,5538521069892927665
ITIncident:112005,2,7905480602934059517
ITIncident:112013,2,7199391711511907295
ITIncident:112016,2,4171427816487606462
ITIncident:112019,2,13671702094733656956
ITIncident:112021,2,1869904479513687889
ITIncident:112026,2,4690103630943637908
ITIncident:112029,2,12111186344008580855
ITIncident:112033,2,2709757731775230250
ITIncident:112037,2,7764214386395421892
ITIncident:112042,2,16268856724088594277
ITIncident:112046,1,17724643578585283838
ITIncident:112056,0,10695449391797325784
ITIncident:112061,2,16196492047826426456
ITIncident:112068,0,16888361146529711378
ITIncident:112072,2,2935702301350329839
ITIncident:112075,2,18020991537619688766
ITIncident:112079,2,4463376509947536071
ITIncident:112084,0,4916898204403964023
ITIncident:112087,2,13578692004536819552
ITIncident:112090,2,12111186344008580855
ITIncident:112097,0,4856352044680233048
ITIncident:112099,2,3582881113766432677
ITIncident:112107,2,2903602306000340056
ITIncident:112110,2,3055248448947703746
ITIncident:112113,2,16479043657205106744
ITIncident:112118,2,11213280288595942160
ITIncident:112121,2,17923149777136964216
ITIncident:112126,2,9710266528179786212
ITIncident:112130,2,10388187529295903936
ITIncident:112137,2,14845561528962372332
ITIncident:112142,2,3060759946477235244
ITIncident:112145,2,17923149777136964216
ITIncident:112155,0,8289879020292389155
ITIncident:112160,2,16203926555621034664
ITIncident:112165,2,7400306131274610090
ITIncident:112167,2,3582881113766432677
ITIncident:112170,2,8019416891269177380
ITIncident:112173,2,9141543725527778207
ITIncident:112176,2,2941048360625129140
ITIncident:112179,2,2941048360625129140
ITIncident:112183,2,11227313704379522803
ITIncident:112186,2,1818354946605286282
ITIncident:112189,2,1818354946605286282
ITIncident:112195,2,7973729973480718475
ITIncident:112197,2,1533785922845531992
ITIncident:112199,2,7255209109361229421
ITIncident:112202,2,5651313983145445138
ITIncident:112208,2,11140396524697225536
ITIncident:112212,2,11009929820723282095
ITIncident:112214,2,4049865816053258915
ITIncident:112217,2,5066184272834623254
ITIncident:112219,2,15454167676120435248
ITIncident:112222,2,10883174451450001190
ITIncident:112224,2,10538990098194470142
ITIncident:112226,2,3968020277615795118
ITIncident:112230,2,14630372309444933258
ITIncident:112236,2,18396526576027394875
ITIncident:112242,2,10504798188723819109
ITIncident:112250,2,2903602306000340056
ITIncident:112261,2,3395254649956702283
ITIncident:112265,2,5693901236313308908
ITIncident:112269,2,13107893427761586363
ITIncident:112276,2,8105153552978780527
ITIncident:112288,0,8705108929736455193
ITIncident:112291,1,1396213510530255009
ITIncident:112294,2,12111186344008580855
ITIncident:112297,2,17923149777136964216
ITIncident:112300,2,13671702094733656956
ITIncident:112310,2,18202018232416035881
ITIncident:112313,2,12847637602087586750
ITIncident:112321,2,9562524908529701612
ITIncident:112324,2,14616869648244192802
ITIncident:112331,2,5050936422297444215
ITIncident:112344,2,5104627392956369930
ITIncident:112347,2,12847637602087586750
ITIncident:112352,2,1025945829821065005
ITIncident:112361,0,1536744210952218713
ITIncident:112365,2,9808117322060500276
ITIncident:112368,2,6874461019933155441
ITIncident:112371,2,5651313983145445138
ITIncident:112374,2,3081479852638945825
ITIncident:112380,0,2186404327552224742
ITIncident:112387,2,12419055112245800197
ITIncident:112390,2,6600549105739382788
ITIncident:112394,2,9797854002384365914
ITIncident:112398,2,12757112295853139741
ITIncident:112402,2,211758538037798796
ITIncident:112405,2,7817486685362024232
ITIncident:112409,2,79268282420699132
ITIncident:112415,2,18037147300352518449
ITIncident:112423,0,1799975526362831217
ITIncident:112428,2,1349571755897795715
ITIncident:112431,2,4827518449928824154
ITIncident:112435,2,421679701633615330
ITIncident:112440,2,8755431311006610526
ITIncident:112444,2,5935619769662407360
ITIncident:112448,2,4038316050490278017
ITIncident:112455,2,448327334345340419
ITIncident:112471,2,5382325206672788607
ITIncident:112477,2,5744722012676190500
ITIncident:112480,2,13671702094733656956
ITIncident:112483,2,9650746492707596217
ITIncident:112492,2,14800651783161543094
ITIncident:112498,2,8191727134584334869
ITIncident:112501,2,9249293981459253177
ITIncident:112504,2,8131532756761261295
ITIncident:112509,2,2197367905907293209
ITIncident:112515,1,14870708518138940153
ITIncident:112518,2,12750753737349537572
ITIncident:112522,2,11736811556474757168
ITIncident:112525,2,4970790503287525771
ITIncident:112528,2,3055248448947703746
ITIncident:112531,2,4948565937945971902
ITIncident:112534,2,1634128744250102478
ITIncident:112538,2,17999216949364889750
ITIncident:112541,2,18107018481663970584
ITIncident:112545,2,1005254734842481679
ITIncident:112563,2,5311614984007595372
ITIncident:112567,2,3352747091837405267
ITIncident:112573,2,11920672928442413892
ITIncident:112576,2,18310603342461320124
ITIncident:112581,2,12396512377826028859
ITIncident:112585,2,564198337414894098
ITIncident:112588,2,14519412455299030095
ITIncident:112591,2,18107018481663970584
ITIncident:112594,2,5424838402845465494
ITIncident:112597,2,3725694873416831845
ITIncident:112603,2,15640999107519323285
ITIncident:112606,2,12111186344008580855
ITIncident:112611,2,4343884445298923091
ITIncident:112618,2,13802944042261907905
ITIncident:112626,0,3991938285428660050
ITIncident:112632,2,9145389590251961967
ITIncident:112637,2,11061271691065018701
ITIncident:112641,2,16948290265354395811
ITIncident:112644,2,6680034160740047843
ITIncident:112649,2,6958255202008903253
ITIncident:112653,2,7989121388945006120
ITIncident:112658,2,13381217697171676466
ITIncident:112662,2,2796681850147963724
ITIncident:112668,2,18149132277475866947
ITIncident:112681,2,154953317542176440
ITIncident:112684,2,17010168676067932334
ITIncident:112687,2,6680034160740047843
ITIncident:112691,2,11736811556474757168
ITIncident:112694,2,835066563618791466
ITIncident:112698,2,420134394973417254
ITIncident:112702,2,8726520503652416463
ITIncident:112705,2,2764885568248164398
ITIncident:112708,2,14519412455299030095
ITIncident:112715,2,7797931480074832823
ITIncident:112719,2,18037288057324855572
ITIncident:112722,2,18107018481663970584
ITIncident:112725,2,3953136569964579634
ITIncident:112731,2,14442880795440722313
ITIncident:112734,2,12111186344008580855
ITIncident:112743,2,12735840601712194149
ITIncident:112746,2,5014921244532561391
ITIncident:112755,2,17975779254393722054
ITIncident:112758,2,9249293981459253177
ITIncident:112764,2,6572806059350700413
ITIncident:112768,2,8978490057166625748
ITIncident:112771,2,12111186344008580855
ITIncident:112776,2,5276426079754868336
ITIncident:112787,2,13657642591970535179
ITIncident:112792,2,8858456061745519208
ITIncident:112800,2,10075330338702932220
ITIncident:112809,2,17419702851918154333
ITIncident:112813,2,8444444667742439382
ITIncident:112816,2,9782757529406968592
ITIncident:112821,2,14536403217369962452
ITIncident:112824,2,13622585845838544168
ITIncident:112831,2,12934038556984132604
ITIncident:112838,2,14676882762259073281
ITIncident:112845,2,17110709859605838346
ITIncident:112854,2,5696692460250566062
ITIncident:112858,2,2284893619808336535
ITIncident:112863,2,14373425991403895989
ITIncident:112869,2,10158031201146463295
ITIncident:112874,2,6454045545395473390
ITIncident:112880,2,9239217460131159659
ITIncident:112883,2,12111186344008580855
ITIncident:112887,2,9248461813045675275
ITIncident:112896,2,11456638717114521495
ITIncident:112906,2,7101380881932255445
ITIncident:112909,2,12111186344008580855
ITIncident:112912,2,17923149777136964216
ITIncident:112923,2,18050328299306981787
ITIncident:112931,2,11870729295579383495
ITIncident:112935,2,818831147119926450
ITIncident:112938,2,18107018481663970584
ITIncident:112942,2,421679701633615330
ITIncident:112946,2,18095227575379667960
ITIncident:112950,2,421679701633615330
ITIncident:112954,2,1057302849589243564
ITIncident:112957,2,6533342036974924972
ITIncident:112960,2,6473456897920130597
ITIncident:112965,2,2963473538605179336
ITIncident:112970,2,16407147190551328514
ITIncident:112974,2,18117812263516495178
ITIncident:112978,2,5931719804887821788
ITIncident:112986,2,8661805306133823734
ITIncident:112990,2,964981882824963632
ITIncident:112996,2,10620763927472191862
ITIncident:112999,2,14210125891064902968
ITIncident:113008,2,11747725009305728230
ITIncident:113011,2,18052386339322057538
ITIncident:113024,2,11543597219391645713
ITIncident:113028,2,2070772438688075471
ITIncident:113033,2,15533146828450552627
ITIncident:113039,2,9129005769810877190
ITIncident:113043,0,7821584487239675466
ITIncident:113052,2,4915276731194117659
ITIncident:113056,2,13207925128982030596
ITIncident:113059,2,2613007622536025887
ITIncident:113065,0,7821737432297030340
ITIncident:113068,2,15738967823535717785
ITIncident:113073,2,6503966877273587566
ITIncident:113077,2,6997308034020720910
ITIncident:113082,2,17535628299907516543
ITIncident:113085,2,2356181819777856285
ITIncident:113088,2,13843786736121499259
ITIncident:113096,1,421057601142772833
ITIncident:113100,2,8777544070357357357
ITIncident:113104,2,11495711391599572311
ITIncident:113110,2,4467910998670058050
ITIncident:113117,2,13472836575055195344
ITIncident:113121,2,2796681850147963724
ITIncident:113124,2,17175978616421536655
ITIncident:113129,2,16078039788442671200
ITIncident:113132,2,8190121933140916817
ITIncident:113143,2,8196421626596134426
ITIncident:113152,2,13575179435434730053
ITIncident:113157,2,5770101567154166070
ITIncident:113160,2,9830550085017270698
ITIncident:113167,2,7374242073098237687
ITIncident:113187,2,2771425047636148251
ITIncident:113190,2,2113718247392916067
ITIncident:113192,2,5408694821547344994
ITIncident:113196,2,7761411290123958630
ITIncident:113203,2,6564533052350123862
ITIncident:113209,2,17157373294213211575
ITIncident:113217,2,13194506206956214929
ITIncident:113222,2,17257646069590883513
ITIncident:113227,2,14671307362047334621
ITIncident:113233,2,11508152037282670829
ITIncident:113238,2,7918114532203025956
ITIncident:113252,2,5441596091651889157
ITIncident:113257,2,16187143128693296297
ITIncident:113260,2,13671702094733656956
ITIncident:113264,2,7761411290123958630
ITIncident:113272,2,8568209464490849682
ITIncident:113284,2,418185048937955862
ITIncident:113287,2,15539886755589258359
ITIncident:113294,2,13959815350785708663
ITIncident:113299,2,13299002777868828489
ITIncident:113304,2,8995501228186617134
ITIncident:113311,2,8339645039029219940
ITIncident:113314,2,12018567855880088393
ITIncident:113323,2,14662483545050278530
ITIncident:113326,2,6680034160740047843
ITIncident:113332,2,10333480378638743513
ITIncident:113335,2,6874461019933155441
ITIncident:113344,2,1345996432105027784
ITIncident:113347,2,16420005464749338780
ITIncident:113352,2,17491895830968075395
ITIncident:113355,2,11617154247184149051
ITIncident:113357,2,17182524659451924545
ITIncident:113361,2,13609440404668315939
ITIncident:113364,2,2113718247392916067
ITIncident:113368,2,4026664395675299165
ITIncident:113373,2,4505434081997884123
ITIncident:113384,2,18348753764747628664
ITIncident:113387,2,5847458114820431739
ITIncident:113389,2,1717042000845641429
ITIncident:113393,2,13103326871637887590
ITIncident:113396,2,5603165706084929478
ITIncident:113401,2,1991343943351372014
ITIncident:113410,0,9830388519154916070
ITIncident:113413,2,12111186344008580855
ITIncident:113416,2,3902333525040178132
ITIncident:113428,2,5661394016435182790
ITIncident:113431,2,2018651800164876507
ITIncident:113435,2,421679701633615330
ITIncident:113438,2,9249293981459253177
ITIncident:113446,2,2045769043998857019
ITIncident:113449,2,10155599676665228703
ITIncident:113452,2,18107018481663970584
ITIncident:113456,2,12198594559801287919
ITIncident:113459,2,6680034160740047843
ITIncident:113462,2,1911498633379416014
ITIncident:113469,2,480112848872529606
ITIncident:113473,2,2514171300968242822
ITIncident:113486,2,11023781979178954097
ITIncident:113489,2,2113718247392916067
ITIncident:113493,2,6925582112771180264
ITIncident:113497,2,326094551514189695
ITIncident:113508,2,14220860098080325556
ITIncident:113518,2,8533993771638417810
ITIncident:113522,2,9075203519436117051
ITIncident:113529,2,17408715271278069812
ITIncident:113541,2,11939712348313304973
ITIncident:113548,2,8401007504249109113
ITIncident:113552,2,12180504888904585673
ITIncident:113555,2,12111186344008580855
ITIncident:113559,2,18310454866301929686
ITIncident:113564,2,3178410368399882240
ITIncident:113567,2,4948565937945971902
ITIncident:113572,2,14002579658732216385
ITIncident:113575,2,2356181819777856285
ITIncident:113581,2,14878349519007943610
ITIncident:113586,1,3923023010575675472
ITIncident:113593,2,9735461905395736428
ITIncident:113600,2,1789659811892995581
ITIncident:113603,2,14888230275933627600
ITIncident:113608,2,14492850281459146211
ITIncident:113611,2,14981810794260515248
ITIncident:113630,2,4982604776103669520
ITIncident:113636,2,14157253935005127964
ITIncident:113642,2,1834277117175820995
ITIncident:113649,2,3001105866253363193
ITIncident:113667,2,15852206574567696207
ITIncident:113670,2,7905480602934059517
ITIncident:113678,2,5668213627417801527
ITIncident:113681,2,12111186344008580855
ITIncident:113684,2,4170799387676964688
ITIncident:113691,2,13459857265382789211
ITIncident:113696,2,4424567945607589196
ITIncident:113701,2,8074117560500507277
ITIncident:113712,2,271655861140869895
ITIncident:113715,2,8454285023148334203
ITIncident:113717,2,16413723610591773452
ITIncident:113723,2,6672154961040901036
ITIncident:113726,2,13648118712173299818
ITIncident:113729,2,6680034160740047843
ITIncident:113736,2,10798111304338505383
ITIncident:113747,2,9217079621597358785
ITIncident:113751,2,3963048544687639903
ITIncident:113757,2,8523662834252324829
ITIncident:113760,2,14680969947636597948
ITIncident:113765,2,15527169849049954877
ITIncident:113771,2,16195222409866357764
ITIncident:113777,2,11920672928442413892
ITIncident:113780,2,1396213510530255009
ITIncident:113782,2,10793563583709759966
ITIncident:113784,2,2032677178594941904
ITIncident:113789,2,6566827038408215279
ITIncident:113792,2,2802323676490830801
ITIncident:113795,2,13671702094733656956
ITIncident:113806,2,14701182887577585354
ITIncident:113808,2,7472588573698696038
ITIncident:113815,2,6105981561448247399
ITIncident:113818,2,13793519998764738858
ITIncident:113825,2,10415037911038836628
ITIncident:113827,2,4156030710741035936
ITIncident:113832,2,7267877990088172135
ITIncident:113838,2,11183386442373133847
ITIncident:113841,2,8719217120074107553
ITIncident:113849,2,15445763404743453247
ITIncident:113852,2,13671702094733656956
ITIncident:113860,2,7193823354212907139
ITIncident:113863,2,4970790503287525771
ITIncident:113868,2,7861785239980471526
ITIncident:113882,2,10398969044919498076
ITIncident:113885,2,6281764522156040956
ITIncident:113888,2,12111186344008580855
ITIncident:113891,2,3178442247508734375
ITIncident:113896,2,12573401278176206492
ITIncident:113901,2,2800642581036240775
ITIncident:113904,2,9505842089481339059
ITIncident:113908,2,13722512427475917663
ITIncident:113911,2,4825612855767557374
ITIncident:113914,2,8485099658957835457
ITIncident:113918,2,8444444667742439382
ITIncident:113922,2,16480124913075664575
ITIncident:113930,2,15609880632520041452
ITIncident:113932,2,7566663966577990717
ITIncident:113936,2,8146944196223212905
ITIncident:113941,2,8287360982973126248
ITIncident:113944,2,12111186344008580855
ITIncident:113948,2,7211476862322814284
ITIncident:113950,2,15454167676120435248
ITIncident:113955,2,6433960009393295015
ITIncident:113958,2,13907320440570291453
ITIncident:113962,2,14789731086892092846
ITIncident:113965,2,5424838402845465494
ITIncident:113969,2,10085031514543696485
ITIncident:113973,2,5983129980946447558
ITIncident:113977,2,15752910422009749812
ITIncident:113979,2,2118370937639606188
ITIncident:113984,2,680432094489224311
ITIncident:113988,2,15953683947044734627
ITIncident:113991,2,7781703138731223572
ITIncident:113993,2,5408694821547344994
ITIncident:113996,2,5236102999490034585
ITIncident:114005,2,8728658682025412279
ITIncident:114010,2,15745905494677684276
ITIncident:114015,2,15955644820287628031
ITIncident:114022,2,9462341882858943663
ITIncident:114027,2,7376521878644242452
ITIncident:114031,2,8365757968291152330
ITIncident:114035,2,7909534582276441620
ITIncident:114042,2,5911410766276040172
ITIncident:114045,2,16609947496062565597
ITIncident:114051,2,15869880795194086278
ITIncident:114055,1,2617859537011638858
ITIncident:114058,2,5650997457441877632
ITIncident:114062,1,2617859537011638858
ITIncident:114066,2,2617859537011638858
ITIncident:114069,1,4222575348636266053
ITIncident:114072,1,4222575348636266053
ITIncident:114075,1,4222575348636266053
ITIncident:114078,1,4222575348636266053
ITIncident:114081,2,4222575348636266053
ITIncident:114084,1,4222575348636266053
ITIncident:114087,1,4222575348636266053
ITIncident:114090,1,4222575348636266053
ITIncident:114092,1,17091521933284809824
ITIncident:114095,1,4222575348636266053
ITIncident:114097,1,17091521933284809824
ITIncident:114100,1,4222575348636266053
ITIncident:114102,1,17091521933284809824
ITIncident:114105,2,4222575348636266053
ITIncident:114108,1,4222575348636266053
ITIncident:114111,1,4222575348636266053
ITIncident:114113,1,17091521933284809824
ITIncident:114115,1,17091521933284809824
ITIncident:114118,2,4948565937945971902
ITIncident:114125,0,11236907079512501916
ITIncident:114128,2,10252986347346636940
ITIncident:114131,2,14308461358152788757
ITIncident:114135,2,2800352227736392204
ITIncident:114138,2,15650561523105839159
ITIncident:114143,2,18314825607608938950
ITIncident:114147,2,17947195851935178972
ITIncident:114150,2,17444671887436118239
ITIncident:114155,2,753622888789182377
ITIncident:114159,2,2324965632557094438
ITIncident:114162,2,5014921244532561391
ITIncident:114165,2,1396213510530255009
ITIncident:114168,2,6325782128206346200
ITIncident:114172,2,14403767241857176677
ITIncident:114175,2,6689438903976773218
ITIncident:114178,2,12111186344008580855
ITIncident:114188,2,6027816875269359284
ITIncident:114191,2,13671702094733656956
ITIncident:114194,2,1634128744250102478
ITIncident:114201,2,10824958688063125705
ITIncident:114208,2,18315117639317710102
ITIncident:114213,2,15990445228148287185
ITIncident:114216,2,8971076009832008672
ITIncident:114219,2,7180382543148657471
ITIncident:114222,2,16609947496062565597
ITIncident:114225,2,8095578245868521169
ITIncident:114234,0,16147879161123025081
ITIncident:114237,2,12111186344008580855
ITIncident:114243,2,2128933275144284477
ITIncident:114253,2,8533993771638417810
ITIncident:114257,2,3031855105334534039
ITIncident:114262,2,2621968319747671670
ITIncident:114272,2,9147561743168352326
ITIncident:114276,2,5793906352414092637
ITIncident:114279,2,5594773923426473141
ITIncident:114282,1,13793519998764738858
ITIncident:114285,2,5594773923426473141
ITIncident:114290,2,2592583866679545710
ITIncident:114293,2,4948565937945971902
ITIncident:114296,2,4738507485169632775
ITIncident:114299,2,17766433269331967160
ITIncident:114305,0,17977326714304184062
ITIncident:114309,2,18072444890745893582
ITIncident:114313,2,13769287396676224120
ITIncident:114317,2,8879690391188550776
ITIncident:114323,2,8646922396057307929
ITIncident:114328,0,9248488032263230015
ITIncident:114339,2,16008233409610275305
ITIncident:114351,0,17336802148924207091
ITIncident:114359,2,1943590003731597521
ITIncident:114363,2,15953683947044734627
ITIncident:114371,2,14219499892403835334
ITIncident:114381,2,12024848919966749676
ITIncident:114386,2,10108891303651838438
ITIncident:114394,2,3218628385590595370
ITIncident:114410,2,7189624872639997256
ITIncident:114420,2,15954314640767189697
ITIncident:114436,2,11154959382109759043
ITIncident:114439,2,7898321650246559009
ITIncident:114442,2,7905480602934059517
ITIncident:114453,2,10835242330042840645
ITIncident:114456,2,12111186344008580855
ITIncident:114462,2,1036295071438315904
ITIncident:114465,2,7905480602934059517
ITIncident:114469,2,1402201711525067382
ITIncident:114472,2,16479043657205106744
ITIncident:114477,2,12146319270588941382
ITIncident:114482,2,8755431311006610526
ITIncident:114485,2,18107018481663970584
ITIncident:114488,2,10790560368693134722
ITIncident:114491,2,6680034160740047843
ITIncident:114499,2,6419545059103104981
ITIncident:114503,2,197100678732187604
ITIncident:114514,2,12281699355688034668
ITIncident:114517,2,2613007622536025887
ITIncident:114519,2,12256838431153728563
ITIncident:114525,2,6040441665979654836
ITIncident:114538,0,17742823058250749111
ITIncident:114541,2,11206527811709604318
ITIncident:114554,2,7286307631155045714
ITIncident:114563,2,2956658017202195893
ITIncident:114567,2,14987702106818394745
ITIncident:114571,2,18164076060540279144
ITIncident:114582,2,946687093538594834
ITIncident:114587,2,3152049039814143288
ITIncident:114590,2,1550054899239004437
ITIncident:114595,2,6393095473725840455
ITIncident:114601,2,718079055700989638
ITIncident:114604,2,17471504329587676196
ITIncident:114611,2,17674823805034957121
ITIncident:114615,2,9075203519436117051
ITIncident:114630,2,15585718053927515470
ITIncident:114637,2,13341540092308222580
ITIncident:114642,2,16378299310672741576
ITIncident:114649,2,13181962958823440150
ITIncident:114653,2,8978490057166625748
ITIncident:114656,2,2802323676490830801
ITIncident:114660,2,2848407572478318109
ITIncident:114668,2,6244665387800424384
ITIncident:114672,2,2937304054941297050
ITIncident:114675,2,3970192783599568662
ITIncident:114678,2,4550422652669578210
ITIncident:114683,2,6582905317745718796
ITIncident:114687,2,17792153381999855844
ITIncident:114691,2,6563113997927053320
ITIncident:114696,2,16222553647163636395
ITIncident:114699,2,1396213510530255009
ITIncident:114702,2,2835134086602556937
ITIncident:114705,2,6680034160740047843
ITIncident:114707,2,4649367865911468111
ITIncident:114721,2,5181619415146044530
ITIncident:114725,2,5214302388981064088
ITIncident:114730,2,4046713322017144423
ITIncident:114736,2,17199627142967943944
ITIncident:114740,2,12278121008703302102
ITIncident:114743,2,18124297849448097146
ITIncident:114748,2,7641868563078539452
ITIncident:114752,2,10113238540348217932
ITIncident:114757,2,17847219295866014722
ITIncident:114761,2,14432714769756689341
ITIncident:114778,2,2967842755866824589
ITIncident:114782,2,1067091021443369198
ITIncident:114786,2,14987702106818394745
ITIncident:114790,2,421679701633615330
ITIncident:114793,2,1281791991335297470
ITIncident:114796,2,17971478489420363471
ITIncident:114814,2,13622182943172377386
ITIncident:114823,2,3930432309106294380
ITIncident:114827,2,5726639516139283776
ITIncident:114831,2,12791219937456442083
ITIncident:114836,1,9813032170697914694
ITIncident:114845,2,5801216642505686819
ITIncident:114849,2,9075203519436117051
ITIncident:114855,2,8897284147612660438
ITIncident:114867,0,6993726332219881114
ITIncident:114875,2,9616490284843378642
ITIncident:114882,2,1118837105044850141
ITIncident:114885,2,3793695619177116480
ITIncident:114897,2,562983475404680786
ITIncident:114903,2,13545023502422108268
ITIncident:114907,2,3564423365298215774
ITIncident:114912,2,11628000325417675154
ITIncident:114927,2,11184755808519197341
ITIncident:114934,2,9412876506724669589
ITIncident:114939,2,2197367905907293209
ITIncident:114945,2,16579382381679728129
ITIncident:114950,2,13030206738412969726
ITIncident:114955,2,16944556472014332248
ITIncident:114959,2,8038184148571634906
ITIncident:114967,2,14649588058198141771
ITIncident:114974,2,6561658595770451687
ITIncident:114984,2,8985068910707358550
ITIncident:114989,2,7699257961232803238
ITIncident:115005,2,13249153992857458260
ITIncident:115008,2,16551601924011230641
ITIncident:115010,2,7866398127594921580
ITIncident:115015,2,10994196396356162348
ITIncident:115021,2,1236972176492364766
ITIncident:115024,2,4433506888135093228
ITIncident:115027,1,5637206513346156998
ITIncident:115036,2,16783982861571568213
ITIncident:115044,2,8906358829087660772
ITIncident:115048,2,1135936464327218291
ITIncident:115051,2,14116115041027671875
ITIncident:115054,2,5847458114820431739
ITIncident:115057,2,4782898608022058204
ITIncident:115062,0,2213149413036660082
ITIncident:115070,2,9186777660578497749
ITIncident:115076,2,3822412477899258190
ITIncident:115081,2,12252456600975795159
ITIncident:115093,2,16971075265116011756
ITIncident:115095,2,5400609425623072510
ITIncident:115109,2,10246999834452400043
ITIncident:115112,2,13671702094733656956
ITIncident:115118,2,16570775762506644026
ITIncident:115127,2,1607877495069355520
ITIncident:115131,2,4414471705254042187
ITIncident:115134,2,8449665822376420472
ITIncident:115140,2,8591373429554282910
ITIncident:115145,2,11342932278746854244
ITIncident:115152,2,1617532019147213594
ITIncident:115155,2,17923149777136964216
ITIncident:115163,2,15909472140479299553
ITIncident:115165,2,17415543075242652528
ITIncident:115173,2,15985399404334616741
ITIncident:115176,2,10637772856798959158
ITIncident:115183,2,16839830615466730200
ITIncident:115185,2,8925393623907060325
ITIncident:115189,2,13094735923926608179
ITIncident:115192,2,8993517584270279981
ITIncident:115195,2,12018567855880088393
ITIncident:115200,2,16916468489851810734
ITIncident:115205,2,3266268283224533032
ITIncident:115211,2,16376431539956222135
ITIncident:115216,2,10196692736322610882
ITIncident:115219,2,4745832149200876504
ITIncident:115222,2,8454285023148334203
ITIncident:115225,2,18117112379842003637
ITIncident:115230,2,13901662310526775909
ITIncident:115233,2,18020991537619688766
ITIncident:115236,2,8552739100468676133
ITIncident:115238,2,17415543075242652528
ITIncident:115243,2,13261833507981247018
ITIncident:115248,2,6836658442948666943
ITIncident:115251,2,12111186344008580855
ITIncident:115254,2,13793519998764738858
ITIncident:115257,2,1848519252850336578
ITIncident:115261,2,13153594613218426729
ITIncident:115263,2,16611312811857163633
ITIncident:115265,2,7350813342030494596
ITIncident:115274,2,2193537635320125600
ITIncident:115286,2,1250103384796216912
ITIncident:115289,2,1818354946605286282
ITIncident:115292,2,17204412779711482958
ITIncident:115300,2,1239454553666112207
ITIncident:115309,2,9708595598121868320
ITIncident:115312,2,13671702094733656956
ITIncident:115320,2,10027963259131569461
ITIncident:115334,2,10435648784526171455
ITIncident:115336,2,3979794969151511725
ITIncident:115341,2,3317628425512573860
ITIncident:115350,2,14236923398451989429
ITIncident:115354,2,8063507332369233213
ITIncident:115357,2,10031163412727969101
ITIncident:115365,2,8221268970022460597
ITIncident:115368,2,17175978616421536655
ITIncident:115371,2,17175978616421536655
ITIncident:115379,2,14860139111287209000
ITIncident:115385,2,8343403848073472354
ITIncident:115388,2,17923149777136964216
ITIncident:115392,2,13404121839378300930
ITIncident:115395,2,3394349915730913595
ITIncident:115398,2,5014921244532561391
ITIncident:115401,2,4970790503287525771
ITIncident:115408,2,15169554475151611453
ITIncident:115419,2,5048788278188075875
ITIncident:115425,2,1704863949796247987
ITIncident:115431,2,16135990400671994712
ITIncident:115434,2,676465636110312279
ITIncident:115443,2,7936442463420323010
ITIncident:115446,2,12111186344008580855
ITIncident:115449,0,10728923427792163108
ITIncident:115455,2,11934142048224150288
ITIncident:115459,2,6834141996641085924
ITIncident:115462,2,13889359510655308622
ITIncident:115465,2,10637772856798959158
ITIncident:115468,2,18107018481663970584
ITIncident:115474,2,5019364756524356673
ITIncident:115478,2,8625330918059367812
ITIncident:115481,2,13889359510655308622
ITIncident:115484,2,13889359510655308622
ITIncident:115490,2,13678988475586451047
ITIncident:115498,2,6094425083128878389
ITIncident:115501,2,8263564238637363600
ITIncident:115508,2,6386515756352576615
ITIncident:115513,2,8322855462620021461
ITIncident:115521,2,9261869978243324265
ITIncident:115523,2,11859186153032159539
ITIncident:115527,2,5263697769332974678
ITIncident:115534,2,1669931018389498793
ITIncident:115536,2,15700050980871181311
ITIncident:115540,2,2796681850147963724
ITIncident:115542,2,15700050980871181311
ITIncident:115545,2,1902176460558363876
ITIncident:115548,2,12238378216738661372
ITIncident:115551,2,18366520899000481881
ITIncident:115553,2,11372398630185660640
ITIncident:115557,2,2723480397707590957
ITIncident:115573,2,10078025033136268652
ITIncident:115576,2,9513923071044009963
ITIncident:115585,2,8156570176477665522
ITIncident:115591,2,13681364859125469635
ITIncident:115594,2,5151429479029678215
ITIncident:115599,2,6911884751512439937
ITIncident:115602,2,13939967540220211269
ITIncident:115604,2,10538990098194470142
ITIncident:115612,2,3528501244097599668
ITIncident:115615,2,15031508619126403478
ITIncident:115617,2,15247542096022240057
ITIncident:115621,2,3496338186111970553
ITIncident:115624,2,4970790503287525771
ITIncident:115627,1,4222575348636266053
ITIncident:115630,1,4222575348636266053
ITIncident:115633,1,4222575348636266053
ITIncident:115636,1,4222575348636266053
ITIncident:115639,1,4222575348636266053
ITIncident:115645,2,14980117428112888943
ITIncident:115648,1,4222575348636266053
ITIncident:115651,1,4222575348636266053
ITIncident:115654,1,4222575348636266053
ITIncident:115657,1,4222575348636266053
ITIncident:115669,0,7245830688550062937
ITIncident:115672,1,4222575348636266053
ITIncident:115675,1,4222575348636266053
ITIncident:115683,2,12178671547162104137
ITIncident:115686,2,4222575348636266053
ITIncident:115689,2,4222575348636266053
ITIncident:115692,2,4222575348636266053
ITIncident:115695,2,4222575348636266053
ITIncident:115698,2,4222575348636266053
ITIncident:115701,2,4222575348636266053
ITIncident:115704,2,4222575348636266053
ITIncident:115707,2,4222575348636266053
ITIncident:115710,2,4222575348636266053
ITIncident:115713,2,4222575348636266053
ITIncident:115716,2,6160069798942294709
ITIncident:115719,2,5424838402845465494
ITIncident:115730,2,9314399207345579770
ITIncident:115735,2,10094024039528634172
ITIncident:115741,2,5409773837847135960
ITIncident:115746,2,9934373744670263217
ITIncident:115749,2,4970790503287525771
ITIncident:115753,2,11736811556474757168
ITIncident:115757,2,2514171300968242822
ITIncident:115759,2,5408694821547344994
ITIncident:115763,2,11736811556474757168
ITIncident:115766,0,16686305005203765257
ITIncident:115770,2,4436392843787798668
ITIncident:115778,2,8291459232845268574
ITIncident:115780,2,4688447467219680551
ITIncident:115782,2,16342516627132782470
ITIncident:115785,2,17444671887436118239
ITIncident:115788,2,5228226662278540746
ITIncident:115793,2,8879226884953012514
ITIncident:115796,2,13671702094733656956
ITIncident:115798,2,17415543075242652528
ITIncident:115803,2,9710266528179786212
ITIncident:115807,2,8144388347218376610
ITIncident:115816,2,10841084916984669998
ITIncident:115821,2,654886586155581372
ITIncident:115828,0,9318648526140232411
ITIncident:115834,2,11977867174570484212
ITIncident:115841,2,12403459379126126538
ITIncident:115844,2,18020991537619688766
ITIncident:115852,2,4887394018458760088
ITIncident:115855,2,5014921244532561391
ITIncident:115860,2,7400306131274610090
ITIncident:115863,2,6473456897920130597
ITIncident:115869,2,17396197264452894673
ITIncident:115873,2,18266073786258942039
ITIncident:115877,2,1696040006580467575
ITIncident:115881,2,5641969207398125515
ITIncident:115885,2,15217817700433316641
ITIncident:115889,2,388070802065812159
ITIncident:115892,2,18107018481663970584
ITIncident:115895,2,3607856481312872195
ITIncident:115898,2,12111186344008580855
ITIncident:115901,2,4825612855767557374
ITIncident:115905,2,18147474337696897447
ITIncident:115908,2,4782898608022058204
ITIncident:115911,2,16193905203360107093
ITIncident:115918,2,17075479899741394066
ITIncident:115921,2,12750753737349537572
ITIncident:115924,2,6680034160740047843
ITIncident:115928,2,15006613624280072444
ITIncident:115933,2,9464903866998511556
ITIncident:115948,2,18156807639854940450
ITIncident:115958,2,283661454505997863
ITIncident:115963,2,11563023920374555954
ITIncident:115969,2,15327770813681553669
ITIncident:115974,2,15341605525604965169
ITIncident:115977,2,13793519998764738858
ITIncident:115980,2,4970790503287525771
ITIncident:115988,2,2967091534097192655
ITIncident:115991,2,3055248448947703746
ITIncident:115994,2,18107018481663970584
ITIncident:115997,2,4816703805656582284
ITIncident:116002,2,11810545709244777421
ITIncident:116009,2,12268087768367908207
ITIncident:116021,2,9157225756884987306
ITIncident:116025,2,18117812263516495178
ITIncident:116027,2,13633520371524344448
ITIncident:116032,2,10821399793124758512
ITIncident:116036,2,13609440404668315939
ITIncident:116041,2,2988388577590216607
ITIncident:116044,2,8095578245868521169
ITIncident:116050,2,11402527333348496843
ITIncident:116055,2,284614009885123129
ITIncident:116066,2,4351359191829231144
ITIncident:116071,2,15327770813681553669
ITIncident:116075,2,7884098965299277700
ITIncident:116084,2,6052209069071678735
ITIncident:116088,2,878557273909480733
ITIncident:116091,2,15943301224350947915
ITIncident:116096,2,11920672928442413892
ITIncident:116101,2,4355175122162269799
ITIncident:116105,2,2674068262967712629
ITIncident:116110,2,16491706538225034239
ITIncident:116129,2,4733575760735750255
ITIncident:116134,2,12315636379159149622
ITIncident:116138,2,16409402124039360568
ITIncident:116149,2,17479543045288185959
ITIncident:116154,2,13246451363999837844
ITIncident:116159,2,9407960023482866658
ITIncident:116165,2,8559318181966141680
ITIncident:116174,2,9064013755211030015
ITIncident:116178,2,8444444667742439382
ITIncident:116181,2,16479043657205106744
ITIncident:116187,2,9711477979109277863
ITIncident:116195,2,10480858075011752129
ITIncident:116203,2,13442184006753353080
ITIncident:116206,2,8830177936282300513
ITIncident:116208,2,14038830055728369035
ITIncident:116213,2,1061276686176526778
ITIncident:116218,2,3272762406558157020
ITIncident:116222,2,10045521608999613891
ITIncident:116226,2,7658955526827385030
ITIncident:116230,2,16694342357076941377
ITIncident:116238,2,16785489252963794718
ITIncident:116244,2,8247576471895926271
ITIncident:116247,2,15740620611146833109
ITIncident:116254,2,13472836575055195344
ITIncident:116258,2,13775665484096494426
ITIncident:116261,2,7511960308142056742
ITIncident:116263,2,12828963435288607560
ITIncident:116271,2,11733650661596482938
ITIncident:116274,2,15375443091949444673
ITIncident:116277,2,15738967823535717785
ITIncident:116280,2,12750753737349537572
ITIncident:116283,2,8884262092494899611
ITIncident:116288,2,11336464888189203535
ITIncident:116292,2,3611226263672276391
ITIncident:116303,2,12494727857782144238
ITIncident:116307,2,15723450701750631351
ITIncident:116313,2,5201571986640273016
ITIncident:116320,2,4816452951744041825
ITIncident:116327,2,11928806283167534986
ITIncident:116332,2,11169096508908410744
ITIncident:116336,2,10376250535485669637
ITIncident:116339,2,12539538978425360888
ITIncident:116345,2,9313841062066885313
ITIncident:116351,2,11844407248111699914
ITIncident:116360,2,15378545355317168210
ITIncident:116381,2,3676545338956032237
ITIncident:116385,2,16409402124039360568
ITIncident:116388,2,9249293981459253177
ITIncident:116395,0,15343383184288240385
ITIncident:116398,2,3564423365298215774
ITIncident:116404,2,373487885069038141
ITIncident:116411,2,16079871909032943634
ITIncident:116417,2,15328010400810540633
ITIncident:116421,2,15773908462922796328
ITIncident:116424,2,6680034160740047843
ITIncident:116437,2,2341099383910204500
ITIncident:116440,2,2613007622536025887
ITIncident:116443,1,6680034160740047843
ITIncident:116447,2,1935996701053475380
ITIncident:116460,2,6717167920174611572
ITIncident:116463,2,11149875097143416746
ITIncident:116466,2,13726612038284286214
ITIncident:116469,2,13907320440570291453
ITIncident:116472,2,17175978616421536655
ITIncident:116476,2,16292426524003343565
ITIncident:116483,2,5733226882619543193
ITIncident:116487,2,12573401278176206492
ITIncident:116491,2,17160814323739919919
ITIncident:116494,2,10790560368693134722
ITIncident:116499,2,8897547447885835350
ITIncident:116502,2,14768636966525176328
ITIncident:116512,2,15900109106781983630
ITIncident:116515,2,2613007622536025887
ITIncident:116518,2,8418385066188213067
ITIncident:116527,2,1169773864981423033
ITIncident:116538,2,2350314025769527190
ITIncident:116545,2,5260599829229740050
ITIncident:116551,2,13095945718507451505
ITIncident:116558,2,10390531808984291386
ITIncident:116562,2,9052897405047605259
ITIncident:116566,2,1566624897214585018
ITIncident:116573,2,3689308817035746090
ITIncident:116579,2,17096409491997876707
ITIncident:116585,2,6914646751852442389
ITIncident:116588,2,16956734474108947430
ITIncident:116593,2,13930216218111922950
ITIncident:116597,2,8978490057166625748
ITIncident:116600,2,10637772856798959158
ITIncident:116607,2,9503922275031299003
ITIncident:116613,2,10381250810094122566
ITIncident:116616,2,14261513898340130161
ITIncident:116619,2,9249293981459253177
ITIncident:116624,2,4343864337085021739
ITIncident:116627,2,7081550224022176726
ITIncident:116631,1,7923119473346872350
ITIncident:116634,2,4171427816487606462
ITIncident:116639,2,11628169015520017486
ITIncident:116643,0,426456719125070356
ITIncident:116649,2,15568835865939912927
ITIncident:116656,2,1463802287972890372
ITIncident:116663,2,8477431644717782367
ITIncident:116669,2,12917448423185057249
ITIncident:116680,2,17224890441597162349
ITIncident:116688,2,17688533708881872694
ITIncident:116691,2,16479043657205106744
ITIncident:116695,2,16735001705197551148
ITIncident:116700,2,18165482340078631504
ITIncident:116705,2,9210416138496447698
ITIncident:116713,2,6145625541588803502
ITIncident:116737,2,698924847558744434
ITIncident:116743,2,7305178681101668717
ITIncident:116747,2,8979446149615553965
ITIncident:116752,2,3254674364534990908
ITIncident:116757,2,2670236570047257864
ITIncident:116760,2,8615747636165650359
ITIncident:116765,2,16016059498920604350
ITIncident:116769,2,421679701633615330
ITIncident:116772,2,17813028259618158589
ITIncident:116780,2,14183193993429102702
ITIncident:116783,2,4782898608022058204
ITIncident:116790,2,17872176681546312653
ITIncident:116794,2,10354611812954491864
ITIncident:116798,2,5623001664091207986
ITIncident:116803,2,14783840396950663991
ITIncident:116812,2,11154793495607285641
ITIncident:116816,2,14155529059213825464
ITIncident:116822,2,11528665538981583872
ITIncident:116826,2,2113654802694304038
ITIncident:116830,2,2670236570047257864
ITIncident:116836,2,13563154872704409709
ITIncident:116839,2,4970790503287525771
ITIncident:116848,1,10624137470470884520
ITIncident:116851,2,14535131679684320656
ITIncident:116853,2,15841424403262014240
ITIncident:116860,2,18197536147123067602
ITIncident:116867,2,15825371446071854258
ITIncident:116874,2,10390531808984291386
ITIncident:116877,2,13793519998764738858
ITIncident:116881,2,849845167938565991
ITIncident:116884,2,6680034160740047843
ITIncident:116888,2,9075203519436117051
ITIncident:116891,2,4782898608022058204
ITIncident:116898,2,13341593103108773574
ITIncident:116908,2,234727120910222510
ITIncident:116919,2,6258586226672795304
ITIncident:116932,2,12370265576632937627
ITIncident:116936,2,326094551514189695
ITIncident:116941,2,15987039967342503869
ITIncident:116944,2,9802841364677536934
ITIncident:116950,2,10635623078934551717
ITIncident:116961,2,8644262344224389873
ITIncident:116970,2,7267477877868168186
ITIncident:116973,2,15537455914151057765
ITIncident:116985,2,3915406786136666163
ITIncident:116990,2,10601824799651425404
ITIncident:116992,2,2118370937639606188
ITIncident:117001,2,7455083665811415007
ITIncident:117004,2,18107018481663970584
ITIncident:117009,2,3152049039814143288
ITIncident:117013,2,16054078717137240660
ITIncident:117016,2,715318864010695106
ITIncident:117019,2,12111186344008580855
ITIncident:117024,2,10478596383721161026
ITIncident:117029,2,10601824799651425404
ITIncident:117033,2,16571539975598341766
ITIncident:117041,2,2938202999188925875
ITIncident:117050,2,2576394698851245956
ITIncident:117055,2,3836420897377836890
ITIncident:117060,2,8365757968291152330
ITIncident:117063,2,9249293981459253177
ITIncident:117069,2,10154981335018236669
ITIncident:117077,2,17573020191449849103
ITIncident:117088,2,15705072735826412862
ITIncident:117092,2,13609440404668315939
ITIncident:117095,2,9249293981459253177
ITIncident:117101,2,17287685619916585984
ITIncident:117106,2,12000485094555421025
ITIncident:117109,2,8454285023148334203
ITIncident:117118,2,7639331964628606609
ITIncident:117123,2,13780407413202580050
ITIncident:117126,2,2887522293269807086
ITIncident:117134,2,18308875098449531731
ITIncident:117137,2,1818354946605286282
ITIncident:117140,2,6680034160740047843
ITIncident:117149,2,13564614293846888462
ITIncident:117152,2,5424838402845465494
ITIncident:117155,2,6680034160740047843
ITIncident:117159,2,14413145919544297220
ITIncident:117172,2,7313011488979429106
ITIncident:117175,0,10728923427792163108
ITIncident:117181,2,12347947563704784286
ITIncident:117188,0,14314339185730158752
ITIncident:117193,2,4637413157107541801
ITIncident:117197,2,106042986400744716
ITIncident:117200,2,13671702094733656956
ITIncident:117202,2,10793563583709759966
ITIncident:117209,2,3114358517344434207
ITIncident:117214,2,13354367293721656680
ITIncident:117217,2,13688267506177063077
ITIncident:117220,2,6473456897920130597
ITIncident:117224,2,4390889476342239505
ITIncident:117227,2,6680034160740047843
ITIncident:117230,2,11857090397179045002
ITIncident:117240,2,11040057516219222303
ITIncident:117243,2,9249293981459253177
ITIncident:117248,2,15454038832460283796
ITIncident:117260,2,3521199119196008763
ITIncident:117267,2,2140710985531668314
ITIncident:117276,2,17465032399064518983
ITIncident:117280,2,8978490057166625748
ITIncident:117285,2,15815975949913367190
ITIncident:117288,2,3408842047716392339
ITIncident:117294,2,10386571175404198455
ITIncident:117301,2,3056241700629405091
ITIncident:117307,2,12347947563704784286
ITIncident:117310,2,6680034160740047843
ITIncident:117316,2,15510817938685601052
ITIncident:117320,2,524071059101935505
ITIncident:117332,2,6301835354589954257
ITIncident:117336,2,4694479348187576545
ITIncident:117352,2,8630487899037299002
ITIncident:117354,2,3238570935802038189
ITIncident:117359,2,11886002505468981168
ITIncident:117365,2,459613892287104264
ITIncident:117369,2,9075203519436117051
ITIncident:117374,2,17430971373840394536
ITIncident:117379,2,12644895724002751874
ITIncident:117382,2,1992001551874341233
ITIncident:117386,2,3499011489154665931
ITIncident:117390,2,14032855074282923474
ITIncident:117397,2,16924188064562353083
ITIncident:117405,2,182071040496282080
ITIncident:117409,2,1562501829961417759
ITIncident:117414,2,7724678715570134063
ITIncident:117420,2,17370921866844911489
ITIncident:117432,0,2837922231911784953
ITIncident:117436,1,15310388529631641279
ITIncident:117444,2,15474113039771220337
ITIncident:117450,2,11108544049886922587
ITIncident:117455,2,1000138633299912993
ITIncident:117460,2,15074771677638186915
ITIncident:117465,2,14868777530964744679
ITIncident:117468,2,2356181819777856285
ITIncident:117474,2,3990230258981722584
ITIncident:117480,2,18330838570257780576
ITIncident:117483,2,18310603342461320124
ITIncident:117494,2,3414608703496761108
ITIncident:117496,2,1717042000845641429
ITIncident:117505,2,15756164556868339036
ITIncident:117508,2,18020991537619688766
ITIncident:117511,2,7612394984402357546
ITIncident:117515,2,12438476342222682684
ITIncident:117522,0,11833620897425219734
ITIncident:117526,2,14634176735227553723
ITIncident:117537,2,14006963166733416611
ITIncident:117547,2,5897493998299928087
ITIncident:117550,2,12980085256142142062
ITIncident:117553,2,4222575348636266053
ITIncident:117556,2,4222575348636266053
ITIncident:117559,2,4222575348636266053
ITIncident:117562,2,4222575348636266053
ITIncident:117565,2,4222575348636266053
ITIncident:117567,2,17091521933284809824
ITIncident:117570,2,4222575348636266053
ITIncident:117573,2,4222575348636266053
ITIncident:117576,2,4222575348636266053
ITIncident:117579,2,4222575348636266053
ITIncident:117582,2,4222575348636266053
ITIncident:117585,2,4222575348636266053
ITIncident:117588,2,4222575348636266053
ITIncident:117591,2,4222575348636266053
ITIncident:117594,2,4222575348636266053
ITIncident:117597,2,4222575348636266053
ITIncident:117600,2,4222575348636266053
ITIncident:117603,2,4222575348636266053
ITIncident:117606,2,4222575348636266053
ITIncident:117609,2,4222575348636266053
ITIncident:117612,2,4222575348636266053
ITIncident:117615,2,4222575348636266053
ITIncident:117621,2,5131288788281866695
ITIncident:117625,2,3499081561699954266
ITIncident:117633,2,6462226263345937654
ITIncident:117637,2,5820648368005878700
ITIncident:117640,2,1818354946605286282
ITIncident:117643,2,13381206755915008328
ITIncident:117650,2,414498707039771200
ITIncident:117653,2,4825612855767557374
ITIncident:117656,2,14242840635652962040
ITIncident:117663,2,7829842425419758130
ITIncident:117669,2,3421432316138089258
ITIncident:117687,2,9092624831043093516
ITIncident:117690,2,17444671887436118239
ITIncident:117698,0,8453702862259095983
ITIncident:117705,0,9318648526140232411
ITIncident:117717,0,2011595104844229440
ITIncident:117721,2,16054078717137240660
ITIncident:117731,2,6794168769598203062
ITIncident:117735,2,11226255863384489942
ITIncident:117738,2,6462923843994134543
ITIncident:117746,2,8943636091158567384
ITIncident:117750,2,16054078717137240660
ITIncident:117754,2,9767703585620629970
ITIncident:117760,2,5685254778316975467
ITIncident:117767,2,9679295236043538105
ITIncident:117770,2,6473456897920130597
ITIncident:117773,2,18229296214632492475
ITIncident:117776,2,8412505904353268348
ITIncident:117787,2,1709088356703228317
ITIncident:117790,2,4825612855767557374
ITIncident:117795,2,15815975949913367190
ITIncident:117798,1,7456060865316208657
ITIncident:117801,2,6473456897920130597
ITIncident:117804,2,16740974956266232795
ITIncident:117807,2,12004175304345206469
ITIncident:117811,2,8527478148670227734
ITIncident:117820,2,15534546375837801859
ITIncident:117823,2,9963479394767587613
ITIncident:117827,2,18147898831848917310
ITIncident:117830,2,3081479852638945825
ITIncident:117833,2,16479043657205106744
ITIncident:117836,2,12845855792283715796
ITIncident:117843,2,13213032707838465058
ITIncident:117845,2,1394448892800713115
ITIncident:117852,2,8804238930027671774
ITIncident:117855,2,16479043657205106744
ITIncident:117859,2,2826964750969108182
ITIncident:117864,2,9669245191470650096
ITIncident:117866,2,8162990939996356817
ITIncident:117869,2,6473456897920130597
ITIncident:117872,2,4825612855767557374
ITIncident:117875,2,15738967823535717785
ITIncident:117878,2,16479043657205106744
ITIncident:117886,2,11303437250100240784
ITIncident:117890,2,12244013390706803814
ITIncident:117895,2,9669245191470650096
ITIncident:117898,2,3685604037501696338
ITIncident:117901,2,6473456897920130597
ITIncident:117904,1,2471133575932329419
ITIncident:117909,2,8365757968291152330
ITIncident:117912,2,8719217120074107553
ITIncident:117915,2,12893054068723892864
ITIncident:117918,2,14152886679974033962
ITIncident:117921,2,16479043657205106744
ITIncident:117927,2,2351779864251792868
ITIncident:117929,2,2555100101650306457
ITIncident:117932,2,1467721110115671783
ITIncident:117935,2,17982803516725694534
ITIncident:117938,2,5520643926232843091
ITIncident:117942,2,14890286932308623398
ITIncident:117946,2,12544275505052822302
ITIncident:117949,2,7250146459115323760
ITIncident:117952,2,1298775903285008655
ITIncident:117961,2,13750038871007260115
ITIncident:117964,2,1298775903285008655
ITIncident:117969,2,10682596395526715756
ITIncident:117972,2,1298775903285008655
ITIncident:117975,2,2613007622536025887
ITIncident:117978,2,16661716182592965833
ITIncident:117985,2,7211484011176331797
ITIncident:117988,2,7366862579272505077
ITIncident:117991,2,12107990870927824779
ITIncident:117995,2,10113238540348217932
ITIncident:117998,2,9587954570502372577
ITIncident:118001,2,15147293970225371742
ITIncident:118004,2,11697663275316386986
ITIncident:118012,2,15744173574767497393
ITIncident:118018,2,17992005620309458969
ITIncident:118021,2,1298775903285008655
ITIncident:118025,2,15773908462922796328
ITIncident:118031,2,8241955880969637740
ITIncident:118034,2,12107990870927824779
ITIncident:118042,2,8639476964659625378
ITIncident:118045,2,1298775903285008655
ITIncident:118048,2,9727512835436765632
ITIncident:118066,2,18125226875996025598
ITIncident:118069,2,15147293970225371742
ITIncident:118075,2,9502456474727906085
ITIncident:118082,0,7332252243661495719
ITIncident:118085,2,8339899116395713358
ITIncident:118089,2,10501305689431067421
ITIncident:118092,2,16479043657205106744
ITIncident:118097,2,11325497069894113022
ITIncident:118100,2,12107990870927824779
ITIncident:118105,2,11325497069894113022
ITIncident:118110,2,11325497069894113022
ITIncident:118114,2,9450962033469654679
ITIncident:118118,2,13025651541996904347
ITIncident:118120,2,11228102524146370550
ITIncident:118124,2,2709757731775230250
ITIncident:118128,2,12499178500489127450
ITIncident:118132,2,12499178500489127450
ITIncident:118135,2,16166373867689051397
ITIncident:118140,2,11325497069894113022
ITIncident:118144,2,18144241282587356511
ITIncident:118148,2,12499178500489127450
ITIncident:118152,2,12499178500489127450
ITIncident:118156,2,12499178500489127450
ITIncident:118159,2,3343398850409897716
ITIncident:118163,2,12499178500489127450
ITIncident:118167,2,5770101567154166070
ITIncident:118170,2,11318386584354237859
ITIncident:118173,2,12107990870927824779
ITIncident:118176,2,1298775903285008655
ITIncident:118179,2,12107990870927824779
ITIncident:118183,2,11326719512270819755
ITIncident:118185,2,2130792976968006019
ITIncident:118190,2,15743742291023550966
ITIncident:118194,2,9809505850894374768
ITIncident:118197,2,1315770652885074475
ITIncident:118200,2,9249293981459253177
ITIncident:118208,2,6413453892998919112
ITIncident:118222,0,2637839172467230180
ITIncident:118227,2,8135304599263703413
ITIncident:118230,2,14223466191745167433
ITIncident:118233,2,16479043657205106744
ITIncident:118236,2,5557518520729388078
ITIncident:118239,2,6325782128206346200
ITIncident:118246,2,18118474641832731505
ITIncident:118254,2,8984831894852691101
ITIncident:118257,2,7516410135944313386
ITIncident:118262,2,5451828945762669489
ITIncident:118268,2,950258277318775048
ITIncident:118275,2,14576377970370231709
ITIncident:118280,2,12123387586901011635
ITIncident:118283,2,1696040006580467575
ITIncident:118288,2,3850495050273327655
ITIncident:118291,2,4825612855767557374
ITIncident:118299,2,11364358571221083389
ITIncident:118305,2,4677083646571841869
ITIncident:118309,2,10068594064997527917
ITIncident:118312,2,4948565937945971902
ITIncident:118318,2,4337972083792414688
ITIncident:118321,2,14210125891064902968
ITIncident:118324,2,1045081324510073006
ITIncident:118334,2,4185265109988952874
ITIncident:118337,2,12750753737349537572
ITIncident:118342,2,17178376930286974605
ITIncident:118345,2,1960124094462937775
ITIncident:118348,2,1391816598293042819
ITIncident:118356,2,13750038871007260115
ITIncident:118361,2,13726449255799893775
ITIncident:118364,2,17286273158764644421
ITIncident:118369,2,13726449255799893775
ITIncident:118374,2,13726449255799893775
ITIncident:118381,2,16956986691148374491
ITIncident:118387,2,15921355005047249094
ITIncident:118394,2,11667119093144837704
ITIncident:118397,2,9249293981459253177
ITIncident:118408,2,4099605108465548743
ITIncident:118416,2,16294565309068182838
ITIncident:118419,2,18020991537619688766
ITIncident:118427,2,8272258442077155048
ITIncident:118431,2,4026664395675299165
ITIncident:118438,2,13749761622765625030
ITIncident:118444,2,180669764356140711
ITIncident:118450,2,2890157480756070177
ITIncident:118453,2,5651313983145445138
ITIncident:118456,2,3836577681489719072
ITIncident:118459,2,4970790503287525771
ITIncident:118464,2,4699299259121098316
ITIncident:118467,2,2017813556866439454
ITIncident:118470,2,3220036035629089542
ITIncident:118476,2,8247576471895926271
ITIncident:118490,2,8834664905921826434
ITIncident:118496,2,8523662834252324829
ITIncident:118504,2,8505011477755112470
ITIncident:118511,2,11195879302705093491
ITIncident:118515,2,3737685794522550182
ITIncident:118523,2,17350943361240482587
ITIncident:118526,2,1818354946605286282
ITIncident:118532,2,5685254778316975467
ITIncident:118535,2,1818354946605286282
ITIncident:118538,2,2613007622536025887
ITIncident:118542,2,283969786559333365
ITIncident:118547,2,15114438858122581967
ITIncident:118558,2,300146700846781307
ITIncident:118562,2,12729437775997761882
ITIncident:118567,2,9666677808483405985
ITIncident:118577,2,479451932910148621
ITIncident:118581,2,18164076060540279144
ITIncident:118584,2,3019792234992432856
ITIncident:118590,1,13213032707838465058
ITIncident:118593,2,12750753737349537572
ITIncident:118597,2,8978490057166625748
ITIncident:118601,2,10354611812954491864
ITIncident:118608,2,3329911756981671031
ITIncident:118611,1,11495711391599572311
ITIncident:118617,2,7885807061732035839
ITIncident:118620,2,5424838402845465494
ITIncident:118644,1,3154534014491716703
ITIncident:118661,2,18087746296361924546
ITIncident:118666,2,5068069091857079862
ITIncident:118673,2,3421065254672153231
ITIncident:118680,2,12169105110053295185
ITIncident:118683,2,2941048360625129140
ITIncident:118689,2,4079354355242690075
ITIncident:118692,2,1441723318289583676
ITIncident:118695,2,17971478489420363471
ITIncident:118700,2,4991614410296773092
ITIncident:118706,2,12929176495838519463
ITIncident:118711,2,7885807061732035839
ITIncident:118715,1,7838954575793977449
ITIncident:118724,2,6376376295946680314
ITIncident:118727,2,4825612855767557374
ITIncident:118730,2,2625409485919126405
ITIncident:118733,2,2790450192986473214
ITIncident:118740,2,16947743684504976248
ITIncident:118743,2,8581876181829222664
ITIncident:118747,2,818831147119926450
ITIncident:118753,2,13191040614621521630
ITIncident:118757,2,818831147119926450
ITIncident:118761,2,2684025389253583905
ITIncident:118764,2,16711380012146938359
ITIncident:118768,2,15953683947044734627
ITIncident:118773,2,16940717754448111358
ITIncident:118776,2,6680034160740047843
ITIncident:118779,2,8581876181829222664
ITIncident:118782,2,8581876181829222664
ITIncident:118785,2,12018567855880088393
ITIncident:118796,2,6707819395632285858
ITIncident:118807,2,4250395102258232707
ITIncident:118811,2,3203980533976089659
ITIncident:118813,2,16444707635492837670
ITIncident:118816,2,3793695619177116480
ITIncident:118823,2,4797948415457141830
ITIncident:118828,2,4937550310437162820
ITIncident:118831,2,13671702094733656956
ITIncident:118839,2,9892854830308963208
ITIncident:118846,2,1824421670321029461
ITIncident:118848,2,2101752457464058786
ITIncident:118852,2,4351770126965230601
ITIncident:118855,2,18310603342461320124
ITIncident:118863,2,7953230829627493570
ITIncident:118867,2,10595623170334859146
ITIncident:118870,2,14680969947636597948
ITIncident:118872,2,8713421886791665579
ITIncident:118875,2,10090523854297156002
ITIncident:118878,2,9464850683152408417
ITIncident:118882,2,4929075748584267556
ITIncident:118886,2,15062389976322578153
ITIncident:118890,2,11788451843921626606
ITIncident:118892,2,17415543075242652528
ITIncident:118895,2,17644140997694469503
ITIncident:118898,2,9249293981459253177
ITIncident:118902,2,10420365956314606405
ITIncident:118906,2,7654912909734015570
ITIncident:118918,2,15073016295050408309
ITIncident:118924,2,804605965357778868
ITIncident:118931,2,15676455893164224696
ITIncident:118936,2,820087771716706461
ITIncident:118942,2,8329475085375754587
ITIncident:118947,2,5217845012544125352
ITIncident:118953,2,12372729641845867414
ITIncident:118960,2,12497817801468556170
ITIncident:118965,2,523166069637095514
ITIncident:118973,2,9027865165751816363
ITIncident:118976,2,3611741532010951878
ITIncident:119004,2,8109369708243822143
ITIncident:119015,2,10515065507719309038
ITIncident:119021,2,9009635078056422924
ITIncident:119030,2,680696953325484608
ITIncident:119033,2,9741164846418494343
ITIncident:119035,2,16413723610591773452
ITIncident:119043,2,10097014883906768879
ITIncident:119046,2,13671702094733656956
ITIncident:119053,2,11292383344814614722
ITIncident:119058,2,9538988860998703896
ITIncident:119061,2,16479043657205106744
ITIncident:119064,2,7905480602934059517
ITIncident:119068,2,8043104317518493934
ITIncident:119072,2,11495711391599572311
ITIncident:119074,2,6020376750250784710
ITIncident:119077,2,4970790503287525771
ITIncident:119080,2,12213063131929983445
ITIncident:119087,2,2789519679988105248
ITIncident:119090,2,2613007622536025887
ITIncident:119093,2,12213063131929983445
ITIncident:119100,2,9260640884594140461
ITIncident:119103,2,5236102999490034585
ITIncident:119109,2,3387168795959424057
ITIncident:119118,2,4345723746964594252
ITIncident:119122,2,17961335449208843466
ITIncident:119125,2,6839276372087821921
ITIncident:119128,2,13671702094733656956
ITIncident:119136,2,10104281034594282412
ITIncident:119139,2,17923149777136964216
ITIncident:119143,2,10781672247754041417
ITIncident:119152,2,10661935050608893477
ITIncident:119155,2,12996553042382681236
ITIncident:119158,2,4222575348636266053
ITIncident:119161,2,4222575348636266053
ITIncident:119164,2,4222575348636266053
ITIncident:119167,2,4222575348636266053
ITIncident:119170,2,4222575348636266053
ITIncident:119173,2,4222575348636266053
ITIncident:119176,2,4222575348636266053
ITIncident:119179,2,4222575348636266053
ITIncident:119182,2,4222575348636266053
ITIncident:119185,2,4222575348636266053
ITIncident:119188,2,4222575348636266053
ITIncident:119191,2,4222575348636266053
ITIncident:119194,2,4222575348636266053
ITIncident:119197,2,4222575348636266053
ITIncident:119200,2,4222575348636266053
ITIncident:119203,2,4222575348636266053
ITIncident:119206,2,4222575348636266053
ITIncident:119209,2,4222575348636266053
ITIncident:119212,2,4222575348636266053
ITIncident:119215,2,4222575348636266053
ITIncident:119218,2,4222575348636266053
ITIncident:119221,2,4222575348636266053
ITIncident:119224,2,4222575348636266053
ITIncident:119227,2,11056479939603632887
ITIncident:119233,2,11140396524697225536
ITIncident:119236,2,13671702094733656956
ITIncident:119244,2,8690690628253681027
ITIncident:119251,2,11642010247854500999
ITIncident:119254,2,4825612855767557374
ITIncident:119258,2,10160564405034908445
ITIncident:119261,2,4825612855767557374
ITIncident:119263,2,15700050980871181311
ITIncident:119269,2,3350628463321840092
ITIncident:119272,2,4825612855767557374
ITIncident:119276,2,3432479445774463682
ITIncident:119284,2,17181132380244188028
ITIncident:119287,2,7612394984402357546
ITIncident:119290,0,6114132392684707049
ITIncident:119293,2,17444671887436118239
ITIncident:119298,2,5747704282938291586
ITIncident:119301,2,14680969947636597948
ITIncident:119310,2,9113676649629668509
ITIncident:119319,0,17498009462116603549
ITIncident:119322,2,1848519252850336578
ITIncident:119326,2,7764214386395421892
ITIncident:119329,2,6804895173118984649
ITIncident:119332,2,14818660267643010709
ITIncident:119339,2,7459209289558557560
ITIncident:119349,0,208680392077829371
ITIncident:119352,1,18107018481663970584
ITIncident:119354,2,8162990939996356817
ITIncident:119357,2,4825612855767557374
ITIncident:119360,2,12750753737349537572
ITIncident:119364,2,421679701633615330
ITIncident:119372,2,12237239527089441675
ITIncident:119375,2,9650746492707596217
ITIncident:119378,2,1944612177567697225
ITIncident:119382,2,7527139116880738664
ITIncident:119386,2,11736811556474757168
ITIncident:119397,2,161364024117740145
ITIncident:119399,2,4049865816053258915
ITIncident:119402,2,3550867430396761356
ITIncident:119407,2,5931719804887821788
ITIncident:119412,2,10221803485952501405
ITIncident:119416,2,7764214386395421892
ITIncident:119424,2,8496083569193730700
ITIncident:119427,2,13671702094733656956
ITIncident:119436,2,12252500189222050891
ITIncident:119439,2,12111186344008580855
ITIncident:119447,2,8702049402789683757
ITIncident:119456,2,14744200513561510836
ITIncident:119459,2,13671702094733656956
ITIncident:119464,2,14157069281684521039
ITIncident:119471,2,14508098843564535400
ITIncident:119477,2,8693981829198688315
ITIncident:119480,2,9464850683152408417
ITIncident:119488,2,8320217438435747537
ITIncident:119493,2,17091128652847982915
ITIncident:119496,2,7905480602934059517
ITIncident:119500,2,4102158475405648186
ITIncident:119503,2,18107018481663970584
ITIncident:119522,2,15192849357877998264
ITIncident:119525,2,9249293981459253177
ITIncident:119529,2,4010195376262816771
ITIncident:119536,1,15956278476700197711
ITIncident:119539,2,6680034160740047843
ITIncident:119542,2,2356181819777856285
ITIncident:119545,2,2887522293269807086
ITIncident:119549,2,6126189109488171579
ITIncident:119552,2,1818354946605286282
ITIncident:119564,2,5059968534412965603
ITIncident:119567,2,17608707029416244454
ITIncident:119575,2,8687872971909383759
ITIncident:119581,2,9145619935005789547
ITIncident:119585,2,15723450701750631351
ITIncident:119589,2,17961335449208843466
ITIncident:119592,2,12980085256142142062
ITIncident:119596,2,8978490057166625748
ITIncident:119599,2,12111186344008580855
ITIncident:119605,0,4893036775959887427
ITIncident:119612,2,1390860733275919939
ITIncident:119615,2,13671702094733656956
ITIncident:119618,2,5950426475760878844
ITIncident:119623,2,15688419662543329057
ITIncident:119632,2,2098995753242276368
ITIncident:119634,2,5408694821547344994
ITIncident:119638,2,9840067758947401665
ITIncident:119641,2,1848519252850336578
ITIncident:119650,2,2644980157334639618
ITIncident:119653,1,6680034160740047843
ITIncident:119665,2,15461279314589030798
ITIncident:119670,2,17973334919806311968
ITIncident:119676,2,2922866008177552743
ITIncident:119679,2,5557518520729388078
ITIncident:119682,2,9249293981459253177
ITIncident:119686,2,15360139355134524416
ITIncident:119692,2,40014828219938141
ITIncident:119696,2,9840067758947401665
ITIncident:119703,2,9244621565862247631
ITIncident:119706,2,7987352301817374033
ITIncident:119713,2,10136153087383878562
ITIncident:119720,2,12268087768367908207
ITIncident:119726,2,6217777466337768480
ITIncident:119732,2,14136468286595355121
ITIncident:119735,1,11595863183530198284
ITIncident:119740,2,445316527901990888
ITIncident:119746,2,13394744010981076405
ITIncident:119751,2,1584902092739316370
ITIncident:119757,2,6649425713027851857
ITIncident:119764,2,3531967046772476690
ITIncident:119768,2,815713165269493864
ITIncident:119774,2,12641403273198051116
ITIncident:119779,2,14049197939883732712
ITIncident:119789,2,17295426963842627560
ITIncident:119797,2,64224479812642577
ITIncident:119801,2,9649065181187233536
ITIncident:119805,2,12091921840132568648
ITIncident:119808,2,5151429479029678215
ITIncident:119815,2,5541643898984856622
ITIncident:119827,2,10408488632319624213
ITIncident:119835,2,6010767896336035194
ITIncident:119840,2,4690103630943637908
ITIncident:119846,2,4405467557606536949
ITIncident:119850,2,7104331192122961661
ITIncident:119853,2,17473075769141348496
ITIncident:119856,2,17923149777136964216
ITIncident:119861,2,9590881892064523362
ITIncident:119866,2,13121701761001277934
ITIncident:119878,2,4554740205443723993
ITIncident:119885,2,11292383344814614722
ITIncident:119893,2,12168996095049154898
ITIncident:119896,2,13648118712173299818
ITIncident:119902,2,15156873295526613288
ITIncident:119907,2,6800027914864488644
ITIncident:119918,2,4829600584458672787
ITIncident:119922,2,16078039788442671200
ITIncident:119926,2,7764214386395421892
ITIncident:119929,2,7905480602934059517
ITIncident:119932,2,15738967823535717785
ITIncident:119943,2,1096656724489408861
ITIncident:119955,2,8608803950250693614
ITIncident:119959,2,14903420798679195801
ITIncident:119962,2,17971478489420363471
ITIncident:119969,2,2475687286836557390
ITIncident:119972,2,17982803516725694534
ITIncident:119987,1,5520235341783614049
ITIncident:119990,2,1818354946605286282
ITIncident:119994,2,5948503540652734354
ITIncident:119996,2,6020376750250784710
ITIncident:120002,2,7564419216621462904
ITIncident:120005,2,4970790503287525771
ITIncident:120013,1,3832678038136389568
ITIncident:120016,2,2941048360625129140
ITIncident:120021,2,6206648576861740188
ITIncident:120024,2,16095716458525359971
ITIncident:120027,2,1818354946605286282
ITIncident:120039,2,17197552731064583333
ITIncident:120044,2,16916751474819923035
ITIncident:120048,2,11854967671373202066
ITIncident:120054,2,8943636091158567384
ITIncident:120057,2,13907320440570291453
ITIncident:120060,2,13671702094733656956
ITIncident:120063,2,1818354946605286282
ITIncident:120066,2,6735099089873826293
ITIncident:120071,0,211999214886780807
ITIncident:120074,2,1815047741263521390
ITIncident:120076,2,3582881113766432677
ITIncident:120086,1,1024308244427569660
ITIncident:120089,2,12750753737349537572
ITIncident:120094,2,9285645649169414111
ITIncident:120097,2,5787655424848313845
ITIncident:120102,2,11558092544119747395
ITIncident:120105,2,4415125371095607028
ITIncident:120108,2,983782579133718341
ITIncident:120111,2,8943421481335075406
ITIncident:120114,2,5145172378245412207
ITIncident:120117,2,15556244051173267447
ITIncident:120122,2,7446249613938229008
ITIncident:120125,2,13671702094733656956
ITIncident:120128,2,2613007622536025887
ITIncident:120134,2,16280027531488001059
ITIncident:120137,2,3742945607923053449
ITIncident:120141,2,15815975949913367190
ITIncident:120149,2,6802127534015862774
ITIncident:120156,2,124377515413650329
ITIncident:120162,2,7160217461146619196
ITIncident:120169,2,2211482303574086843
ITIncident:120172,2,17175978616421536655
ITIncident:120175,2,2356181819777856285
ITIncident:120179,2,11409381407496285209
ITIncident:120184,2,17884036670341129383
ITIncident:120191,2,15691024954295598623
ITIncident:120196,2,18012245009929796058
ITIncident:120199,1,4948565937945971902
ITIncident:120205,2,18066271379675057762
ITIncident:120209,2,1026438669444042234
ITIncident:120215,2,13415944166941671048
ITIncident:120223,1,8818702343864444273
ITIncident:120230,2,17633299284640384471
ITIncident:120235,2,5267037909461824985
ITIncident:120238,2,7905480602934059517
ITIncident:120245,2,2207833314397604968
ITIncident:120248,0,10728923427792163108
ITIncident:120254,2,11145021968639191671
ITIncident:120257,2,2613007622536025887
ITIncident:120261,2,2709757731775230250
ITIncident:120264,2,12552197771784501618
ITIncident:120270,2,2663613721911488520
ITIncident:120284,2,2676863100750224893
ITIncident:120287,2,12111186344008580855
ITIncident:120290,2,15777731366497412576
ITIncident:120293,2,7358123467080255158
ITIncident:120300,2,4253717288400551952
ITIncident:120304,2,9308320532217975942
ITIncident:120308,2,197100678732187604
ITIncident:120313,2,3164980621632645858
ITIncident:120316,2,4948565937945971902
ITIncident:120328,2,927338484678578936
ITIncident:120332,2,8457097510079811694
ITIncident:120338,2,8636576759651466771
ITIncident:120345,2,566809353184243932
ITIncident:120350,2,7242358230565752934
ITIncident:120357,2,2479499642935023901
ITIncident:120360,2,18310603342461320124
ITIncident:120366,2,7675960724892011050
ITIncident:120372,2,4856352044680233048
ITIncident:120375,2,14806110317984163566
ITIncident:120378,2,13304805716221073866
ITIncident:120382,2,2709757731775230250
ITIncident:120385,2,14634176735227553723
ITIncident:120391,2,17875883805319274016
ITIncident:120395,2,15953683947044734627
ITIncident:120398,2,1848519252850336578
ITIncident:120401,2,16479043657205106744
ITIncident:120408,2,3262162215167895656
ITIncident:120411,2,18310603342461320124
ITIncident:120414,2,16456718225175257613
ITIncident:120417,2,16479043657205106744
ITIncident:120426,2,8951483081563625006
ITIncident:120435,2,12143549112343496777
ITIncident:120441,2,453146375360895973
ITIncident:120444,2,17175978616421536655
ITIncident:120455,2,573670430372715066
ITIncident:120459,2,17253386199310437045
ITIncident:120462,2,4970790503287525771
ITIncident:120465,2,16479043657205106744
ITIncident:120468,2,7905480602934059517
ITIncident:120474,2,15466083553383639433
ITIncident:120481,2,8094605220173397440
ITIncident:120487,2,1511480365183105532
ITIncident:120493,2,17516892465392215456
ITIncident:120496,2,3293722997168160063
ITIncident:120500,2,11409381407496285209
ITIncident:120507,2,11974427120602985488
ITIncident:120510,2,7905480602934059517
ITIncident:120513,2,1818354946605286282
ITIncident:120518,2,7289412491845181589
ITIncident:120521,2,4970790503287525771
ITIncident:120526,2,1964650222731450265
ITIncident:120529,0,10728923427792163108
ITIncident:120532,2,16025231234888870883
ITIncident:120540,0,4777933027611340200
ITIncident:120544,2,11736811556474757168
ITIncident:120549,2,6614569498301043160
ITIncident:120553,2,16730400339070644289
ITIncident:120559,2,9702301065521476447
ITIncident:120569,2,9650127077830756943
ITIncident:120577,2,3011687292683509411
ITIncident:120584,2,6106399089851891985
ITIncident:120593,2,1617781518524076418
ITIncident:120600,2,9016711810885014546
ITIncident:120622,2,15301074447875418653
ITIncident:120625,2,16479043657205106744
ITIncident:120647,2,15680077713021175901
ITIncident:120650,2,715318864010695106
ITIncident:120653,2,14680969947636597948
ITIncident:120656,2,715318864010695106
ITIncident:120665,2,940966774784756512
ITIncident:120669,2,7806830186167695665
ITIncident:120674,2,3148409617307546234
ITIncident:120677,2,715318864010695106
ITIncident:120683,2,4337972083792414688
ITIncident:120686,2,12539538978425360888
ITIncident:120691,2,5118714280111151864
ITIncident:120695,2,17817209964839827741
ITIncident:120698,2,10713082474474427763
ITIncident:120700,2,10793563583709759966
ITIncident:120704,2,8260349147894467666
ITIncident:120708,2,3508942322046384616
ITIncident:120715,2,250375682281346338
ITIncident:120719,2,16710478073212490029
ITIncident:120722,2,2297101060979515613
ITIncident:120725,2,4481680696195983537
ITIncident:120727,2,9213046675462563833
ITIncident:120730,2,4222575348636266053
ITIncident:120736,2,10862686472499526547
ITIncident:120739,2,4222575348636266053
ITIncident:120742,2,4222575348636266053
ITIncident:120745,2,4222575348636266053
ITIncident:120748,2,4222575348636266053
ITIncident:120752,2,4243970384749709587
ITIncident:120755,2,4222575348636266053
ITIncident:120758,2,4222575348636266053
ITIncident:120761,2,4222575348636266053
ITIncident:120764,2,4222575348636266053
ITIncident:120767,2,4222575348636266053
ITIncident:120770,2,4222575348636266053
ITIncident:120773,2,4222575348636266053
ITIncident:120776,2,4222575348636266053
ITIncident:120779,2,13002432560847391788
ITIncident:120784,2,12403459379126126538
ITIncident:120787,2,16609947496062565597
ITIncident:120790,2,1818354946605286282
ITIncident:120797,2,17239212435097897196
ITIncident:120802,0,4690103630943637908
ITIncident:120806,0,12531822347965353080
ITIncident:120813,2,15343587436760135695
ITIncident:120819,0,6114132392684707049
ITIncident:120829,2,9119423979942781437
ITIncident:120835,2,13873027316089416257
ITIncident:120842,0,814740839006903407
ITIncident:120845,2,7905480602934059517
ITIncident:120854,2,8933994564907706432
ITIncident:120859,2,9944104069573957183
ITIncident:120863,2,18273553160568569482
ITIncident:120871,2,14035765212016757501
ITIncident:120875,2,3611226263672276391
ITIncident:120884,2,4205932974527701927
ITIncident:120887,2,12750753737349537572
ITIncident:120889,2,16289477867812269351
ITIncident:120901,0,889576749387288383
ITIncident:120904,2,1818354946605286282
ITIncident:120907,2,4637300605288662487
ITIncident:120910,2,17116119831691649792
ITIncident:120913,2,2887522293269807086
ITIncident:120915,2,12255131803256818561
ITIncident:120925,2,17946442430012351931
ITIncident:120933,2,7821867392978594908
ITIncident:120937,2,5826256957521678989
ITIncident:120940,2,5557518520729388078
ITIncident:120944,2,18356940195968915504
ITIncident:120946,2,16413723610591773452
ITIncident:120951,2,5933978894489917758
ITIncident:120955,2,11736811556474757168
ITIncident:120958,2,12111186344008580855
ITIncident:120961,2,5557518520729388078
ITIncident:120963,2,16413723610591773452
ITIncident:120967,2,16054078717137240660
ITIncident:120974,2,12347947563704784286
ITIncident:120980,2,18314825607608938950
ITIncident:120982,2,12255131803256818561
ITIncident:120988,2,9555853453294522169
ITIncident:120991,2,15777731366497412576
ITIncident:120999,2,5718182808730578273
ITIncident:121003,2,9797854002384365914
ITIncident:121007,2,10160564405034908445
ITIncident:121010,2,12111186344008580855
ITIncident:121015,2,4266731210746861122
ITIncident:121019,2,3418987064674226002
ITIncident:121022,2,13671702094733656956
ITIncident:121027,0,12347947563704784286
ITIncident:121030,2,9249293981459253177
ITIncident:121035,2,15869880795194086278
ITIncident:121039,2,10581534948911024232
ITIncident:121041,2,14857223763941273128
ITIncident:121047,2,7466777931665156500
ITIncident:121051,2,15375443091949444673
ITIncident:121058,2,9735461905395736428
ITIncident:121070,2,3995639660656981112
ITIncident:121074,2,6064698477826060548
ITIncident:121083,2,14828195345136186976
ITIncident:121085,2,15700050980871181311
ITIncident:121088,2,17766983163380893316
ITIncident:121093,2,4256086730158626905
ITIncident:121096,2,3326289593591017948
ITIncident:121102,2,12337716860894800049
ITIncident:121117,2,3391988712134485684
ITIncident:121127,2,6017642662230177791
ITIncident:121130,2,12750753737349537572
ITIncident:121133,2,12750753737349537572
ITIncident:121137,2,17749215712226586005
ITIncident:121142,2,7851827719935345669
ITIncident:121147,2,3380762685433170449
ITIncident:121151,2,12438476342222682684
ITIncident:121156,2,851916669858473272
ITIncident:121163,2,7098760876534573427
ITIncident:121166,2,13671702094733656956
ITIncident:121169,2,5651313983145445138
ITIncident:121172,2,5651313983145445138
ITIncident:121176,2,5114370364415396214
ITIncident:121179,2,9702480037675845101
ITIncident:121183,2,6711552567902137097
ITIncident:121187,2,4267615421905191954
ITIncident:121197,2,15467880268203479795
ITIncident:121205,2,8336892652432939475
ITIncident:121208,2,16922680776627846127
ITIncident:121212,2,8523662834252324829
ITIncident:121215,2,13688267506177063077
ITIncident:121218,2,13048222445483466062
ITIncident:121222,2,11736811556474757168
ITIncident:121239,2,4401819359744249273
ITIncident:121254,0,4643617560514774579
ITIncident:121257,2,7905480602934059517
ITIncident:121260,2,7905480602934059517
ITIncident:121272,2,12173787398376533697
ITIncident:121276,2,4318583658043201523
ITIncident:121278,2,1092765807923689243
ITIncident:121282,2,18117812263516495178
ITIncident:121288,2,15933476041149504660
ITIncident:121290,2,5408694821547344994
ITIncident:121295,2,14959158231347868413
ITIncident:121297,2,15095023171690225582
ITIncident:121300,2,10790560368693134722
ITIncident:121304,2,11495711391599572311
ITIncident:121318,2,15991941371149566286
ITIncident:121321,2,2613007622536025887
ITIncident:121323,2,3582881113766432677
ITIncident:121326,2,715318864010695106
ITIncident:121333,2,16255428335949017672
ITIncident:121337,2,10085031514543696485
ITIncident:121341,2,10501305689431067421
ITIncident:121346,2,14923703087183280434
ITIncident:121353,2,517335406395451357
ITIncident:121360,2,476038589435885496
ITIncident:121375,2,5165986630027229540
ITIncident:121378,2,11826512119767011956
ITIncident:121385,2,15543560655670717598
ITIncident:121389,1,10155599676665228703
ITIncident:121392,2,9249293981459253177
ITIncident:121395,2,4948565937945971902
ITIncident:121399,2,2894310590756977997
ITIncident:121408,2,12735840601712194149
ITIncident:121411,2,13793519998764738858
ITIncident:121414,2,12111186344008580855
ITIncident:121418,2,10918716406445214184
ITIncident:121421,2,4970790503287525771
ITIncident:121431,2,249310259515113392
ITIncident:121435,2,11978440549298568714
ITIncident:121438,2,3055248448947703746
ITIncident:121446,2,6192616892429070400
ITIncident:121449,2,12750753737349537572
ITIncident:121456,2,7893961368805488596
ITIncident:121460,2,17994377752441030592
ITIncident:121463,2,9464850683152408417
ITIncident:121466,2,9915384649521675334
ITIncident:121469,2,2613007622536025887
ITIncident:121474,2,3834768038747722549
ITIncident:121477,2,12111186344008580855
ITIncident:121481,2,7831070981535805296
ITIncident:121485,2,16409402124039360568
ITIncident:121488,2,12633799970552907055
ITIncident:121492,2,1452979141471808253
ITIncident:121495,2,8993517584270279981
ITIncident:121498,2,5014921244532561391
ITIncident:121504,1,14017129620044503858
ITIncident:121508,2,4135668981274369683
ITIncident:121511,2,6680034160740047843
ITIncident:121514,2,9476325461095440763
ITIncident:121518,2,421679701633615330
ITIncident:121521,2,2613007622536025887
ITIncident:121525,2,15410585765954464403
ITIncident:121528,2,13793519998764738858
ITIncident:121531,2,13048222445483466062
ITIncident:121534,2,8993517584270279981
ITIncident:121537,2,684458446873461386
ITIncident:121540,2,1960124094462937775
ITIncident:121544,2,4402493760048744229
ITIncident:121547,2,18107018481663970584
ITIncident:121550,2,17813028259618158589
ITIncident:121553,2,4948565937945971902
ITIncident:121564,2,7366805479811949618
ITIncident:121567,2,13793519998764738858
ITIncident:121574,2,6381306839225496681
ITIncident:121579,2,4706091369924662343
ITIncident:121587,2,17573020191449849103
ITIncident:121590,1,13907320440570291453
ITIncident:121592,2,2032677178594941904
ITIncident:121595,2,4825612855767557374
ITIncident:121600,2,5325337603635983106
ITIncident:121608,2,11948841395403955036
ITIncident:121611,2,9249293981459253177
ITIncident:121614,2,4782898608022058204
ITIncident:121618,2,421679701633615330
ITIncident:121623,2,6711434253295833557
ITIncident:121627,1,5819395856815610215
ITIncident:121630,2,3055248448947703746
ITIncident:121633,2,2471596866016283053
ITIncident:121636,2,8131532756761261295
ITIncident:121640,2,15375443091949444673
ITIncident:121649,2,18027951751154448023
ITIncident:121653,2,3850495050273327655
ITIncident:121658,1,1997654050542020593
ITIncident:121661,2,17274531734164386444
ITIncident:121664,2,9249293981459253177
ITIncident:121667,2,18107018481663970584
ITIncident:121671,2,13833407919571742737
ITIncident:121675,2,15953683947044734627
ITIncident:121679,2,15953683947044734627
ITIncident:121684,2,2299094851678150748
ITIncident:121688,2,11112317285214622955
ITIncident:121692,2,2453884652655942162
ITIncident:121695,2,13003888781435704320
ITIncident:121698,2,12008342067637812720
ITIncident:121704,2,5071102390675125519
ITIncident:121714,2,3179056540646375933
ITIncident:121721,2,3689308817035746090
ITIncident:121724,2,1486811993678662835
ITIncident:121728,2,16948290265354395811
ITIncident:121742,2,14298319292113258936
ITIncident:121745,2,12111186344008580855
ITIncident:121757,2,13006677703955930879
ITIncident:121760,2,12111186344008580855
ITIncident:121766,2,8559318181966141680
ITIncident:121771,2,213962663289616882
ITIncident:121774,2,7905480602934059517
ITIncident:121777,2,4948565937945971902
ITIncident:121783,2,3610116264663868709
ITIncident:121791,2,8334294963486063967
ITIncident:121798,2,17592381326961862746
ITIncident:121801,2,5424838402845465494
ITIncident:121804,2,18107018481663970584
ITIncident:121809,2,9413858949557561273
ITIncident:121816,2,18025546729490937075
ITIncident:121821,2,15815975949913367190
ITIncident:121827,2,11457139097796493475
ITIncident:121830,2,17999216949364889750
ITIncident:121837,2,5720559409207778860
ITIncident:121840,2,17175978616421536655
ITIncident:121846,2,2404630669845981607
ITIncident:121854,2,7462186449238689236
ITIncident:121862,0,14878078849197837611
ITIncident:121870,2,13266153330855768675
ITIncident:121873,2,13793519998764738858
ITIncident:121876,2,17923149777136964216
ITIncident:121880,2,658817144837096146
ITIncident:121882,2,3968020277615795118
ITIncident:121888,2,11726528149535049283
ITIncident:121894,2,9335985543414947886
ITIncident:121898,2,12649518946681369277
ITIncident:121902,2,760205305168878493
ITIncident:121905,2,15365243709488602433
ITIncident:121908,2,12111186344008580855
ITIncident:121912,2,2248556521748921988
ITIncident:121915,2,16878291841565275505
ITIncident:121918,2,5424838402845465494
ITIncident:121921,2,715318864010695106
ITIncident:121924,2,18107018481663970584
ITIncident:121927,2,6680034160740047843
ITIncident:121931,2,9426619724265837400
ITIncident:121934,2,13793519998764738858
ITIncident:121942,2,8883364955978701800
ITIncident:121945,1,6680034160740047843
ITIncident:121948,2,3081479852638945825
ITIncident:121951,2,1818354946605286282
ITIncident:121954,2,9249293981459253177
ITIncident:121958,2,13609440404668315939
ITIncident:121962,2,8628822914499295669
ITIncident:121964,2,10538990098194470142
ITIncident:121972,2,17325161653089257873
ITIncident:121979,2,13194506206956214929
ITIncident:121985,2,10770662560252022353
ITIncident:121988,2,3742945607923053449
ITIncident:121991,2,5651313983145445138
ITIncident:121994,2,9249293981459253177
ITIncident:121997,2,15740620611146833109
ITIncident:122000,2,2500852786563641698
ITIncident:122011,2,4746855671259438383
ITIncident:122016,2,2360978885463322064
ITIncident:122025,2,17324522079864723278
ITIncident:122039,2,12739397782047196175
ITIncident:122042,2,9467514994476245124
ITIncident:122045,2,15968677402605761957
ITIncident:122049,2,1723558713329397058
ITIncident:122061,2,884278127920561472
ITIncident:122064,2,8454285023148334203
ITIncident:122069,2,13389497178429996197
ITIncident:122073,2,2800352227736392204
ITIncident:122076,2,9650746492707596217
ITIncident:122085,2,18010379070611811176
ITIncident:122088,2,7863061670449484260
ITIncident:122095,2,2834550869798369473
ITIncident:122101,2,10738404326494186775
ITIncident:122104,2,8783465290847411686
ITIncident:122107,2,12111186344008580855
ITIncident:122113,2,7025218147601635592
ITIncident:122119,2,12541015878198510833
ITIncident:122123,2,18117812263516495178
ITIncident:122126,2,12111186344008580855
ITIncident:122136,2,1566073546099751521
ITIncident:122140,2,8978490057166625748
ITIncident:122144,2,18117812263516495178
ITIncident:122147,2,7905480602934059517
ITIncident:122150,2,8454285023148334203
ITIncident:122153,2,969789682907053776
ITIncident:122156,2,13793519998764738858
ITIncident:122161,2,15166733829522931716
ITIncident:122164,2,13191315888390237100
ITIncident:122168,2,10155599676665228703
ITIncident:122171,2,17274531734164386444
ITIncident:122174,2,2613007622536025887
ITIncident:122179,2,6559598093963124248
ITIncident:122182,2,13793519998764738858
ITIncident:122188,0,3962618877449472542
ITIncident:122192,2,3629951183250948361
ITIncident:122196,2,14232280149608933896
ITIncident:122200,2,10191944160043529267
ITIncident:122212,2,11147910865434328753
ITIncident:122231,2,15770677674347609608
ITIncident:122236,2,15660582451456408157
ITIncident:122241,2,15830444534175558173
ITIncident:122244,2,17116119831691649792
ITIncident:122249,2,10354611812954491864
ITIncident:122253,2,13656907012732766424
ITIncident:122256,2,13793519998764738858
ITIncident:122262,2,5854201067210801549
ITIncident:122271,2,3634656776843735476
ITIncident:122274,2,6641294971526865521
ITIncident:122279,2,11169096508908410744
ITIncident:122283,2,4868130597146604371
ITIncident:122293,2,7109774377252054502
ITIncident:122297,2,2709757731775230250
ITIncident:122300,2,6301378277774091992
ITIncident:122304,2,16959659966151520397
ITIncident:122307,2,6641294971526865521
ITIncident:122310,2,13793519998764738858
ITIncident:122314,2,1410608636090022863
ITIncident:122316,2,11859186153032159539
ITIncident:122319,2,16479043657205106744
ITIncident:122322,2,6641294971526865521
ITIncident:122325,2,6641294971526865521
ITIncident:122328,2,13048222445483466062
ITIncident:122338,2,893728202929737181
ITIncident:122345,2,13333805613117757029
ITIncident:122349,2,11139990586241816332
ITIncident:122352,2,16153700717169271113
ITIncident:122355,2,5503695927017274875
ITIncident:122358,2,5706196191071773124
ITIncident:122361,2,2113718247392916067
ITIncident:122364,2,13648118712173299818
ITIncident:122374,2,10231582437842060100
ITIncident:122391,2,4592119372578405841
ITIncident:122400,2,12982082504087978082
ITIncident:122403,2,17813028259618158589
ITIncident:122409,2,9458291232936152511
ITIncident:122418,2,7803882567290701943
ITIncident:122421,2,18107018481663970584
ITIncident:122424,2,17923149777136964216
ITIncident:122427,2,16479043657205106744
ITIncident:122434,2,8421309784969078985
ITIncident:122438,2,420134394973417254
ITIncident:122441,2,2613007622536025887
ITIncident:122444,2,8485099658957835457
ITIncident:122447,2,5424838402845465494
ITIncident:122457,2,4833459261933745205
ITIncident:122460,2,8993517584270279981
ITIncident:122465,2,189205505826950423
ITIncident:122473,2,8782682215149660113
ITIncident:122476,2,180806663613916093
ITIncident:122482,2,9049224602327184653
ITIncident:122486,2,7435849551517882798
ITIncident:122490,2,1526132755232822475
ITIncident:122499,2,9772578543237669296
ITIncident:122502,2,7234878552380634625
ITIncident:122510,2,9263422614359247252
ITIncident:122516,2,9708172571462543612
ITIncident:122519,1,9249293981459253177
ITIncident:122525,2,16034331636229284393
ITIncident:122532,2,17443295558783285139
ITIncident:122535,2,9249293981459253177
ITIncident:122540,2,8177697863978079807
ITIncident:122543,2,15882190203386021231
ITIncident:122546,2,9821911457087246503
ITIncident:122550,2,17816132741271029807
ITIncident:122553,2,15558447548730038737
ITIncident:122556,1,13671702094733656956
ITIncident:122559,2,13648118712173299818
ITIncident:122565,2,16634775617270469898
ITIncident:122570,2,8731604696011352817
ITIncident:122577,2,8206835984484109804
ITIncident:122580,2,16939438270069466527
ITIncident:122583,2,209488853967795679
ITIncident:122590,2,12766436336622630966
ITIncident:122593,2,3091309305990485745
ITIncident:122600,2,112135872827827735
ITIncident:122605,2,402292184279724768
ITIncident:122608,2,7905480602934059517
ITIncident:122611,2,2802323676490830801
ITIncident:122620,2,4254841851569767397
ITIncident:122623,2,13220669687677444256
ITIncident:122628,2,3284249123791018270
ITIncident:122631,2,9227188078927668428
ITIncident:122634,2,13648118712173299818
ITIncident:122640,2,5429714756609819833
ITIncident:122644,2,5260459329326353650
ITIncident:122649,2,4171243989107768805
ITIncident:122653,2,10116346525336724953
ITIncident:122656,2,5014921244532561391
ITIncident:122660,2,17608942598637633240
ITIncident:122663,2,16193905203360107093
ITIncident:122667,2,5989436177772978955
ITIncident:122670,2,11595469446656091087
ITIncident:122673,2,16479043657205106744
ITIncident:122676,2,12111186344008580855
ITIncident:122679,2,13671702094733656956
ITIncident:122684,2,10629231619708763647
ITIncident:122687,2,17045635975568820297
ITIncident:122690,2,17362897850687238775
ITIncident:122694,2,13097485038592073305
ITIncident:122701,2,9195043824413539130
ITIncident:122709,2,8635829207560897313
ITIncident:122721,2,2217079257182852783
ITIncident:122728,2,13887398286819714886
ITIncident:122732,2,17999216949364889750
ITIncident:122741,2,1743780609719581071
ITIncident:122746,2,7845631903722794258
ITIncident:122755,2,17331524260912795146
ITIncident:122758,2,1334997117188437788
ITIncident:122761,2,1818354946605286282
ITIncident:122769,2,5271828970270278409
ITIncident:122772,2,6680034160740047843
ITIncident:122780,2,8853063263565374918
ITIncident:122783,2,12240379720431207661
ITIncident:122790,2,2789519679988105248
ITIncident:122793,2,4970790503287525771
ITIncident:122796,2,5424838402845465494
ITIncident:122799,2,17923149777136964216
ITIncident:122803,2,5620854813179749227
ITIncident:122806,2,2802323676490830801
ITIncident:122809,2,18107018481663970584
ITIncident:122815,2,10504798188723819109
ITIncident:122818,2,12847637602087586750
ITIncident:122821,2,12292863969785001359
ITIncident:122828,2,12039185106442669924
ITIncident:122833,2,17392068717784071609
ITIncident:122838,2,9373832206084095181
ITIncident:122841,2,6281764522156040956
ITIncident:122845,2,16677574861342347567
ITIncident:122853,2,9583115419114226279
ITIncident:122858,2,1907191628657819738
ITIncident:122862,2,18258681640153018222
ITIncident:122865,2,9947449855819173472
ITIncident:122868,2,12111186344008580855
ITIncident:122873,0,17411121973280589283
ITIncident:122885,2,13737780531854886170
ITIncident:122891,2,5055962399617354936
ITIncident:122901,2,14942277086888544007
ITIncident:122910,2,6113112636975659573
ITIncident:122915,2,9813032170697914694
ITIncident:122920,2,18165482340078631504
ITIncident:122926,2,12239131720816335269
ITIncident:122932,2,13814767107833468613
ITIncident:122935,2,6728831995043184321
ITIncident:122942,2,13476805399368286318
ITIncident:122951,2,8912747223591818663
ITIncident:122956,2,6479549555273888617
ITIncident:122961,2,15830444534175558173
ITIncident:122967,2,4758219941411560442
ITIncident:122970,2,8006217188639152136
ITIncident:122975,2,15830444534175558173
ITIncident:122988,2,17175082430297596175
ITIncident:122993,2,4643308075811948934
ITIncident:122996,2,16420253975507142588
ITIncident:123001,0,3829130978414898398
ITIncident:123006,2,14765462719222819949
ITIncident:123013,2,5257234265122679494
ITIncident:123017,2,1832366023874615868
ITIncident:123026,2,14511043547014744921
ITIncident:123038,2,6643419589772414551
ITIncident:123043,2,10523978506817333621
ITIncident:123046,2,2431068743502252564
ITIncident:123048,2,12038425956505475191
ITIncident:123052,2,17723785639102653347
ITIncident:123055,2,6676691920502531394
ITIncident:123064,2,1663261418818896901
ITIncident:123073,2,568428350753402420
ITIncident:123076,2,1634128744250102478
ITIncident:123089,2,3708388780577334581
ITIncident:123091,2,3582881113766432677
ITIncident:123101,2,13813647716077889542
ITIncident:123107,2,2279233184764170552
ITIncident:123110,2,6839276372087821921
ITIncident:123113,2,13622585845838544168
ITIncident:123116,2,15813377570188185213
ITIncident:123125,0,13015151575089181461
ITIncident:123128,2,6680034160740047843
ITIncident:123130,2,15844792606388248673
ITIncident:123137,2,7211484011176331797
ITIncident:123147,2,11563081441536312719
ITIncident:123150,2,1911579112626079614
ITIncident:123152,2,3582881113766432677
ITIncident:123177,2,15955005524996474841
ITIncident:123181,2,16090473502306278215
ITIncident:123197,2,16409631124770934824
ITIncident:123201,2,1133879260562910819
ITIncident:123203,2,7926946926640189941
ITIncident:123208,2,16387992861823515144
ITIncident:123214,0,15063924473990927405
ITIncident:123217,2,4825612855767557374
ITIncident:123229,2,9396939355003972184
ITIncident:123231,2,4649367865911468111
ITIncident:123233,2,7926946926640189941
ITIncident:123241,2,5520900745771143369
ITIncident:123244,2,2014602707174007622
ITIncident:123249,2,16766606287646248664
ITIncident:123252,2,17444671887436118239
ITIncident:123263,0,3261294961574130536
ITIncident:123266,2,6680034160740047843
ITIncident:123271,2,9458630793519812631
ITIncident:123275,2,1390890730569087921
ITIncident:123278,2,2613007622536025887
ITIncident:123285,0,2502297684185571410
ITIncident:123288,2,13671702094733656956
ITIncident:123295,2,7929599786007646367
ITIncident:123299,2,628778620693619035
ITIncident:123304,2,798031077505903796
ITIncident:123306,2,3625833248659755440
ITIncident:123309,2,6106380634484944358
ITIncident:123313,2,9652008027286803155
ITIncident:123317,2,421679701633615330
ITIncident:123321,2,11689766069315936839
ITIncident:123326,2,14157069281684521039
ITIncident:123329,2,17923149777136964216
ITIncident:123339,2,13646535200910404824
ITIncident:123346,2,3933779528629149211
ITIncident:123349,2,2113718247392916067
ITIncident:123356,2,14759761214136847923
ITIncident:123360,2,14457706217586620813
ITIncident:123366,2,8247576471895926271
ITIncident:123375,2,8132029248975901995
ITIncident:123378,2,11283678939376180282
ITIncident:123384,2,11059844027056725359
ITIncident:123387,2,8146432736084567597
ITIncident:123390,1,9249293981459253177
ITIncident:123396,2,993689772344315177
ITIncident:123399,2,12111186344008580855
ITIncident:123404,2,18165482340078631504
ITIncident:123408,2,12010932982471673423
ITIncident:123413,2,2692782781793863796
ITIncident:123424,2,17015559031760846866
ITIncident:123429,2,14783840396950663991
ITIncident:123433,2,1704999458985189983
ITIncident:123438,2,14783840396950663991
ITIncident:123441,2,8143101401669181465
ITIncident:123448,2,5971497833210138384
ITIncident:123451,2,15687553681893733479
ITIncident:123456,2,11628000325417675154
ITIncident:123459,2,17813028259618158589
ITIncident:123462,2,971156871438633642
ITIncident:123465,2,1944612177567697225
ITIncident:123473,2,15368619170503998679
ITIncident:123478,2,7181244729790186652
ITIncident:123483,2,235744209455994367
ITIncident:123489,2,290745488607208462
ITIncident:123492,2,5424838402845465494
ITIncident:123498,2,17676264387905967872
ITIncident:123501,2,18107018481663970584
ITIncident:123504,2,9249293981459253177
ITIncident:123509,2,17622978050652503909
ITIncident:123518,2,2008320769510518642
ITIncident:123523,2,10691231117826570184
ITIncident:123530,0,9248488032263230015
ITIncident:123539,2,3345794875580684450
ITIncident:123546,2,11871726736458692276
ITIncident:123549,2,7539463357808188710
ITIncident:123554,2,11982191405438090457
ITIncident:123557,2,17923149777136964216
ITIncident:123560,2,13793519998764738858
ITIncident:123568,2,3832678038136389568
ITIncident:123570,2,16477793962084487590
ITIncident:123579,2,9969414152816341422
ITIncident:123582,2,4635214401546298982
ITIncident:123588,2,2431546922730986006
ITIncident:123595,2,12921308879714797055
ITIncident:123598,2,13671702094733656956
ITIncident:123600,2,7237601517486368245
ITIncident:123605,2,16032827760110369257
ITIncident:123609,2,14667011604513858739
ITIncident:123613,2,16353651731635049773
ITIncident:123616,2,12750753737349537572
ITIncident:123619,2,16479043657205106744
ITIncident:123628,2,17928820743768843411
ITIncident:123635,2,9801194332588990736
ITIncident:123646,2,8964870263347699720
ITIncident:123649,2,6680034160740047843
ITIncident:123659,2,18241843917947222465
ITIncident:123663,2,7867423431493324860
ITIncident:123667,2,5748402334679229048
ITIncident:123671,2,9315712266037592367
ITIncident:123674,2,986913525172344707
ITIncident:123677,2,4712051144290040602
ITIncident:123681,2,9315712266037592367
ITIncident:123685,2,9315712266037592367
ITIncident:123688,2,6641294971526865521
ITIncident:123691,2,12111186344008580855
ITIncident:123694,2,6641294971526865521
ITIncident:123702,2,3378998113338364482
ITIncident:123706,2,755258948050011915
ITIncident:123712,2,5619169858839410601
ITIncident:123721,2,7107425031500117172
ITIncident:123726,2,15105249648549231886
ITIncident:123728,2,1717042000845641429
ITIncident:123731,2,14106751470878410639
ITIncident:123735,2,2894310590756977997
ITIncident:123737,2,2039293939731684703
ITIncident:123741,2,12258528520711550296
ITIncident:123746,2,17474496356775348675
ITIncident:123752,2,17857877438528877610
ITIncident:123755,2,16479043657205106744
ITIncident:123767,2,2691212534451219640
ITIncident:123770,2,1396213510530255009
ITIncident:123774,2,18351948530007638410
ITIncident:123777,2,17894038244196264426
ITIncident:123785,2,3919280062738440012
ITIncident:123792,2,10629231619708763647
ITIncident:123799,2,13213032707838465058
ITIncident:123807,2,1293180629558239918
ITIncident:123810,2,12111186344008580855
ITIncident:123814,2,16409402124039360568
ITIncident:123818,2,17108979507844656622
ITIncident:123826,2,11172139724671539124
ITIncident:123831,2,285124397133370885
ITIncident:123839,2,13548649024501318546
ITIncident:123843,2,15536481981199322523
ITIncident:123850,2,18254434561617227978
ITIncident:123855,2,2453884652655942162
ITIncident:123860,2,15815975949913367190
ITIncident:123863,2,12111186344008580855
ITIncident:123869,2,14448523237567240869
ITIncident:123878,2,1149607943554140939
ITIncident:123890,2,1557159673284744158
ITIncident:123898,2,4598577715065277825
ITIncident:123902,2,4102158475405648186
ITIncident:123906,2,15617720384500561138
ITIncident:123911,2,15774575229348880923
ITIncident:123914,2,13191315888390237100
ITIncident:123917,2,17208680139934536291
ITIncident:123927,2,10675719581021070970
ITIncident:123931,2,16999909842118429045
ITIncident:123938,2,14912342837661851269
ITIncident:123943,2,2865570159842177046
ITIncident:123951,2,7713497643935728695
ITIncident:123953,2,6748218914712479955
ITIncident:123957,2,18186892650320755729
ITIncident:123971,2,10603445090325680033
ITIncident:123975,2,6593366128858900953
ITIncident:123983,2,3696837594863377689
ITIncident:123989,2,841518324766435591
ITIncident:123995,2,17876169859323613791
ITIncident:123998,2,4340123948792790246
ITIncident:124003,2,3603692774821334682
ITIncident:124007,1,11764603699241352451
ITIncident:124010,2,10790560368693134722
ITIncident:124018,2,17255727431321482132
ITIncident:124024,2,11871726736458692276
ITIncident:124027,2,7822235419515321074
ITIncident:124035,2,1735585832687832865
ITIncident:124048,2,9885938076703299615
ITIncident:124051,2,5651799489684012464
ITIncident:124054,2,17166726410128019262
ITIncident:124059,2,9602197727414769526
ITIncident:124074,2,1426391816342544362
ITIncident:124077,2,6680034160740047843
ITIncident:124085,2,3495390450850511942
ITIncident:124098,2,9759608920740301168
ITIncident:124103,2,13605898630307070226
ITIncident:124108,2,11284500779395600410
ITIncident:124115,2,4484230661186794963
ITIncident:124119,2,4723932281335048665
ITIncident:124122,2,14702441089356147910
ITIncident:124125,2,2004829032096719280
ITIncident:124128,2,1818354946605286282
ITIncident:124134,2,18412608490895546420
ITIncident:124137,2,12111186344008580855
ITIncident:124140,2,2004829032096719280
ITIncident:124144,2,1292635613158738702
ITIncident:124147,2,6680034160740047843
ITIncident:124151,2,10256265691646022544
ITIncident:124154,2,2004829032096719280
ITIncident:124159,2,8865468228390118755
ITIncident:124162,2,16999720779229767550
ITIncident:124165,2,9249293981459253177
ITIncident:124173,2,579015711637696144
ITIncident:124179,2,13861942456330000430
ITIncident:124182,2,8019416891269177380
ITIncident:124185,2,6680034160740047843
ITIncident:124194,2,6073527609246398877
ITIncident:124197,2,5557518520729388078
ITIncident:124200,2,2802323676490830801
ITIncident:124203,2,2613007622536025887
ITIncident:124206,2,5706196191071773124
ITIncident:124211,2,1290041125249092244
ITIncident:124214,2,13648118712173299818
ITIncident:124217,2,17923149777136964216
ITIncident:124226,2,6283661607163624135
ITIncident:124234,2,18228176606773522090
ITIncident:124244,2,6353461945172992020
ITIncident:124247,1,9249293981459253177
ITIncident:124252,2,6506563478698856034
ITIncident:124261,2,1046390350534653209
ITIncident:124272,2,12736548050736597722
ITIncident:124275,2,13822482837509930811
ITIncident:124279,2,16948290265354395811
ITIncident:124282,2,10790560368693134722
ITIncident:124285,2,4970790503287525771
ITIncident:124289,2,3660786439000302458
ITIncident:124292,2,2613007622536025887
ITIncident:124301,2,12656009244804478088
ITIncident:124307,2,12579975621612036145
ITIncident:124310,2,16194167498340187714
ITIncident:124316,2,3131430229016500393
ITIncident:124319,2,8884262092494899611
ITIncident:124324,2,1351338818110480614
ITIncident:124327,2,16479043657205106744
ITIncident:124340,2,9889652657152556903
ITIncident:124343,2,18107018481663970584
ITIncident:124346,2,10790560368693134722
ITIncident:124349,2,18107018481663970584
ITIncident:124355,2,4849942976233592279
ITIncident:124359,2,6515973740890578869
ITIncident:124375,2,13011358211778288225
ITIncident:124378,2,9650746492707596217
ITIncident:124381,2,7501869734263333739
ITIncident:124386,2,1964650222731450265
ITIncident:124392,2,10938088858744225497
ITIncident:124395,1,9650746492707596217
ITIncident:124398,2,6680034160740047843
ITIncident:124405,1,4035234124702778504
ITIncident:124410,2,5217845012544125352
ITIncident:124413,2,9249293981459253177
ITIncident:124416,2,4670861130982739481
ITIncident:124419,2,1587068171639818852
ITIncident:124428,2,6700155081271874821
ITIncident:124435,2,7885347107377708897
ITIncident:124444,2,839023194176306825
ITIncident:124449,2,1610706131912253932
ITIncident:124454,2,1008547610408111103
ITIncident:124457,2,4970790503287525771
ITIncident:124460,0,3942482534716463299
ITIncident:124464,2,4340123948792790246
ITIncident:124475,0,11617254767357616060
ITIncident:124478,1,18107018481663970584
ITIncident:124482,2,2275483020921847983
ITIncident:124485,2,6680034160740047843
ITIncident:124488,2,12111186344008580855
ITIncident:124496,2,6896676469503421584
ITIncident:124502,2,17190793695900162463
ITIncident:124511,2,6119149269092691015
ITIncident:124523,2,14639707781692918435
ITIncident:124530,2,1802081864520738112
ITIncident:124534,2,15294548933180856241
ITIncident:124540,2,4807981957040359431
ITIncident:124543,2,6680034160740047843
ITIncident:124549,2,11642010247854500999
ITIncident:124552,1,6680034160740047843
ITIncident:124555,2,8131532756761261295
ITIncident:124560,2,1460953424978248031
ITIncident:124567,2,87623971767935430
ITIncident:124570,2,9249293981459253177
ITIncident:124573,2,4469701921650845453
ITIncident:124576,2,18107018481663970584
ITIncident:124579,2,8993517584270279981
ITIncident:124582,2,4825612855767557374
ITIncident:124589,2,17042188426892088248
ITIncident:124594,2,14783840396950663991
ITIncident:124597,2,3742945607923053449
ITIncident:124600,2,14662406097355671430
ITIncident:124604,2,8957491405361647626
ITIncident:124607,2,603409326763521017
ITIncident:124611,2,15401308563028568011
ITIncident:124619,2,1807293740144464713
ITIncident:124622,2,8284150279649422493
ITIncident:124629,2,9021064820741494313
ITIncident:124632,2,2802323676490830801
ITIncident:124638,2,18347820594888620486
ITIncident:124641,2,9144430193717933430
ITIncident:124650,2,1166044943350119516
ITIncident:124653,2,4825612855767557374
ITIncident:124656,1,4933294109534722157
ITIncident:124659,2,18107018481663970584
ITIncident:124662,2,2266285670880232274
ITIncident:124665,2,6680034160740047843
ITIncident:124668,2,11678600937779415052
ITIncident:124672,2,14804604290105650653
ITIncident:124676,2,11520500818266412074
ITIncident:124679,2,2266285670880232274
ITIncident:124683,2,17421556207761359858
ITIncident:124686,2,12111186344008580855
ITIncident:124689,2,2471596866016283053
ITIncident:124696,2,1378087490846768410
ITIncident:124701,2,14783840396950663991
ITIncident:124705,2,16735001705197551148
ITIncident:124708,2,13220669687677444256
ITIncident:124712,2,9248461813045675275
ITIncident:124715,2,9249293981459253177
ITIncident:124718,2,4825612855767557374
ITIncident:124726,2,14228528976417464339
ITIncident:124731,1,1584902092739316370
ITIncident:124735,2,2347142141035201593
ITIncident:124740,2,14856791557586902067
ITIncident:124743,2,18107018481663970584
ITIncident:124746,2,5181189985610972155
ITIncident:124754,2,8603525222817292653
ITIncident:124765,2,15015360899903002135
ITIncident:124771,2,4421532464020901425
ITIncident:124782,2,8361380474856297092
ITIncident:124785,2,16662844152983767322
ITIncident:124788,2,7023888759906514574
ITIncident:124794,2,15553664542929443696
ITIncident:124797,2,17923149777136964216
ITIncident:124803,2,1494921107681037939
ITIncident:124806,2,5429770024017513129
ITIncident:124813,2,2653884147872935475
ITIncident:124815,2,12136344891395425160
ITIncident:124820,2,4692615015943695578
ITIncident:124829,2,4199522225164330870
ITIncident:124832,2,17766983163380893316
ITIncident:124843,2,10997560651650712549
ITIncident:124851,2,18359912562967164907
ITIncident:124854,2,2778390125772402776
ITIncident:124856,2,3367589725949593106
ITIncident:124866,0,13486212103738503421
ITIncident:124869,2,10883174451450001190
ITIncident:124873,2,13119501420834239386
ITIncident:124875,2,15247542096022240057
ITIncident:124879,2,3591148897653522886
ITIncident:124883,2,13289387474362239163
ITIncident:124887,2,13207925128982030596
ITIncident:124889,2,7566663966577990717
ITIncident:124896,2,11752598450261004734
ITIncident:124900,2,13207925128982030596
ITIncident:124909,0,3955775326042907217
ITIncident:124914,2,16957427705568660724
ITIncident:124916,2,1764696717122066984
ITIncident:124920,2,1135936464327218291
ITIncident:124928,2,6739986840817769952
ITIncident:124936,2,17740006448113625753
ITIncident:124939,2,6473981878515947859
ITIncident:124943,2,4550422652669578210
ITIncident:124946,2,5557518520729388078
ITIncident:124950,2,13153594613218426729
ITIncident:124954,2,2235477749765653664
ITIncident:124961,2,409691024652351324
ITIncident:124968,2,4815095644393474335
ITIncident:124970,2,10538990098194470142
ITIncident:124974,2,15360139355134524416
ITIncident:124977,2,16722913326170480828
ITIncident:124984,2,12689791045047499544
ITIncident:124989,2,9161121603198330426
ITIncident:124992,2,3110909873064524045
ITIncident:124995,2,1818354946605286282
ITIncident:124999,2,7009265270210205580
ITIncident:125003,2,2796681850147963724
ITIncident:125006,2,17923149777136964216
ITIncident:125010,2,3591148897653522886
ITIncident:125017,2,3954355941501528626
ITIncident:125021,0,15261034804229336700
ITIncident:125024,2,14260757513411024871
ITIncident:125029,2,6324411962068058696
ITIncident:125036,2,12644706992264129485
ITIncident:125043,0,8541191349598063101
ITIncident:125047,2,15360139355134524416
ITIncident:125050,2,5651313983145445138
ITIncident:125053,2,12750753737349537572
ITIncident:125056,2,10790560368693134722
ITIncident:125061,2,12729437775997761882
ITIncident:125065,2,2796681850147963724
ITIncident:125072,2,773226430882701558
ITIncident:125081,2,17466978846946750259
ITIncident:125084,2,6680050242564180476
ITIncident:125096,0,6095880554382160815
ITIncident:125104,2,10843542457405283037
ITIncident:125107,2,10543006647894672771
ITIncident:125110,2,16722913326170480828
ITIncident:125113,2,16722913326170480828
ITIncident:125117,2,10160096921358750538
ITIncident:125121,2,10160096921358750538
ITIncident:125124,2,17444671887436118239
ITIncident:125131,2,8938552022893756269
ITIncident:125139,0,3893438524037141861
ITIncident:125145,2,3870101413076755404
ITIncident:125151,2,17403744976596502927
ITIncident:125155,2,8716327808304496597
ITIncident:125163,2,9089792545333068235
ITIncident:125167,2,13941150681640276579
ITIncident:125174,2,10724787432842795856
ITIncident:125182,2,10586541894739131331
ITIncident:125185,2,6804895173118984649
ITIncident:125191,2,1076621622506634586
ITIncident:125196,2,560108338718732979
ITIncident:125199,2,13793519998764738858
ITIncident:125207,2,15734102095026199938
ITIncident:125210,2,18107018481663970584
ITIncident:125213,2,4171427816487606462
ITIncident:125218,2,5931719804887821788
ITIncident:125225,2,5342899342518548973
ITIncident:125230,2,4971019594312536905
ITIncident:125241,2,4905207622163077186
ITIncident:125244,2,12980085256142142062
ITIncident:125247,2,9650746492707596217
ITIncident:125249,2,11859186153032159539
ITIncident:125262,2,14002836984671588454
ITIncident:125265,2,18107018481663970584
ITIncident:125273,2,16752111513709867684
ITIncident:125277,2,8444444667742439382
ITIncident:125280,2,13671702094733656956
ITIncident:125284,2,15184965265293509891
ITIncident:125290,2,10611606157346994299
ITIncident:125292,2,13758911280635432730
ITIncident:125295,2,13664069985319529886
ITIncident:125298,2,4970790503287525771
ITIncident:125313,2,13696455127634051605
ITIncident:125319,2,12641903066876830097
ITIncident:125323,2,9813032170697914694
ITIncident:125334,2,13712596518244830623
ITIncident:125341,2,10199052741406721254
ITIncident:125347,2,6876161465492789162
ITIncident:125350,2,6680034160740047843
ITIncident:125361,2,175527439913593822
ITIncident:125365,2,283969786559333365
ITIncident:125370,2,3770929017661429689
ITIncident:125372,2,12256838431153728563
ITIncident:125386,2,4531668760650136579
ITIncident:125391,2,6488053912211236111
ITIncident:125401,2,3104360513150631492
ITIncident:125405,2,13207925128982030596
ITIncident:125410,2,4337972083792414688
ITIncident:125417,2,4491755074688652231
ITIncident:125424,2,11479022801029163024
ITIncident:125427,2,13671702094733656956
ITIncident:125430,2,18107018481663970584
ITIncident:125439,2,12376065694925879427
ITIncident:125446,2,2148350092559941394
ITIncident:125455,2,14911254109245893083
ITIncident:125463,2,9198259360975212925
ITIncident:125468,2,18266573687145747468
ITIncident:125474,2,8515283546857612907
ITIncident:125484,2,14787395392675873072
ITIncident:125489,2,11520808316823492914
ITIncident:125493,2,10354611812954491864
ITIncident:125496,2,4782898608022058204
ITIncident:125504,2,11807216445581183688
ITIncident:125510,2,8559318181966141680
ITIncident:125517,2,10768917854346933460
ITIncident:125522,2,17199627142967943944
ITIncident:125531,2,3710310650400333234
ITIncident:125540,2,3833913571963328779
ITIncident:125543,2,10637772856798959158
ITIncident:125545,2,11859186153032159539
ITIncident:125548,2,10637772856798959158
ITIncident:125551,2,9851353093983639167
ITIncident:125554,2,18107018481663970584
ITIncident:125559,2,8858456061745519208
ITIncident:125582,2,8398657250896228409
ITIncident:125588,2,7088594587928840910
ITIncident:125595,2,14823694514372381436
ITIncident:125605,2,7760561992091325411
ITIncident:125609,2,8402186799991873729
ITIncident:125612,2,14818660267643010709
ITIncident:125616,2,4187108177132793053
ITIncident:125619,2,12108154957655620130
ITIncident:125623,2,9797854002384365914
ITIncident:125626,2,4948565937945971902
ITIncident:125636,1,16803042038691032048
ITIncident:125641,2,13269968964734678106
ITIncident:125647,2,11945897886914580783
ITIncident:125655,2,14632666898962751425
ITIncident:125659,2,16925679888354483000
ITIncident:125669,2,14176466590759347307
ITIncident:125674,2,14783840396950663991
ITIncident:125677,2,7570050997382033842
ITIncident:125687,2,7142996271681483275
ITIncident:125691,2,3809740300244624061
ITIncident:125700,2,13748655284746074181
ITIncident:125708,2,12090776821213075743
ITIncident:125713,2,3834768038747722549
ITIncident:125716,2,9100469239276162506
ITIncident:125722,2,12764002545198638689
ITIncident:125725,2,7505078925238140492
ITIncident:125728,2,4959796015134623409
ITIncident:125731,2,16479043657205106744
ITIncident:125737,2,12917448423185057249
ITIncident:125741,2,10205254062336593240
ITIncident:125746,2,6836658442948666943
ITIncident:125750,2,7831450684804459232
ITIncident:125759,2,4934196836993172095
ITIncident:125767,2,8680822897579366582
ITIncident:125770,2,2004829032096719280
ITIncident:125775,2,1413997326396226220
ITIncident:125781,2,17062407692623922195
ITIncident:125785,2,4026664395675299165
ITIncident:125790,2,4807981957040359431
ITIncident:125796,2,10645180741182776571
ITIncident:125802,2,16923309529848040441
ITIncident:125807,2,11305991679442152890
ITIncident:125816,2,14647072061170402911
ITIncident:125819,2,18107018481663970584
ITIncident:125825,2,4725029134010709838
ITIncident:125828,2,17585847182296492301
ITIncident:125832,2,3496338186111970553
ITIncident:125835,2,13018926501069881573
ITIncident:125838,2,8719217120074107553
ITIncident:125845,2,6677467872957538716
ITIncident:125849,2,6284530520515860206
ITIncident:125853,2,420134394973417254
ITIncident:125856,2,3725694873416831845
ITIncident:125864,2,3938941543376075735
ITIncident:125867,2,13921569370616702658
ITIncident:125871,2,8978490057166625748
ITIncident:125879,2,3179267224821890286
ITIncident:125886,2,18438332702771531886
ITIncident:125892,2,14809064491228236296
ITIncident:125895,2,17923149777136964216
ITIncident:125899,2,6473693712091668806
ITIncident:125903,2,15700045172309532859
ITIncident:125905,2,18339474784138063903
ITIncident:125908,2,7905480602934059517
ITIncident:125911,2,5256204812764503829
ITIncident:125914,2,13648118712173299818
ITIncident:125917,2,12980085256142142062
ITIncident:125922,2,14804502237782462739
ITIncident:125924,2,4025086314517839861
ITIncident:125929,2,7233123833820599335
ITIncident:125938,2,1755917741548133926
ITIncident:125944,2,7695549896743884308
ITIncident:125950,2,5946280395231506735
ITIncident:125961,2,17567022029182495730
ITIncident:125966,2,15456255805886464147
ITIncident:125970,2,15767412334808679299
ITIncident:125974,2,2588200765900706617
ITIncident:125977,2,17971478489420363471
ITIncident:125982,2,13656132344835965197
ITIncident:125985,2,2887522293269807086
ITIncident:125988,2,4931117515313520622
ITIncident:125997,2,14732366479600287699
ITIncident:126001,2,5698902175209006047
ITIncident:126004,2,13671702094733656956
ITIncident:126010,2,11628000325417675154
ITIncident:126013,2,10432520714196922166
ITIncident:126016,2,9045237475565953104
ITIncident:126019,2,17110878646077916637
ITIncident:126022,2,17045635975568820297
ITIncident:126031,0,11541389108402467119
ITIncident:126035,2,1244005347882653592
ITIncident:126038,2,13671702094733656956
ITIncident:126043,2,11369554875155665918
ITIncident:126050,2,12268087768367908207
ITIncident:126064,2,3374940001672139577
ITIncident:126068,0,12706941805083572627
ITIncident:126071,2,7905480602934059517
ITIncident:126075,2,2220966877385487399
ITIncident:126078,2,4816703805656582284
ITIncident:126086,2,17478472342340182696
ITIncident:126088,2,16347911127246864107
ITIncident:126091,2,5716541747768933617
ITIncident:126093,2,10538990098194470142
ITIncident:126102,2,14540067531626517895
ITIncident:126109,2,18041598225744899233
ITIncident:126112,2,7527139116880738664
ITIncident:126116,2,12213063131929983445
ITIncident:126121,2,157610301855079875
ITIncident:126124,2,17206138138343478012
ITIncident:126127,2,6680034160740047843
ITIncident:126136,2,13074408909301533554
ITIncident:126142,2,7104590741518615388
ITIncident:126147,2,413412058853432609
ITIncident:126151,2,11736811556474757168
ITIncident:126154,2,4782898608022058204
ITIncident:126158,2,11237246496591616833
ITIncident:126162,2,12705229399851863484
ITIncident:126165,2,4970790503287525771
ITIncident:126168,2,14031573317363914454
ITIncident:126172,2,17491613141829375505
ITIncident:126184,2,15817463066939280777
ITIncident:126191,2,4855504603582039713
ITIncident:126194,2,12750753737349537572
ITIncident:126197,2,12750753737349537572
ITIncident:126202,2,18267874897759776161
ITIncident:126205,2,4970790503287525771
ITIncident:126208,2,4970790503287525771
ITIncident:126212,2,14753161172807235237
ITIncident:126216,2,4026664395675299165
ITIncident:126219,2,4782898608022058204
ITIncident:126230,2,11090408163810450588
ITIncident:126233,2,17175978616421536655
ITIncident:126236,2,4970790503287525771
ITIncident:126239,2,13726612038284286214
ITIncident:126244,2,5523223980427073982
ITIncident:126257,2,1345564703385776632
ITIncident:126260,2,1818354946605286282
ITIncident:126263,2,8263564238637363600
ITIncident:126267,2,10085031514543696485
ITIncident:126271,2,1282326616223350918
ITIncident:126280,2,7059927654603226021
ITIncident:126287,2,9435094284882170863
ITIncident:126290,2,18107018481663970584
ITIncident:126295,2,16650266138071010786
ITIncident:126298,2,5651313983145445138
ITIncident:126310,2,1399741990506872881
ITIncident:126320,2,5543694371274171981
ITIncident:126323,2,18107018481663970584
ITIncident:126327,2,9308320532217975942
ITIncident:126330,2,4782898608022058204
ITIncident:126335,2,12488340434953703470
ITIncident:126338,2,17751579270051689762
ITIncident:126341,2,8803586730564181879
ITIncident:126344,2,5181189985610972155
ITIncident:126349,2,993689772344315177
ITIncident:126352,2,6325782128206346200
ITIncident:126361,2,16744906346957159632
ITIncident:126372,2,11303437250100240784
ITIncident:126376,2,16326632452141869181
ITIncident:126385,2,10094516908533006928
ITIncident:126391,2,2208354071888320564
ITIncident:126397,2,17133359214666308249
ITIncident:126403,2,714923251532066768
ITIncident:126406,2,6680034160740047843
ITIncident:126409,1,13793519998764738858
ITIncident:126415,2,3954085599635988396
ITIncident:126422,2,9213048471058425251
ITIncident:126426,2,2894310590756977997
ITIncident:126430,2,16176734872145213558
ITIncident:126442,2,10129056762424293221
ITIncident:126445,2,12111186344008580855
ITIncident:126448,2,7905480602934059517
ITIncident:126455,2,1885787524820043793
ITIncident:126458,2,17146670851996479591
ITIncident:126473,2,16090430768719780355
ITIncident:126476,2,4970790503287525771
ITIncident:126482,2,13776458673506356507
ITIncident:126496,2,3256146374633745453
ITIncident:126503,2,16108704042518427931
ITIncident:126507,2,18036375337265419046
ITIncident:126510,2,4469701921650845453
ITIncident:126514,2,9791610142393842232
ITIncident:126521,2,16130058854824627902
ITIncident:126526,0,2519273991489880251
ITIncident:126531,2,6454045545395473390
ITIncident:126534,2,12111186344008580855
ITIncident:126545,0,4370506357287438991
ITIncident:126550,2,11519385965467244360
ITIncident:126555,2,18156814503892253144
ITIncident:126566,2,3567031543490454843
ITIncident:126569,2,6317243395505279942
ITIncident:126574,2,12715983575541774791
ITIncident:126587,2,2155192942451535027
ITIncident:126590,2,10790560368693134722
ITIncident:126595,2,7622833348921732486
ITIncident:126599,2,265237875021224909
ITIncident:126606,2,10464331932528648898
ITIncident:126609,2,18107018481663970584
ITIncident:126616,2,9180755713704898195
ITIncident:126619,2,5424838402845465494
ITIncident:126622,2,16770116956290284445
ITIncident:126636,2,8970727312618210382
ITIncident:126651,2,431288593029447846
ITIncident:126655,2,7869966776655450227
ITIncident:126662,2,13883102609812866725
ITIncident:126668,2,6467093763467646189
ITIncident:126673,2,4336610122451242520
ITIncident:126677,2,607093589239273865
ITIncident:126687,2,13610728610334533668
ITIncident:126690,2,12750753737349537572
ITIncident:126693,2,4970790503287525771
ITIncident:126697,2,301794516347601584
ITIncident:126706,2,5130102041739201909
ITIncident:126709,2,8219878978092862724
ITIncident:126713,2,2395359375280257055
ITIncident:126719,2,11061864717041454293
ITIncident:126723,2,319948530582239755
ITIncident:126730,2,12816198200656485838
ITIncident:126733,2,3836577681489719072
ITIncident:126737,2,421679701633615330
ITIncident:126742,0,1027837583226359686
ITIncident:126752,2,17875315482878668683
ITIncident:126758,2,11676415949608699115
ITIncident:126762,2,2723480397707590957
ITIncident:126765,2,6747899806322993675
ITIncident:126771,2,5164241153967865445
ITIncident:126779,2,3531811877993872475
ITIncident:126782,2,11241665385586338809
ITIncident:126787,2,13151551877635569984
ITIncident:126789,2,3950453516268105530
ITIncident:126800,2,6080908160931555084
ITIncident:126807,0,1852008809132557952
ITIncident:126810,2,13793519998764738858
ITIncident:126813,2,4043753441291316331
ITIncident:126817,2,14804604290105650653
ITIncident:126830,2,11034862852296830123
ITIncident:126832,2,16413723610591773452
ITIncident:126835,2,4469701921650845453
ITIncident:126838,2,475078432542121279
ITIncident:126841,2,14300026272235619904
ITIncident:126848,2,11472352217768794286
ITIncident:126861,0,10854800493364781462
ITIncident:126868,2,15593039815476652967
ITIncident:126873,2,14095828345691232918
ITIncident:126881,2,13024816546445837259
ITIncident:126891,2,6250633980213242135
ITIncident:126897,2,2281391307014783974
ITIncident:126899,2,15700050980871181311
ITIncident:126904,2,8233378349971022002
ITIncident:126912,2,7690006031788667118
ITIncident:126917,2,9803668038372721582
ITIncident:126926,0,9046319831052577389
ITIncident:126936,2,13525620110460337253
ITIncident:126938,2,11859186153032159539
ITIncident:126943,2,7169343414475931392
ITIncident:126949,2,996640428818084925
ITIncident:126965,2,7159186470991270181
ITIncident:126973,0,7349535236355581871
ITIncident:126979,2,4621170547567833340
ITIncident:126984,2,14623750946992097902
ITIncident:126989,2,5001838986178777392
ITIncident:126991,2,4649367865911468111
ITIncident:126994,2,10543006647894672771
ITIncident:126997,2,9249293981459253177
ITIncident:127001,2,79268282420699132
ITIncident:127007,2,15520104559953604290
ITIncident:127017,0,16499826610142206219
ITIncident:127025,2,11001904147568959146
ITIncident:127028,2,17923149777136964216
ITIncident:127031,2,4948565937945971902
ITIncident:127040,2,14375606258601244564
ITIncident:127046,2,11029311821208426116
ITIncident:127051,2,15175700842751053102
ITIncident:127055,2,9797854002384365914
ITIncident:127061,2,5249491963825141249
ITIncident:127064,2,2613007622536025887
ITIncident:127077,0,15970505460446381179
ITIncident:127081,2,4922186886697540479
ITIncident:127091,2,10186406986175793649
ITIncident:127094,2,12249696678911521859
ITIncident:127100,2,15763675113202770335
ITIncident:127105,2,9628071027198558824
ITIncident:127107,2,16413723610591773452
ITIncident:127110,2,2356181819777856285
ITIncident:127114,2,5207732865527366327
ITIncident:127119,2,15368385632569566045
ITIncident:127124,2,16341482053381452826
ITIncident:127131,1,3398650772475098202
ITIncident:127134,2,8260083037848238052
ITIncident:127137,2,16609947496062565597
ITIncident:127144,2,10611606157346994299
ITIncident:127147,2,4825612855767557374
ITIncident:127150,2,16095716458525359971
ITIncident:127155,2,14170469037598485320
ITIncident:127165,2,10942912328964301349
ITIncident:127170,2,15178166496995949676
ITIncident:127173,2,2356181819777856285
ITIncident:127177,2,9753529901643716948
ITIncident:127183,2,13770801173782469596
ITIncident:127186,2,9249293981459253177
ITIncident:127189,2,18107018481663970584
ITIncident:127192,2,2356181819777856285
ITIncident:127195,2,10790560368693134722
ITIncident:127198,2,12750753737349537572
ITIncident:127201,2,7905480602934059517
ITIncident:127207,2,15827193408847217340
ITIncident:127209,2,9706564975045748012
ITIncident:127213,1,14987702106818394745
ITIncident:127221,2,17479790958114218295
ITIncident:127224,2,13688267506177063077
ITIncident:127228,2,5114370364415396214
ITIncident:127231,2,4825612855767557374
ITIncident:127234,2,14662406097355671430
ITIncident:127237,2,5706196191071773124
ITIncident:127240,2,14308461358152788757
ITIncident:127244,2,4026664395675299165
ITIncident:127251,0,12698081455556459719
ITIncident:127254,2,5424838402845465494
ITIncident:127261,2,14599250637759486528
ITIncident:127293,0,6263942781145261541
ITIncident:127296,2,12111186344008580855
ITIncident:127300,2,14539546854803416190
ITIncident:127310,2,13889390399912287710
ITIncident:127314,2,17961335449208843466
ITIncident:127319,1,6908197732686052446
ITIncident:127323,2,2709757731775230250
ITIncident:127326,2,16609947496062565597
ITIncident:127329,2,16309853219528535903
ITIncident:127332,2,16479043657205106744
ITIncident:127335,2,11916443439493586666
ITIncident:127338,2,16956734474108947430
ITIncident:127343,2,8365757968291152330
ITIncident:127346,2,9249293981459253177
ITIncident:127350,2,18083854285174693293
ITIncident:127354,2,6144851530449570862
ITIncident:127357,2,16479043657205106744
ITIncident:127364,2,13898192710409447976
ITIncident:127369,2,8858456061745519208
ITIncident:127373,2,17152052711678295842
ITIncident:127383,2,17648474098022518749
ITIncident:127387,2,6371883313057328203
ITIncident:127391,2,313609809538853907
ITIncident:127394,2,16479043657205106744
ITIncident:127397,2,4782898608022058204
ITIncident:127403,2,13897740324247618816
ITIncident:127412,2,5352745917762893645
ITIncident:127415,2,6117131054865638047
ITIncident:127418,2,11916443439493586666
ITIncident:127421,1,2764885568248164398
ITIncident:127424,2,17096488525372183127
ITIncident:127428,2,13243925885545987565
ITIncident:127432,2,12792640292825948081
ITIncident:127435,2,1818354946605286282
ITIncident:127438,1,11298430362827578976
ITIncident:127441,2,2471596866016283053
ITIncident:127444,2,13793519998764738858
ITIncident:127449,2,1356891385825610463
ITIncident:127452,2,16939438270069466527
ITIncident:127455,2,475078432542121279
ITIncident:127465,2,10586095302357534154
ITIncident:127469,2,17512762059376437424
ITIncident:127478,2,5324936077838730363
ITIncident:127483,2,11464966929458748511
ITIncident:127487,2,15952831924177183340
ITIncident:127493,2,3434991054739745779
ITIncident:127504,2,14825366943991092464
ITIncident:127506,2,5408694821547344994
ITIncident:127510,2,2709757731775230250
ITIncident:127516,2,10053916496952122043
ITIncident:127526,2,1768339003241545997
ITIncident:127534,2,4196908288960185511
ITIncident:127543,2,10551336788231472833
ITIncident:127554,2,2067999293109177071
ITIncident:127557,2,4825612855767557374
ITIncident:127564,2,2580889912796794272
ITIncident:127567,2,10637772856798959158
ITIncident:127570,2,6680034160740047843
ITIncident:127577,2,2422783655747284547
ITIncident:127581,2,6454045545395473390
ITIncident:127585,2,15752910422009749812
ITIncident:127588,2,1818354946605286282
ITIncident:127591,2,4970790503287525771
ITIncident:127594,2,13907320440570291453
ITIncident:127597,2,6365503545145733524
ITIncident:127600,2,4825612855767557374
ITIncident:127603,2,2071184943732052030
ITIncident:127607,2,9075203519436117051
ITIncident:127613,2,8488505512854949105
ITIncident:127617,2,9075203519436117051
ITIncident:127621,2,9075203519436117051
ITIncident:127625,2,6454045545395473390
ITIncident:127627,2,8812987554258308633
ITIncident:127634,2,8132344945569463837
ITIncident:127641,2,5871566328987256169
ITIncident:127646,2,9355124215136017384
ITIncident:127653,2,14099532607849995189
ITIncident:127655,2,15833925860528518393
ITIncident:127659,2,9075203519436117051
ITIncident:127662,2,9249293981459253177
ITIncident:127665,2,13671702094733656956
ITIncident:127668,2,2802323676490830801
ITIncident:127675,1,10030975970247739004
ITIncident:127677,2,7072928234647705847
ITIncident:127681,2,9075203519436117051
ITIncident:127689,2,3110756209916726139
ITIncident:127694,2,13726449255799893775
ITIncident:127696,2,7072928234647705847
ITIncident:127699,2,7684985086609942609
ITIncident:127702,2,4170799387676964688
ITIncident:127711,2,10372692951829128125
ITIncident:127716,2,12639023184880251413
ITIncident:127721,2,16529843870547153661
ITIncident:127724,2,8454285023148334203
ITIncident:127727,2,8324564811868347644
ITIncident:127733,2,12725111150241266403
ITIncident:127737,2,13443306096688165743
ITIncident:127740,2,8552739100468676133
ITIncident:127746,2,609672128794391701
ITIncident:127756,2,12689675979362410527
ITIncident:127770,2,7559021272457686367
ITIncident:127776,2,17249389443878400664
ITIncident:127779,2,11204367132645774517
ITIncident:127783,2,15952831924177183340
ITIncident:127787,2,817094723057191980
ITIncident:127791,2,8716633888081457400
ITIncident:127794,2,13648118712173299818
ITIncident:127797,1,8993517584270279981
ITIncident:127806,2,1198485735295320191
ITIncident:127812,2,8201195828868260012
ITIncident:127823,2,12889089660145682432
ITIncident:127827,2,6083194742494951088
ITIncident:127830,2,1017437017354488521
ITIncident:127835,2,4720325424159127910
ITIncident:127838,2,180806663613916093
ITIncident:127845,2,2057691061933695927
ITIncident:127855,2,14379756791920862923
ITIncident:127861,2,2888607361370772801
ITIncident:127866,2,9813032170697914694
ITIncident:127873,2,13151825473631432953
ITIncident:127880,2,11059844027056725359
ITIncident:127883,2,7905480602934059517
ITIncident:127887,2,16012122080782203484
ITIncident:127891,2,13651543275317727962
ITIncident:127900,2,13207934072380031793
ITIncident:127903,2,17045635975568820297
ITIncident:127919,2,126715059634231545
ITIncident:127922,2,18437020331055116741
ITIncident:127925,2,12750753737349537572
ITIncident:127928,2,6951077188555012074
ITIncident:127932,2,2709757731775230250
ITIncident:127937,2,4778040283534453421
ITIncident:127942,2,1281183085403429648
ITIncident:127945,2,13191315888390237100
ITIncident:127952,2,16464999847267106406
ITIncident:127956,2,17656893973031035340
ITIncident:127961,2,8383411930573805233
ITIncident:127964,2,4171427816487606462
ITIncident:127969,2,7945286085538575555
ITIncident:127973,1,1303913757253861422
ITIncident:127976,2,5847458114820431739
ITIncident:127987,2,10158083149575971201
ITIncident:127994,2,12672971923546206688
ITIncident:127998,2,18117812263516495178
ITIncident:128001,2,8019416891269177380
ITIncident:128004,2,13907320440570291453
ITIncident:128017,1,16437703879748987584
ITIncident:128027,2,14250569872603064885
ITIncident:128031,2,18117812263516495178
ITIncident:128034,2,1696024485443512348
ITIncident:128040,2,15180082261173128236
ITIncident:128043,2,9505842089481339059
ITIncident:128047,2,6087210150108358982
ITIncident:128050,2,17923149777136964216
ITIncident:128053,2,16685280505722597989
ITIncident:128057,2,5724437706792498873
ITIncident:128060,2,13793519998764738858
ITIncident:128068,2,17995087765033247867
ITIncident:128071,2,4825612855767557374
ITIncident:128075,2,9791610142393842232
ITIncident:128084,2,1986570821394140285
ITIncident:128087,1,14892445133973431857
ITIncident:128103,2,4487056745276690208
ITIncident:128110,2,4365542190457200483
ITIncident:128114,2,13305161140937675692
ITIncident:128118,2,9296404082099653524
ITIncident:128123,2,9221336856256510820
ITIncident:128127,2,818831147119926450
ITIncident:128130,2,4948565937945971902
ITIncident:128134,2,1562876343568286530
ITIncident:128139,2,14170469037598485320
ITIncident:128150,2,4576116785466310425
ITIncident:128154,2,16801081454882173806
ITIncident:128163,2,6768695978735039783
ITIncident:128172,0,1539905401755653541
ITIncident:128177,2,8177697863978079807
ITIncident:128182,1,1044133667449597485
ITIncident:128185,2,4738507485169632775
ITIncident:128189,2,18165482340078631504
ITIncident:128197,2,18400632365087989099
ITIncident:128202,2,8480809919680372504
ITIncident:128205,2,7905480602934059517
ITIncident:128209,2,4026664395675299165
ITIncident:128221,2,16345487227693604769
ITIncident:128225,2,11736811556474757168
ITIncident:128234,2,3209659705574827575
ITIncident:128243,2,10718182955112552573
ITIncident:128246,2,13907320440570291453
ITIncident:128249,2,17971478489420363471
ITIncident:128252,2,5236102999490034585
ITIncident:128258,0,6877253850525654016
ITIncident:128268,2,10790828166479126702
ITIncident:128271,2,2485610145338758727
ITIncident:128274,2,7905480602934059517
ITIncident:128280,2,10646601182346086075
ITIncident:128289,2,1676747521522344918
ITIncident:128297,2,11016837682965001600
ITIncident:128300,2,1613891909353987649
ITIncident:128303,2,7429001495199026665
ITIncident:128306,2,13671702094733656956
ITIncident:128310,2,8365757968291152330
ITIncident:128314,2,15778650165703758441
ITIncident:128316,2,723790095475599930
ITIncident:128322,2,14721462367477198449
ITIncident:128326,2,4259489490576392779
ITIncident:128329,2,4469701921650845453
ITIncident:128332,2,5651313983145445138
ITIncident:128337,2,1942824982378742001
ITIncident:128340,2,15591270796788846065
ITIncident:128355,2,16596475718549978574
ITIncident:128361,2,5742419814136996699
ITIncident:128368,2,4069622487495673207
ITIncident:128370,2,3979794969151511725
ITIncident:128377,2,10326710892262046677
ITIncident:128383,2,8796063595468985410
ITIncident:128388,2,10414829212472742215
ITIncident:128393,2,10414829212472742215
ITIncident:128398,2,10414829212472742215
ITIncident:128400,2,15838941544337234197
ITIncident:128403,2,6473456897920130597
ITIncident:128408,2,8875757608208524121
ITIncident:128411,2,4767712219527276156
ITIncident:128421,2,6437764651992526883
ITIncident:128427,2,3490463085302628615
ITIncident:128430,2,14616869648244192802
ITIncident:128433,2,8019416891269177380
ITIncident:128435,2,13381772329686612318
ITIncident:128439,2,421679701633615330
ITIncident:128446,2,18300784946665741959
ITIncident:128450,2,12091921840132568648
ITIncident:128453,2,17444671887436118239
ITIncident:128456,2,14616869648244192802
ITIncident:128459,2,9249293981459253177
ITIncident:128462,2,1762588527951697538
ITIncident:128469,2,12388697299262543021
ITIncident:128475,2,6942425435219619591
ITIncident:128478,2,5014921244532561391
ITIncident:128484,2,10646601182346086075
ITIncident:128487,2,5458705121620957438
ITIncident:128492,2,12469821982984383334
ITIncident:128495,2,1818354946605286282
ITIncident:128498,2,1160106888870270391
ITIncident:128506,2,12711692180693537838
ITIncident:128518,0,5375554363019920324
ITIncident:128525,2,16118648491616574770
ITIncident:128529,2,421679701633615330
ITIncident:128535,2,6457373789993107724
ITIncident:128540,2,7376344241093050330
ITIncident:128546,0,15382387775367007415
ITIncident:128548,2,15247542096022240057
ITIncident:128555,2,5123803789944138823
ITIncident:128565,2,651243257508788878
ITIncident:128568,2,13002432560847391788
ITIncident:128573,2,12644895724002751874
ITIncident:128576,2,12539538978425360888
ITIncident:128579,2,12111186344008580855
ITIncident:128583,2,795782356202261080
ITIncident:128587,2,17961335449208843466
ITIncident:128590,1,6680034160740047843
ITIncident:128605,2,12880679671706058150
ITIncident:128608,2,4431568043748123457
ITIncident:128611,2,9781367246059980057
ITIncident:128619,2,16690118597010012642
ITIncident:128623,2,231167133271799158
ITIncident:128630,2,11024281068659481924
ITIncident:128635,2,6479549555273888617
ITIncident:128638,2,18341976816724115194
ITIncident:128644,2,13578388242157472289
ITIncident:128653,2,18175769427187265959
ITIncident:128656,2,9024601548627257041
ITIncident:128661,2,10986096846885904778
ITIncident:128665,2,4179570958333835610
ITIncident:128669,2,6593366128858900953
ITIncident:128673,2,10354611812954491864
ITIncident:128680,2,17742595916794401685
ITIncident:128683,2,8739846062254999821
ITIncident:128686,2,6531656793984229783
ITIncident:128694,2,17398644232968630768
ITIncident:128708,2,11936402572904796695
ITIncident:128713,2,10877766497715376910
ITIncident:128716,2,13671702094733656956
ITIncident:128725,2,6073527609246398877
ITIncident:128728,2,6680034160740047843
ITIncident:128733,2,9902238626281503733
ITIncident:128736,2,12111186344008580855
ITIncident:128741,2,8010145263483766814
ITIncident:128744,2,13671702094733656956
ITIncident:128751,2,14440959658727135822
ITIncident:128756,2,1330246117431991935
ITIncident:128759,2,9249293981459253177
ITIncident:128762,2,6680034160740047843
ITIncident:128773,2,9239427726709876135
ITIncident:128775,2,15247542096022240057
ITIncident:128780,2,10757154432102483816
ITIncident:128784,2,2796681850147963724
ITIncident:128789,2,8043104317518493934
ITIncident:128811,2,10685607997731312490
ITIncident:128815,2,2504601569540217073
ITIncident:128818,2,13793519998764738858
ITIncident:128826,2,4650186873745369346
ITIncident:128829,2,9956640458266948878
ITIncident:128836,2,15642469799754007245
ITIncident:128839,2,16479043657205106744
ITIncident:128843,2,14987702106818394745
ITIncident:128850,2,910960760747115504
ITIncident:128853,2,16180711775054718447
ITIncident:128857,2,13739472073319784998
ITIncident:128866,2,6825790209654953446
ITIncident:128887,2,4091394627989869857
ITIncident:128890,2,8554699660263138258
ITIncident:128896,2,17096179755087951467
ITIncident:128904,2,7223458002537863870
ITIncident:128913,2,17764138578753793653
ITIncident:128924,2,16793126478699572313
ITIncident:128927,0,17009910223604022382
ITIncident:128934,2,2270031112147657497
ITIncident:128937,2,7557963363278366463
ITIncident:128944,2,11011466377670435299
ITIncident:128947,2,14460872181535655108
ITIncident:128952,2,757334495961550907
ITIncident:128955,0,17009910223604022382
ITIncident:128961,2,11276849545796912890
ITIncident:128964,2,14638506984632233348
ITIncident:128966,2,612216394207077625
ITIncident:128969,2,3873113126740730024
ITIncident:128975,2,17883927494329950704
ITIncident:128982,2,5946715464642262962
ITIncident:128985,2,4070495765507427249
ITIncident:128992,2,4552663418006303773
ITIncident:128997,2,15952831924177183340
ITIncident:129000,2,5651313983145445138
ITIncident:129003,2,15031508619126403478
ITIncident:129007,2,17512762059376437424
ITIncident:129011,2,9522505357994178535
ITIncident:129014,2,4825612855767557374
ITIncident:129017,2,18107018481663970584
ITIncident:129020,2,17982477976005099269
ITIncident:129023,2,7905480602934059517
ITIncident:129027,0,922433626596213269
ITIncident:129031,2,13609440404668315939
ITIncident:129035,2,9551198442378557156
ITIncident:129038,2,8412505904353268348
ITIncident:129047,2,1085693032169816177
ITIncident:129051,2,2796681850147963724
ITIncident:129055,2,12900238644644399964
ITIncident:129061,2,14368292136644282733
ITIncident:129064,2,9249293981459253177
ITIncident:129070,2,5726491184192288128
ITIncident:129075,2,11973812570788697679
ITIncident:129082,2,8543760918535220789
ITIncident:129084,2,16444707635492837670
ITIncident:129087,2,10790560368693134722
ITIncident:129091,2,950895462641786129
ITIncident:129096,2,5032338677010029952
ITIncident:129101,2,4971019594312536905
ITIncident:129104,2,4782898608022058204
ITIncident:129107,2,11678600937779415052
ITIncident:129111,2,11495711391599572311
ITIncident:129118,2,182349820581517754
ITIncident:129123,0,17411121973280589283
ITIncident:129130,2,16133154876978600832
ITIncident:129133,2,7905480602934059517
ITIncident:129136,2,13671702094733656956
ITIncident:129139,2,7905480602934059517
ITIncident:129145,2,16775997853280252580
ITIncident:129148,2,6117131054865638047
ITIncident:129152,2,10042525574327297115
ITIncident:129156,1,3084490571097929871
ITIncident:129161,2,14110782638592526568
ITIncident:129164,2,14818660267643010709
ITIncident:129167,2,312546043452998585
ITIncident:129177,2,17941447930846039849
ITIncident:129185,2,5754298873571747368
ITIncident:129189,2,2800451571465944075
ITIncident:129192,2,715318864010695106
ITIncident:129195,2,4825612855767557374
ITIncident:129205,2,12024848919966749676
ITIncident:129211,2,699009691053107069
ITIncident:129214,2,12750753737349537572
ITIncident:129217,2,2074033272774843212
ITIncident:129236,2,375047573264399868
ITIncident:129239,2,5651313983145445138
ITIncident:129244,2,17382899558675158687
ITIncident:129248,2,16801081454882173806
ITIncident:129253,2,848214221677777505
ITIncident:129261,2,1199551218497527595
ITIncident:129264,2,17280627373704885130
ITIncident:129268,2,17723785639102653347
ITIncident:129271,2,3877389053296742646
ITIncident:129273,2,5408694821547344994
ITIncident:129282,2,7667861045671901248
ITIncident:129289,2,16446581879096528247
ITIncident:129294,2,10247145198680465275
ITIncident:129297,2,6747899806322993675
ITIncident:129304,2,7525954398806864298
ITIncident:129307,2,12111186344008580855
ITIncident:129313,2,1818094606738797684
ITIncident:129320,2,4528151341075465338
ITIncident:129323,2,12111186344008580855
ITIncident:129326,2,4782898608022058204
ITIncident:129329,2,14680969947636597948
ITIncident:129334,2,8150865129516160658
ITIncident:129337,2,10790560368693134722
ITIncident:129340,2,6680034160740047843
ITIncident:129343,2,9249293981459253177
ITIncident:129347,2,1061220394320501673
ITIncident:129350,2,13671702094733656956
ITIncident:129359,2,6454034301579455044
ITIncident:129362,2,7905480602934059517
ITIncident:129366,2,16801081454882173806
ITIncident:129373,2,14608678642061540538
ITIncident:129388,2,9671310839326420983
ITIncident:129394,2,12065022651464520123
ITIncident:129397,2,10790560368693134722
ITIncident:129400,2,15537455914151057765
ITIncident:129403,2,715318864010695106
ITIncident:129408,2,10490654485347146966
ITIncident:129413,2,1991343943351372014
ITIncident:129418,2,4340744226898282160
ITIncident:129429,2,18386401741292842126
ITIncident:129440,0,1335410958104144865
ITIncident:129450,2,14828195345136186976
ITIncident:129453,2,17051338630933985134
ITIncident:129458,2,17403744976596502927
ITIncident:129461,2,5359976832218309023
ITIncident:129467,2,2459477164816046690
ITIncident:129470,2,16945318491869599425
ITIncident:129473,2,15738967823535717785
ITIncident:129476,2,9249293981459253177
ITIncident:129484,2,10517286180703074194
ITIncident:129487,2,13043425953338375570
ITIncident:129492,2,16179526340557766303
ITIncident:129500,2,14235076666251417380
ITIncident:129507,2,6969145570315323170
ITIncident:129511,2,7761411290123958630
ITIncident:129517,2,12308435010329798888
ITIncident:129520,2,5651313983145445138
ITIncident:129523,2,10548215034229500269
ITIncident:129526,2,7905480602934059517
ITIncident:129530,0,11820055845418201032
ITIncident:129534,2,5940775649761661236
ITIncident:129537,2,4070495765507427249
ITIncident:129541,0,6248804162927085858
ITIncident:129544,2,4782898608022058204
ITIncident:129550,2,13648455507706702007
ITIncident:129555,2,2197367905907293209
ITIncident:129560,2,2197367905907293209
ITIncident:129565,2,2197367905907293209
ITIncident:129570,2,2197367905907293209
ITIncident:129581,2,3892837243431518968
ITIncident:129587,2,2407210607619689838
ITIncident:129590,2,180806663613916093
ITIncident:129593,2,7612394984402357546
ITIncident:129596,2,180806663613916093
ITIncident:129601,2,3850495050273327655
ITIncident:129605,2,13609440404668315939
ITIncident:129608,2,180806663613916093
ITIncident:129611,2,5469226950558193188
ITIncident:129614,2,7234878552380634625
ITIncident:129622,2,7728063934177709988
ITIncident:129625,2,5424838402845465494
ITIncident:129629,2,6454045545395473390
ITIncident:129633,2,12244013390706803814
ITIncident:129646,2,17625710372203569202
ITIncident:129649,2,3781069299329084262
ITIncident:129653,2,11870762630680157475
ITIncident:129656,2,2074033272774843212
ITIncident:129659,2,13793519998764738858
ITIncident:129663,0,9288874943607067828
ITIncident:129666,2,16479043657205106744
ITIncident:129671,2,11628000325417675154
ITIncident:129674,2,16479043657205106744
ITIncident:129677,2,16479043657205106744
ITIncident:129680,2,1959587828940065449
ITIncident:129684,2,17707023308788591477
ITIncident:129687,2,2802323676490830801
ITIncident:129692,2,1555908633186676914
ITIncident:129695,2,16256473841912636416
ITIncident:129698,2,12111186344008580855
ITIncident:129703,0,18182730217243921439
ITIncident:129706,2,5424838402845465494
ITIncident:129710,2,16835550895421573541
ITIncident:129722,2,4809144885136829144
ITIncident:129727,2,4540194138076979594
ITIncident:129733,2,8172339863236786139
ITIncident:129739,2,2828219249909714030
ITIncident:129742,2,715318864010695106
ITIncident:129745,2,12111186344008580855
ITIncident:129748,2,16519526828624205032
ITIncident:129753,2,6080109636199812823
ITIncident:129758,2,15155718078748608737
ITIncident:129765,0,17414399047665694269
ITIncident:129768,2,1315770652885074475
ITIncident:129772,2,13942796492854243196
ITIncident:129775,2,715318864010695106
ITIncident:129779,2,5869931044814855150
ITIncident:129782,2,7983520358429472538
ITIncident:129787,2,2436623345309774470
ITIncident:129791,2,4026664395675299165
ITIncident:129797,2,9795004693579555965
ITIncident:129807,2,247939767309425148
ITIncident:129810,2,15740620611146833109
ITIncident:129814,2,5300409426797282299
ITIncident:129817,2,15740620611146833109
ITIncident:129823,0,209086755359035949
ITIncident:129826,2,4948565937945971902
ITIncident:129831,2,4301552408756345723
ITIncident:129834,2,7166624044503043130
ITIncident:129837,2,13352960282810551570
ITIncident:129844,2,904496358016600732
ITIncident:129847,2,3081479852638945825
ITIncident:129858,2,4011780510449201298
ITIncident:129864,2,2106821886241118436
ITIncident:129867,2,17971478489420363471
ITIncident:129881,2,6126463942974499407
ITIncident:129884,2,17923149777136964216
ITIncident:129888,2,17151722662598456983
ITIncident:129894,2,16187143128693296297
ITIncident:129897,2,9280535181503929303
ITIncident:129903,2,16216017280873485983
ITIncident:129905,2,3582881113766432677
ITIncident:129908,2,16722913326170480828
ITIncident:129912,2,753622888789182377
ITIncident:129918,0,17175590549661982222
ITIncident:129922,2,4351770126965230601
ITIncident:129926,2,17403744976596502927
ITIncident:129929,2,17045635975568820297
ITIncident:129939,2,16111963789299283300
ITIncident:129954,2,3588937102492973883
ITIncident:129959,2,14846690480073178031
ITIncident:129963,2,12554585449658680573
ITIncident:129966,2,13048222445483466062
ITIncident:129969,2,12980085256142142062
ITIncident:129976,2,9931930034902878412
ITIncident:129982,2,4637505458155507866
ITIncident:129986,2,16090473502306278215
ITIncident:129990,2,7524437938098269115
ITIncident:129993,2,13671702094733656956
ITIncident:129996,2,14680969947636597948
ITIncident:129999,2,3953136569964579634
ITIncident:130003,2,3172415003456712456
ITIncident:130006,2,13671702094733656956
ITIncident:130011,1,17278538025393677584
ITIncident:130014,2,13278052150896127013
ITIncident:130019,2,5013850682270523413
ITIncident:130035,2,5382325206672788607
ITIncident:130044,2,17114229529218351057
ITIncident:130047,2,4650279473483250889
ITIncident:130062,0,4355216748660631351
ITIncident:130065,2,17923149777136964216
ITIncident:130068,2,9249293981459253177
ITIncident:130072,2,9791610142393842232
ITIncident:130075,2,13671702094733656956
ITIncident:130078,2,7905480602934059517
ITIncident:130081,2,12980085256142142062
ITIncident:130088,2,5679787995141888421
ITIncident:130091,2,7905480602934059517
ITIncident:130100,2,13584049846824904895
ITIncident:130103,2,7905480602934059517
ITIncident:130106,2,17973334919806311968
ITIncident:130113,2,409691024652351324
ITIncident:130119,2,7885807061732035839
ITIncident:130128,2,16891869905843675042
ITIncident:130131,2,11019048360266012765
ITIncident:130134,2,13907320440570291453
ITIncident:130137,2,4825612855767557374
ITIncident:130140,2,7905480602934059517
ITIncident:130144,2,1756680575009110190
ITIncident:130148,2,17279592365038682600
ITIncident:130151,2,1818354946605286282
ITIncident:130155,2,18117812263516495178
ITIncident:130158,2,5014921244532561391
ITIncident:130167,2,5807136291365725824
ITIncident:130172,2,7405474401927649276
ITIncident:130175,2,2369134139554927280
ITIncident:130178,2,9435205620075633507
ITIncident:130182,2,1803325969907303171
ITIncident:130185,2,13671702094733656956
ITIncident:130188,2,13671702094733656956
ITIncident:130191,2,17935501388662737206
ITIncident:130194,2,3953136569964579634
ITIncident:130201,2,250375682281346338
ITIncident:130207,2,18314825607608938950
ITIncident:130213,2,2695226260442278624
ITIncident:130215,2,3582881113766432677
ITIncident:130217,2,11797202808172163116
ITIncident:130219,2,16413723610591773452
ITIncident:130222,2,10790560368693134722
ITIncident:130235,2,12308983037100535052
ITIncident:130238,2,15738967823535717785
ITIncident:130245,2,12403459379126126538
ITIncident:130248,2,4935584935701478499
ITIncident:130251,2,12750753737349537572
ITIncident:130256,2,12142536060124919537
ITIncident:130259,2,7905480602934059517
ITIncident:130262,2,12750753737349537572
ITIncident:130266,2,14437482339376915452
ITIncident:130269,2,18107018481663970584
ITIncident:130279,2,7162506538685650935
ITIncident:130282,2,5424838402845465494
ITIncident:130285,2,5424838402845465494
ITIncident:130288,2,12018567855880088393
ITIncident:130290,2,10933864762266206831
ITIncident:130293,2,609857845734154212
ITIncident:130296,2,3081479852638945825
ITIncident:130299,2,1396213510530255009
ITIncident:130302,2,13671702094733656956
ITIncident:130306,2,10995082818189899577
ITIncident:130309,2,2941048360625129140
ITIncident:130313,2,11183011138995818353
ITIncident:130321,2,8877503390257324100
ITIncident:130325,2,79268282420699132
ITIncident:130328,2,4487351054218218093
ITIncident:130331,2,6680034160740047843
ITIncident:130334,2,2941048360625129140
ITIncident:130341,2,12923924953245292366
ITIncident:130345,2,7764214386395421892
ITIncident:130347,2,5408694821547344994
ITIncident:130351,2,5114370364415396214
ITIncident:130354,2,3257076617825688947
ITIncident:130369,2,18266242028635200159
ITIncident:130374,2,5060066870111869041
ITIncident:130385,2,10466241689951457059
ITIncident:130395,2,14377271396322165303
ITIncident:130400,2,9298948243207202949
ITIncident:130411,2,7235985168798642831
ITIncident:130414,2,6680034160740047843
ITIncident:130421,0,1802081864520738112
ITIncident:130425,2,17279592365038682600
ITIncident:130427,2,6748218914712479955
ITIncident:130430,2,6680034160740047843
ITIncident:130436,2,1369026547820804832
ITIncident:130441,2,15368385632569566045
ITIncident:130445,2,421679701633615330
ITIncident:130453,2,16207674925928853565
ITIncident:130456,2,12750753737349537572
ITIncident:130460,2,10085031514543696485
ITIncident:130463,2,8803586730564181879
ITIncident:130468,2,9536987136591150255
ITIncident:130471,2,17923149777136964216
ITIncident:130478,0,6561549759526874357
ITIncident:130484,2,16114526042498683353
ITIncident:130487,2,10790560368693134722
ITIncident:130490,2,13671702094733656956
ITIncident:130493,2,17971478489420363471
ITIncident:130507,2,691183772943900098
ITIncident:130511,2,17994377752441030592
ITIncident:130516,2,3936862543219377320
ITIncident:130520,2,16801081454882173806
ITIncident:130526,2,5873436927914627888
ITIncident:130530,2,18260902805241895359
ITIncident:130535,2,2761016867169420259
ITIncident:130540,2,3164980621632645858
ITIncident:130543,2,18107018481663970584
ITIncident:130545,2,15254079134907344323
ITIncident:130548,2,9249293981459253177
ITIncident:130551,2,18107018481663970584
ITIncident:130557,2,13993642168294553158
ITIncident:130561,2,8144388347218376610
ITIncident:130567,2,13430409993026401570
ITIncident:130570,2,6680034160740047843
ITIncident:130573,2,13671702094733656956
ITIncident:130576,2,13671702094733656956
ITIncident:130579,2,7905480602934059517
ITIncident:130584,2,8443867616926176991
ITIncident:130589,2,9538988860998703896
ITIncident:130592,1,9811358865465949254
ITIncident:130594,2,5408694821547344994
ITIncident:130598,2,15857526668220509831
ITIncident:130608,2,17512170238680734637
ITIncident:130614,2,9462335418920744660
ITIncident:130627,0,10027866446454329662
ITIncident:130630,2,3131919117303541531
ITIncident:130634,2,12403324344530358612
ITIncident:130637,2,1762588527951697538
ITIncident:130645,2,12116625529687614747
ITIncident:130651,2,10497997174217343149
ITIncident:130655,2,4026664395675299165
ITIncident:130660,2,63457780282759535
ITIncident:130670,2,5250246520472378932
ITIncident:130674,2,5413443713313447883
ITIncident:130689,2,12328617279181711375
ITIncident:130694,2,2190591376185468284
ITIncident:130697,2,5517206189701029789
ITIncident:130712,2,14081910209540956025
ITIncident:130717,2,14480437413015822603
ITIncident:130720,2,17166726410128019262
ITIncident:130726,2,4330933502433055558
ITIncident:130729,2,2356181819777856285
ITIncident:130732,2,4548492441228165260
ITIncident:130747,2,6007171559259586954
ITIncident:130752,2,8196256341236419357
ITIncident:130755,2,10738555370427980816
ITIncident:130761,2,613609859350182401
ITIncident:130766,2,10661855452825459319
ITIncident:130771,2,17467886727981842807
ITIncident:130776,2,2864331014919547473
ITIncident:130779,2,6068693207497200352
ITIncident:130782,2,13959097707166765784
ITIncident:130789,2,18273884309044743952
ITIncident:130795,2,17492405598387262800
ITIncident:130799,2,421679701633615330
ITIncident:130802,2,2858164777826041715
ITIncident:130805,2,14680969947636597948
ITIncident:130808,2,2356181819777856285
ITIncident:130813,2,11520808316823492914
ITIncident:130817,2,4165779126102693497
ITIncident:130820,2,8485099658957835457
ITIncident:130823,2,4825612855767557374
ITIncident:130833,2,12428372006306778487
ITIncident:130840,2,7333473553285063731
ITIncident:130845,2,8923988328845342336
ITIncident:130858,2,3111390829299646813
ITIncident:130863,2,94917221015688753
ITIncident:130867,2,9797854002384365914
ITIncident:130876,2,1244007566954051222
ITIncident:130879,2,15738967823535717785
ITIncident:130885,0,3363611806700366525
ITIncident:130889,2,10726074832073671660
ITIncident:130892,1,10790560368693134722
ITIncident:130895,2,5651313983145445138
ITIncident:130900,2,11303115683778608588
ITIncident:130908,2,16473946170980860011
ITIncident:130911,2,10733355519146972160
ITIncident:130915,2,4998415288745353765
ITIncident:130918,2,3685604037501696338
ITIncident:130920,2,5408694821547344994
ITIncident:130926,2,1290041125249092244
ITIncident:130935,2,14094131453793136111
ITIncident:130941,2,12820732265344561337
ITIncident:130945,2,6064698477826060548
ITIncident:130947,2,7403105169507636163
ITIncident:130950,2,4860166638098482328
ITIncident:130958,2,1321094159135930927
ITIncident:130961,2,3857804143542427981
ITIncident:130964,2,5637206513346156998
ITIncident:130967,2,16095716458525359971
ITIncident:130972,2,16280027531488001059
ITIncident:130982,2,9205246680001131783
ITIncident:130992,2,15000169270385139289
ITIncident:130995,2,1762588527951697538
ITIncident:131002,2,11346971368723915306
ITIncident:131012,2,3703068326952225506
ITIncident:131015,2,8884262092494899611
ITIncident:131022,2,16776997591384043911
ITIncident:131025,2,1762588527951697538
ITIncident:131028,2,13907320440570291453
ITIncident:131035,2,17808630645387269797
ITIncident:131041,2,11724761157282933067
ITIncident:131044,2,10790560368693134722
ITIncident:131047,2,8884262092494899611
ITIncident:131057,2,17475122725961737610
ITIncident:131061,2,15953683947044734627
ITIncident:131064,2,4948565937945971902
ITIncident:131070,2,6482645634593078624
ITIncident:131073,2,8095578245868521169
ITIncident:131086,2,18400506230312119260
ITIncident:131089,2,17362897850687238775
ITIncident:131098,2,17962996785023126514
ITIncident:131110,2,9083206528533181282
ITIncident:131113,2,6612227417815472095
ITIncident:131122,2,5761429578160399014
ITIncident:131126,2,16409402124039360568
ITIncident:131129,2,16479043657205106744
ITIncident:131134,2,10918716406445214184
ITIncident:131138,2,16735246531066860200
ITIncident:131145,2,8329965891438309849
ITIncident:131151,2,3964581381503571823
ITIncident:131158,2,12621698094943997275
ITIncident:131161,2,9650746492707596217
ITIncident:131168,2,6162432555589905306
ITIncident:131171,2,12633799970552907055
ITIncident:131178,2,1305051075671169913
ITIncident:131182,2,2334153324479155217
ITIncident:131185,2,16368648713697560603
ITIncident:131188,2,18107018481663970584
ITIncident:131194,1,11798700211386689276
ITIncident:131197,2,15740620611146833109
ITIncident:131201,2,1373389458076782393
ITIncident:131207,2,6394248647223510515
ITIncident:131218,2,13352730620802744473
ITIncident:131221,2,3115211275706257799
ITIncident:131224,2,15351972738071919078
ITIncident:131230,2,15972847820666758096
ITIncident:131233,2,13793519998764738858
ITIncident:131239,2,4696343043063567070
ITIncident:131243,2,7764214386395421892
ITIncident:131250,2,224870143514692807
ITIncident:131254,2,16849421382993352940
ITIncident:131257,2,12121450906376583073
ITIncident:131260,2,14818660267643010709
ITIncident:131263,2,7987352301817374033
ITIncident:131268,2,14433339142243099588
ITIncident:131271,2,1351166825968122163
ITIncident:131285,2,9025616981703235546
ITIncident:131287,2,16958890304583263393
ITIncident:131290,2,6680034160740047843
ITIncident:131296,2,9210590895649127493
ITIncident:131302,2,3959424018075015868
ITIncident:131306,2,345581787886786423
ITIncident:131311,2,11596189207956743705
ITIncident:131320,2,12229291320243776668
ITIncident:131326,2,3520377938882003376
ITIncident:131329,2,10037774482804896472
ITIncident:131332,2,6281764522156040956
ITIncident:131336,2,3850495050273327655
ITIncident:131352,2,4524822259354667444
ITIncident:131355,2,7905480602934059517
ITIncident:131358,1,8454285023148334203
ITIncident:131361,2,13648118712173299818
ITIncident:131372,2,9272739545146439430
ITIncident:131381,2,5104447378667014166
ITIncident:131388,2,10603197960388295028
ITIncident:131392,2,8090063296287923294
ITIncident:131396,2,7075251723037693190
ITIncident:131399,2,15738967823535717785
ITIncident:131406,2,6279992432127938938
ITIncident:131413,2,7103602397030807672
ITIncident:131418,0,2084285792203249379
ITIncident:131422,2,10386667377386107938
ITIncident:131432,2,3766933252988522788
ITIncident:131445,2,7584832425917672780
ITIncident:131449,2,9797854002384365914
ITIncident:131454,2,2014574529447388503
ITIncident:131457,2,7905480602934059517
ITIncident:131464,2,14144270054387909063
ITIncident:131470,2,16216017280873485983
ITIncident:131474,2,18117812263516495178
ITIncident:131479,2,3487342783652155116
ITIncident:131486,2,5130677811187777773
ITIncident:131497,2,9410319456508737207
ITIncident:131500,2,7905480602934059517
ITIncident:131503,2,12539538978425360888
ITIncident:131510,2,4092493600506129079
ITIncident:131513,2,17045635975568820297
ITIncident:131520,2,16292018767253288629
ITIncident:131523,2,17923149777136964216
ITIncident:131526,2,5651313983145445138
ITIncident:131532,2,10329532976790416436
ITIncident:131539,2,13433038970064560352
ITIncident:131542,2,7905480602934059517
ITIncident:131545,2,4970790503287525771
ITIncident:131548,2,4851422335490409236
ITIncident:131555,2,13136607835574773298
ITIncident:131558,2,9613261176861954492
ITIncident:131564,2,3174646241677818864
ITIncident:131573,2,11668633643202575982
ITIncident:131577,2,10280195470554666754
ITIncident:131580,2,5288588347598957841
ITIncident:131584,2,8824214662873768388
ITIncident:131587,2,17971478489420363471
ITIncident:131593,2,13716718152447962026
ITIncident:131596,2,8412505904353268348
ITIncident:131599,2,16479043657205106744
ITIncident:131603,2,12644895724002751874
ITIncident:131609,2,16185423501946251967
ITIncident:131612,2,4825612855767557374
ITIncident:131615,2,1818354946605286282
ITIncident:131618,2,15738967823535717785
ITIncident:131629,2,12995138815143438858
ITIncident:131635,0,8953702874822961734
ITIncident:131638,2,4825612855767557374
ITIncident:131643,2,11004652899595060775
ITIncident:131646,2,4170799387676964688
ITIncident:131648,2,9696029208831248120
ITIncident:131653,2,14326085469132471018
ITIncident:131657,2,326094551514189695
ITIncident:131661,2,13766282399921083453
ITIncident:131666,2,7617237270825576649
ITIncident:131673,2,15008543616204578822
ITIncident:131682,2,2372404484521848342
ITIncident:131687,2,2197367905907293209
ITIncident:131691,2,18117812263516495178
ITIncident:131694,2,9650746492707596217
ITIncident:131697,2,6680034160740047843
ITIncident:131702,2,4171243989107768805
ITIncident:131707,2,15659271737278970974
ITIncident:131710,2,16843197287944724050
ITIncident:131717,2,13507951322936634150
ITIncident:131720,2,13419811502490216367
ITIncident:131729,2,10407669657532856404
ITIncident:131732,2,13793519998764738858
ITIncident:131739,2,9603824040141477991
ITIncident:131743,2,12163857881997286334
ITIncident:131746,2,1391816598293042819
ITIncident:131749,2,3055248448947703746
ITIncident:131757,2,13337869077235005335
ITIncident:131771,2,14815138668999490590
ITIncident:131777,2,13252370727901593431
ITIncident:131780,2,13793519998764738858
ITIncident:131786,2,6514788610487548181
ITIncident:131791,2,4270974939584438634
ITIncident:131796,2,3850495050273327655
ITIncident:131799,2,3685604037501696338
ITIncident:131807,2,10053916496952122043
ITIncident:131815,2,4628347301954256794
ITIncident:131818,2,2613007622536025887
ITIncident:131823,2,9230472949852504495
ITIncident:131827,2,11220514963867708693
ITIncident:131838,2,3981913254947327031
ITIncident:131847,2,6728438358546236290
ITIncident:131872,2,6615558940430723086
ITIncident:131878,2,11454354751645658860
ITIncident:131883,2,14687553393804667623
ITIncident:131886,2,5667313476721245769
ITIncident:131889,2,1818354946605286282
ITIncident:131892,2,12111186344008580855
ITIncident:131895,2,7905480602934059517
ITIncident:131898,2,9249293981459253177
ITIncident:131901,2,12213063131929983445
ITIncident:131904,2,5424838402845465494
ITIncident:131907,2,13793519998764738858
ITIncident:131911,2,2709757731775230250
ITIncident:131916,2,16182863193533942768
ITIncident:131919,2,4648093843556259410
ITIncident:131929,2,8346133252314802208
ITIncident:131935,2,7029944635576722421
ITIncident:131939,2,6809123697055718274
ITIncident:131943,2,818831147119926450
ITIncident:131946,2,16939438270069466527
ITIncident:131955,2,11119757303143158605
ITIncident:131959,2,818831147119926450
ITIncident:131966,2,5978563313616185299
ITIncident:131971,2,4556194239629468311
ITIncident:131976,2,6170202670985369223
ITIncident:131982,2,9602197727414769526
ITIncident:131985,2,7570050997382033842
ITIncident:131988,2,6680034160740047843
ITIncident:131992,2,301794516347601584
ITIncident:131999,2,8357322904802989807
ITIncident:132006,2,8356023957381558612
ITIncident:132010,2,9308320532217975942
ITIncident:132014,2,295180933625647028
ITIncident:132018,2,16606379847498536604
ITIncident:132025,2,11875343060612205893
ITIncident:132029,2,11714381336628404480
ITIncident:132042,1,17364875066882289452
ITIncident:132045,2,13793519998764738858
ITIncident:132053,2,15513335962422090949
ITIncident:132056,2,17009910223604022382
ITIncident:132062,2,137633282895293389
ITIncident:132066,2,13041438949613153972
ITIncident:132069,1,1818354946605286282
ITIncident:132077,2,6260300152612674911
ITIncident:132080,2,3742945607923053449
ITIncident:132088,2,15734102095026199938
ITIncident:132091,2,16368648713697560603
ITIncident:132094,2,10790560368693134722
ITIncident:132099,2,8938552022893756269
ITIncident:132106,2,10053916496952122043
ITIncident:132115,2,4526172807761765940
ITIncident:132120,1,17699085686648542120
ITIncident:132123,2,14133977875106952219
ITIncident:132134,2,10261211359678480565
ITIncident:132137,2,5236102999490034585
ITIncident:132140,2,7987352301817374033
ITIncident:132145,2,6619526229565524824
ITIncident:132148,2,18310603342461320124
ITIncident:132152,2,7994095326268755608
ITIncident:132155,2,13671702094733656956
ITIncident:132162,2,8841031470169401059
ITIncident:132167,1,14433932199960456829
ITIncident:132174,2,5609711679022355314
ITIncident:132176,2,10185543316234494001
ITIncident:132179,2,12539538978425360888
ITIncident:132183,2,16612307425937128173
ITIncident:132185,2,13381772329686612318
ITIncident:132190,2,13272996724335018818
ITIncident:132194,2,9751988101372402298
ITIncident:132198,2,9751988101372402298
ITIncident:132202,2,9751988101372402298
ITIncident:132205,2,2802323676490830801
ITIncident:132207,2,5815271170955777638
ITIncident:132212,2,8365757968291152330
ITIncident:132216,2,16801081454882173806
ITIncident:132221,2,8365757968291152330
ITIncident:132226,2,8365757968291152330
ITIncident:132229,2,4825612855767557374
ITIncident:132231,2,5408694821547344994
ITIncident:132236,0,15549257139836417567
ITIncident:132238,2,10538990098194470142
ITIncident:132242,2,1322714643821004440
ITIncident:132245,2,17608707029416244454
ITIncident:132270,2,3138268751760525522
ITIncident:132279,2,14816109810116762597
ITIncident:132291,2,15456234592388472771
ITIncident:132293,2,15454268130842145169
ITIncident:132296,2,6680034160740047843
ITIncident:132302,2,8967641531702934288
ITIncident:132308,2,17651451372188889083
ITIncident:132316,2,5613660135666640832
ITIncident:132329,2,17995613080244270878
ITIncident:132331,2,4662393825693057698
ITIncident:132335,2,2800352227736392204
ITIncident:132342,2,10611606157346994299
ITIncident:132346,2,5593921705915323964
ITIncident:132357,2,11726528149535049283
ITIncident:132365,2,16617212613478697136
ITIncident:132374,2,9072812468219138212
ITIncident:132383,2,196264545020139387
ITIncident:132398,2,5113945401897995678
ITIncident:132404,2,11961073249377857328
ITIncident:132408,2,1370251958143602129
ITIncident:132417,2,6637158826922693628
ITIncident:132421,0,16735001705197551148
ITIncident:132424,2,14106751470878410639
ITIncident:132428,2,11335335691051293074
ITIncident:132437,2,16109498771082853994
ITIncident:132440,2,4948565937945971902
ITIncident:132452,2,5437988080830111997
ITIncident:132458,2,12017997018578816421
ITIncident:132466,0,16774921791297411192
ITIncident:132469,1,18107018481663970584
ITIncident:132472,1,7905480602934059517
ITIncident:132477,2,17565055159795153452
ITIncident:132481,2,13439416149629754590
ITIncident:132488,2,16783672410545180752
ITIncident:132494,2,4057547349042624941
ITIncident:132497,2,7905480602934059517
ITIncident:132500,2,7905480602934059517
ITIncident:132507,2,6590511932505108242
ITIncident:132511,2,13418899826112059796
ITIncident:132519,2,7232967865434573247
ITIncident:132522,2,8537051189928516044
ITIncident:132529,2,1735585832687832865
ITIncident:132531,2,16283482411112042439
ITIncident:132569,2,2556613668756132100
ITIncident:132573,2,12505985157643412045
ITIncident:132576,2,3804518530390334224
ITIncident:132579,2,16690308185875919070
ITIncident:132582,2,715318864010695106
ITIncident:132585,1,6680034160740047843
ITIncident:132588,2,16770116956290284445
ITIncident:132590,2,3582881113766432677
ITIncident:132597,2,6686361465649815890
ITIncident:132600,2,6499173929614304061
ITIncident:132603,2,4782898608022058204
ITIncident:132610,2,11526121810486602392
ITIncident:132617,2,7564507892728271151
ITIncident:132621,2,11235741732534411085
ITIncident:132626,2,12123387586901011635
ITIncident:132632,2,8784827567281960715
ITIncident:132637,2,8858456061745519208
ITIncident:132647,2,6733851613533224771
ITIncident:132656,2,4962134914228582092
ITIncident:132659,2,4825612855767557374
ITIncident:132662,2,3804518530390334224
ITIncident:132666,2,3493357971128516314
ITIncident:132670,2,8824214662873768388
ITIncident:132673,2,16770116956290284445
ITIncident:132677,1,7923119473346872350
ITIncident:132680,2,12111186344008580855
ITIncident:132683,2,17813028259618158589
ITIncident:132686,2,2356181819777856285
ITIncident:132689,2,4970790503287525771
ITIncident:132692,2,13907320440570291453
ITIncident:132703,2,6080908160931555084
ITIncident:132707,2,15953683947044734627
ITIncident:132712,2,17008467674363099264
ITIncident:132715,2,15738967823535717785
ITIncident:132721,2,8454069188104035393
ITIncident:132724,2,13566377809616694959
ITIncident:132730,2,16259582293085984096
ITIncident:132733,2,18107018481663970584
ITIncident:132738,2,5711263736907753330
ITIncident:132741,2,2356181819777856285
ITIncident:132746,2,11598663926466612575
ITIncident:132749,2,6451488489822793102
ITIncident:132756,2,14283732539964663057
ITIncident:132760,2,17847219295866014722
ITIncident:132764,2,10761206410254897339
ITIncident:132768,2,818831147119926450
ITIncident:132771,2,12723326438087714829
ITIncident:132795,2,3277744426155340982
ITIncident:132798,2,11841433206240892156
ITIncident:132805,2,16446581879096528247
ITIncident:132809,2,12757112295853139741
ITIncident:132821,2,13891383836701758292
ITIncident:132824,2,11336942166510698347
ITIncident:132827,2,4745832149200876504
ITIncident:132837,2,8933994564907706432
ITIncident:132841,2,17042169624491143875
ITIncident:132857,1,7757819814870064911
ITIncident:132860,2,5977567938262800317
ITIncident:132872,2,7961154815334220916
ITIncident:132875,2,5651313983145445138
ITIncident:132881,2,5513887406338000960
ITIncident:132887,2,10629231619708763647
ITIncident:132895,2,10184641603374809478
ITIncident:132898,2,8111926516835181179
ITIncident:132901,2,13671702094733656956
ITIncident:132904,2,5424838402845465494
ITIncident:132907,2,11688548058866836390
ITIncident:132910,2,8111926516835181179
ITIncident:132915,2,6676452146968979380
ITIncident:132919,2,18075725933803700937
ITIncident:132922,2,13907320440570291453
ITIncident:132931,2,1085693032169816177
ITIncident:132934,2,8111926516835181179
ITIncident:132937,2,8884262092494899611
ITIncident:132954,2,8691560446767460985
ITIncident:132957,2,6680034160740047843
ITIncident:132960,2,6106380634484944358
ITIncident:132969,2,5664170287033299972
ITIncident:132977,2,17696973564703955813
ITIncident:132980,2,9249293981459253177
ITIncident:132986,2,2889036920148663178
ITIncident:132990,2,14987702106818394745
ITIncident:133000,2,1930659173649982043
ITIncident:133004,2,14172764022138715286
ITIncident:133010,2,15218551502867160923
ITIncident:133013,2,2238776607704769798
ITIncident:133016,2,16609947496062565597
ITIncident:133019,1,4433506888135093228
ITIncident:133024,2,15745275505980524331
ITIncident:133029,2,11834812840208541390
ITIncident:133042,2,3964640868974706316
ITIncident:133048,2,13730589038460290100
ITIncident:133052,2,301794516347601584
ITIncident:133055,2,715318864010695106
ITIncident:133062,2,4243121781489654834
ITIncident:133068,2,10366420946486788723
ITIncident:133073,2,17306685930897940988
ITIncident:133075,2,3456536075922485858
ITIncident:133081,2,12799397624850556907
ITIncident:133105,2,15826864424246111207
ITIncident:133113,2,8402473934445047907
ITIncident:133120,2,11309957129511331243
ITIncident:133124,2,421679701633615330
ITIncident:133129,2,2218025407176787011
ITIncident:133133,2,326094551514189695
ITIncident:133136,2,4073813966563346413
ITIncident:133142,2,1011801122438307520
ITIncident:133145,2,375411774364596491
ITIncident:133166,2,10197474212261867271
ITIncident:133170,2,18075725933803700937
ITIncident:133175,1,14804502237782462739
ITIncident:133179,2,6451763217160916557
ITIncident:133188,2,12268585255296637531
ITIncident:133192,2,9813032170697914694
ITIncident:133210,2,3578016500620030334
ITIncident:133213,2,6680034160740047843
ITIncident:133216,2,6451488489822793102
ITIncident:133218,2,15524686662334241533
ITIncident:133221,2,15777731366497412576
ITIncident:133228,2,4774702082176085235
ITIncident:133233,2,10234159821023253165
ITIncident:133236,2,8485099658957835457
ITIncident:133238,2,16283482411112042439
ITIncident:133241,2,17021656955853456256
ITIncident:133245,2,10490036108862197579
ITIncident:133250,2,2091426373529686090
ITIncident:133253,2,13793519998764738858
ITIncident:133260,2,1471343584215599673
ITIncident:133264,2,18075725933803700937
ITIncident:133266,2,2946504466475596951
ITIncident:133272,2,11800405196386150303
ITIncident:133278,2,12486538287516192883
ITIncident:133280,2,3748184606169149258
ITIncident:133286,2,3926294604020039068
ITIncident:133289,2,12750753737349537572
ITIncident:133302,2,10669497041057728616
ITIncident:133314,2,8058866611377159521
ITIncident:133318,2,16690308185875919070
ITIncident:133322,2,9857209000141194413
ITIncident:133327,2,7749071721152186543
ITIncident:133331,2,15664235904921181725
ITIncident:133334,2,2574593321305621172
ITIncident:133337,2,12913564935348781711
ITIncident:133340,2,8334607966785963524
ITIncident:133344,2,9209272897014261307
ITIncident:133351,2,16383163651637919042
ITIncident:133355,2,11755840565021587868
ITIncident:133368,1,13743669285091290844
ITIncident:133372,2,1438013745878625944
ITIncident:133376,0,9780585615660230842
ITIncident:133381,2,8708659968029958478
ITIncident:133390,2,16124282787552417463
ITIncident:133394,2,12382456638590406695
ITIncident:133401,2,17266764507875731973
ITIncident:133405,2,9373894371292191208
ITIncident:133408,1,16479043657205106744
ITIncident:133416,2,16755516936288406850
ITIncident:133427,2,5801319148339779957
ITIncident:133432,2,11454733074480037276
ITIncident:133437,2,15027546369142089945
ITIncident:133445,2,13865015094560719193
ITIncident:133448,2,12750753737349537572
ITIncident:133452,2,596685956678703559
ITIncident:133455,2,10637772856798959158
ITIncident:133460,2,13948419190803160435
ITIncident:133469,2,6707819395632285858
ITIncident:133472,2,16456718225175257613
ITIncident:133478,2,11767241246134720312
ITIncident:133497,2,956043635468794576
ITIncident:133504,2,2813737723887258378
ITIncident:133509,0,3736079897693477762
ITIncident:133513,2,8978490057166625748
ITIncident:133517,2,15723450701750631351
ITIncident:133525,2,14785688716498226732
ITIncident:133542,2,14529893051977646187
ITIncident:133554,2,11051400417204472914
ITIncident:133568,2,13006449366791661357
ITIncident:133572,2,2796681850147963724
ITIncident:133579,2,15452007180611252076
ITIncident:133583,2,9075203519436117051
ITIncident:133587,2,9075203519436117051
ITIncident:133598,2,17984803679171593576
ITIncident:133605,2,10078203575391553975
ITIncident:133611,2,7771881320451988126
ITIncident:133615,2,79268282420699132
ITIncident:133619,2,17306685930897940988
ITIncident:133625,2,14017129620044503858
ITIncident:133628,2,6680034160740047843
ITIncident:133633,2,2912045195876737206
ITIncident:133636,2,7905480602934059517
ITIncident:133640,2,3454470182207662794
ITIncident:133643,2,12111186344008580855
ITIncident:133647,2,17413103802358532407
ITIncident:133651,2,17606764858545832941
ITIncident:133665,2,2131081843665011331
ITIncident:133671,2,10874309229889606363
ITIncident:133678,1,6196563926312616776
ITIncident:133683,2,12455971391129967497
ITIncident:133686,2,2490302656125859841
ITIncident:133694,2,628047906191531515
ITIncident:133703,2,14259229124365785724
ITIncident:133706,2,18049404389615743352
ITIncident:133709,2,10523452693975633839
ITIncident:133713,2,12644895724002751874
ITIncident:133718,2,6454045545395473390
ITIncident:133722,2,4654032352090879418
ITIncident:133727,2,6454045545395473390
ITIncident:133733,2,863318595516279616
ITIncident:133735,2,14201644696006518416
ITIncident:133740,2,7248372801642914771
ITIncident:133745,2,10045521608999613891
ITIncident:133748,2,13346706199773069683
ITIncident:133751,2,12111186344008580855
ITIncident:133757,2,9711347458248184609
ITIncident:133759,2,3238570935802038189
ITIncident:133763,2,17749215712226586005
ITIncident:133768,0,15999565800462082719
ITIncident:133771,2,1810427643524995658
ITIncident:133775,2,7489521975769109920
ITIncident:133778,2,13921569370616702658
ITIncident:133780,2,695776321291291868
ITIncident:133784,2,9868588531455309109
ITIncident:133787,2,8095578245868521169
ITIncident:133790,2,8095578245868521169
ITIncident:133793,2,3742945607923053449
ITIncident:133795,2,9648623893030521729
ITIncident:133798,2,11868916607480174915
ITIncident:133801,2,12111186344008580855
ITIncident:133804,2,664954489002117982
ITIncident:133806,2,3582881113766432677
ITIncident:133809,2,9211073219976663513
ITIncident:133817,2,3548312784655289531
ITIncident:133820,2,14725298191928927537
ITIncident:133828,2,11585022051179732384
ITIncident:133835,2,9629059882828900219
ITIncident:133838,2,999374838437094287
ITIncident:133841,2,12847637602087586750
ITIncident:133844,2,6325782128206346200
ITIncident:133848,2,18117812263516495178
ITIncident:133852,2,11736811556474757168
ITIncident:133855,2,7905480602934059517
ITIncident:133858,2,3953136569964579634
ITIncident:133861,2,18094616063087328053
ITIncident:133865,2,13003888781435704320
ITIncident:133871,2,2025014101466616166
ITIncident:133888,2,16740555045920496257
ITIncident:133891,2,10790560368693134722
ITIncident:133896,2,998383004330753997
ITIncident:133907,0,1421908324517947000
ITIncident:133911,2,2591945292660771934
ITIncident:133915,2,2591945292660771934
ITIncident:133918,2,7905480602934059517
ITIncident:133928,2,4484434209964407741
ITIncident:133931,2,7905480602934059517
ITIncident:133947,2,12155404174700888702
ITIncident:133957,2,12954288059064332666
ITIncident:133960,2,17923149777136964216
ITIncident:133966,2,7649167925380170584
ITIncident:133969,2,13671702094733656956
ITIncident:133975,2,4187529790854319634
ITIncident:133977,2,3582881113766432677
ITIncident:133980,2,18310603342461320124
ITIncident:133983,2,13793519998764738858
ITIncident:133986,2,13907320440570291453
ITIncident:133993,2,11559790798030519999
ITIncident:133997,1,13097485038592073305
ITIncident:134000,2,5236102999490034585
ITIncident:134007,2,16070265491803570389
ITIncident:134011,2,5213533581744672752
ITIncident:134019,0,7771881320451988126
ITIncident:134022,2,475388442483483031
ITIncident:134025,2,9583086359917499962
ITIncident:134028,1,3055248448947703746
ITIncident:134031,2,13671702094733656956
ITIncident:134034,2,6680034160740047843
ITIncident:134037,2,7905480602934059517
ITIncident:134042,2,1837007573116661432
ITIncident:134045,2,1613891909353987649
ITIncident:134051,2,7679982102374886023
ITIncident:134055,2,4684115545167532752
ITIncident:134058,1,15740620611146833109
ITIncident:134063,2,7721648872706591349
ITIncident:134070,2,13232323225179906717
ITIncident:134075,0,2602844540974106908
ITIncident:134080,2,10174431155694649632
ITIncident:134084,1,11495711391599572311
ITIncident:134089,2,14371443437462198738
ITIncident:134094,2,10918716406445214184
ITIncident:134097,2,13671702094733656956
ITIncident:134102,2,3556761974901026865
ITIncident:134105,2,15740620611146833109
ITIncident:134110,2,13466795808883537120
ITIncident:134115,2,17199627142967943944
ITIncident:134122,2,11315561344247623236
ITIncident:134125,2,6451488489822793102
ITIncident:134128,2,13671702094733656956
ITIncident:134131,2,15740620611146833109
ITIncident:134135,2,15953683947044734627
ITIncident:134139,2,10155599676665228703
ITIncident:134146,2,14348012522582340457
ITIncident:134149,1,2113718247392916067
ITIncident:134155,2,15965117043356592874
ITIncident:134159,2,2656065159504890122
ITIncident:134162,2,6533342036974924972
ITIncident:134166,2,813789804035808666
ITIncident:134171,2,5018696275917051489
ITIncident:134174,1,2113718247392916067
ITIncident:134182,2,10698993839550809574
ITIncident:134189,2,6496398639478881002
ITIncident:134193,2,16690308185875919070
ITIncident:134195,2,11839199353290368056
ITIncident:134199,2,6672274538978532343
ITIncident:134205,2,17133359214666308249
ITIncident:134213,2,5926976204337028411
ITIncident:134216,1,15882190203386021231
ITIncident:134226,2,15724254711655597091
ITIncident:134231,2,11097309296743322050
ITIncident:134234,2,9249293981459253177
ITIncident:134236,2,12764706177992059080
ITIncident:134242,1,18075603460291183784
ITIncident:134248,2,8389579548407132989
ITIncident:134251,2,13793519998764738858
ITIncident:134254,2,18107018481663970584
ITIncident:134259,2,8124820842270270435
ITIncident:134265,2,5532281634058723306
ITIncident:134272,2,2207833314397604968
ITIncident:134275,2,13671702094733656956
ITIncident:134278,2,6680034160740047843
ITIncident:134283,2,11336464888189203535
ITIncident:134286,2,5424838402845465494
ITIncident:134289,2,15740620611146833109
ITIncident:134299,2,7035912578935384520
ITIncident:134303,2,6654139773918249321
ITIncident:134308,2,2499596772996421772
ITIncident:134311,2,530711110409190105
ITIncident:134314,2,17894038244196264426
ITIncident:134321,2,12862802008708924196
ITIncident:134324,2,2117138591581592955
ITIncident:134332,2,2800196660293444156
ITIncident:134339,2,13705006533470331889
ITIncident:134342,2,12111186344008580855
ITIncident:134345,1,13907320440570291453
ITIncident:134349,2,8081396502760715443
ITIncident:134352,1,13907320440570291453
ITIncident:134371,2,15346826190767642926
ITIncident:134376,2,4594893764270083786
ITIncident:134381,2,5060066870111869041
ITIncident:134389,0,11665728943418854411
ITIncident:134396,2,946169385541564664
ITIncident:134399,2,12111186344008580855
ITIncident:134402,2,17923149777136964216
ITIncident:134409,2,11457139097796493475
ITIncident:134417,2,17778157529194455768
ITIncident:134420,2,12111186344008580855
ITIncident:134423,2,17391808767089324277
ITIncident:134426,2,9211073219976663513
ITIncident:134430,2,13064054066478072973
ITIncident:134433,2,1818354946605286282
ITIncident:134438,2,19096877615974681
ITIncident:134443,2,8129932748381126328
ITIncident:134461,2,1348571464562816044
ITIncident:134463,2,723790095475599930
ITIncident:134466,2,1634128744250102478
ITIncident:134473,2,2475687286836557390
ITIncident:134479,2,18075603460291183784
ITIncident:134483,2,2796681850147963724
ITIncident:134491,2,8291570033749402265
ITIncident:134494,1,17045635975568820297
ITIncident:134501,2,17399275720322460186
ITIncident:134504,2,2534777266304290698
ITIncident:134509,2,527013904713846040
ITIncident:134517,2,5791248316881491398
ITIncident:134520,1,9249293981459253177
ITIncident:134530,2,9981803668871731246
ITIncident:134540,0,14816109810116762597
ITIncident:134543,2,36446687807634599
ITIncident:134546,1,9802841364677536934
ITIncident:134549,2,18107018481663970584
ITIncident:134556,2,15695997450123490205
ITIncident:134559,2,14638506984632233348
ITIncident:134563,2,1660172540957537519
ITIncident:134568,2,4437829131184050654
ITIncident:134572,2,3434835623965082847
ITIncident:134574,2,1235080919927029682
ITIncident:134577,2,9249293981459253177
ITIncident:134588,0,15687837149975522973
ITIncident:134591,1,13671702094733656956
ITIncident:134600,2,15471243651538323669
ITIncident:134603,2,13793519998764738858
ITIncident:134608,2,5121808093442311914
ITIncident:134611,2,4180592024749203285
ITIncident:134617,2,5986880809315195500
ITIncident:134622,2,13337524378055167488
ITIncident:134625,2,14638506984632233348
ITIncident:134630,0,5614064675179160633
ITIncident:134633,2,9249293981459253177
ITIncident:134654,2,17701032738870597162
ITIncident:134660,2,11090175133292708820
ITIncident:134666,2,6170678108428862395
ITIncident:134669,2,13628918065648603038
ITIncident:134685,2,7389021371106334782
ITIncident:134693,2,3239425705064551657
ITIncident:134696,2,13671702094733656956
ITIncident:134709,2,13664937770091374051
ITIncident:134714,2,7440885363096851332
ITIncident:134722,2,9282585484518514520
ITIncident:134729,2,10362959917230860493
ITIncident:134733,2,1935996701053475380
ITIncident:134736,2,13671702094733656956
ITIncident:134739,2,6680034160740047843
ITIncident:134744,2,817094723057191980
ITIncident:134749,2,11707040959204378637
ITIncident:134752,2,7905480602934059517
ITIncident:134756,2,394617596212572791
ITIncident:134759,2,13671702094733656956
ITIncident:134762,1,9249293981459253177
ITIncident:134765,2,1848519252850336578
ITIncident:134769,2,5114370364415396214
ITIncident:134776,2,8967641531702934288
ITIncident:134781,0,17602172196398147304
ITIncident:134784,2,8150865129516160658
ITIncident:134793,2,5247923264719696716
ITIncident:134796,2,2780403379613466778
ITIncident:134801,2,10138131780525373393
ITIncident:134804,2,18107018481663970584
ITIncident:134807,2,8095578245868521169
ITIncident:134810,2,3725694873416831845
ITIncident:134815,2,14746098197927406853
ITIncident:134818,2,2802323676490830801
ITIncident:134821,2,7905480602934059517
ITIncident:134824,2,12018567855880088393
ITIncident:134838,2,10497914310128624021
ITIncident:134841,2,16161109675341375089
ITIncident:134844,2,16479043657205106744
ITIncident:134852,2,18005925993306626754
ITIncident:134858,2,3716831704139226244
ITIncident:134861,2,5638443034324502192
ITIncident:134864,2,4970790503287525771
ITIncident:134868,2,2130571412945133898
ITIncident:134873,2,2580014526131366924
ITIncident:134876,2,2941048360625129140
ITIncident:134882,2,12766436336622630966
ITIncident:134887,2,10233317455380459597
ITIncident:134890,2,2113718247392916067
ITIncident:134896,0,7384129931643379127
ITIncident:134902,1,17350943361240482587
ITIncident:134906,1,15700045172309532859
ITIncident:134909,2,1818354946605286282
ITIncident:134912,2,5651313983145445138
ITIncident:134915,0,6473693712091668806
ITIncident:134919,2,5438408582321313813
ITIncident:134923,2,11555356723767677749
ITIncident:134930,2,14184183441506803481
ITIncident:134938,2,9587386537976480150
ITIncident:134941,2,1409066563058043593
ITIncident:134954,2,1553929742200660146
ITIncident:134963,2,4053361628138903377
ITIncident:134966,2,12111186344008580855
ITIncident:134969,2,17045635975568820297
ITIncident:134974,2,6454045545395473390
ITIncident:134994,2,5683135712358326193
ITIncident:134997,2,13793519998764738858
ITIncident:135000,2,7166624044503043130
ITIncident:135010,2,16087789775393577425
ITIncident:135014,2,15953683947044734627
ITIncident:135018,2,298345198314436849
ITIncident:135020,2,5408694821547344994
ITIncident:135027,2,545826589259221458
ITIncident:135030,2,5600755221498355274
ITIncident:135035,2,2479206775362257654
ITIncident:135038,2,7905480602934059517
ITIncident:135045,2,18232298451567968310
ITIncident:135054,0,8644486574809952400
ITIncident:135057,2,180806663613916093
ITIncident:135065,2,2687134517022154985
ITIncident:135068,2,11408814231637773236
ITIncident:135071,2,1396213510530255009
ITIncident:135081,2,17953047587297260286
ITIncident:135088,2,6196713122832918268
ITIncident:135091,2,13907320440570291453
ITIncident:135099,2,405212422811934657
ITIncident:135102,2,13481860345232976398
ITIncident:135109,2,10852094975697454227
ITIncident:135115,2,14904667549403214776
ITIncident:135126,2,11275483430743027940
ITIncident:135144,2,17505158570259300707
ITIncident:135148,2,13609440404668315939
ITIncident:135153,2,12641903066876830097
ITIncident:135156,1,1865744484290533161
ITIncident:135163,2,10339771805143249302
ITIncident:135172,2,6162772683155417490
ITIncident:135175,2,6992182496773777541
ITIncident:135181,2,14753161172807235237
ITIncident:135184,2,1818354946605286282
ITIncident:135195,2,7573119565454577105
ITIncident:135197,2,6579084634067491004
ITIncident:135200,2,3742945607923053449
ITIncident:135205,2,2434285999080294022
ITIncident:135209,2,6001395883491384444
ITIncident:135215,2,3215719233081353770
ITIncident:135219,2,7599281298094248753
ITIncident:135222,2,7905480602934059517
ITIncident:135228,2,10722983884437812404
ITIncident:135230,2,17415543075242652528
ITIncident:135236,2,13213032707838465058
ITIncident:135240,2,3591148897653522886
ITIncident:135243,2,1808545294498615670
ITIncident:135246,2,17703040106821874232
ITIncident:135250,2,1803325969907303171
ITIncident:135253,2,4948565937945971902
ITIncident:135258,2,3198634401692752266
ITIncident:135260,2,16461242220797832151
ITIncident:135263,2,7905480602934059517
ITIncident:135269,2,6294930315440295371
ITIncident:135274,2,5182877103163382542
ITIncident:135281,2,17313091422035917925
ITIncident:135287,2,10811745662678777844
ITIncident:135291,2,1933253154631691280
ITIncident:135294,2,7166624044503043130
ITIncident:135297,2,16095716458525359971
ITIncident:135303,2,5353196204234596225
ITIncident:135310,2,6603526975228376936
ITIncident:135313,2,2014602707174007622
ITIncident:135315,2,15454167676120435248
ITIncident:135318,2,8719217120074107553
ITIncident:135321,2,4825612855767557374
ITIncident:135324,2,16939438270069466527
ITIncident:135327,2,16939438270069466527
ITIncident:135330,2,4825612855767557374
ITIncident:135333,2,2113718247392916067
ITIncident:135336,2,17444671887436118239
ITIncident:135339,2,12111186344008580855
ITIncident:135346,2,13543658294104000766
ITIncident:135349,2,16939438270069466527
ITIncident:135361,0,10214601856900573079
ITIncident:135369,2,8291570033749402265
ITIncident:135377,2,5881687774474150733
ITIncident:135381,2,1803325969907303171
ITIncident:135384,2,4948565937945971902
ITIncident:135388,2,13003888781435704320
ITIncident:135391,2,5112053882880595460
ITIncident:135393,2,10538990098194470142
ITIncident:135398,2,10383735893922539525
ITIncident:135401,2,6680034160740047843
ITIncident:135404,2,13671702094733656956
ITIncident:135407,2,15539886755589258359
ITIncident:135416,0,3146695270395084479
ITIncident:135419,2,4970790503287525771
ITIncident:135424,2,16830785129739358440
ITIncident:135427,2,12111186344008580855
ITIncident:135430,2,9249293981459253177
ITIncident:135433,2,12111186344008580855
ITIncident:135439,2,1852588091342438467
ITIncident:135442,2,6680034160740047843
ITIncident:135446,2,421679701633615330
ITIncident:135457,2,7217294278355838457
ITIncident:135460,2,2220966877385487399
ITIncident:135463,2,13191315888390237100
ITIncident:135466,2,12111186344008580855
ITIncident:135471,2,14614540179986794668
ITIncident:135482,2,18361046534373752434
ITIncident:135485,2,4139077799858802506
ITIncident:135491,2,3896209255642871697
ITIncident:135496,2,4200297495165700716
ITIncident:135501,2,15638338158452994964
ITIncident:135506,2,2121573867027169302
ITIncident:135510,2,1326390707715212559
ITIncident:135515,2,6820295908763640027
ITIncident:135530,2,5279676813424116635
ITIncident:135533,2,16021552808842330360
ITIncident:135536,2,6680034160740047843
ITIncident:135540,2,6891548502904387679
ITIncident:135543,2,5424838402845465494
ITIncident:135547,2,14965007182383487284
ITIncident:135557,2,13840596495721167195
ITIncident:135566,2,16498116038824474525
ITIncident:135571,2,10479329018188167910
ITIncident:135576,2,10479329018188167910
ITIncident:135581,2,10479329018188167910
ITIncident:135584,2,16735001705197551148
ITIncident:135588,2,15360139355134524416
ITIncident:135591,2,7905480602934059517
ITIncident:135595,2,4338578049821386393
ITIncident:135598,2,13671702094733656956
ITIncident:135601,2,7905480602934059517
ITIncident:135604,2,9249293981459253177
ITIncident:135609,2,3926294604020039068
ITIncident:135612,2,4469701921650845453
ITIncident:135615,2,13381206755915008328
ITIncident:135618,2,17923149777136964216
ITIncident:135631,2,6652023294441160033
ITIncident:135635,2,5935619769662407360
ITIncident:135642,2,15805255661929770780
ITIncident:135645,2,16882610848900919030
ITIncident:135649,2,3591148897653522886
ITIncident:135653,2,964981882824963632
ITIncident:135656,2,13671702094733656956
ITIncident:135670,2,10148420059243151862
ITIncident:135676,2,2825004011850148446
ITIncident:135680,1,5935619769662407360
ITIncident:135683,2,7905480602934059517
ITIncident:135687,2,12644803501580959576
ITIncident:135691,2,5693901236313308908
ITIncident:135700,2,17516957991768815667
ITIncident:135704,2,12741029781789632556
ITIncident:135706,1,2473542621965137247
ITIncident:135709,1,8830177936282300513
ITIncident:135713,2,411677318889027711
ITIncident:135716,2,13793519998764738858
ITIncident:135720,1,11495711391599572311
ITIncident:135723,2,11878122361889597871
ITIncident:135728,2,1008219002030162244
ITIncident:135731,2,7905480602934059517
ITIncident:135735,2,5935619769662407360
ITIncident:135738,1,7905480602934059517
ITIncident:135741,1,12111186344008580855
ITIncident:135747,1,12199996955220549806
ITIncident:135750,1,12111186344008580855
ITIncident:135753,2,16909902987324009442
ITIncident:135757,1,17109451351998250408
ITIncident:135760,2,16479043657205106744
ITIncident:135765,2,7278127921253394367
ITIncident:135774,2,877722323271168771
ITIncident:135781,2,17595404744422913349
ITIncident:135784,2,18310603342461320124
ITIncident:135787,1,16479043657205106744
ITIncident:135790,2,12539538978425360888
ITIncident:135797,2,12296929129446286252
ITIncident:135805,2,244959959419052110
ITIncident:135808,2,16368648713697560603
ITIncident:135813,2,13404112268351615548
ITIncident:135820,2,5376545680191371898
ITIncident:135824,2,7431672117486883404
ITIncident:135827,2,16173082257738195496
ITIncident:135830,2,13793519998764738858
ITIncident:135835,2,12082818797017573349
ITIncident:135839,2,13780418306135185923
ITIncident:135844,2,7513851315073872865
ITIncident:135849,2,15294670746734604006
ITIncident:135852,2,530711110409190105
ITIncident:135855,2,530711110409190105
ITIncident:135859,2,11454354751645658860
ITIncident:135862,2,530711110409190105
ITIncident:135868,2,1711515926632884199
ITIncident:135871,2,530711110409190105
ITIncident:135880,2,755935464889441900
ITIncident:135883,1,16479043657205106744
ITIncident:135886,1,530711110409190105
ITIncident:135891,1,10683908277083644560
ITIncident:135904,2,1031694581149314325
ITIncident:135907,2,12111186344008580855
ITIncident:135912,2,2897858378742620770
ITIncident:135916,2,15062389976322578153
ITIncident:135919,2,5236102999490034585
ITIncident:135924,2,9052183369771113323
ITIncident:135929,1,17704356940307940084
ITIncident:135933,2,7764214386395421892
ITIncident:135936,2,9249293981459253177
ITIncident:135939,2,8095578245868521169
ITIncident:135942,2,15740620611146833109
ITIncident:135946,2,16735001705197551148
ITIncident:135949,2,6451488489822793102
ITIncident:135955,2,8891923064495546085
ITIncident:135958,2,8095578245868521169
ITIncident:135961,1,8095578245868521169
ITIncident:135964,2,530711110409190105
ITIncident:135979,0,1794306714508692076
ITIncident:135984,2,12752439985107669480
ITIncident:135987,2,4970790503287525771
ITIncident:135990,2,10883174451450001190
ITIncident:135996,2,9647807047959530517
ITIncident:136008,2,3825644791561915191
ITIncident:136017,2,7737335459695261800
ITIncident:136019,2,5654958607500908993
ITIncident:136028,2,14253316266282028010
ITIncident:136030,2,14591051636706910714
ITIncident:136033,2,6680034160740047843
ITIncident:136041,0,10224383299461619374
ITIncident:136045,2,2641058614878586893
ITIncident:136049,2,7331065281469318954
ITIncident:136054,2,5680582525122915456
ITIncident:136063,2,15242264501723483770
ITIncident:136066,2,5651313983145445138
ITIncident:136069,2,2941048360625129140
ITIncident:136073,2,17274115465573158036
ITIncident:136076,2,2113718247392916067
ITIncident:136088,2,9193465142833821008
ITIncident:136091,2,13671702094733656956
ITIncident:136100,2,5661023879462879961
ITIncident:136103,2,13671702094733656956
ITIncident:136107,2,421679701633615330
ITIncident:136117,2,14628722528420188103
ITIncident:136120,2,14308461358152788757
ITIncident:136127,2,11715404981044444434
ITIncident:136131,2,11495711391599572311
ITIncident:136134,2,6680034160740047843
ITIncident:136138,2,16835550895421573541
ITIncident:136142,2,16054078717137240660
ITIncident:136145,2,14519412455299030095
ITIncident:136149,2,3031855105334534039
ITIncident:136160,2,3668377332179290556
ITIncident:136170,2,11255090444672815332
ITIncident:136173,2,9249293981459253177
ITIncident:136180,2,12466617724322927824
ITIncident:136190,2,13304904949627416510
ITIncident:136195,2,10834181215767392282
ITIncident:136198,2,1848519252850336578
ITIncident:136201,2,13671702094733656956
ITIncident:136208,2,1711515926632884199
ITIncident:136211,2,17045635975568820297
ITIncident:136214,2,12111186344008580855
ITIncident:136217,2,12111186344008580855
ITIncident:136224,2,13570161643980590918
ITIncident:136231,2,4574428958908700024
ITIncident:136236,2,17450192761872624611
ITIncident:136239,2,6680034160740047843
ITIncident:136242,2,17923149777136964216
ITIncident:136245,2,1396213510530255009
ITIncident:136248,2,3081479852638945825
ITIncident:136251,2,2017813556866439454
ITIncident:136266,2,16674415718882052613
ITIncident:136277,2,16744516152146220934
ITIncident:136281,2,2847092579721913545
ITIncident:136284,2,8019416891269177380
ITIncident:136292,2,4256086730158626905
ITIncident:136295,2,5651313983145445138
ITIncident:136303,2,15734102095026199938
ITIncident:136322,2,6220372259858216131
ITIncident:136324,2,17415543075242652528
ITIncident:136331,2,13847668977272052772
ITIncident:136334,2,16939438270069466527
ITIncident:136342,2,15474113039771220337
ITIncident:136348,2,12684546868702869586
ITIncident:136351,2,16551601924011230641
ITIncident:136354,2,2356181819777856285
ITIncident:136357,2,2356181819777856285
ITIncident:136363,2,18392314578914483720
ITIncident:136370,2,10807085451440798944
ITIncident:136373,2,13671702094733656956
ITIncident:136375,2,13626246250964675696
ITIncident:136378,2,13191315888390237100
ITIncident:136381,2,6680034160740047843
ITIncident:136384,2,2113718247392916067
ITIncident:136391,2,1844915111104983734
ITIncident:136393,2,16289477867812269351
ITIncident:136396,2,13191315888390237100
ITIncident:136400,2,16735001705197551148
ITIncident:136403,2,4782898608022058204
ITIncident:136406,2,5424838402845465494
ITIncident:136409,2,14680969947636597948
ITIncident:136417,2,6608543997100227983
ITIncident:136420,2,17982477976005099269
ITIncident:136422,2,13381772329686612318
ITIncident:136425,2,6874461019933155441
ITIncident:136434,2,13878546424519287528
ITIncident:136438,2,223264622609282287
ITIncident:136442,2,17999216949364889750
ITIncident:136445,2,5557518520729388078
ITIncident:136448,2,5651313983145445138
ITIncident:136452,2,13003888781435704320
ITIncident:136456,2,5826398266092363066
ITIncident:136461,2,4052228651624380576
ITIncident:136487,2,15327433689753673317
ITIncident:136499,2,13439287503390510288
ITIncident:136506,2,9740796528937128892
ITIncident:136517,2,1508394847008998861
ITIncident:136523,2,14607217660551421993
ITIncident:136536,2,3019149289091391740
ITIncident:136556,2,310917200264348614
ITIncident:136559,2,2356181819777856285
ITIncident:136564,0,17973334919806311968
ITIncident:136567,2,2113718247392916067
ITIncident:136571,2,421679701633615330
ITIncident:136574,2,16609947496062565597
ITIncident:136578,2,12315636379159149622
ITIncident:136582,2,6802384911831666738
ITIncident:136585,2,15539886755589258359
ITIncident:136599,2,5546311151870397782
ITIncident:136604,2,3119927382625016168
ITIncident:136607,2,2356181819777856285
ITIncident:136614,2,91028001581578437
ITIncident:136623,2,6551515748922647458
ITIncident:136627,2,7761411290123958630
ITIncident:136630,2,2941048360625129140
ITIncident:136637,2,12681458923740129393
ITIncident:136645,2,5109948307783523011
ITIncident:136659,2,7212547211050690615
ITIncident:136662,1,18107018481663970584
ITIncident:136679,2,13082307096589963787
ITIncident:136682,2,9249293981459253177
ITIncident:136686,2,6406539031644194871
ITIncident:136689,2,4825612855767557374
ITIncident:136692,2,10097571470408391067
ITIncident:136699,2,4784543756158112437
ITIncident:136704,2,11092412092410613558
ITIncident:136707,2,4782898608022058204
ITIncident:136710,2,2356181819777856285
ITIncident:136714,1,16238872618263542738
ITIncident:136719,2,18271901994726036018
ITIncident:136722,2,7905480602934059517
ITIncident:136731,2,12754158211595625164
ITIncident:136735,2,10155599676665228703
ITIncident:136740,2,2197367905907293209
ITIncident:136747,2,11471475098870816788
ITIncident:136750,2,4825612855767557374
ITIncident:136753,2,530711110409190105
ITIncident:136758,2,8983290733844958059
ITIncident:136761,2,4782898608022058204
ITIncident:136766,2,12123387586901011635
ITIncident:136770,2,818831147119926450
ITIncident:136773,2,2356181819777856285
ITIncident:136776,2,4948565937945971902
ITIncident:136779,2,12980085256142142062
ITIncident:136782,2,2356181819777856285
ITIncident:136789,2,10874309229889606363
ITIncident:136792,2,7811327776577128894
ITIncident:136795,2,13671702094733656956
ITIncident:136802,2,2286352939781205809
ITIncident:136805,2,2356181819777856285
ITIncident:136813,2,14112337603806251991
ITIncident:136818,2,16690308185875919070
ITIncident:136821,2,12111186344008580855
ITIncident:136826,2,4971019594312536905
ITIncident:136838,2,9196211642364629269
ITIncident:136841,2,2018651800164876507
ITIncident:136844,2,16479043657205106744
ITIncident:136850,2,13138062380206420149
ITIncident:136855,2,4505434081997884123
ITIncident:136864,0,11970437767837510336
ITIncident:136891,2,2866040475561167840
ITIncident:136894,1,10790560368693134722
ITIncident:136896,2,723790095475599930
ITIncident:136898,2,18261553010837595717
ITIncident:136904,2,12513803748419605032
ITIncident:136910,2,11559775687394934524
ITIncident:136915,2,12696275657897799924
ITIncident:136918,2,13936739587127008809
ITIncident:136921,2,2050603441848614825
ITIncident:136924,2,13671702094733656956
ITIncident:136927,2,3734351455896216166
ITIncident:136929,2,5408694821547344994
ITIncident:136932,2,2356181819777856285
ITIncident:136935,2,16556443972329615909
ITIncident:136937,2,10538990098194470142
ITIncident:136941,2,17994377752441030592
ITIncident:136944,2,2113718247392916067
ITIncident:136947,2,12380831226766660961
ITIncident:136952,2,9221336856256510820
ITIncident:136956,2,4991130651159455397
ITIncident:136959,1,16479043657205106744
ITIncident:136971,2,4358796839121720001
ITIncident:136976,2,14811081709007660039
ITIncident:136982,2,10446936408330854725
ITIncident:136986,2,12142536060124919537
ITIncident:136989,2,3172415003456712456
ITIncident:136993,2,12018066024963237874
ITIncident:136996,2,1848519252850336578
ITIncident:137002,2,12167036393023471170
ITIncident:137005,2,7905480602934059517
ITIncident:137009,2,12018066024963237874
ITIncident:137012,2,13648118712173299818
ITIncident:137017,2,7226930985329279166
ITIncident:137021,2,10155599676665228703
ITIncident:137024,2,715318864010695106
ITIncident:137027,2,6680034160740047843
ITIncident:137033,2,2207833314397604968
ITIncident:137037,2,18075725933803700937
ITIncident:137040,1,16479043657205106744
ITIncident:137045,2,8953844003313278794
ITIncident:137050,2,15989073661929921320
ITIncident:137054,2,2542403234945642973
ITIncident:137058,0,603965447463162742
ITIncident:137063,2,4336610122451242520
ITIncident:137067,2,4026664395675299165
ITIncident:137070,2,8131532756761261295
ITIncident:137073,2,13671702094733656956
ITIncident:137086,2,3384792617810742937
ITIncident:137091,1,7845631903722794258
ITIncident:137098,2,994726523830364275
ITIncident:137102,2,12123738584616859853
ITIncident:137105,2,2369134139554927280
ITIncident:137119,2,12727520925782356014
ITIncident:137122,2,2356181819777856285
ITIncident:137126,2,15062389976322578153
ITIncident:137131,0,10210023665097763118
ITIncident:137146,2,15381557567676670179
ITIncident:137153,2,9410504150360776054
ITIncident:137157,2,4340123948792790246
ITIncident:137163,2,18364849379858519672
ITIncident:137167,2,14332571940586964023
ITIncident:137180,2,15476328915548979120
ITIncident:137184,2,143356257493077340
ITIncident:137187,2,17045635975568820297
ITIncident:137192,2,17634715398465198696
ITIncident:137200,2,7950992333984541405
ITIncident:137203,2,2369134139554927280
ITIncident:137207,2,2796681850147963724
ITIncident:137213,2,5201571986640273016
ITIncident:137216,2,17045635975568820297
ITIncident:137220,2,275131275442063256
ITIncident:137224,2,2608746692545894581
ITIncident:137227,2,4099824458229650344
ITIncident:137230,2,13191315888390237100
ITIncident:137234,2,2796681850147963724
ITIncident:137241,1,3522484263745798156
ITIncident:137245,2,2514171300968242822
ITIncident:137248,2,4745832149200876504
ITIncident:137259,2,14425087429393102797
ITIncident:137264,2,8222323938831635689
ITIncident:137273,2,13727555744747266977
ITIncident:137276,2,4825612855767557374
ITIncident:137282,0,14966629718420889031
ITIncident:137287,2,16755025902918300465
ITIncident:137290,2,11485341919227293639
ITIncident:137295,2,12180471819870518467
ITIncident:137297,2,17415543075242652528
ITIncident:137300,2,14784134479820324535
ITIncident:137308,0,11701990964138724518
ITIncident:137315,2,8849578081131464870
ITIncident:137319,2,1415562528465469542
ITIncident:137321,2,17791166146796969771
ITIncident:137324,1,2223708253883694597
ITIncident:137327,2,15381591215692424151
ITIncident:137344,2,5443064261800296761
ITIncident:137366,2,9104610845150888312
ITIncident:137372,2,17284961256790518786
ITIncident:137375,2,12121450906376583073
ITIncident:137378,2,18107018481663970584
ITIncident:137382,2,6144851530449570862
ITIncident:137386,2,8716103050696733508
ITIncident:137390,2,15381425630642975712
ITIncident:137395,2,6862233089664462496
ITIncident:137404,2,2729272695567898308
ITIncident:137407,2,15537455914151057765
ITIncident:137411,2,1694801370371851171
ITIncident:137416,2,12285396861725142573
ITIncident:137420,2,9813032170697914694
ITIncident:137423,2,8111926516835181179
ITIncident:137425,2,732364901524289879
ITIncident:137435,2,12699918878036723694
ITIncident:137461,2,8296738997632995654
ITIncident:137465,2,18075725933803700937
ITIncident:137474,2,17750288097287819348
ITIncident:137478,2,7645874171310792784
ITIncident:137484,2,4981815634297249705
ITIncident:137488,2,7962573479417474685
ITIncident:137492,2,18075725933803700937
ITIncident:137495,2,8111926516835181179
ITIncident:137498,2,5095474921380242524
ITIncident:137501,2,13793519998764738858
ITIncident:137504,2,8019416891269177380
ITIncident:137515,2,3949891227978057097
ITIncident:137520,2,6578597104649832431
ITIncident:137525,2,14194486206713292803
ITIncident:137529,2,4290794463506700010
ITIncident:137532,2,6325782128206346200
ITIncident:137535,2,2835134086602556937
ITIncident:137538,2,13220669687677444256
ITIncident:137541,2,3019792234992432856
ITIncident:137544,2,8095578245868521169
ITIncident:137552,2,5304581473741564315
ITIncident:137563,2,12581482043348278654
ITIncident:137568,2,17072307511702780007
ITIncident:137572,2,2709757731775230250
ITIncident:137577,2,7476847379966250473
ITIncident:137580,2,4745832149200876504
ITIncident:137589,2,5605475224637976811
ITIncident:137594,2,7400306131274610090
ITIncident:137603,2,12865146682764600336
ITIncident:137609,2,3368797272961736412
ITIncident:137613,2,12532784794692237364
ITIncident:137616,2,12750753737349537572
ITIncident:137622,2,13285786068005239198
ITIncident:137626,2,2709757731775230250
ITIncident:137629,2,9249293981459253177
ITIncident:137633,2,2796681850147963724
ITIncident:137637,2,17656893973031035340
ITIncident:137641,2,8332491830572049197
ITIncident:137651,2,9455934816180775953
ITIncident:137655,2,17656893973031035340
ITIncident:137659,2,17080594150866785322
ITIncident:137662,2,12750753737349537572
ITIncident:137665,2,5424838402845465494
ITIncident:137668,2,13688267506177063077
ITIncident:137677,2,9181100637587824909
ITIncident:137680,2,13793519998764738858
ITIncident:137683,2,5651313983145445138
ITIncident:137687,2,14987702106818394745
ITIncident:137694,2,4656619123313686680
ITIncident:137701,2,732743301162023859
ITIncident:137705,2,12438476342222682684
ITIncident:137710,2,317405089905782464
ITIncident:137713,2,13318066234986003823
ITIncident:137719,2,2519895831347729852
ITIncident:137722,2,18107018481663970584
ITIncident:137727,2,12752565850475890469
ITIncident:137730,2,10883174451450001190
ITIncident:137733,2,4745832149200876504
ITIncident:137747,2,8930118834874849502
ITIncident:137750,2,17923149777136964216
ITIncident:137757,2,3599244768359413822
ITIncident:137761,2,9337193795856934835
ITIncident:137767,2,10804604930916185318
ITIncident:137770,2,9249293981459253177
ITIncident:137775,2,13165792196635287743
ITIncident:137781,2,10808748003984102735
ITIncident:137801,2,9586341966489697243
ITIncident:137805,2,2848407572478318109
ITIncident:137808,2,13220669687677444256
ITIncident:137811,2,15813377570188185213
ITIncident:137817,2,739292856455105199
ITIncident:137823,2,11044729297656271348
ITIncident:137826,2,18107018481663970584
ITIncident:137839,2,8123772746329191443
ITIncident:137842,2,715318864010695106
ITIncident:137845,2,4032295895297670631
ITIncident:137848,2,2802323676490830801
ITIncident:137853,2,2963473538605179336
ITIncident:137856,2,18117112379842003637
ITIncident:137859,2,18107018481663970584
ITIncident:137868,2,5869510605399952757
ITIncident:137871,2,13793519998764738858
ITIncident:137876,2,8046943601603637437
ITIncident:137888,2,10577736512219101692
ITIncident:137893,2,5294759461342030665
ITIncident:137896,2,4970790503287525771
ITIncident:137899,2,9249293981459253177
ITIncident:137902,1,6325782128206346200
ITIncident:137905,2,13648118712173299818
ITIncident:137908,2,15712042494604185566
ITIncident:137914,1,16376700109356481114
ITIncident:137923,2,11874376362343067322
ITIncident:137926,2,2613007622536025887
ITIncident:137930,2,1922368052595352932
ITIncident:137933,2,14638608757576441633
ITIncident:137937,2,6162270809481960302
ITIncident:137947,2,13692555934655987586
ITIncident:137950,1,4782898608022058204
ITIncident:137956,2,10640173409859631794
ITIncident:137959,2,5151429479029678215
ITIncident:137965,2,3079656980097214566
ITIncident:137968,2,4469701921650845453
ITIncident:137980,2,12455028707991811903
ITIncident:137984,2,17960089065461355709
ITIncident:137988,2,11691728302989729992
ITIncident:137993,2,16966223603402113517
ITIncident:138003,2,5233002501754893774
ITIncident:138011,2,4025150590908186362
ITIncident:138015,2,8982366049305412506
ITIncident:138025,2,2123356217600211808
ITIncident:138030,2,6321544764264488443
ITIncident:138037,2,9972720891101310566
ITIncident:138042,2,14922654378965434861
ITIncident:138045,2,180806663613916093
ITIncident:138049,2,2776373654020492621
ITIncident:138052,2,1911579112626079614
ITIncident:138061,2,12358976673852411982
ITIncident:138067,2,12020964221704125670
ITIncident:138070,2,14106751470878410639
ITIncident:138078,2,7279700755309135060
ITIncident:138081,2,5651313983145445138
ITIncident:138092,0,12051569550783856611
ITIncident:138099,2,8404171802894823912
ITIncident:138102,2,3618713207814074437
ITIncident:138105,2,18418577437909645239
ITIncident:138109,2,16409402124039360568
ITIncident:138114,1,5257800765751113031
ITIncident:138119,2,17629125021634108362
ITIncident:138127,2,18287962236584937775
ITIncident:138130,2,1396213510530255009
ITIncident:138133,2,7905480602934059517
ITIncident:138139,2,16078039788442671200
ITIncident:138144,2,15471545870357110240
ITIncident:138147,2,13112223909631859409
ITIncident:138153,2,2757562676801071850
ITIncident:138158,2,11628000325417675154
ITIncident:138165,2,91028001581578437
ITIncident:138178,2,11537075707888788705
ITIncident:138185,2,15793508939828826129
ITIncident:138188,2,7905480602934059517
ITIncident:138191,2,1848519252850336578
ITIncident:138194,2,12167064395776623486
ITIncident:138199,2,1562501829961417759
ITIncident:138211,2,11424773806688564042
ITIncident:138219,2,4306468483170407514
ITIncident:138224,2,14594909594625335314
ITIncident:138227,2,13793519998764738858
ITIncident:138233,2,9979746054399912151
ITIncident:138242,2,5245816189021613137
ITIncident:138246,2,12544275505052822302
ITIncident:138249,2,13793519998764738858
ITIncident:138257,2,5304581473741564315
ITIncident:138261,2,11759107627760089472
ITIncident:138265,2,2542403234945642973
ITIncident:138279,2,9388152843667012842
ITIncident:138286,0,6740230570603262713
ITIncident:138292,2,12169105110053295185
ITIncident:138319,2,8445118957491266782
ITIncident:138322,2,13648118712173299818
ITIncident:138345,2,908164763394876784
ITIncident:138349,2,11418817407595558401
ITIncident:138352,2,13793519998764738858
ITIncident:138359,2,2605482191803976600
ITIncident:138363,2,13659276969410199462
ITIncident:138365,2,15063468215341525621
ITIncident:138372,2,3394021124178360583
ITIncident:138374,2,3582881113766432677
ITIncident:138377,2,9613261176861954492
ITIncident:138379,2,1869904479513687889
ITIncident:138385,2,13277153182214107717
ITIncident:138391,2,3171955157550363385
ITIncident:138396,2,12748889116098343553
ITIncident:138398,2,10538990098194470142
ITIncident:138401,2,12111186344008580855
ITIncident:138403,2,15247542096022240057
ITIncident:138406,2,18165482340078631504
ITIncident:138409,2,13278052150896127013
ITIncident:138414,2,18314825607608938950
ITIncident:138423,2,2868306894193835933
ITIncident:138426,2,1762588527951697538
ITIncident:138433,2,5238023453023462590
ITIncident:138438,2,11307830639855562441
ITIncident:138440,2,14122658752640332468
ITIncident:138443,2,12111186344008580855
ITIncident:138449,2,8605652267570125840
ITIncident:138455,2,8601862655650601953
ITIncident:138460,2,13164890347735838747
ITIncident:138463,2,8019416891269177380
ITIncident:138466,2,2113718247392916067
ITIncident:138469,2,8454285023148334203
ITIncident:138474,2,5631507289577962150
ITIncident:138477,2,2113718247392916067
ITIncident:138483,2,568428350753402420
ITIncident:138486,2,13671702094733656956
ITIncident:138491,2,6901328808008244367
ITIncident:138499,0,8090648710586887337
ITIncident:138513,0,9850853870071026125
ITIncident:138521,0,421759279666268203
ITIncident:138530,0,11105626077938774610
ITIncident:138535,2,11809043625611909409
ITIncident:138544,0,12738035031003504082
ITIncident:138547,2,1818354946605286282
ITIncident:138558,2,4231896963781226616
ITIncident:138561,2,9224297233628470651
ITIncident:138564,2,8454285023148334203
ITIncident:138570,2,17175590549661982222
ITIncident:138575,2,5931719804887821788
ITIncident:138579,2,17656893973031035340
ITIncident:138582,2,14308461358152788757
ITIncident:138586,2,12325857407293215382
ITIncident:138590,2,17573432820082421104
ITIncident:138594,2,18293367134155323176
ITIncident:138597,1,6325782128206346200
ITIncident:138601,2,7341557762038162759
ITIncident:138606,2,17785318889117127265
ITIncident:138614,2,4065274959284555981
ITIncident:138619,2,1458600942682990799
ITIncident:138626,2,3480123607733465043
ITIncident:138631,2,15774575229348880923
ITIncident:138638,2,7085291304215473781
ITIncident:138645,0,10323613509125749319
ITIncident:138649,2,5931719804887821788
ITIncident:138654,2,12123387586901011635
ITIncident:138658,2,176627260851887537
ITIncident:138664,2,17175590549661982222
ITIncident:138682,2,13979565185799978015
ITIncident:138688,2,16881199887312550625
ITIncident:138691,2,7462414758150857366
ITIncident:138694,2,13671702094733656956
ITIncident:138699,2,7798210669821740178
ITIncident:138702,1,5424838402845465494
ITIncident:138711,2,9934574872997186097
ITIncident:138718,2,239657785467656690
ITIncident:138725,2,16439369083550563826
ITIncident:138727,2,16413723610591773452
ITIncident:138730,2,3953136569964579634
ITIncident:138736,2,16304631622251481865
ITIncident:138742,2,7213977182505426189
ITIncident:138745,2,5557518520729388078
ITIncident:138750,2,605640323113779559
ITIncident:138755,2,2897858378742620770
ITIncident:138760,2,8944525047687354398
ITIncident:138763,2,1391816598293042819
ITIncident:138768,2,10911686009285694638
ITIncident:138776,2,871095854183076289
ITIncident:138782,2,3407025342467201878
ITIncident:138787,2,10053916496952122043
ITIncident:138790,2,1300048269078160922
ITIncident:138792,2,14659361452712722332
ITIncident:138796,2,1675053065524022136
ITIncident:138801,2,18225468980854950249
ITIncident:138812,0,13102025334909342725
ITIncident:138821,2,3381322409742769015
ITIncident:138834,2,6504688981251793939
ITIncident:138837,2,1562876343568286530
ITIncident:138841,2,8978490057166625748
ITIncident:138844,2,9422329143060568642
ITIncident:138847,2,8993517584270279981
ITIncident:138856,2,16965899258508914132
ITIncident:138859,2,16479043657205106744
ITIncident:138871,2,6234695814630648962
ITIncident:138875,2,11495711391599572311
ITIncident:138897,0,9507916162853703825
ITIncident:138900,2,9249293981459253177
ITIncident:138904,2,2514171300968242822
ITIncident:138922,2,5720783121398196473
ITIncident:138929,2,7593286971815813151
ITIncident:138934,2,6095714340549312510
ITIncident:138937,2,11915668069682472491
ITIncident:138940,2,8467095708061350999
ITIncident:138945,2,749357853239547539
ITIncident:138951,2,12292571716842548866
ITIncident:138956,2,11611166474741475742
ITIncident:138959,2,3574044862102338129
ITIncident:138962,2,3155275236344873228
ITIncident:138967,2,4574428958908700024
ITIncident:138971,2,10884191081643159465
ITIncident:138976,2,6839595104954443214
ITIncident:138999,2,12541493184703418946
ITIncident:139002,2,13843786736121499259
ITIncident:139006,2,3602143793379170414
ITIncident:139008,2,4688447467219680551
ITIncident:139012,2,2832405993675503804
ITIncident:139017,2,680432094489224311
ITIncident:139024,2,13714489999247602521
ITIncident:139027,2,17869088701942581580
ITIncident:139031,2,524852975037889882
ITIncident:139035,2,5447974745721281696
ITIncident:139041,2,1797695665842041687
ITIncident:139055,2,17250340244800502448
ITIncident:139058,2,13521242603140959635
ITIncident:139064,2,5719847909202346944
ITIncident:139071,2,15473597898690953385
ITIncident:139078,2,15026205292814571724
ITIncident:139083,2,6170202670985369223
ITIncident:139090,2,16847761922747593002
ITIncident:139095,2,14716229305331600405
ITIncident:139099,2,9308320532217975942
ITIncident:139102,2,1818354946605286282
ITIncident:139105,2,13671702094733656956
ITIncident:139109,2,16409402124039360568
ITIncident:139112,2,14308461358152788757
ITIncident:139115,2,12750753737349537572
ITIncident:139125,2,2067999293109177071
ITIncident:139128,1,13671702094733656956
ITIncident:139134,2,14410864612318455000
ITIncident:139137,2,1818354946605286282
ITIncident:139140,2,9249293981459253177
ITIncident:139144,2,13609440404668315939
ITIncident:139147,2,11369554875155665918
ITIncident:139157,2,249310259515113392
ITIncident:139159,2,6352084089208529275
ITIncident:139162,2,2113718247392916067
ITIncident:139165,2,7312893860426008129
ITIncident:139168,2,16936744200301197787
ITIncident:139177,2,14816891201552755983
ITIncident:139182,2,1907191628657819738
ITIncident:139184,2,17415543075242652528
ITIncident:139188,2,1566624897214585018
ITIncident:139191,2,4328402886318487166
ITIncident:139194,2,2941048360625129140
ITIncident:139203,2,15638674577402623131
ITIncident:139207,2,9791610142393842232
ITIncident:139210,2,6680034160740047843
ITIncident:139214,2,1067091021443369198
ITIncident:139221,2,7687601155463353048
ITIncident:139226,2,8150865129516160658
ITIncident:139229,2,15200532513703151671
ITIncident:139245,1,12199067213001552944
ITIncident:139248,2,12152632048841448289
ITIncident:139253,2,10084802674504059386
ITIncident:139256,2,9211073219976663513
ITIncident:139263,2,13667169041095170419
ITIncident:139273,2,13460640170554293565
ITIncident:139278,2,11206075275159072546
ITIncident:139281,2,7619805871474334221
ITIncident:139286,2,13763158353969026934
ITIncident:139291,2,15433483747255284552
ITIncident:139294,2,1396213510530255009
ITIncident:139297,2,12788237585138812594
ITIncident:139301,2,10681919743902499674
ITIncident:139304,2,6281764522156040956
ITIncident:139307,2,294478413112119062
ITIncident:139310,2,18310603342461320124
ITIncident:139313,1,2113718247392916067
ITIncident:139316,2,4970790503287525771
ITIncident:139319,2,2887522293269807086
ITIncident:139322,2,1818354946605286282
ITIncident:139332,2,14333964512871345690
ITIncident:139335,2,18107018481663970584
ITIncident:139340,2,8154942336367596250
ITIncident:139345,2,13897740324247618816
ITIncident:139351,2,17752036688800742105
ITIncident:139363,2,18114778327772589347
ITIncident:139370,2,11533109313861066908
ITIncident:139382,2,17924196693470182459
ITIncident:139388,2,10843840572796164810
ITIncident:139391,2,7134017149487009416
ITIncident:139395,2,16606649391128803132
ITIncident:139401,0,13008430912597126715
ITIncident:139405,2,12091921840132568648
ITIncident:139411,2,13938342544341001893
ITIncident:139417,2,4696343043063567070
ITIncident:139423,2,11332159429880626270
ITIncident:139426,2,12193486404275214084
ITIncident:139430,2,14965007182383487284
ITIncident:139434,2,5114370364415396214
ITIncident:139437,2,2802323676490830801
ITIncident:139448,2,154343158366799684
ITIncident:139451,2,9249293981459253177
ITIncident:139456,2,8967641531702934288
ITIncident:139464,2,8118753797178392180
ITIncident:139467,2,2613007622536025887
ITIncident:139470,2,4948565937945971902
ITIncident:139473,2,3013177292373826921
ITIncident:139476,2,5236102999490034585
ITIncident:139486,2,6262718036739054132
ITIncident:139491,2,7945286085538575555
ITIncident:139504,2,16014838621261791163
ITIncident:139507,2,4745832149200876504
ITIncident:139514,2,11276849545796912890
ITIncident:139517,2,5049931826149945669
ITIncident:139520,2,9782757529406968592
ITIncident:139535,2,7931300124836401299
ITIncident:139539,2,524852975037889882
ITIncident:139544,2,15088802262845489402
ITIncident:139549,2,8074117560500507277
ITIncident:139557,2,4251213928119062002
ITIncident:139576,2,12212264040169340358
ITIncident:139579,2,8803586730564181879
ITIncident:139582,2,5100659620291424897
ITIncident:139587,2,10997857451819129908
ITIncident:139593,2,17642269370844327516
ITIncident:139600,2,7500504784348802538
ITIncident:139604,2,17370417079750238890
ITIncident:139607,2,1659546481906049225
ITIncident:139611,2,17503896349740158766
ITIncident:139618,2,8760472311827440165
ITIncident:139621,1,2356181819777856285
ITIncident:139625,2,277978039420800071
ITIncident:139631,2,13897740324247618816
ITIncident:139634,2,10790560368693134722
ITIncident:139639,2,8138320401198142905
ITIncident:139642,2,13447579177006059975
ITIncident:139645,2,14210125891064902968
ITIncident:139650,2,4977390300388983348
ITIncident:139654,2,13682215298261287353
ITIncident:139660,0,6741719456179754302
ITIncident:139671,2,15814434833961323949
ITIncident:139675,2,295180933625647028
ITIncident:139679,2,8728527383287986547
ITIncident:139685,2,13534746664605054460
ITIncident:139688,2,4970790503287525771
ITIncident:139694,2,6415264435929288109
ITIncident:139697,2,8454285023148334203
ITIncident:139702,2,409691024652351324
ITIncident:139706,2,4102158475405648186
ITIncident:139712,2,11482029199031091491
ITIncident:139715,2,12022506367069003148
ITIncident:139721,2,11482029199031091491
ITIncident:139728,2,3919743370045914825
ITIncident:139736,2,8462116365682306347
ITIncident:139742,2,14734905161808388080
ITIncident:139748,2,11482029199031091491
ITIncident:139753,2,10900143935958918742
ITIncident:139756,2,18127972085563324938
ITIncident:139759,2,13671702094733656956
ITIncident:139766,0,1964650222731450265
ITIncident:139770,2,11495711391599572311
ITIncident:139773,1,13671702094733656956
ITIncident:139778,2,12507837639906360579
ITIncident:139781,2,13793519998764738858
ITIncident:139790,2,10661935050608893477
ITIncident:139794,2,5731326710790211613
ITIncident:139805,2,12040901930913758753
ITIncident:139810,2,13494980066166772819
ITIncident:139813,2,7781703138731223572
ITIncident:139829,2,9921664737771473711
ITIncident:139832,2,14784134479820324535
ITIncident:139838,2,12102243296648807596
ITIncident:139845,2,10618303511662389434
ITIncident:139848,2,13671702094733656956
ITIncident:139852,2,2453884652655942162
ITIncident:139857,0,9726157132882893794
ITIncident:139860,2,5445438046174678122
ITIncident:139868,2,1813532835325717036
ITIncident:139871,2,18107018481663970584
ITIncident:139875,2,17421556207761359858
ITIncident:139880,2,5523223980427073982
ITIncident:139883,2,18107018481663970584
ITIncident:139889,2,10164062858431786298
ITIncident:139892,2,12894292917635811148
ITIncident:139899,2,5434586435674745902
ITIncident:139903,2,7489521975769109920
ITIncident:139906,2,4782898608022058204
ITIncident:139910,2,4552702106982687825
ITIncident:139917,2,15227172240649908972
ITIncident:139921,2,7323947072273982112
ITIncident:139925,2,17723785639102653347
ITIncident:139932,2,5113437687779367259
ITIncident:139937,2,16148111933009098949
ITIncident:139941,2,5068193790951165649
ITIncident:139945,2,15953683947044734627
ITIncident:139952,2,1682989331422055105
ITIncident:139956,2,8317559555575623660
ITIncident:139959,2,1818354946605286282
ITIncident:139962,2,4948565937945971902
ITIncident:139970,2,9777306572214224844
ITIncident:139983,2,3317497774056692194
ITIncident:139987,2,15360139355134524416
ITIncident:139990,2,375078674128934293
ITIncident:139997,0,14945579613079996767
ITIncident:140001,2,3338505900782350039
ITIncident:140004,2,8978490057166625748
ITIncident:140006,2,4859259602742681635
ITIncident:140011,2,941385004271978963
ITIncident:140015,0,15033977357939705379
ITIncident:140022,2,2888522537151869652
ITIncident:140030,2,13833176830632021628
ITIncident:140034,2,2990709343038751990
ITIncident:140039,2,14095828345691232918
ITIncident:140043,2,13104978632799787682
ITIncident:140048,0,7761831122214556108
ITIncident:140050,2,5408694821547344994
ITIncident:140055,2,1330246117431991935
ITIncident:140058,2,13420479451902125817
ITIncident:140061,2,8019416891269177380
ITIncident:140064,2,13381206755915008328
ITIncident:140067,2,18098141253281983368
ITIncident:140070,2,1172656962984863697
ITIncident:140080,2,9516344612676928464
ITIncident:140085,2,10065162866216937361
ITIncident:140091,2,17818373637266193014
ITIncident:140099,2,9560425293996805636
ITIncident:140155,2,10629230530339176223
ITIncident:140161,2,14748028329469089154
ITIncident:140166,2,14397581420584727972
ITIncident:140170,2,10945440214490701763
ITIncident:140175,2,6971480484911180586
ITIncident:140178,2,10327648078671555431
ITIncident:140184,2,8572763883894915444
ITIncident:140187,2,7454166044643748484
ITIncident:140199,2,10645061330224236482
ITIncident:140203,2,1467240190047607402
ITIncident:140211,2,12930613940856266664
ITIncident:140217,2,1126888904589293301
ITIncident:140225,2,12988953875184441076
ITIncident:140232,2,6699036735548574439
ITIncident:140243,2,15867682072095423251
ITIncident:140247,2,13065152782525342408
ITIncident:140255,2,890145029159316533
ITIncident:140261,2,6249078865146259640
ITIncident:140264,2,11621519146854233785
ITIncident:140274,2,2655166568980199806
ITIncident:140279,2,12579521316024951212
ITIncident:140287,2,8432939222630466355
ITIncident:140297,2,5849407375299690258
ITIncident:140305,2,3248067347361854732
ITIncident:140312,2,2103821074921130034
ITIncident:140319,2,620762561380287311
ITIncident:140332,2,6041594806562472531
ITIncident:140338,2,16449779286398933133
ITIncident:140341,2,3194542050434965088
ITIncident:140349,2,8746273577594644933
ITIncident:140361,2,17425889978766510813
ITIncident:140369,0,4032842125473463803
ITIncident:140372,2,7737773507280941423
ITIncident:140381,0,14641457835421534448
ITIncident:140388,2,9537704400850600394
ITIncident:140393,2,885413830165948300
ITIncident:140399,2,6057727877949404328
ITIncident:140410,2,15466645955728709387
ITIncident:140417,2,3079242241186991615
ITIncident:140421,2,6590943380712537976
ITIncident:140429,2,572882619772171995
ITIncident:140444,2,6790978778148692457
ITIncident:140460,2,9941940765045479886
ITIncident:140466,2,16768695946897314656
ITIncident:140476,2,5276689473537566257
ITIncident:140482,2,8606746986239369654
ITIncident:140486,2,839723127539852340
ITIncident:140489,2,13999345248979486629
ITIncident:140499,2,9445235211436946065
ITIncident:140505,2,14220826029657214490
ITIncident:140512,2,13745282109353725027
ITIncident:140519,2,3349354991056388765
ITIncident:140538,2,14067198658213433867
ITIncident:140547,2,10546963965619121445
ITIncident:140550,2,520568339518061801
ITIncident:140556,2,4075786783058116557
ITIncident:140560,2,10542540994012615134
ITIncident:140566,2,12010427361362416701
ITIncident:140571,2,2461899159482895361
ITIncident:140574,2,10513154411698948343
ITIncident:140578,2,7203976149422049268
ITIncident:140587,2,16767521572264463157
ITIncident:140590,2,8262231555443906246
ITIncident:140594,2,8170923942769974353
ITIncident:140597,2,7844137339447026164
ITIncident:140612,2,5261999974334081145
ITIncident:140628,2,16364403179403308947
ITIncident:140632,2,10052208468777660103
ITIncident:140636,2,14470082736295196183
ITIncident:140643,0,13232979094126051917
ITIncident:140648,2,8172292457523428614
ITIncident:140653,2,3730632506274353730
ITIncident:140656,2,14514609924334250879
ITIncident:140661,2,4886426482891721575
ITIncident:140665,2,15740504182065169754
ITIncident:140671,2,2588665931022630727
ITIncident:140675,2,9251799964740392877
ITIncident:140678,2,9572697975682865431
ITIncident:140683,2,12862784634900097566
ITIncident:140689,2,7110046566385585818
ITIncident:140692,2,11283433838098044964
ITIncident:140695,2,13824536043043355033
ITIncident:140698,2,15217462015119051117
ITIncident:140702,0,1723796889143448212
ITIncident:140705,2,942982605106638410
ITIncident:140710,2,6356163842597132296
ITIncident:140719,2,12759355066329501833
ITIncident:140723,2,8223941371152615160
ITIncident:140728,2,4404615529862060071
ITIncident:140739,2,12238397303948587731
ITIncident:140745,2,16557578173427390180
ITIncident:140750,2,8779360319442039766
ITIncident:140753,2,9757964773927307615
ITIncident:140757,2,6619940702888872069
ITIncident:140761,2,5037830822329027490
ITIncident:140765,2,10759143628316536077
ITIncident:140770,2,5166377492208909020
ITIncident:140774,2,2496330428138468482
ITIncident:140778,2,364507658488718
ITIncident:140785,2,2802583727332352243
ITIncident:140794,2,6994149697156479653
ITIncident:140801,2,221255358385407049
ITIncident:140804,2,9519393234183876872
ITIncident:140807,2,8656747488250512945
ITIncident:140812,2,13160169036377944259
ITIncident:140818,2,6174331771709291211
ITIncident:140821,2,16124852035299136143
ITIncident:140824,2,7663042127188920520
ITIncident:140828,2,8914589974765116955
ITIncident:140831,2,5133787516798639740
ITIncident:140834,2,9347108646236423866
ITIncident:140839,2,15899351252943463817
ITIncident:140846,2,10718995704030729585
ITIncident:140851,2,12117622100806353527
ITIncident:140859,2,9791065414434940072
ITIncident:140864,2,1394887651085778776
ITIncident:140870,2,7745196563898601757
ITIncident:140875,2,4647534118282095404
ITIncident:140882,2,5848876761138699755
ITIncident:140885,2,18089632358252084151
ITIncident:140889,0,11724347336967508975
ITIncident:140892,2,520568339518061801
ITIncident:140895,2,422427275661065488
ITIncident:140904,0,8771080582626548183
ITIncident:140911,2,8468350333590635526
ITIncident:140914,2,15442166146697088296
ITIncident:140918,2,1892998311529225672
ITIncident:140921,2,12662879693715824256
ITIncident:140934,2,11051323363540939417
ITIncident:140949,2,17599993880829389192
ITIncident:140952,2,4416060159052233484
ITIncident:140960,2,3510190287094400824
ITIncident:140964,2,7962462227947598098
ITIncident:140977,2,15817913749965806242
ITIncident:140990,2,13078509247563800620
ITIncident:140993,2,3997636477887176952
ITIncident:141000,2,16247137460987110276
ITIncident:141005,2,14930336974184758861
ITIncident:141009,2,16079054055631585900
ITIncident:141012,2,6089742239937793068
ITIncident:141018,2,5581842819991676764
ITIncident:141022,2,828581569708345069
ITIncident:141035,2,5505013189323451124
ITIncident:141049,2,5723823379108444068
ITIncident:141059,2,14789462444081926347
ITIncident:141062,2,14441019176835307010
ITIncident:141070,0,7937785639179951724
ITIncident:141074,2,5680055326140803464
ITIncident:141077,2,1932557616546677993
ITIncident:141089,2,198901254279302760
ITIncident:141094,2,10684289090120601575
ITIncident:141098,2,13547640876434329616
ITIncident:141101,2,7290063365807452860
ITIncident:141108,2,13213032707838465058
ITIncident:141118,2,2644794338188630721
ITIncident:141122,2,18404360603769357093
ITIncident:141128,0,9607532115354822105
ITIncident:141137,2,9581084541729478160
ITIncident:141141,2,942982605106638410
ITIncident:141145,2,15331689043455409007
ITIncident:141158,2,1367000640312875121
ITIncident:141165,2,8245083438665440180
ITIncident:141172,2,6523011710802356091
ITIncident:141176,2,3320776006452347855
ITIncident:141182,2,12751334929915607564
ITIncident:141186,2,6357038390807945241
ITIncident:141195,2,15943088961888722852
ITIncident:141198,2,14815735490558843628
ITIncident:141201,2,520568339518061801
ITIncident:141204,2,750739441977248973
ITIncident:141208,2,3257588946779970583
ITIncident:141217,2,17689758139192141140
ITIncident:141220,2,12794163690975777684
ITIncident:141226,2,2337521087920907674
ITIncident:141237,0,17124498157397281855
ITIncident:141241,2,8760362962021759171
ITIncident:141246,2,9608241027464132559
ITIncident:141252,2,15319509850073967705
ITIncident:141260,2,18102124861750132542
ITIncident:141267,2,7476147087617736327
ITIncident:141273,2,9642512764346305946
ITIncident:141278,0,16968620137766748723
ITIncident:141288,2,2831575436538462263
ITIncident:141294,2,8684824594353837251
ITIncident:141300,2,6266864874866103705
ITIncident:141304,2,1567603951319512929
ITIncident:141310,2,14832710956642881164
ITIncident:141315,2,13147316568402869115
ITIncident:141325,0,6455260940467410915
ITIncident:141328,2,5888698094527100762
ITIncident:141336,2,14507273977521685135
ITIncident:141345,2,2414701354029132708
ITIncident:141348,2,12794163690975777684
ITIncident:141354,2,2890157480756070177
ITIncident:141361,2,8831663079420774482
ITIncident:141368,2,13693947228700818904
ITIncident:141372,2,18141508515548996535
ITIncident:141388,2,8557532799621069807
ITIncident:141393,2,2147124606535458039
ITIncident:141403,2,13271548234795338863
ITIncident:141410,2,18289454691657147908
ITIncident:141415,2,11371858258469044228
ITIncident:141418,2,12111186344008580855
ITIncident:141426,2,11925456394991399048
ITIncident:141434,2,10907880002147859613
ITIncident:141439,2,10032247052798984121
ITIncident:141443,2,7116258615572798791
ITIncident:141456,2,9239378927957693219
ITIncident:141472,2,10602824831522460782
ITIncident:141477,2,14560626700708066593
ITIncident:141481,2,4694604568767266028
ITIncident:141488,2,5498215794888199204
ITIncident:141492,0,17319276350132380249
ITIncident:141495,2,17306330551000568951
ITIncident:141498,2,5525322974701819169
ITIncident:141501,2,4839698127956247773
ITIncident:141504,2,5469226950558193188
ITIncident:141507,2,9572697975682865431
ITIncident:141510,2,1132874866427664272
ITIncident:141513,2,15754897922520801022
ITIncident:141519,2,14698059001573639684
ITIncident:141522,2,12750733493975250319
ITIncident:141529,2,2144166058912128775
ITIncident:141532,2,13205696523979054881
ITIncident:141541,2,13671348344848690166
ITIncident:141545,2,2752585360096075134
ITIncident:141551,2,15758889397000485543
ITIncident:141556,2,16919042827214710853
ITIncident:141560,2,14465761878351847668
ITIncident:141564,2,2921436783839915647
ITIncident:141567,2,18307058108709850924
ITIncident:141570,2,18307058108709850924
ITIncident:141573,2,7649460362922743990
ITIncident:141576,2,2619531156517088223
ITIncident:141579,2,871446341824785382
ITIncident:141583,2,9857442153097093290
ITIncident:141589,2,17899315622033959303
ITIncident:141596,2,3995742755722357869
ITIncident:141607,2,13760796833805988393
ITIncident:141610,2,8877880653728157813
ITIncident:141614,2,11246592426908502387
ITIncident:141617,2,11427153516688503708
ITIncident:141623,2,6822524621330527426
ITIncident:141627,2,10106048621444733445
ITIncident:141631,2,9100166366280046078
ITIncident:141640,0,4787564155372583567
ITIncident:141643,2,16620005810811533147
ITIncident:141646,2,4160023911397307788
ITIncident:141649,2,9249293981459253177
ITIncident:141655,2,13595086417381357890
ITIncident:141659,2,16000733318517656157
ITIncident:141663,2,16000733318517656157
ITIncident:141666,2,16479043657205106744
ITIncident:141669,2,14872316582080809363
ITIncident:141671,1,7899764643418797548
ITIncident:141673,1,7899764643418797548
ITIncident:141680,2,7183385231052512625
ITIncident:141682,1,7899764643418797548
ITIncident:141684,1,7899764643418797548
ITIncident:141686,1,7899764643418797548
ITIncident:141688,1,7899764643418797548
ITIncident:141690,1,7899764643418797548
ITIncident:141692,1,7899764643418797548
ITIncident:141695,2,9892819992011021361
ITIncident:141697,1,7899764643418797548
ITIncident:141703,2,5893284590197275199
ITIncident:141707,2,9150117699576131617
ITIncident:141711,2,16000733318517656157
