row_id,partition
ITIncident:3,train
ITIncident:12,train
ITIncident:19,train
ITIncident:23,train
ITIncident:31,train
ITIncident:39,test
ITIncident:48,train
ITIncident:61,train
ITIncident:65,test
ITIncident:76,test
ITIncident:84,train
ITIncident:92,test
ITIncident:98,train
ITIncident:104,train
ITIncident:107,test
ITIncident:113,train
ITIncident:118,train
ITIncident:126,train
ITIncident:131,train
ITIncident:137,train
ITIncident:141,test
ITIncident:150,train
ITIncident:154,train
ITIncident:157,train
ITIncident:167,train
ITIncident:172,train
ITIncident:174,train
ITIncident:179,train
ITIncident:185,train
ITIncident:189,train
ITIncident:193,train
ITIncident:200,train
ITIncident:219,train
ITIncident:223,train
ITIncident:230,train
ITIncident:238,test
ITIncident:242,train
ITIncident:246,test
ITIncident:252,train
ITIncident:257,train
ITIncident:266,test
ITIncident:272,train
ITIncident:276,train
ITIncident:280,train
ITIncident:283,test
ITIncident:288,train
ITIncident:292,train
ITIncident:296,train
ITIncident:303,train
ITIncident:307,test
ITIncident:314,test
ITIncident:327,train
ITIncident:333,train
ITIncident:337,train
ITIncident:343,train
ITIncident:348,train
ITIncident:356,train
ITIncident:360,test
ITIncident:366,train
ITIncident:373,train
ITIncident:377,train
ITIncident:381,train
ITIncident:388,train
ITIncident:392,test
ITIncident:396,test
ITIncident:401,train
ITIncident:405,train
ITIncident:409,train
ITIncident:413,test
ITIncident:416,train
ITIncident:422,train
ITIncident:424,train
ITIncident:435,train
ITIncident:442,train
ITIncident:446,test
ITIncident:450,train
ITIncident:453,train
ITIncident:456,test
ITIncident:470,test
ITIncident:480,train
ITIncident:488,train
ITIncident:495,train
ITIncident:498,train
ITIncident:502,train
ITIncident:505,train
ITIncident:508,train
ITIncident:514,train
ITIncident:517,train
ITIncident:521,train
ITIncident:547,train
ITIncident:549,train
ITIncident:553,test
ITIncident:558,train
ITIncident:563,train
ITIncident:566,train
ITIncident:574,train
ITIncident:581,test
ITIncident:587,test
ITIncident:592,test
ITIncident:602,test
ITIncident:606,train
ITIncident:616,train
ITIncident:629,train
ITIncident:633,train
ITIncident:637,train
ITIncident:646,train
ITIncident:663,train
ITIncident:670,train
ITIncident:674,train
ITIncident:684,train
ITIncident:687,train
ITIncident:695,train
ITIncident:703,train
ITIncident:711,train
ITIncident:723,train
ITIncident:741,train
ITIncident:743,train
ITIncident:755,test
ITIncident:761,train
ITIncident:767,test
ITIncident:771,train
ITIncident:783,train
ITIncident:787,test
ITIncident:796,train
ITIncident:802,train
ITIncident:808,train
ITIncident:813,train
ITIncident:815,train
ITIncident:825,train
ITIncident:846,train
ITIncident:851,train
ITIncident:857,train
ITIncident:862,test
ITIncident:869,train
ITIncident:879,train
ITIncident:887,train
ITIncident:893,test
ITIncident:903,train
ITIncident:907,test
ITIncident:912,train
ITIncident:916,test
ITIncident:922,train
ITIncident:928,test
ITIncident:934,test
ITIncident:939,train
ITIncident:941,test
ITIncident:946,train
ITIncident:950,train
ITIncident:966,train
ITIncident:971,train
ITIncident:988,train
ITIncident:991,test
ITIncident:995,train
ITIncident:998,train
ITIncident:1003,test
ITIncident:1006,train
ITIncident:1014,test
ITIncident:1019,train
ITIncident:1028,train
ITIncident:1033,test
ITIncident:1038,train
ITIncident:1045,train
ITIncident:1049,train
ITIncident:1051,train
ITIncident:1053,test
ITIncident:1058,train
ITIncident:1067,test
ITIncident:1073,test
ITIncident:1078,train
ITIncident:1087,train
ITIncident:1095,train
ITIncident:1100,train
ITIncident:1103,train
ITIncident:1109,train
ITIncident:1115,test
ITIncident:1119,train
ITIncident:1124,train
ITIncident:1128,test
ITIncident:1135,train
ITIncident:1139,train
ITIncident:1143,train
ITIncident:1147,train
ITIncident:1150,train
ITIncident:1154,train
ITIncident:1164,train
ITIncident:1173,train
ITIncident:1180,train
ITIncident:1186,train
ITIncident:1190,test
ITIncident:1202,train
ITIncident:1215,train
ITIncident:1218,train
ITIncident:1220,test
ITIncident:1233,train
ITIncident:1240,train
ITIncident:1262,train
ITIncident:1266,train
ITIncident:1276,test
ITIncident:1281,train
ITIncident:1284,test
ITIncident:1292,train
ITIncident:1296,train
ITIncident:1300,test
ITIncident:1306,train
ITIncident:1324,train
ITIncident:1328,train
ITIncident:1341,test
ITIncident:1346,train
ITIncident:1357,test
ITIncident:1363,train
ITIncident:1367,train
ITIncident:1371,train
ITIncident:1380,train
ITIncident:1393,train
ITIncident:1399,train
ITIncident:1403,train
ITIncident:1416,train
ITIncident:1423,train
ITIncident:1432,train
ITIncident:1440,train
ITIncident:1446,train
ITIncident:1452,train
ITIncident:1458,train
ITIncident:1465,train
ITIncident:1475,train
ITIncident:1482,train
ITIncident:1489,train
ITIncident:1494,train
ITIncident:1498,train
ITIncident:1503,train
ITIncident:1508,train
ITIncident:1519,train
ITIncident:1525,train
ITIncident:1531,test
ITIncident:1535,train
ITIncident:1548,train
ITIncident:1558,train
ITIncident:1561,train
ITIncident:1566,train
ITIncident:1572,train
ITIncident:1575,train
ITIncident:1581,train
ITIncident:1589,train
ITIncident:1593,test
ITIncident:1603,train
ITIncident:1606,train
ITIncident:1610,train
ITIncident:1617,train
ITIncident:1620,test
ITIncident:1645,train
ITIncident:1654,train
ITIncident:1659,train
ITIncident:1662,test
ITIncident:1670,train
ITIncident:1676,train
ITIncident:1682,train
ITIncident:1694,test
ITIncident:1705,train
ITIncident:1712,train
ITIncident:1717,train
ITIncident:1721,test
ITIncident:1743,train
ITIncident:1754,train
ITIncident:1762,train
ITIncident:1767,train
ITIncident:1774,test
ITIncident:1779,train
ITIncident:1785,train
ITIncident:1793,train
ITIncident:1801,test
ITIncident:1807,train
ITIncident:1819,train
ITIncident:1826,test
ITIncident:1832,train
ITIncident:1845,train
ITIncident:1852,train
ITIncident:1855,train
ITIncident:1859,train
ITIncident:1861,test
ITIncident:1865,test
ITIncident:1875,train
ITIncident:1891,test
ITIncident:1903,train
ITIncident:1909,train
ITIncident:1918,train
ITIncident:1925,train
ITIncident:1935,train
ITIncident:1941,train
ITIncident:1952,train
ITIncident:1957,train
ITIncident:1967,train
ITIncident:1975,train
ITIncident:1977,train
ITIncident:1988,train
ITIncident:1998,train
ITIncident:2010,train
ITIncident:2020,train
ITIncident:2026,train
ITIncident:2033,test
ITIncident:2039,train
ITIncident:2045,train
ITIncident:2054,train
ITIncident:2058,train
ITIncident:2066,train
ITIncident:2069,train
ITIncident:2077,train
ITIncident:2082,train
ITIncident:2088,train
ITIncident:2095,test
ITIncident:2101,train
ITIncident:2105,train
ITIncident:2115,train
ITIncident:2120,train
ITIncident:2125,test
ITIncident:2130,test
ITIncident:2134,train
ITIncident:2146,train
ITIncident:2152,train
ITIncident:2156,train
ITIncident:2161,train
ITIncident:2165,train
ITIncident:2174,train
ITIncident:2177,train
ITIncident:2181,train
ITIncident:2198,train
ITIncident:2201,train
ITIncident:2209,train
ITIncident:2212,train
ITIncident:2217,train
ITIncident:2223,train
ITIncident:2225,train
ITIncident:2232,train
ITIncident:2235,train
ITIncident:2241,test
ITIncident:2245,train
ITIncident:2251,train
ITIncident:2270,train
ITIncident:2275,train
ITIncident:2280,train
ITIncident:2291,train
ITIncident:2298,train
ITIncident:2301,train
ITIncident:2310,test
ITIncident:2317,train
ITIncident:2321,train
ITIncident:2327,train
ITIncident:2331,train
ITIncident:2333,train
ITIncident:2335,train
ITIncident:2338,test
ITIncident:2341,train
ITIncident:2344,train
ITIncident:2347,train
ITIncident:2350,train
ITIncident:2360,train
ITIncident:2363,train
ITIncident:2366,train
ITIncident:2370,train
ITIncident:2373,train
ITIncident:2376,train
ITIncident:2379,train
ITIncident:2384,train
ITIncident:2393,train
ITIncident:2397,train
ITIncident:2403,train
ITIncident:2406,test
ITIncident:2423,train
ITIncident:2427,train
ITIncident:2438,train
ITIncident:2442,train
ITIncident:2448,train
ITIncident:2454,train
ITIncident:2464,train
ITIncident:2480,train
ITIncident:2484,test
ITIncident:2494,train
ITIncident:2496,train
ITIncident:2503,train
ITIncident:2509,train
ITIncident:2519,train
ITIncident:2522,train
ITIncident:2532,test
ITIncident:2541,train
ITIncident:2544,train
ITIncident:2548,test
ITIncident:2552,train
ITIncident:2556,train
ITIncident:2566,train
ITIncident:2569,train
ITIncident:2574,test
ITIncident:2580,train
ITIncident:2583,train
ITIncident:2586,train
ITIncident:2588,train
ITIncident:2597,train
ITIncident:2602,train
ITIncident:2608,train
ITIncident:2612,train
ITIncident:2622,train
ITIncident:2626,train
ITIncident:2640,test
ITIncident:2658,test
ITIncident:2668,train
ITIncident:2677,train
ITIncident:2684,train
ITIncident:2692,train
ITIncident:2708,train
ITIncident:2714,train
ITIncident:2725,test
ITIncident:2729,test
ITIncident:2732,train
ITIncident:2739,train
ITIncident:2744,test
ITIncident:2750,train
ITIncident:2768,train
ITIncident:2775,train
ITIncident:2784,train
ITIncident:2787,train
ITIncident:2793,train
ITIncident:2797,test
ITIncident:2801,train
ITIncident:2808,train
ITIncident:2812,train
ITIncident:2815,test
ITIncident:2819,train
ITIncident:2823,train
ITIncident:2830,train
ITIncident:2837,train
ITIncident:2844,train
ITIncident:2850,test
ITIncident:2856,test
ITIncident:2862,train
ITIncident:2869,test
ITIncident:2883,train
ITIncident:2891,train
ITIncident:2899,test
ITIncident:2925,train
ITIncident:2936,train
ITIncident:2942,train
ITIncident:2946,train
ITIncident:2966,train
ITIncident:2970,train
ITIncident:2979,train
ITIncident:2983,train
ITIncident:2988,train
ITIncident:2991,train
ITIncident:2999,train
ITIncident:3004,train
ITIncident:3011,train
ITIncident:3018,train
ITIncident:3026,train
ITIncident:3033,train
ITIncident:3037,train
ITIncident:3043,train
ITIncident:3048,train
ITIncident:3055,train
ITIncident:3058,train
ITIncident:3070,test
ITIncident:3077,train
ITIncident:3080,train
ITIncident:3090,train
ITIncident:3094,train
ITIncident:3100,train
ITIncident:3105,train
ITIncident:3111,train
ITIncident:3116,train
ITIncident:3129,train
ITIncident:3132,test
ITIncident:3137,train
ITIncident:3142,train
ITIncident:3149,train
ITIncident:3154,train
ITIncident:3162,train
ITIncident:3169,train
ITIncident:3174,train
ITIncident:3181,train
ITIncident:3186,train
ITIncident:3191,train
ITIncident:3197,train
ITIncident:3202,train
ITIncident:3214,train
ITIncident:3221,train
ITIncident:3235,train
ITIncident:3240,train
ITIncident:3255,test
ITIncident:3274,train
ITIncident:3284,train
ITIncident:3290,train
ITIncident:3304,test
ITIncident:3325,train
ITIncident:3334,train
ITIncident:3341,test
ITIncident:3360,train
ITIncident:3365,train
ITIncident:3370,train
ITIncident:3379,train
ITIncident:3384,train
ITIncident:3395,train
ITIncident:3403,train
ITIncident:3410,train
ITIncident:3422,train
ITIncident:3428,train
ITIncident:3443,test
ITIncident:3447,train
ITIncident:3455,test
ITIncident:3460,train
ITIncident:3464,train
ITIncident:3473,train
ITIncident:3476,test
ITIncident:3479,train
ITIncident:3482,train
ITIncident:3485,train
ITIncident:3489,train
ITIncident:3494,train
ITIncident:3497,train
ITIncident:3501,test
ITIncident:3505,train
ITIncident:3525,train
ITIncident:3530,train
ITIncident:3532,test
ITIncident:3535,train
ITIncident:3539,test
ITIncident:3542,train
ITIncident:3549,train
ITIncident:3552,train
ITIncident:3557,train
ITIncident:3560,train
ITIncident:3568,train
ITIncident:3577,train
ITIncident:3581,train
ITIncident:3586,train
ITIncident:3589,train
ITIncident:3605,train
ITIncident:3610,train
ITIncident:3623,test
ITIncident:3630,train
ITIncident:3649,train
ITIncident:3656,train
ITIncident:3669,train
ITIncident:3682,train
ITIncident:3696,train
ITIncident:3701,train
ITIncident:3704,test
ITIncident:3707,train
ITIncident:3713,train
ITIncident:3721,train
ITIncident:3735,test
ITIncident:3740,train
ITIncident:3768,test
ITIncident:3775,train
ITIncident:3781,train
ITIncident:3785,train
ITIncident:3794,test
ITIncident:3803,train
ITIncident:3813,train
ITIncident:3817,train
ITIncident:3821,train
ITIncident:3830,train
ITIncident:3840,train
ITIncident:3844,train
ITIncident:3850,train
ITIncident:3857,train
ITIncident:3862,train
ITIncident:3868,test
ITIncident:3871,train
ITIncident:3874,train
ITIncident:3884,test
ITIncident:3896,test
ITIncident:3899,train
ITIncident:3902,train
ITIncident:3917,train
ITIncident:3922,train
ITIncident:3928,train
ITIncident:3944,train
ITIncident:3951,test
ITIncident:3955,test
ITIncident:3962,train
ITIncident:3967,train
ITIncident:3974,train
ITIncident:3983,train
ITIncident:3990,test
ITIncident:4004,train
ITIncident:4011,train
ITIncident:4028,test
ITIncident:4033,train
ITIncident:4038,train
ITIncident:4045,train
ITIncident:4048,train
ITIncident:4051,test
ITIncident:4055,train
ITIncident:4060,train
ITIncident:4082,train
ITIncident:4087,train
ITIncident:4094,test
ITIncident:4109,train
ITIncident:4113,test
ITIncident:4119,train
ITIncident:4127,test
ITIncident:4131,test
ITIncident:4136,train
ITIncident:4145,train
ITIncident:4149,train
ITIncident:4154,train
ITIncident:4158,train
ITIncident:4166,train
ITIncident:4177,train
ITIncident:4185,train
ITIncident:4191,train
ITIncident:4196,train
ITIncident:4200,test
ITIncident:4210,train
ITIncident:4214,test
ITIncident:4223,train
ITIncident:4229,train
ITIncident:4233,train
ITIncident:4244,test
ITIncident:4254,train
ITIncident:4258,train
ITIncident:4263,train
ITIncident:4267,train
ITIncident:4274,train
ITIncident:4279,test
ITIncident:4284,train
ITIncident:4289,train
ITIncident:4293,train
ITIncident:4297,train
ITIncident:4301,train
ITIncident:4306,train
ITIncident:4315,test
ITIncident:4319,train
ITIncident:4323,train
ITIncident:4325,train
ITIncident:4332,train
ITIncident:4336,train
ITIncident:4340,train
ITIncident:4358,train
ITIncident:4375,train
ITIncident:4392,train
ITIncident:4396,train
ITIncident:4400,train
ITIncident:4411,train
ITIncident:4415,train
ITIncident:4419,train
ITIncident:4427,train
ITIncident:4432,train
ITIncident:4436,train
ITIncident:4438,test
ITIncident:4445,train
ITIncident:4449,train
ITIncident:4452,train
ITIncident:4455,train
ITIncident:4457,test
ITIncident:4461,train
ITIncident:4464,train
ITIncident:4472,test
ITIncident:4478,test
ITIncident:4481,test
ITIncident:4485,train
ITIncident:4490,train
ITIncident:4498,train
ITIncident:4505,train
ITIncident:4508,train
ITIncident:4511,test
ITIncident:4522,train
ITIncident:4525,train
ITIncident:4529,train
ITIncident:4536,test
ITIncident:4539,train
ITIncident:4543,test
ITIncident:4546,train
ITIncident:4553,train
ITIncident:4559,train
ITIncident:4571,test
ITIncident:4575,train
ITIncident:4580,train
ITIncident:4592,train
ITIncident:4596,train
ITIncident:4601,train
ITIncident:4605,train
ITIncident:4612,train
ITIncident:4614,train
ITIncident:4631,train
ITIncident:4635,train
ITIncident:4650,train
ITIncident:4656,train
ITIncident:4660,test
ITIncident:4663,train
ITIncident:4666,train
ITIncident:4669,test
ITIncident:4676,train
ITIncident:4684,train
ITIncident:4700,train
ITIncident:4708,test
ITIncident:4714,train
ITIncident:4729,train
ITIncident:4734,train
ITIncident:4736,train
ITIncident:4740,test
ITIncident:4745,test
ITIncident:4759,train
ITIncident:4762,train
ITIncident:4769,train
ITIncident:4775,train
ITIncident:4779,train
ITIncident:4786,train
ITIncident:4795,test
ITIncident:4802,train
ITIncident:4821,test
ITIncident:4829,test
ITIncident:4838,train
ITIncident:4843,train
ITIncident:4849,test
ITIncident:4853,train
ITIncident:4865,train
ITIncident:4869,train
ITIncident:4874,train
ITIncident:4884,test
ITIncident:4891,train
ITIncident:4905,train
ITIncident:4912,train
ITIncident:4919,train
ITIncident:4924,train
ITIncident:4929,test
ITIncident:4934,train
ITIncident:4946,train
ITIncident:4949,train
ITIncident:4957,train
ITIncident:4963,test
ITIncident:4968,test
ITIncident:4974,train
ITIncident:4988,train
ITIncident:5003,train
ITIncident:5007,train
ITIncident:5018,train
ITIncident:5023,train
ITIncident:5030,train
ITIncident:5033,train
ITIncident:5041,train
ITIncident:5044,train
ITIncident:5050,train
ITIncident:5053,train
ITIncident:5059,train
ITIncident:5065,train
ITIncident:5071,train
ITIncident:5078,test
ITIncident:5082,test
ITIncident:5093,train
ITIncident:5104,train
ITIncident:5116,train
ITIncident:5133,train
ITIncident:5139,train
ITIncident:5147,train
ITIncident:5155,train
ITIncident:5163,train
ITIncident:5169,train
ITIncident:5174,train
ITIncident:5183,train
ITIncident:5203,train
ITIncident:5206,train
ITIncident:5226,train
ITIncident:5240,train
ITIncident:5246,test
ITIncident:5248,train
ITIncident:5254,train
ITIncident:5260,train
ITIncident:5271,test
ITIncident:5280,train
ITIncident:5287,train
ITIncident:5296,train
ITIncident:5301,train
ITIncident:5311,test
ITIncident:5318,train
ITIncident:5326,train
ITIncident:5331,train
ITIncident:5335,train
ITIncident:5345,train
ITIncident:5351,test
ITIncident:5353,train
ITIncident:5356,train
ITIncident:5360,train
ITIncident:5362,train
ITIncident:5368,train
ITIncident:5384,train
ITIncident:5391,train
ITIncident:5397,train
ITIncident:5403,train
ITIncident:5411,train
ITIncident:5414,train
ITIncident:5416,train
ITIncident:5419,train
ITIncident:5424,train
ITIncident:5427,test
ITIncident:5435,train
ITIncident:5440,train
ITIncident:5444,test
ITIncident:5450,train
ITIncident:5455,test
ITIncident:5461,test
ITIncident:5479,train
ITIncident:5483,test
ITIncident:5486,train
ITIncident:5491,train
ITIncident:5495,train
ITIncident:5498,train
ITIncident:5503,train
ITIncident:5507,train
ITIncident:5514,train
ITIncident:5519,train
ITIncident:5526,train
ITIncident:5532,train
ITIncident:5535,train
ITIncident:5538,test
ITIncident:5541,train
ITIncident:5543,train
ITIncident:5551,train
ITIncident:5559,test
ITIncident:5566,train
ITIncident:5572,train
ITIncident:5575,train
ITIncident:5582,test
ITIncident:5590,test
ITIncident:5592,train
ITIncident:5596,train
ITIncident:5610,test
ITIncident:5627,train
ITIncident:5635,train
ITIncident:5646,train
ITIncident:5650,train
ITIncident:5655,train
ITIncident:5659,train
ITIncident:5662,test
ITIncident:5666,train
ITIncident:5670,test
ITIncident:5674,train
ITIncident:5677,train
ITIncident:5681,test
ITIncident:5685,train
ITIncident:5692,train
ITIncident:5695,train
ITIncident:5701,train
ITIncident:5705,test
ITIncident:5708,train
ITIncident:5712,train
ITIncident:5715,train
ITIncident:5723,train
ITIncident:5727,train
ITIncident:5731,train
ITIncident:5735,train
ITIncident:5738,train
ITIncident:5753,train
ITIncident:5758,test
ITIncident:5761,train
ITIncident:5764,train
ITIncident:5769,train
ITIncident:5772,train
ITIncident:5776,train
ITIncident:5781,test
ITIncident:5785,train
ITIncident:5797,train
ITIncident:5804,train
ITIncident:5808,train
ITIncident:5814,train
ITIncident:5817,train
ITIncident:5826,train
ITIncident:5830,train
ITIncident:5848,train
ITIncident:5861,train
ITIncident:5864,test
ITIncident:5874,train
ITIncident:5882,train
ITIncident:5888,train
ITIncident:5891,train
ITIncident:5897,test
ITIncident:5901,train
ITIncident:5905,train
ITIncident:5910,train
ITIncident:5913,test
ITIncident:5916,train
ITIncident:5919,train
ITIncident:5929,test
ITIncident:5941,train
ITIncident:5948,train
ITIncident:5954,train
ITIncident:5963,train
ITIncident:5967,train
ITIncident:5973,train
ITIncident:5979,train
ITIncident:5987,train
ITIncident:5991,test
ITIncident:5997,test
ITIncident:6001,test
ITIncident:6014,train
ITIncident:6025,test
ITIncident:6035,test
ITIncident:6045,train
ITIncident:6054,train
ITIncident:6057,train
ITIncident:6083,train
ITIncident:6090,train
ITIncident:6096,train
ITIncident:6102,train
ITIncident:6120,train
ITIncident:6123,train
ITIncident:6130,train
ITIncident:6135,train
ITIncident:6139,train
ITIncident:6144,train
ITIncident:6147,train
ITIncident:6173,train
ITIncident:6188,train
ITIncident:6192,train
ITIncident:6199,test
ITIncident:6206,train
ITIncident:6217,train
ITIncident:6226,test
ITIncident:6234,train
ITIncident:6247,train
ITIncident:6264,train
ITIncident:6270,train
ITIncident:6277,test
ITIncident:6293,train
ITIncident:6299,train
ITIncident:6311,test
ITIncident:6315,train
ITIncident:6320,train
ITIncident:6323,test
ITIncident:6326,train
ITIncident:6331,train
ITIncident:6337,test
ITIncident:6343,train
ITIncident:6347,train
ITIncident:6362,train
ITIncident:6365,train
ITIncident:6369,test
ITIncident:6373,train
ITIncident:6378,train
ITIncident:6382,test
ITIncident:6396,train
ITIncident:6403,train
ITIncident:6407,train
ITIncident:6411,train
ITIncident:6415,train
ITIncident:6419,train
ITIncident:6432,train
ITIncident:6442,train
ITIncident:6448,train
ITIncident:6457,train
ITIncident:6462,test
ITIncident:6465,test
ITIncident:6470,train
ITIncident:6476,train
ITIncident:6488,train
ITIncident:6495,train
ITIncident:6498,train
ITIncident:6501,train
ITIncident:6505,train
ITIncident:6515,test
ITIncident:6521,test
ITIncident:6526,test
ITIncident:6529,test
ITIncident:6538,train
ITIncident:6542,train
ITIncident:6544,test
ITIncident:6553,train
ITIncident:6562,train
ITIncident:6569,train
ITIncident:6577,train
ITIncident:6582,train
ITIncident:6584,test
ITIncident:6596,train
ITIncident:6607,train
ITIncident:6610,train
ITIncident:6612,train
ITIncident:6616,train
ITIncident:6637,train
ITIncident:6641,train
ITIncident:6644,train
ITIncident:6647,train
ITIncident:6650,train
ITIncident:6653,train
ITIncident:6657,test
ITIncident:6670,train
ITIncident:6679,train
ITIncident:6694,train
ITIncident:6698,test
ITIncident:6703,train
ITIncident:6707,train
ITIncident:6711,train
ITIncident:6717,test
ITIncident:6723,train
ITIncident:6726,train
ITIncident:6729,train
ITIncident:6733,train
ITIncident:6738,test
ITIncident:6747,train
ITIncident:6754,train
ITIncident:6759,test
ITIncident:6765,train
ITIncident:6775,test
ITIncident:6783,train
ITIncident:6793,train
ITIncident:6797,test
ITIncident:6800,train
ITIncident:6809,test
ITIncident:6828,train
ITIncident:6833,train
ITIncident:6837,train
ITIncident:6845,train
ITIncident:6856,train
ITIncident:6865,train
ITIncident:6867,train
ITIncident:6885,train
ITIncident:6888,train
ITIncident:6892,train
ITIncident:6898,train
ITIncident:6903,train
ITIncident:6906,test
ITIncident:6910,train
ITIncident:6913,test
ITIncident:6918,test
ITIncident:6923,train
ITIncident:6927,train
ITIncident:6931,train
ITIncident:6939,train
ITIncident:6945,train
ITIncident:6948,test
ITIncident:6957,train
ITIncident:6969,train
ITIncident:6982,test
ITIncident:6992,test
ITIncident:7005,train
ITIncident:7008,train
ITIncident:7011,train
ITIncident:7019,train
ITIncident:7027,train
ITIncident:7033,train
ITIncident:7040,train
ITIncident:7051,test
ITIncident:7057,test
ITIncident:7062,train
ITIncident:7066,test
ITIncident:7069,train
ITIncident:7076,train
ITIncident:7079,train
ITIncident:7092,train
ITIncident:7097,test
ITIncident:7106,test
ITIncident:7109,train
ITIncident:7118,train
ITIncident:7125,train
ITIncident:7129,train
ITIncident:7136,train
ITIncident:7150,train
ITIncident:7155,train
ITIncident:7161,train
ITIncident:7173,train
ITIncident:7177,train
ITIncident:7185,train
ITIncident:7197,train
ITIncident:7202,train
ITIncident:7206,test
ITIncident:7216,test
ITIncident:7222,test
ITIncident:7232,test
ITIncident:7235,train
ITIncident:7242,train
ITIncident:7245,train
ITIncident:7249,test
ITIncident:7253,train
ITIncident:7257,train
ITIncident:7270,train
ITIncident:7278,train
ITIncident:7288,train
ITIncident:7291,train
ITIncident:7294,test
ITIncident:7303,train
ITIncident:7307,train
ITIncident:7315,train
ITIncident:7319,train
ITIncident:7323,test
ITIncident:7337,train
ITIncident:7341,train
ITIncident:7345,train
ITIncident:7351,train
ITIncident:7362,train
ITIncident:7373,train
ITIncident:7376,train
ITIncident:7380,train
ITIncident:7383,train
ITIncident:7390,train
ITIncident:7393,train
ITIncident:7398,train
ITIncident:7402,train
ITIncident:7407,train
ITIncident:7419,test
ITIncident:7421,train
ITIncident:7429,train
ITIncident:7435,train
ITIncident:7442,train
ITIncident:7447,train
ITIncident:7465,train
ITIncident:7470,train
ITIncident:7479,test
ITIncident:7482,train
ITIncident:7490,train
ITIncident:7501,train
ITIncident:7507,train
ITIncident:7516,train
ITIncident:7531,train
ITIncident:7537,train
ITIncident:7542,train
ITIncident:7550,train
ITIncident:7556,train
ITIncident:7570,test
ITIncident:7579,test
ITIncident:7586,test
ITIncident:7596,test
ITIncident:7602,train
ITIncident:7605,train
ITIncident:7625,train
ITIncident:7629,train
ITIncident:7638,train
ITIncident:7655,train
ITIncident:7659,train
ITIncident:7667,train
ITIncident:7675,train
ITIncident:7682,train
ITIncident:7686,train
ITIncident:7694,test
ITIncident:7707,train
ITIncident:7716,test
ITIncident:7720,train
ITIncident:7726,train
ITIncident:7733,train
ITIncident:7747,test
ITIncident:7750,train
ITIncident:7760,train
ITIncident:7767,train
ITIncident:7788,train
ITIncident:7791,train
ITIncident:7802,test
ITIncident:7806,train
ITIncident:7811,test
ITIncident:7816,train
ITIncident:7825,train
ITIncident:7830,train
ITIncident:7835,train
ITIncident:7845,train
ITIncident:7860,train
ITIncident:7863,test
ITIncident:7869,test
ITIncident:7873,train
ITIncident:7882,train
ITIncident:7886,train
ITIncident:7895,train
ITIncident:7898,train
ITIncident:7906,train
ITIncident:7921,train
ITIncident:7924,test
ITIncident:7940,train
ITIncident:7943,train
ITIncident:7954,train
ITIncident:7957,train
ITIncident:7968,test
ITIncident:7972,train
ITIncident:7977,train
ITIncident:7983,train
ITIncident:7987,train
ITIncident:7995,train
ITIncident:8002,test
ITIncident:8005,train
ITIncident:8009,train
ITIncident:8012,test
ITIncident:8026,train
ITIncident:8033,train
ITIncident:8045,train
ITIncident:8048,train
ITIncident:8055,train
ITIncident:8058,train
ITIncident:8062,train
ITIncident:8065,train
ITIncident:8072,train
ITIncident:8084,test
ITIncident:8093,train
ITIncident:8102,test
ITIncident:8111,train
ITIncident:8118,train
ITIncident:8122,train
ITIncident:8132,train
ITIncident:8145,train
ITIncident:8149,train
ITIncident:8153,train
ITIncident:8157,train
ITIncident:8159,test
ITIncident:8167,train
ITIncident:8190,train
ITIncident:8195,train
ITIncident:8198,train
ITIncident:8202,train
ITIncident:8204,train
ITIncident:8207,train
ITIncident:8230,train
ITIncident:8243,train
ITIncident:8246,train
ITIncident:8253,train
ITIncident:8259,train
ITIncident:8267,train
ITIncident:8272,train
ITIncident:8277,train
ITIncident:8280,train
ITIncident:8285,train
ITIncident:8294,train
ITIncident:8303,train
ITIncident:8309,train
ITIncident:8318,train
ITIncident:8322,test
ITIncident:8331,train
ITIncident:8336,train
ITIncident:8342,train
ITIncident:8347,train
ITIncident:8351,train
ITIncident:8354,test
ITIncident:8360,train
ITIncident:8364,train
ITIncident:8371,train
ITIncident:8378,train
ITIncident:8386,train
ITIncident:8391,train
ITIncident:8408,test
ITIncident:8416,train
ITIncident:8422,train
ITIncident:8429,train
ITIncident:8439,test
ITIncident:8446,train
ITIncident:8455,train
ITIncident:8467,train
ITIncident:8472,train
ITIncident:8485,train
ITIncident:8491,train
ITIncident:8498,train
ITIncident:8507,train
ITIncident:8512,train
ITIncident:8517,test
ITIncident:8522,test
ITIncident:8532,train
ITIncident:8536,test
ITIncident:8539,train
ITIncident:8544,train
ITIncident:8548,train
ITIncident:8554,train
ITIncident:8561,test
ITIncident:8568,train
ITIncident:8574,train
ITIncident:8581,train
ITIncident:8590,train
ITIncident:8594,train
ITIncident:8599,test
ITIncident:8603,test
ITIncident:8608,train
ITIncident:8620,train
ITIncident:8625,train
ITIncident:8630,test
ITIncident:8641,test
ITIncident:8647,train
ITIncident:8652,train
ITIncident:8657,train
ITIncident:8660,test
ITIncident:8667,test
ITIncident:8670,train
ITIncident:8677,train
ITIncident:8680,train
ITIncident:8692,train
ITIncident:8696,train
ITIncident:8710,test
ITIncident:8717,train
ITIncident:8722,train
ITIncident:8730,train
ITIncident:8737,train
ITIncident:8746,train
ITIncident:8749,train
ITIncident:8753,train
ITIncident:8762,test
ITIncident:8768,train
ITIncident:8781,train
ITIncident:8787,test
ITIncident:8797,train
ITIncident:8802,train
ITIncident:8812,train
ITIncident:8824,train
ITIncident:8831,train
ITIncident:8843,train
ITIncident:8851,test
ITIncident:8856,train
ITIncident:8865,train
ITIncident:8868,train
ITIncident:8875,train
ITIncident:8882,test
ITIncident:8891,train
ITIncident:8901,train
ITIncident:8908,test
ITIncident:8917,test
ITIncident:8922,train
ITIncident:8932,train
ITIncident:8937,train
ITIncident:8943,train
ITIncident:8955,train
ITIncident:8959,train
ITIncident:8966,test
ITIncident:8976,train
ITIncident:8980,train
ITIncident:9001,train
ITIncident:9005,test
ITIncident:9009,train
ITIncident:9019,test
ITIncident:9024,test
ITIncident:9041,train
ITIncident:9048,train
ITIncident:9052,train
ITIncident:9058,train
ITIncident:9062,train
ITIncident:9066,train
ITIncident:9070,train
ITIncident:9090,train
ITIncident:9099,train
ITIncident:9115,test
ITIncident:9124,test
ITIncident:9128,train
ITIncident:9135,test
ITIncident:9144,train
ITIncident:9150,train
ITIncident:9154,train
ITIncident:9160,train
ITIncident:9168,test
ITIncident:9179,train
ITIncident:9186,train
ITIncident:9190,train
ITIncident:9198,train
ITIncident:9208,train
ITIncident:9213,train
ITIncident:9220,train
ITIncident:9256,train
ITIncident:9260,train
ITIncident:9266,test
ITIncident:9272,train
ITIncident:9276,train
ITIncident:9283,train
ITIncident:9297,train
ITIncident:9301,train
ITIncident:9309,train
ITIncident:9315,test
ITIncident:9336,test
ITIncident:9347,train
ITIncident:9364,train
ITIncident:9371,train
ITIncident:9384,test
ITIncident:9394,test
ITIncident:9400,train
ITIncident:9409,train
ITIncident:9411,train
ITIncident:9417,test
ITIncident:9420,train
ITIncident:9425,test
ITIncident:9435,train
ITIncident:9439,train
ITIncident:9445,train
ITIncident:9450,test
ITIncident:9456,train
ITIncident:9458,train
ITIncident:9462,train
ITIncident:9465,test
ITIncident:9472,test
ITIncident:9483,train
ITIncident:9488,train
ITIncident:9492,train
ITIncident:9505,train
ITIncident:9511,test
ITIncident:9518,train
ITIncident:9529,test
ITIncident:9533,test
ITIncident:9536,train
ITIncident:9539,train
ITIncident:9548,train
ITIncident:9558,test
ITIncident:9562,test
ITIncident:9565,train
ITIncident:9577,test
ITIncident:9581,test
ITIncident:9584,train
ITIncident:9597,train
ITIncident:9602,train
ITIncident:9617,train
ITIncident:9623,train
ITIncident:9633,train
ITIncident:9639,train
ITIncident:9643,train
ITIncident:9651,test
ITIncident:9655,train
ITIncident:9660,train
ITIncident:9668,train
ITIncident:9672,train
ITIncident:9677,train
ITIncident:9684,train
ITIncident:9687,train
ITIncident:9690,train
ITIncident:9702,train
ITIncident:9710,train
ITIncident:9714,test
ITIncident:9717,train
ITIncident:9720,train
ITIncident:9723,train
ITIncident:9729,train
ITIncident:9735,test
ITIncident:9740,train
ITIncident:9747,train
ITIncident:9754,train
ITIncident:9757,test
ITIncident:9772,train
ITIncident:9779,train
ITIncident:9790,train
ITIncident:9798,train
ITIncident:9804,train
ITIncident:9816,train
ITIncident:9825,train
ITIncident:9831,test
ITIncident:9843,train
ITIncident:9851,test
ITIncident:9855,train
ITIncident:9858,test
ITIncident:9862,train
ITIncident:9874,train
ITIncident:9879,train
ITIncident:9885,train
ITIncident:9892,train
ITIncident:9896,train
ITIncident:9916,train
ITIncident:9922,test
ITIncident:9934,train
ITIncident:9949,train
ITIncident:9954,test
ITIncident:9962,train
ITIncident:9967,train
ITIncident:9976,train
ITIncident:9982,train
ITIncident:9989,train
ITIncident:9995,train
ITIncident:10002,test
ITIncident:10007,train
ITIncident:10011,train
ITIncident:10015,train
ITIncident:10028,train
ITIncident:10033,train
ITIncident:10037,train
ITIncident:10053,train
ITIncident:10057,train
ITIncident:10063,train
ITIncident:10077,test
ITIncident:10081,test
ITIncident:10088,test
ITIncident:10093,train
ITIncident:10100,train
ITIncident:10103,test
ITIncident:10107,train
ITIncident:10112,train
ITIncident:10116,train
ITIncident:10120,train
ITIncident:10124,train
ITIncident:10136,train
ITIncident:10153,train
ITIncident:10157,test
ITIncident:10160,train
ITIncident:10164,test
ITIncident:10168,test
ITIncident:10173,train
ITIncident:10183,test
ITIncident:10188,test
ITIncident:10196,train
ITIncident:10203,test
ITIncident:10207,test
ITIncident:10218,train
ITIncident:10223,train
ITIncident:10227,train
ITIncident:10231,test
ITIncident:10235,train
ITIncident:10241,test
ITIncident:10243,train
ITIncident:10246,train
ITIncident:10252,train
ITIncident:10278,train
ITIncident:10291,train
ITIncident:10298,train
ITIncident:10315,train
ITIncident:10331,train
ITIncident:10336,train
ITIncident:10341,train
ITIncident:10343,train
ITIncident:10347,train
ITIncident:10356,test
ITIncident:10365,train
ITIncident:10376,train
ITIncident:10382,test
ITIncident:10385,train
ITIncident:10395,train
ITIncident:10399,train
ITIncident:10407,train
ITIncident:10412,train
ITIncident:10416,train
ITIncident:10422,train
ITIncident:10432,test
ITIncident:10441,train
ITIncident:10448,train
ITIncident:10450,test
ITIncident:10460,train
ITIncident:10466,train
ITIncident:10470,train
ITIncident:10481,train
ITIncident:10489,train
ITIncident:10495,train
ITIncident:10502,train
ITIncident:10507,train
ITIncident:10511,train
ITIncident:10515,train
ITIncident:10525,train
ITIncident:10532,train
ITIncident:10536,train
ITIncident:10541,train
ITIncident:10548,test
ITIncident:10557,test
ITIncident:10582,train
ITIncident:10594,train
ITIncident:10599,train
ITIncident:10606,train
ITIncident:10611,train
ITIncident:10632,train
ITIncident:10637,train
ITIncident:10644,train
ITIncident:10646,test
ITIncident:10649,train
ITIncident:10655,train
ITIncident:10658,train
ITIncident:10662,train
ITIncident:10680,test
ITIncident:10686,train
ITIncident:10689,train
ITIncident:10698,train
ITIncident:10708,train
ITIncident:10716,test
ITIncident:10726,train
ITIncident:10733,train
ITIncident:10736,test
ITIncident:10750,test
ITIncident:10759,train
ITIncident:10765,train
ITIncident:10771,train
ITIncident:10781,train
ITIncident:10789,train
ITIncident:10793,train
ITIncident:10801,train
ITIncident:10813,train
ITIncident:10820,test
ITIncident:10824,test
ITIncident:10826,train
ITIncident:10831,train
ITIncident:10840,train
ITIncident:10851,train
ITIncident:10853,test
ITIncident:10860,train
ITIncident:10863,train
ITIncident:10869,train
ITIncident:10889,test
ITIncident:10897,train
ITIncident:10903,train
ITIncident:10910,train
ITIncident:10915,train
ITIncident:10918,train
ITIncident:10922,train
ITIncident:10926,test
ITIncident:10929,train
ITIncident:10933,test
ITIncident:10942,train
ITIncident:10945,train
ITIncident:10951,test
ITIncident:10958,test
ITIncident:10967,train
ITIncident:10970,train
ITIncident:10978,train
ITIncident:10995,test
ITIncident:11018,train
ITIncident:11026,train
ITIncident:11030,train
ITIncident:11037,train
ITIncident:11053,train
ITIncident:11062,train
ITIncident:11068,train
ITIncident:11073,train
ITIncident:11085,train
ITIncident:11090,train
ITIncident:11096,train
ITIncident:11102,train
ITIncident:11114,train
ITIncident:11124,train
ITIncident:11132,test
ITIncident:11138,train
ITIncident:11149,train
ITIncident:11153,train
ITIncident:11156,train
ITIncident:11159,train
ITIncident:11165,train
ITIncident:11174,train
ITIncident:11179,train
ITIncident:11191,train
ITIncident:11207,test
ITIncident:11209,test
ITIncident:11215,train
ITIncident:11225,train
ITIncident:11232,train
ITIncident:11257,train
ITIncident:11263,train
ITIncident:11273,test
ITIncident:11279,train
ITIncident:11283,train
ITIncident:11288,train
ITIncident:11291,train
ITIncident:11293,train
ITIncident:11299,train
ITIncident:11303,train
ITIncident:11305,train
ITIncident:11314,test
ITIncident:11327,train
ITIncident:11330,train
ITIncident:11346,train
ITIncident:11350,train
ITIncident:11356,train
ITIncident:11369,train
ITIncident:11373,train
ITIncident:11380,train
ITIncident:11382,train
ITIncident:11386,train
ITIncident:11392,train
ITIncident:11399,train
ITIncident:11404,train
ITIncident:11415,train
ITIncident:11419,train
ITIncident:11427,test
ITIncident:11445,test
ITIncident:11453,test
ITIncident:11457,train
ITIncident:11464,train
ITIncident:11467,train
ITIncident:11471,train
ITIncident:11475,train
ITIncident:11479,train
ITIncident:11489,train
ITIncident:11495,test
ITIncident:11499,train
ITIncident:11509,test
ITIncident:11513,train
ITIncident:11521,train
ITIncident:11527,train
ITIncident:11545,train
ITIncident:11554,train
ITIncident:11559,test
ITIncident:11569,train
ITIncident:11575,train
ITIncident:11579,test
ITIncident:11589,test
ITIncident:11592,train
ITIncident:11600,train
ITIncident:11618,train
ITIncident:11621,train
ITIncident:11627,test
ITIncident:11634,train
ITIncident:11644,train
ITIncident:11653,train
ITIncident:11662,train
ITIncident:11666,train
ITIncident:11680,train
ITIncident:11688,train
ITIncident:11693,train
ITIncident:11698,train
ITIncident:11707,train
ITIncident:11718,train
ITIncident:11735,train
ITIncident:11746,test
ITIncident:11748,train
ITIncident:11752,train
ITIncident:11766,train
ITIncident:11771,test
ITIncident:11773,train
ITIncident:11777,test
ITIncident:11793,test
ITIncident:11805,test
ITIncident:11813,train
ITIncident:11821,train
ITIncident:11827,train
ITIncident:11835,train
ITIncident:11837,train
ITIncident:11842,train
ITIncident:11850,train
ITIncident:11854,train
ITIncident:11868,train
ITIncident:11872,test
ITIncident:11880,train
ITIncident:11894,train
ITIncident:11904,train
ITIncident:11909,train
ITIncident:11913,train
ITIncident:11920,train
ITIncident:11939,train
ITIncident:11942,train
ITIncident:11948,train
ITIncident:11960,train
ITIncident:11970,test
ITIncident:11978,train
ITIncident:11985,train
ITIncident:11989,train
ITIncident:12000,test
ITIncident:12009,train
ITIncident:12015,train
ITIncident:12020,train
ITIncident:12036,test
ITIncident:12040,train
ITIncident:12043,train
ITIncident:12061,train
ITIncident:12069,train
ITIncident:12077,test
ITIncident:12090,train
ITIncident:12094,train
ITIncident:12104,train
ITIncident:12114,test
ITIncident:12121,train
ITIncident:12128,train
ITIncident:12130,train
ITIncident:12134,train
ITIncident:12138,train
ITIncident:12151,train
ITIncident:12154,train
ITIncident:12158,train
ITIncident:12164,test
ITIncident:12170,train
ITIncident:12178,train
ITIncident:12183,train
ITIncident:12187,train
ITIncident:12196,test
ITIncident:12203,train
ITIncident:12211,train
ITIncident:12214,train
ITIncident:12223,train
ITIncident:12231,train
ITIncident:12237,train
ITIncident:12243,test
ITIncident:12253,train
ITIncident:12261,train
ITIncident:12272,test
ITIncident:12280,train
ITIncident:12287,train
ITIncident:12289,train
ITIncident:12296,train
ITIncident:12302,train
ITIncident:12305,train
ITIncident:12309,train
ITIncident:12311,train
ITIncident:12313,train
ITIncident:12329,train
ITIncident:12331,test
ITIncident:12355,train
ITIncident:12364,test
ITIncident:12369,test
ITIncident:12374,train
ITIncident:12390,train
ITIncident:12395,test
ITIncident:12409,train
ITIncident:12421,train
ITIncident:12427,train
ITIncident:12440,test
ITIncident:12449,train
ITIncident:12461,train
ITIncident:12469,train
ITIncident:12477,train
ITIncident:12483,test
ITIncident:12495,train
ITIncident:12497,train
ITIncident:12499,train
ITIncident:12503,train
ITIncident:12511,train
ITIncident:12513,train
ITIncident:12517,train
ITIncident:12522,train
ITIncident:12526,train
ITIncident:12529,train
ITIncident:12534,train
ITIncident:12537,train
ITIncident:12553,test
ITIncident:12560,train
ITIncident:12568,train
ITIncident:12588,train
ITIncident:12591,train
ITIncident:12594,train
ITIncident:12597,train
ITIncident:12600,train
ITIncident:12603,train
ITIncident:12608,train
ITIncident:12614,test
ITIncident:12616,train
ITIncident:12621,test
ITIncident:12638,test
ITIncident:12649,train
ITIncident:12661,train
ITIncident:12666,test
ITIncident:12673,train
ITIncident:12678,train
ITIncident:12682,train
ITIncident:12689,train
ITIncident:12698,train
ITIncident:12719,train
ITIncident:12738,test
ITIncident:12741,train
ITIncident:12744,train
ITIncident:12747,train
ITIncident:12750,train
ITIncident:12753,train
ITIncident:12756,train
ITIncident:12759,train
ITIncident:12765,train
ITIncident:12769,train
ITIncident:12780,train
ITIncident:12790,test
ITIncident:12793,train
ITIncident:12796,train
ITIncident:12805,train
ITIncident:12808,train
ITIncident:12811,train
ITIncident:12814,train
ITIncident:12822,train
ITIncident:12828,test
ITIncident:12831,train
ITIncident:12835,train
ITIncident:12841,train
ITIncident:12845,train
ITIncident:12848,test
ITIncident:12857,train
ITIncident:12862,train
ITIncident:12872,train
ITIncident:12877,train
ITIncident:12881,train
ITIncident:12884,train
ITIncident:12886,train
ITIncident:12888,train
ITIncident:12895,train
ITIncident:12897,test
ITIncident:12907,train
ITIncident:12911,train
ITIncident:12922,test
ITIncident:12934,train
ITIncident:12937,train
ITIncident:12951,train
ITIncident:12954,train
ITIncident:12961,train
ITIncident:12972,train
ITIncident:12992,train
ITIncident:13002,train
ITIncident:13009,train
ITIncident:13019,test
ITIncident:13024,train
ITIncident:13033,train
ITIncident:13036,train
ITIncident:13042,train
ITIncident:13047,train
ITIncident:13056,train
ITIncident:13066,train
ITIncident:13072,train
ITIncident:13080,train
ITIncident:13088,train
ITIncident:13091,train
ITIncident:13094,train
ITIncident:13096,train
ITIncident:13099,test
ITIncident:13102,train
ITIncident:13123,train
ITIncident:13126,train
ITIncident:13135,train
ITIncident:13144,test
ITIncident:13160,train
ITIncident:13165,train
ITIncident:13168,train
ITIncident:13172,test
ITIncident:13181,test
ITIncident:13192,test
ITIncident:13198,test
ITIncident:13211,train
ITIncident:13221,test
ITIncident:13224,train
ITIncident:13228,train
ITIncident:13231,train
ITIncident:13235,test
ITIncident:13241,train
ITIncident:13258,train
ITIncident:13268,train
ITIncident:13273,test
ITIncident:13276,train
ITIncident:13284,train
ITIncident:13292,train
ITIncident:13299,train
ITIncident:13302,train
ITIncident:13309,train
ITIncident:13315,train
ITIncident:13319,train
ITIncident:13331,train
ITIncident:13334,train
ITIncident:13339,train
ITIncident:13346,train
ITIncident:13352,train
ITIncident:13356,train
ITIncident:13359,test
ITIncident:13374,train
ITIncident:13377,train
ITIncident:13386,train
ITIncident:13402,train
ITIncident:13408,train
ITIncident:13412,train
ITIncident:13417,train
ITIncident:13422,train
ITIncident:13424,train
ITIncident:13438,train
ITIncident:13447,train
ITIncident:13451,test
ITIncident:13456,train
ITIncident:13460,train
ITIncident:13466,train
ITIncident:13474,test
ITIncident:13490,train
ITIncident:13497,test
ITIncident:13503,test
ITIncident:13511,train
ITIncident:13514,train
ITIncident:13519,train
ITIncident:13521,train
ITIncident:13525,train
ITIncident:13528,train
ITIncident:13535,train
ITIncident:13540,train
ITIncident:13543,train
ITIncident:13555,test
ITIncident:13560,test
ITIncident:13570,train
ITIncident:13576,train
ITIncident:13591,train
ITIncident:13595,train
ITIncident:13598,train
ITIncident:13610,test
ITIncident:13616,train
ITIncident:13625,train
ITIncident:13629,train
ITIncident:13655,train
ITIncident:13664,train
ITIncident:13673,train
ITIncident:13679,train
ITIncident:13688,train
ITIncident:13701,train
ITIncident:13728,train
ITIncident:13738,test
ITIncident:13749,test
ITIncident:13753,train
ITIncident:13759,train
ITIncident:13761,train
ITIncident:13771,train
ITIncident:13780,train
ITIncident:13788,train
ITIncident:13796,train
ITIncident:13800,train
ITIncident:13803,test
ITIncident:13809,train
ITIncident:13820,train
ITIncident:13824,train
ITIncident:13835,train
ITIncident:13846,test
ITIncident:13854,train
ITIncident:13861,train
ITIncident:13872,train
ITIncident:13876,train
ITIncident:13888,train
ITIncident:13900,train
ITIncident:13915,train
ITIncident:13921,train
ITIncident:13927,train
ITIncident:13932,train
ITIncident:13938,train
ITIncident:13942,train
ITIncident:13946,train
ITIncident:13957,train
ITIncident:13961,train
ITIncident:13968,train
ITIncident:13974,test
ITIncident:13981,train
ITIncident:13992,train
ITIncident:13997,train
ITIncident:14002,train
ITIncident:14015,train
ITIncident:14019,train
ITIncident:14030,train
ITIncident:14040,train
ITIncident:14048,train
ITIncident:14055,train
ITIncident:14060,train
ITIncident:14070,test
ITIncident:14074,test
ITIncident:14087,train
ITIncident:14094,train
ITIncident:14103,train
ITIncident:14117,train
ITIncident:14127,train
ITIncident:14131,test
ITIncident:14137,train
ITIncident:14147,train
ITIncident:14151,train
ITIncident:14156,train
ITIncident:14165,test
ITIncident:14172,train
ITIncident:14181,train
ITIncident:14185,train
ITIncident:14194,train
ITIncident:14208,test
ITIncident:14216,train
ITIncident:14232,train
ITIncident:14234,test
ITIncident:14238,train
ITIncident:14247,test
ITIncident:14271,test
ITIncident:14274,test
ITIncident:14278,train
ITIncident:14286,train
ITIncident:14293,train
ITIncident:14302,train
ITIncident:14307,train
ITIncident:14311,train
ITIncident:14320,train
ITIncident:14324,train
ITIncident:14333,train
ITIncident:14341,train
ITIncident:14349,train
ITIncident:14360,train
ITIncident:14366,train
ITIncident:14371,train
ITIncident:14373,train
ITIncident:14377,train
ITIncident:14410,test
ITIncident:14422,test
ITIncident:14426,train
ITIncident:14430,train
ITIncident:14439,test
ITIncident:14449,train
ITIncident:14454,train
ITIncident:14459,train
ITIncident:14468,train
ITIncident:14474,train
ITIncident:14483,train
ITIncident:14486,test
ITIncident:14489,train
ITIncident:14493,train
ITIncident:14501,train
ITIncident:14511,test
ITIncident:14514,test
ITIncident:14517,train
ITIncident:14521,train
ITIncident:14526,train
ITIncident:14532,train
ITIncident:14537,train
ITIncident:14541,train
ITIncident:14549,train
ITIncident:14556,test
ITIncident:14560,train
ITIncident:14562,train
ITIncident:14567,train
ITIncident:14572,train
ITIncident:14582,train
ITIncident:14586,train
ITIncident:14594,train
ITIncident:14602,train
ITIncident:14606,test
ITIncident:14625,test
ITIncident:14630,test
ITIncident:14640,train
ITIncident:14648,train
ITIncident:14654,train
ITIncident:14664,train
ITIncident:14675,train
ITIncident:14680,train
ITIncident:14691,train
ITIncident:14703,train
ITIncident:14708,test
ITIncident:14713,train
ITIncident:14719,train
ITIncident:14724,train
ITIncident:14732,train
ITIncident:14743,test
ITIncident:14763,train
ITIncident:14776,train
ITIncident:14787,train
ITIncident:14790,train
ITIncident:14799,train
ITIncident:14803,test
ITIncident:14807,train
ITIncident:14811,test
ITIncident:14817,train
ITIncident:14826,train
ITIncident:14831,train
ITIncident:14836,train
ITIncident:14847,test
ITIncident:14854,train
ITIncident:14865,train
ITIncident:14872,test
ITIncident:14878,train
ITIncident:14882,train
ITIncident:14887,train
ITIncident:14889,test
ITIncident:14894,test
ITIncident:14898,train
ITIncident:14905,train
ITIncident:14913,train
ITIncident:14920,train
ITIncident:14925,train
ITIncident:14933,train
ITIncident:14937,train
ITIncident:14943,train
ITIncident:14950,test
ITIncident:14952,train
ITIncident:14961,train
ITIncident:14968,train
ITIncident:14974,train
ITIncident:14982,train
ITIncident:14992,test
ITIncident:14998,train
ITIncident:15002,test
ITIncident:15010,train
ITIncident:15021,train
ITIncident:15026,test
ITIncident:15030,train
ITIncident:15038,train
ITIncident:15042,test
ITIncident:15046,train
ITIncident:15064,train
ITIncident:15068,test
ITIncident:15075,test
ITIncident:15084,train
ITIncident:15089,train
ITIncident:15092,train
ITIncident:15095,test
ITIncident:15099,train
ITIncident:15104,train
ITIncident:15118,train
ITIncident:15123,train
ITIncident:15127,train
ITIncident:15136,train
ITIncident:15149,train
ITIncident:15157,train
ITIncident:15165,test
ITIncident:15174,train
ITIncident:15184,train
ITIncident:15190,train
ITIncident:15205,train
ITIncident:15210,test
ITIncident:15216,train
ITIncident:15221,train
ITIncident:15231,train
ITIncident:15238,train
ITIncident:15250,train
ITIncident:15254,train
ITIncident:15261,train
ITIncident:15299,train
ITIncident:15305,train
ITIncident:15313,test
ITIncident:15319,train
ITIncident:15326,train
ITIncident:15330,train
ITIncident:15337,train
ITIncident:15343,train
ITIncident:15347,train
ITIncident:15351,train
ITIncident:15366,train
ITIncident:15380,test
ITIncident:15389,train
ITIncident:15395,test
ITIncident:15402,train
ITIncident:15414,train
ITIncident:15428,train
ITIncident:15432,train
ITIncident:15446,train
ITIncident:15463,test
ITIncident:15474,test
ITIncident:15477,train
ITIncident:15483,train
ITIncident:15494,train
ITIncident:15498,train
ITIncident:15507,train
ITIncident:15509,train
ITIncident:15512,train
ITIncident:15517,train
ITIncident:15527,train
ITIncident:15530,test
ITIncident:15539,train
ITIncident:15542,train
ITIncident:15546,train
ITIncident:15553,train
ITIncident:15572,test
ITIncident:15580,train
ITIncident:15586,train
ITIncident:15590,train
ITIncident:15596,train
ITIncident:15613,train
ITIncident:15617,test
ITIncident:15622,train
ITIncident:15625,train
ITIncident:15629,test
ITIncident:15637,train
ITIncident:15646,train
ITIncident:15656,train
ITIncident:15658,train
ITIncident:15670,train
ITIncident:15672,train
ITIncident:15683,train
ITIncident:15689,test
ITIncident:15691,train
ITIncident:15694,train
ITIncident:15701,train
ITIncident:15713,train
ITIncident:15720,train
ITIncident:15722,train
ITIncident:15732,train
ITIncident:15735,train
ITIncident:15747,train
ITIncident:15750,train
ITIncident:15755,train
ITIncident:15765,train
ITIncident:15782,train
ITIncident:15792,train
ITIncident:15796,train
ITIncident:15808,test
ITIncident:15813,train
ITIncident:15817,test
ITIncident:15821,train
ITIncident:15826,train
ITIncident:15829,test
ITIncident:15837,train
ITIncident:15847,test
ITIncident:15850,train
ITIncident:15868,train
ITIncident:15872,train
ITIncident:15879,train
ITIncident:15882,train
ITIncident:15889,train
ITIncident:15892,train
ITIncident:15898,train
ITIncident:15907,test
ITIncident:15910,train
ITIncident:15916,test
ITIncident:15944,train
ITIncident:15950,train
ITIncident:15955,train
ITIncident:15960,train
ITIncident:15966,train
ITIncident:15971,train
ITIncident:15975,train
ITIncident:15987,train
ITIncident:16002,train
ITIncident:16008,train
ITIncident:16015,train
ITIncident:16018,train
ITIncident:16023,train
ITIncident:16026,train
ITIncident:16030,train
ITIncident:16034,train
ITIncident:16040,test
ITIncident:16049,test
ITIncident:16057,test
ITIncident:16061,train
ITIncident:16069,train
ITIncident:16074,train
ITIncident:16076,train
ITIncident:16081,test
ITIncident:16089,test
ITIncident:16095,test
ITIncident:16102,train
ITIncident:16115,train
ITIncident:16121,train
ITIncident:16124,train
ITIncident:16129,train
ITIncident:16138,train
ITIncident:16143,train
ITIncident:16149,train
ITIncident:16154,test
ITIncident:16158,train
ITIncident:16163,train
ITIncident:16168,test
ITIncident:16172,train
ITIncident:16179,test
ITIncident:16184,train
ITIncident:16195,test
ITIncident:16201,train
ITIncident:16206,train
ITIncident:16214,train
ITIncident:16220,train
ITIncident:16233,train
ITIncident:16239,train
ITIncident:16244,test
ITIncident:16249,test
ITIncident:16252,train
ITIncident:16262,train
ITIncident:16267,train
ITIncident:16279,train
ITIncident:16289,test
ITIncident:16297,train
ITIncident:16302,train
ITIncident:16309,test
ITIncident:16312,train
ITIncident:16319,test
ITIncident:16326,train
ITIncident:16339,train
ITIncident:16345,train
ITIncident:16347,train
ITIncident:16353,train
ITIncident:16359,train
ITIncident:16363,train
ITIncident:16371,train
ITIncident:16376,train
ITIncident:16378,train
ITIncident:16387,train
ITIncident:16397,train
ITIncident:16401,train
ITIncident:16410,train
ITIncident:16418,test
ITIncident:16424,train
ITIncident:16429,train
ITIncident:16444,train
ITIncident:16449,train
ITIncident:16453,train
ITIncident:16457,train
ITIncident:16462,train
ITIncident:16473,train
ITIncident:16498,test
ITIncident:16503,train
ITIncident:16508,train
ITIncident:16514,test
ITIncident:16521,test
ITIncident:16525,train
ITIncident:16532,train
ITIncident:16544,train
ITIncident:16558,test
ITIncident:16564,train
ITIncident:16569,train
ITIncident:16580,test
ITIncident:16589,train
ITIncident:16601,train
ITIncident:16615,train
ITIncident:16620,train
ITIncident:16625,test
ITIncident:16632,train
ITIncident:16634,train
ITIncident:16638,train
ITIncident:16648,train
ITIncident:16651,train
ITIncident:16655,train
ITIncident:16664,train
ITIncident:16667,train
ITIncident:16674,train
ITIncident:16687,train
ITIncident:16698,train
ITIncident:16705,train
ITIncident:16709,test
ITIncident:16717,train
ITIncident:16721,test
ITIncident:16726,test
ITIncident:16733,train
ITIncident:16738,train
ITIncident:16742,test
ITIncident:16759,train
ITIncident:16766,train
ITIncident:16779,train
ITIncident:16781,train
ITIncident:16794,train
ITIncident:16801,train
ITIncident:16813,train
ITIncident:16821,train
ITIncident:16826,test
ITIncident:16835,train
ITIncident:16839,train
ITIncident:16844,test
ITIncident:16849,test
ITIncident:16857,train
ITIncident:16864,train
ITIncident:16873,train
ITIncident:16895,train
ITIncident:16903,train
ITIncident:16910,train
ITIncident:16916,train
ITIncident:16921,train
ITIncident:16927,train
ITIncident:16935,train
ITIncident:16939,test
ITIncident:16949,train
ITIncident:16955,train
ITIncident:16959,train
ITIncident:16970,test
ITIncident:16975,train
ITIncident:16991,train
ITIncident:17008,train
ITIncident:17027,train
ITIncident:17032,train
ITIncident:17041,train
ITIncident:17051,train
ITIncident:17068,test
ITIncident:17071,train
ITIncident:17076,train
ITIncident:17080,train
ITIncident:17083,train
ITIncident:17087,train
ITIncident:17090,train
ITIncident:17093,train
ITIncident:17103,test
ITIncident:17111,train
ITIncident:17121,train
ITIncident:17129,train
ITIncident:17135,test
ITIncident:17146,train
ITIncident:17149,train
ITIncident:17157,train
ITIncident:17164,train
ITIncident:17181,test
ITIncident:17187,train
ITIncident:17197,train
ITIncident:17202,train
ITIncident:17214,train
ITIncident:17227,train
ITIncident:17231,train
ITIncident:17248,train
ITIncident:17260,train
ITIncident:17268,train
ITIncident:17278,train
ITIncident:17283,train
ITIncident:17289,train
ITIncident:17300,test
ITIncident:17304,train
ITIncident:17313,train
ITIncident:17318,train
ITIncident:17325,train
ITIncident:17334,train
ITIncident:17341,train
ITIncident:17345,train
ITIncident:17353,train
ITIncident:17362,train
ITIncident:17368,test
ITIncident:17372,train
ITIncident:17385,train
ITIncident:17397,test
ITIncident:17402,train
ITIncident:17406,train
ITIncident:17415,train
ITIncident:17420,train
ITIncident:17427,train
ITIncident:17433,train
ITIncident:17440,train
ITIncident:17443,train
ITIncident:17447,train
ITIncident:17456,train
ITIncident:17463,test
ITIncident:17473,train
ITIncident:17478,train
ITIncident:17481,train
ITIncident:17484,test
ITIncident:17488,train
ITIncident:17491,train
ITIncident:17495,train
ITIncident:17498,train
ITIncident:17501,test
ITIncident:17504,train
ITIncident:17513,test
ITIncident:17517,train
ITIncident:17522,train
ITIncident:17527,test
ITIncident:17529,test
ITIncident:17532,train
ITIncident:17536,train
ITIncident:17540,train
ITIncident:17547,train
ITIncident:17552,test
ITIncident:17557,train
ITIncident:17560,train
ITIncident:17567,test
ITIncident:17572,train
ITIncident:17584,train
ITIncident:17592,train
ITIncident:17597,train
ITIncident:17602,train
ITIncident:17616,train
ITIncident:17621,train
ITIncident:17640,test
ITIncident:17642,test
ITIncident:17644,test
ITIncident:17647,test
ITIncident:17653,train
ITIncident:17656,train
ITIncident:17666,train
ITIncident:17680,train
ITIncident:17686,train
ITIncident:17689,train
ITIncident:17696,train
ITIncident:17703,train
ITIncident:17709,test
ITIncident:17715,test
ITIncident:17723,train
ITIncident:17737,train
ITIncident:17740,test
ITIncident:17746,train
ITIncident:17753,train
ITIncident:17762,train
ITIncident:17766,test
ITIncident:17774,train
ITIncident:17780,test
ITIncident:17786,train
ITIncident:17794,train
ITIncident:17801,train
ITIncident:17804,train
ITIncident:17811,train
ITIncident:17818,train
ITIncident:17826,train
ITIncident:17836,test
ITIncident:17839,train
ITIncident:17853,train
ITIncident:17864,train
ITIncident:17876,train
ITIncident:17889,train
ITIncident:17900,train
ITIncident:17905,train
ITIncident:17909,train
ITIncident:17916,train
ITIncident:17921,train
ITIncident:17930,test
ITIncident:17936,train
ITIncident:17938,train
ITIncident:17944,train
ITIncident:17949,train
ITIncident:17958,train
ITIncident:17964,train
ITIncident:17967,train
ITIncident:17973,train
ITIncident:17982,train
ITIncident:17991,train
ITIncident:17998,train
ITIncident:18004,train
ITIncident:18014,train
ITIncident:18019,train
ITIncident:18032,train
ITIncident:18035,train
ITIncident:18040,test
ITIncident:18046,train
ITIncident:18052,train
ITIncident:18056,test
ITIncident:18060,train
ITIncident:18069,train
ITIncident:18076,train
ITIncident:18084,train
ITIncident:18092,train
ITIncident:18101,train
ITIncident:18107,train
ITIncident:18114,train
ITIncident:18123,train
ITIncident:18131,train
ITIncident:18143,train
ITIncident:18153,train
ITIncident:18162,train
ITIncident:18166,train
ITIncident:18174,train
ITIncident:18179,train
ITIncident:18210,train
ITIncident:18217,test
ITIncident:18222,test
ITIncident:18240,train
ITIncident:18248,train
ITIncident:18258,train
ITIncident:18266,test
ITIncident:18276,train
ITIncident:18285,train
ITIncident:18304,test
ITIncident:18307,train
ITIncident:18320,train
ITIncident:18326,test
ITIncident:18329,test
ITIncident:18332,train
ITIncident:18339,test
ITIncident:18346,train
ITIncident:18353,train
ITIncident:18358,train
ITIncident:18362,train
ITIncident:18365,test
ITIncident:18369,train
ITIncident:18378,train
ITIncident:18383,train
ITIncident:18393,train
ITIncident:18396,train
ITIncident:18402,train
ITIncident:18412,train
ITIncident:18416,test
ITIncident:18421,train
ITIncident:18425,train
ITIncident:18430,test
ITIncident:18436,train
ITIncident:18446,train
ITIncident:18450,train
ITIncident:18453,train
ITIncident:18459,train
ITIncident:18464,train
ITIncident:18473,train
ITIncident:18477,train
ITIncident:18485,train
ITIncident:18487,train
ITIncident:18494,train
ITIncident:18504,train
ITIncident:18508,test
ITIncident:18513,train
ITIncident:18521,train
ITIncident:18527,test
ITIncident:18532,test
ITIncident:18536,train
ITIncident:18545,train
ITIncident:18552,test
ITIncident:18565,train
ITIncident:18569,train
ITIncident:18578,train
ITIncident:18584,train
ITIncident:18587,test
ITIncident:18591,train
ITIncident:18595,train
ITIncident:18600,train
ITIncident:18609,train
ITIncident:18618,train
ITIncident:18623,train
ITIncident:18630,test
ITIncident:18644,train
ITIncident:18649,test
ITIncident:18657,train
ITIncident:18662,train
ITIncident:18669,train
ITIncident:18676,train
ITIncident:18681,train
ITIncident:18690,train
ITIncident:18698,train
ITIncident:18704,train
ITIncident:18710,train
ITIncident:18715,train
ITIncident:18717,train
ITIncident:18720,train
ITIncident:18729,train
ITIncident:18733,test
ITIncident:18736,train
ITIncident:18740,test
ITIncident:18751,train
ITIncident:18756,train
ITIncident:18768,train
ITIncident:18778,test
ITIncident:18806,test
ITIncident:18809,train
ITIncident:18817,train
ITIncident:18819,train
ITIncident:18830,train
ITIncident:18836,train
ITIncident:18841,train
ITIncident:18844,test
ITIncident:18848,train
ITIncident:18858,train
ITIncident:18866,train
ITIncident:18871,train
ITIncident:18879,train
ITIncident:18884,train
ITIncident:18893,train
ITIncident:18906,train
ITIncident:18913,test
ITIncident:18924,test
ITIncident:18933,train
ITIncident:18938,train
ITIncident:18955,train
ITIncident:18960,train
ITIncident:18978,train
ITIncident:19006,train
ITIncident:19015,train
ITIncident:19020,test
ITIncident:19039,train
ITIncident:19047,train
ITIncident:19056,train
ITIncident:19061,train
ITIncident:19068,train
ITIncident:19073,train
ITIncident:19078,test
ITIncident:19085,test
ITIncident:19089,train
ITIncident:19092,train
ITIncident:19107,test
ITIncident:19112,test
ITIncident:19122,train
ITIncident:19124,test
ITIncident:19131,train
ITIncident:19148,train
ITIncident:19150,train
ITIncident:19155,train
ITIncident:19164,train
ITIncident:19173,train
ITIncident:19184,train
ITIncident:19193,train
ITIncident:19196,test
ITIncident:19204,train
ITIncident:19207,train
ITIncident:19212,train
ITIncident:19220,train
ITIncident:19228,test
ITIncident:19242,train
ITIncident:19253,train
ITIncident:19265,train
ITIncident:19270,train
ITIncident:19286,train
ITIncident:19292,test
ITIncident:19294,train
ITIncident:19299,train
ITIncident:19311,train
ITIncident:19319,train
ITIncident:19322,test
ITIncident:19325,train
ITIncident:19333,train
ITIncident:19345,train
ITIncident:19359,train
ITIncident:19389,train
ITIncident:19400,train
ITIncident:19408,train
ITIncident:19416,test
ITIncident:19426,train
ITIncident:19441,train
ITIncident:19449,train
ITIncident:19452,train
ITIncident:19457,test
ITIncident:19480,train
ITIncident:19489,train
ITIncident:19496,test
ITIncident:19501,train
ITIncident:19507,test
ITIncident:19516,test
ITIncident:19529,train
ITIncident:19537,test
ITIncident:19547,train
ITIncident:19551,train
ITIncident:19556,train
ITIncident:19560,train
ITIncident:19567,train
ITIncident:19573,train
ITIncident:19580,test
ITIncident:19585,train
ITIncident:19589,train
ITIncident:19592,train
ITIncident:19601,test
ITIncident:19604,train
ITIncident:19608,train
ITIncident:19620,train
ITIncident:19635,train
ITIncident:19639,train
ITIncident:19648,train
ITIncident:19653,train
ITIncident:19663,train
ITIncident:19681,train
ITIncident:19688,train
ITIncident:19692,train
ITIncident:19694,test
ITIncident:19696,train
ITIncident:19698,train
ITIncident:19704,train
ITIncident:19737,train
ITIncident:19741,train
ITIncident:19745,test
ITIncident:19751,test
ITIncident:19760,train
ITIncident:19763,train
ITIncident:19770,train
ITIncident:19775,train
ITIncident:19781,train
ITIncident:19785,train
ITIncident:19792,train
ITIncident:19799,train
ITIncident:19804,train
ITIncident:19817,test
ITIncident:19819,train
ITIncident:19830,test
ITIncident:19833,train
ITIncident:19837,train
ITIncident:19847,test
ITIncident:19858,train
ITIncident:19868,train
ITIncident:19877,train
ITIncident:19883,train
ITIncident:19886,train
ITIncident:19890,train
ITIncident:19911,train
ITIncident:19920,test
ITIncident:19931,train
ITIncident:19949,test
ITIncident:19958,train
ITIncident:19967,train
ITIncident:19969,train
ITIncident:19980,train
ITIncident:19995,train
ITIncident:20003,train
ITIncident:20009,train
ITIncident:20015,train
ITIncident:20037,train
ITIncident:20046,train
ITIncident:20055,train
ITIncident:20063,train
ITIncident:20073,test
ITIncident:20078,train
ITIncident:20084,train
ITIncident:20097,train
ITIncident:20105,train
ITIncident:20114,train
ITIncident:20117,train
ITIncident:20124,test
ITIncident:20127,train
ITIncident:20133,train
ITIncident:20135,train
ITIncident:20149,test
ITIncident:20155,train
ITIncident:20164,test
ITIncident:20175,train
ITIncident:20179,test
ITIncident:20184,train
ITIncident:20189,train
ITIncident:20199,test
ITIncident:20204,train
ITIncident:20210,test
ITIncident:20229,train
ITIncident:20237,test
ITIncident:20239,test
ITIncident:20251,train
ITIncident:20276,train
ITIncident:20283,train
ITIncident:20300,train
ITIncident:20305,train
ITIncident:20314,test
ITIncident:20328,train
ITIncident:20340,train
ITIncident:20342,train
ITIncident:20351,train
ITIncident:20353,train
ITIncident:20357,train
ITIncident:20360,test
ITIncident:20368,train
ITIncident:20375,train
ITIncident:20382,test
ITIncident:20388,train
ITIncident:20395,train
ITIncident:20399,test
ITIncident:20407,train
ITIncident:20412,train
ITIncident:20418,train
ITIncident:20422,test
ITIncident:20430,test
ITIncident:20443,train
ITIncident:20447,test
ITIncident:20453,train
ITIncident:20461,test
ITIncident:20488,train
ITIncident:20498,train
ITIncident:20521,train
ITIncident:20530,train
ITIncident:20542,train
ITIncident:20550,train
ITIncident:20564,train
ITIncident:20577,train
ITIncident:20591,train
ITIncident:20594,train
ITIncident:20605,train
ITIncident:20608,train
ITIncident:20619,train
ITIncident:20641,train
ITIncident:20650,test
ITIncident:20657,train
ITIncident:20663,train
ITIncident:20669,test
ITIncident:20674,train
ITIncident:20684,test
ITIncident:20689,train
ITIncident:20695,train
ITIncident:20698,train
ITIncident:20700,train
ITIncident:20706,train
ITIncident:20712,train
ITIncident:20726,train
ITIncident:20730,train
ITIncident:20738,train
ITIncident:20742,train
ITIncident:20748,test
ITIncident:20754,test
ITIncident:20770,train
ITIncident:20775,train
ITIncident:20787,train
ITIncident:20790,train
ITIncident:20799,train
ITIncident:20804,train
ITIncident:20807,train
ITIncident:20811,train
ITIncident:20816,train
ITIncident:20825,train
ITIncident:20830,train
ITIncident:20838,train
ITIncident:20840,train
ITIncident:20845,train
ITIncident:20850,train
ITIncident:20862,train
ITIncident:20868,train
ITIncident:20877,train
ITIncident:20887,train
ITIncident:20891,test
ITIncident:20899,train
ITIncident:20901,train
ITIncident:20910,train
ITIncident:20912,train
ITIncident:20919,train
ITIncident:20930,train
ITIncident:20934,train
ITIncident:20939,train
ITIncident:20942,train
ITIncident:20945,train
ITIncident:20954,train
ITIncident:20971,train
ITIncident:20976,test
ITIncident:20979,test
ITIncident:20982,train
ITIncident:20988,train
ITIncident:20990,train
ITIncident:20999,train
ITIncident:21005,train
ITIncident:21010,train
ITIncident:21013,test
ITIncident:21020,train
ITIncident:21027,test
ITIncident:21032,train
ITIncident:21036,train
ITIncident:21042,train
ITIncident:21047,train
ITIncident:21058,train
ITIncident:21078,train
ITIncident:21082,train
ITIncident:21087,train
ITIncident:21092,train
ITIncident:21101,train
ITIncident:21109,train
ITIncident:21112,train
ITIncident:21120,test
ITIncident:21123,train
ITIncident:21132,train
ITIncident:21138,train
ITIncident:21149,test
ITIncident:21151,train
ITIncident:21159,test
ITIncident:21162,train
ITIncident:21166,train
ITIncident:21173,train
ITIncident:21180,test
ITIncident:21191,train
ITIncident:21199,train
ITIncident:21206,train
ITIncident:21209,test
ITIncident:21216,train
ITIncident:21223,test
ITIncident:21233,train
ITIncident:21240,train
ITIncident:21247,train
ITIncident:21253,train
ITIncident:21259,train
ITIncident:21262,test
ITIncident:21265,train
ITIncident:21268,train
ITIncident:21273,train
ITIncident:21279,train
ITIncident:21284,test
ITIncident:21299,train
ITIncident:21306,test
ITIncident:21309,train
ITIncident:21318,train
ITIncident:21321,train
ITIncident:21327,train
ITIncident:21337,test
ITIncident:21340,test
ITIncident:21346,train
ITIncident:21350,train
ITIncident:21361,train
ITIncident:21376,train
ITIncident:21386,test
ITIncident:21390,train
ITIncident:21395,train
ITIncident:21401,train
ITIncident:21410,train
ITIncident:21414,train
ITIncident:21427,train
ITIncident:21429,train
ITIncident:21434,train
ITIncident:21447,train
ITIncident:21452,train
ITIncident:21457,train
ITIncident:21462,train
ITIncident:21467,train
ITIncident:21469,train
ITIncident:21477,test
ITIncident:21480,train
ITIncident:21485,train
ITIncident:21495,train
ITIncident:21504,train
ITIncident:21509,train
ITIncident:21515,test
ITIncident:21524,test
ITIncident:21534,test
ITIncident:21544,train
ITIncident:21548,train
ITIncident:21553,train
ITIncident:21558,test
ITIncident:21567,test
ITIncident:21575,train
ITIncident:21588,train
ITIncident:21596,train
ITIncident:21607,test
ITIncident:21617,test
ITIncident:21625,train
ITIncident:21637,train
ITIncident:21642,train
ITIncident:21644,train
ITIncident:21651,train
ITIncident:21657,train
ITIncident:21664,test
ITIncident:21669,train
ITIncident:21676,train
ITIncident:21680,train
ITIncident:21682,train
ITIncident:21687,test
ITIncident:21697,train
ITIncident:21702,train
ITIncident:21707,train
ITIncident:21720,train
ITIncident:21739,train
ITIncident:21745,train
ITIncident:21751,train
ITIncident:21755,train
ITIncident:21761,train
ITIncident:21764,train
ITIncident:21766,train
ITIncident:21773,train
ITIncident:21775,train
ITIncident:21781,test
ITIncident:21785,train
ITIncident:21793,train
ITIncident:21797,train
ITIncident:21804,test
ITIncident:21807,test
ITIncident:21811,train
ITIncident:21817,train
ITIncident:21824,train
ITIncident:21831,train
ITIncident:21836,train
ITIncident:21846,train
ITIncident:21851,train
ITIncident:21865,train
ITIncident:21872,train
ITIncident:21879,train
ITIncident:21885,train
ITIncident:21892,test
ITIncident:21895,train
ITIncident:21907,train
ITIncident:21917,test
ITIncident:21920,train
ITIncident:21925,train
ITIncident:21930,train
ITIncident:21936,test
ITIncident:21944,test
ITIncident:21955,train
ITIncident:21961,train
ITIncident:21965,train
ITIncident:21969,train
ITIncident:21971,train
ITIncident:21976,train
ITIncident:21981,test
ITIncident:21985,train
ITIncident:21996,train
ITIncident:22005,train
ITIncident:22008,train
ITIncident:22016,train
ITIncident:22029,train
ITIncident:22033,train
ITIncident:22039,train
ITIncident:22046,train
ITIncident:22051,train
ITIncident:22060,train
ITIncident:22066,train
ITIncident:22077,train
ITIncident:22085,test
ITIncident:22104,train
ITIncident:22119,train
ITIncident:22124,train
ITIncident:22135,train
ITIncident:22138,train
ITIncident:22145,test
ITIncident:22153,train
ITIncident:22161,train
ITIncident:22165,train
ITIncident:22172,train
ITIncident:22179,train
ITIncident:22185,train
ITIncident:22188,train
ITIncident:22191,train
ITIncident:22202,train
ITIncident:22207,train
ITIncident:22213,train
ITIncident:22218,train
ITIncident:22221,train
ITIncident:22229,train
ITIncident:22236,train
ITIncident:22241,train
ITIncident:22256,train
ITIncident:22266,train
ITIncident:22271,train
ITIncident:22277,test
ITIncident:22289,train
ITIncident:22301,train
ITIncident:22304,train
ITIncident:22308,train
ITIncident:22312,train
ITIncident:22325,train
ITIncident:22329,test
ITIncident:22333,train
ITIncident:22344,train
ITIncident:22348,train
ITIncident:22361,train
ITIncident:22364,train
ITIncident:22368,train
ITIncident:22384,train
ITIncident:22387,train
ITIncident:22396,test
ITIncident:22399,train
ITIncident:22411,train
ITIncident:22422,train
ITIncident:22428,train
ITIncident:22433,train
ITIncident:22441,train
ITIncident:22446,train
ITIncident:22460,test
ITIncident:22463,train
ITIncident:22478,train
ITIncident:22486,test
ITIncident:22490,test
ITIncident:22496,train
ITIncident:22502,train
ITIncident:22518,train
ITIncident:22522,train
ITIncident:22527,train
ITIncident:22532,train
ITIncident:22542,train
ITIncident:22553,test
ITIncident:22556,test
ITIncident:22563,train
ITIncident:22567,train
ITIncident:22575,train
ITIncident:22579,train
ITIncident:22585,test
ITIncident:22593,train
ITIncident:22600,train
ITIncident:22606,train
ITIncident:22616,train
ITIncident:22619,train
ITIncident:22622,train
ITIncident:22635,train
ITIncident:22641,train
ITIncident:22647,train
ITIncident:22655,test
ITIncident:22664,train
ITIncident:22684,train
ITIncident:22687,train
ITIncident:22693,train
ITIncident:22712,train
ITIncident:22719,train
ITIncident:22723,train
ITIncident:22732,train
ITIncident:22739,train
ITIncident:22743,train
ITIncident:22746,train
ITIncident:22753,train
ITIncident:22755,train
ITIncident:22773,train
ITIncident:22776,train
ITIncident:22780,train
ITIncident:22790,train
ITIncident:22795,train
ITIncident:22803,test
ITIncident:22810,train
ITIncident:22839,train
ITIncident:22846,test
ITIncident:22850,test
ITIncident:22854,test
ITIncident:22859,train
ITIncident:22866,train
ITIncident:22883,train
ITIncident:22888,train
ITIncident:22897,train
ITIncident:22909,train
ITIncident:22920,train
ITIncident:22922,train
ITIncident:22929,train
ITIncident:22934,train
ITIncident:22950,train
ITIncident:22956,train
ITIncident:22965,test
ITIncident:22967,train
ITIncident:22983,train
ITIncident:22994,train
ITIncident:22997,train
ITIncident:23001,test
ITIncident:23005,train
ITIncident:23011,train
ITIncident:23016,train
ITIncident:23020,train
ITIncident:23024,train
ITIncident:23032,train
ITIncident:23035,train
ITIncident:23038,train
ITIncident:23042,train
ITIncident:23049,train
ITIncident:23052,train
ITIncident:23062,train
ITIncident:23065,train
ITIncident:23074,test
ITIncident:23077,train
ITIncident:23081,train
ITIncident:23085,train
ITIncident:23087,train
ITIncident:23092,train
ITIncident:23097,train
ITIncident:23101,train
ITIncident:23107,train
ITIncident:23113,train
ITIncident:23121,test
ITIncident:23123,test
ITIncident:23130,train
ITIncident:23135,train
ITIncident:23138,train
ITIncident:23144,train
ITIncident:23147,train
ITIncident:23157,test
ITIncident:23161,train
ITIncident:23171,train
ITIncident:23175,test
ITIncident:23184,train
ITIncident:23197,train
ITIncident:23199,train
ITIncident:23203,train
ITIncident:23207,train
ITIncident:23215,train
ITIncident:23220,test
ITIncident:23228,train
ITIncident:23234,test
ITIncident:23241,train
ITIncident:23246,train
ITIncident:23255,test
ITIncident:23260,train
ITIncident:23265,train
ITIncident:23273,test
ITIncident:23277,train
ITIncident:23282,train
ITIncident:23287,train
ITIncident:23294,train
ITIncident:23303,train
ITIncident:23322,test
ITIncident:23325,train
ITIncident:23331,train
ITIncident:23334,test
ITIncident:23338,train
ITIncident:23344,test
ITIncident:23347,train
ITIncident:23353,train
ITIncident:23358,train
ITIncident:23366,train
ITIncident:23382,train
ITIncident:23384,train
ITIncident:23401,test
ITIncident:23419,test
ITIncident:23422,train
ITIncident:23431,train
ITIncident:23441,test
ITIncident:23451,train
ITIncident:23457,test
ITIncident:23464,test
ITIncident:23481,train
ITIncident:23492,test
ITIncident:23500,train
ITIncident:23513,train
ITIncident:23515,train
ITIncident:23526,train
ITIncident:23532,train
ITIncident:23537,train
ITIncident:23539,train
ITIncident:23541,train
ITIncident:23546,train
ITIncident:23566,train
ITIncident:23576,train
ITIncident:23581,test
ITIncident:23586,train
ITIncident:23592,train
ITIncident:23598,train
ITIncident:23606,train
ITIncident:23612,test
ITIncident:23625,train
ITIncident:23633,train
ITIncident:23644,train
ITIncident:23649,train
ITIncident:23655,train
ITIncident:23659,train
ITIncident:23668,train
ITIncident:23674,test
ITIncident:23683,train
ITIncident:23688,train
ITIncident:23696,train
ITIncident:23700,train
ITIncident:23705,test
ITIncident:23707,train
ITIncident:23713,test
ITIncident:23720,train
ITIncident:23729,train
ITIncident:23740,train
ITIncident:23749,train
ITIncident:23757,test
ITIncident:23763,train
ITIncident:23785,train
ITIncident:23791,train
ITIncident:23795,train
ITIncident:23801,train
ITIncident:23805,train
ITIncident:23811,train
ITIncident:23820,train
ITIncident:23833,train
ITIncident:23843,test
ITIncident:23854,train
ITIncident:23862,train
ITIncident:23866,test
ITIncident:23869,train
ITIncident:23879,test
ITIncident:23883,train
ITIncident:23900,train
ITIncident:23908,test
ITIncident:23927,train
ITIncident:23939,train
ITIncident:23945,train
ITIncident:23953,train
ITIncident:23959,train
ITIncident:23962,test
ITIncident:23966,test
ITIncident:23977,train
ITIncident:23979,train
ITIncident:23982,train
ITIncident:23988,test
ITIncident:23993,train
ITIncident:23997,train
ITIncident:23999,train
ITIncident:24004,test
ITIncident:24012,train
ITIncident:24022,train
ITIncident:24041,train
ITIncident:24044,train
ITIncident:24048,train
ITIncident:24052,train
ITIncident:24057,train
ITIncident:24059,test
ITIncident:24063,test
ITIncident:24070,train
ITIncident:24082,train
ITIncident:24094,train
ITIncident:24097,train
ITIncident:24099,test
ITIncident:24108,train
ITIncident:24113,train
ITIncident:24115,train
ITIncident:24119,test
ITIncident:24125,train
ITIncident:24128,test
ITIncident:24130,test
ITIncident:24136,train
ITIncident:24143,train
ITIncident:24151,train
ITIncident:24159,train
ITIncident:24161,train
ITIncident:24176,train
ITIncident:24181,train
ITIncident:24186,train
ITIncident:24193,test
ITIncident:24197,train
ITIncident:24202,train
ITIncident:24204,train
ITIncident:24214,train
ITIncident:24220,test
ITIncident:24231,train
ITIncident:24235,test
ITIncident:24244,train
ITIncident:24253,train
ITIncident:24261,train
ITIncident:24265,train
ITIncident:24271,train
ITIncident:24281,test
ITIncident:24296,test
ITIncident:24303,train
ITIncident:24309,test
ITIncident:24311,train
ITIncident:24322,test
ITIncident:24335,train
ITIncident:24342,test
ITIncident:24344,train
ITIncident:24349,train
ITIncident:24353,test
ITIncident:24355,train
ITIncident:24361,train
ITIncident:24363,train
ITIncident:24368,train
ITIncident:24384,train
ITIncident:24396,train
ITIncident:24399,test
ITIncident:24401,train
ITIncident:24404,train
ITIncident:24412,test
ITIncident:24414,train
ITIncident:24422,train
ITIncident:24426,train
ITIncident:24430,train
ITIncident:24434,train
ITIncident:24437,train
ITIncident:24442,train
ITIncident:24460,train
ITIncident:24464,train
ITIncident:24475,train
ITIncident:24481,train
ITIncident:24483,train
ITIncident:24494,train
ITIncident:24497,train
ITIncident:24506,train
ITIncident:24527,train
ITIncident:24540,train
ITIncident:24547,train
ITIncident:24555,train
ITIncident:24558,train
ITIncident:24562,train
ITIncident:24573,train
ITIncident:24582,train
ITIncident:24592,train
ITIncident:24599,train
ITIncident:24610,train
ITIncident:24620,train
ITIncident:24625,test
ITIncident:24632,test
ITIncident:24637,test
ITIncident:24642,train
ITIncident:24664,train
ITIncident:24666,test
ITIncident:24675,train
ITIncident:24691,train
ITIncident:24697,test
ITIncident:24714,train
ITIncident:24716,test
ITIncident:24724,test
ITIncident:24731,train
ITIncident:24735,train
ITIncident:24737,train
ITIncident:24744,train
ITIncident:24760,train
ITIncident:24770,train
ITIncident:24780,train
ITIncident:24792,train
ITIncident:24800,train
ITIncident:24807,test
ITIncident:24809,train
ITIncident:24814,train
ITIncident:24818,train
ITIncident:24826,train
ITIncident:24838,test
ITIncident:24845,train
ITIncident:24862,train
ITIncident:24870,train
ITIncident:24877,train
ITIncident:24891,train
ITIncident:24897,train
ITIncident:24903,train
ITIncident:24910,train
ITIncident:24921,test
ITIncident:24923,train
ITIncident:24929,train
ITIncident:24936,train
ITIncident:24943,train
ITIncident:24955,train
ITIncident:24957,train
ITIncident:24966,train
ITIncident:24970,train
ITIncident:24973,train
ITIncident:24976,test
ITIncident:25000,train
ITIncident:25010,train
ITIncident:25013,train
ITIncident:25016,train
ITIncident:25021,train
ITIncident:25036,train
ITIncident:25045,train
ITIncident:25048,train
ITIncident:25054,train
ITIncident:25060,train
ITIncident:25065,train
ITIncident:25074,train
ITIncident:25077,train
ITIncident:25085,test
ITIncident:25089,train
ITIncident:25103,train
ITIncident:25107,train
ITIncident:25111,train
ITIncident:25121,train
ITIncident:25127,train
ITIncident:25139,train
ITIncident:25151,train
ITIncident:25155,train
ITIncident:25157,train
ITIncident:25163,train
ITIncident:25169,train
ITIncident:25172,train
ITIncident:25180,train
ITIncident:25185,test
ITIncident:25189,test
ITIncident:25198,train
ITIncident:25201,train
ITIncident:25215,train
ITIncident:25218,train
ITIncident:25229,test
ITIncident:25243,train
ITIncident:25246,train
ITIncident:25249,test
ITIncident:25255,train
ITIncident:25266,train
ITIncident:25269,test
ITIncident:25273,train
ITIncident:25281,test
ITIncident:25285,train
ITIncident:25297,train
ITIncident:25307,test
ITIncident:25309,train
ITIncident:25318,train
ITIncident:25320,train
ITIncident:25329,train
ITIncident:25347,train
ITIncident:25352,test
ITIncident:25361,test
ITIncident:25372,train
ITIncident:25375,train
ITIncident:25382,train
ITIncident:25385,train
ITIncident:25388,train
ITIncident:25405,train
ITIncident:25407,train
ITIncident:25410,train
ITIncident:25415,train
ITIncident:25418,test
ITIncident:25423,train
ITIncident:25425,test
ITIncident:25433,train
ITIncident:25436,test
ITIncident:25444,train
ITIncident:25447,train
ITIncident:25449,test
ITIncident:25457,train
ITIncident:25472,train
ITIncident:25477,train
ITIncident:25481,train
ITIncident:25488,test
ITIncident:25499,train
ITIncident:25509,train
ITIncident:25515,train
ITIncident:25527,train
ITIncident:25534,train
ITIncident:25544,test
ITIncident:25549,train
ITIncident:25553,train
ITIncident:25563,test
ITIncident:25570,train
ITIncident:25572,train
ITIncident:25581,test
ITIncident:25588,train
ITIncident:25591,train
ITIncident:25595,train
ITIncident:25602,train
ITIncident:25607,test
ITIncident:25615,test
ITIncident:25626,train
ITIncident:25634,train
ITIncident:25643,train
ITIncident:25651,train
ITIncident:25654,train
ITIncident:25672,train
ITIncident:25683,train
ITIncident:25689,train
ITIncident:25696,test
ITIncident:25700,train
ITIncident:25707,train
ITIncident:25718,test
ITIncident:25720,test
ITIncident:25725,test
ITIncident:25733,train
ITIncident:25735,train
ITIncident:25750,train
ITIncident:25758,train
ITIncident:25760,train
ITIncident:25765,train
ITIncident:25769,train
ITIncident:25780,train
ITIncident:25785,train
ITIncident:25800,test
ITIncident:25806,train
ITIncident:25808,train
ITIncident:25817,train
ITIncident:25826,train
ITIncident:25829,train
ITIncident:25841,test
ITIncident:25844,train
ITIncident:25855,train
ITIncident:25862,test
ITIncident:25867,train
ITIncident:25874,train
ITIncident:25883,train
ITIncident:25890,train
ITIncident:25899,test
ITIncident:25902,test
ITIncident:25905,train
ITIncident:25910,train
ITIncident:25920,train
ITIncident:25925,train
ITIncident:25929,test
ITIncident:25932,test
ITIncident:25939,train
ITIncident:25944,train
ITIncident:25949,train
ITIncident:25951,train
ITIncident:25965,train
ITIncident:25986,train
ITIncident:25989,test
ITIncident:25994,train
ITIncident:26001,test
ITIncident:26013,train
ITIncident:26015,train
ITIncident:26022,test
ITIncident:26033,train
ITIncident:26037,train
ITIncident:26040,train
ITIncident:26049,train
ITIncident:26055,test
ITIncident:26062,test
ITIncident:26070,train
ITIncident:26073,train
ITIncident:26078,train
ITIncident:26084,train
ITIncident:26091,train
ITIncident:26100,train
ITIncident:26106,train
ITIncident:26117,train
ITIncident:26119,train
ITIncident:26128,train
ITIncident:26136,train
ITIncident:26140,train
ITIncident:26142,test
ITIncident:26148,test
ITIncident:26151,train
ITIncident:26161,train
ITIncident:26169,train
ITIncident:26173,train
ITIncident:26182,train
ITIncident:26191,test
ITIncident:26196,train
ITIncident:26205,train
ITIncident:26210,train
ITIncident:26213,train
ITIncident:26219,train
ITIncident:26222,train
ITIncident:26224,test
ITIncident:26230,test
ITIncident:26235,train
ITIncident:26241,train
ITIncident:26243,train
ITIncident:26249,train
ITIncident:26253,train
ITIncident:26262,train
ITIncident:26272,test
ITIncident:26278,test
ITIncident:26283,train
ITIncident:26286,train
ITIncident:26295,train
ITIncident:26300,train
ITIncident:26315,train
ITIncident:26326,test
ITIncident:26334,train
ITIncident:26343,train
ITIncident:26349,test
ITIncident:26361,train
ITIncident:26363,test
ITIncident:26375,train
ITIncident:26384,test
ITIncident:26388,test
ITIncident:26434,train
ITIncident:26440,train
ITIncident:26450,train
ITIncident:26455,train
ITIncident:26459,test
ITIncident:26465,test
ITIncident:26480,test
ITIncident:26483,test
ITIncident:26493,train
ITIncident:26497,train
ITIncident:26509,test
ITIncident:26517,train
ITIncident:26527,train
ITIncident:26531,test
ITIncident:26539,train
ITIncident:26544,train
ITIncident:26547,train
ITIncident:26555,train
ITIncident:26565,train
ITIncident:26571,test
ITIncident:26576,train
ITIncident:26581,train
ITIncident:26588,train
ITIncident:26590,test
ITIncident:26600,train
ITIncident:26609,test
ITIncident:26617,train
ITIncident:26629,train
ITIncident:26639,train
ITIncident:26645,train
ITIncident:26652,test
ITIncident:26666,train
ITIncident:26676,train
ITIncident:26680,train
ITIncident:26688,train
ITIncident:26697,train
ITIncident:26709,train
ITIncident:26716,train
ITIncident:26725,train
ITIncident:26731,test
ITIncident:26740,train
ITIncident:26748,train
ITIncident:26750,train
ITIncident:26759,train
ITIncident:26764,train
ITIncident:26774,train
ITIncident:26787,train
ITIncident:26797,train
ITIncident:26803,train
ITIncident:26815,train
ITIncident:26823,train
ITIncident:26828,train
ITIncident:26837,train
ITIncident:26846,train
ITIncident:26851,train
ITIncident:26857,train
ITIncident:26873,train
ITIncident:26879,train
ITIncident:26887,train
ITIncident:26892,test
ITIncident:26897,train
ITIncident:26907,train
ITIncident:26915,train
ITIncident:26919,train
ITIncident:26940,train
ITIncident:26950,train
ITIncident:26954,test
ITIncident:26959,train
ITIncident:26965,train
ITIncident:26976,train
ITIncident:26983,train
ITIncident:26986,train
ITIncident:26991,test
ITIncident:26998,train
ITIncident:27002,train
ITIncident:27009,train
ITIncident:27015,train
ITIncident:27026,train
ITIncident:27043,train
ITIncident:27050,train
ITIncident:27056,train
ITIncident:27067,train
ITIncident:27072,train
ITIncident:27081,test
ITIncident:27085,train
ITIncident:27088,train
ITIncident:27099,train
ITIncident:27103,train
ITIncident:27105,train
ITIncident:27114,train
ITIncident:27121,test
ITIncident:27132,train
ITIncident:27138,test
ITIncident:27143,train
ITIncident:27145,train
ITIncident:27157,test
ITIncident:27167,train
ITIncident:27176,train
ITIncident:27180,train
ITIncident:27190,train
ITIncident:27197,train
ITIncident:27207,test
ITIncident:27216,test
ITIncident:27222,train
ITIncident:27230,train
ITIncident:27232,train
ITIncident:27235,train
ITIncident:27239,train
ITIncident:27248,train
ITIncident:27256,train
ITIncident:27268,test
ITIncident:27278,train
ITIncident:27286,train
ITIncident:27291,train
ITIncident:27300,test
ITIncident:27305,test
ITIncident:27311,train
ITIncident:27318,train
ITIncident:27332,train
ITIncident:27341,test
ITIncident:27344,train
ITIncident:27355,train
ITIncident:27362,train
ITIncident:27377,train
ITIncident:27380,train
ITIncident:27384,test
ITIncident:27392,train
ITIncident:27401,train
ITIncident:27412,test
ITIncident:27414,train
ITIncident:27423,train
ITIncident:27432,train
ITIncident:27434,test
ITIncident:27448,train
ITIncident:27454,train
ITIncident:27462,train
ITIncident:27468,test
ITIncident:27479,train
ITIncident:27490,train
ITIncident:27499,train
ITIncident:27506,train
ITIncident:27515,train
ITIncident:27519,train
ITIncident:27532,train
ITIncident:27541,train
ITIncident:27544,train
ITIncident:27553,test
ITIncident:27559,train
ITIncident:27571,train
ITIncident:27577,train
ITIncident:27582,train
ITIncident:27593,train
ITIncident:27598,train
ITIncident:27609,train
ITIncident:27615,test
ITIncident:27618,train
ITIncident:27620,train
ITIncident:27630,train
ITIncident:27642,train
ITIncident:27648,train
ITIncident:27653,train
ITIncident:27656,test
ITIncident:27663,train
ITIncident:27666,train
ITIncident:27672,test
ITIncident:27689,train
ITIncident:27695,train
ITIncident:27702,train
ITIncident:27710,train
ITIncident:27716,train
ITIncident:27731,train
ITIncident:27733,test
ITIncident:27744,train
ITIncident:27750,test
ITIncident:27760,test
ITIncident:27767,train
ITIncident:27770,train
ITIncident:27776,test
ITIncident:27788,train
ITIncident:27799,train
ITIncident:27802,train
ITIncident:27811,train
ITIncident:27816,train
ITIncident:27822,train
ITIncident:27828,train
ITIncident:27830,test
ITIncident:27836,train
ITIncident:27843,train
ITIncident:27845,train
ITIncident:27848,train
ITIncident:27855,train
ITIncident:27858,train
ITIncident:27862,test
ITIncident:27865,train
ITIncident:27868,test
ITIncident:27871,test
ITIncident:27879,train
ITIncident:27889,train
ITIncident:27896,train
ITIncident:27907,train
ITIncident:27917,train
ITIncident:27924,train
ITIncident:27926,train
ITIncident:27931,train
ITIncident:27936,train
ITIncident:27938,train
ITIncident:27944,test
ITIncident:27947,test
ITIncident:27952,test
ITIncident:27955,train
ITIncident:27965,train
ITIncident:27974,train
ITIncident:27980,train
ITIncident:27984,test
ITIncident:27988,train
ITIncident:27999,test
ITIncident:28004,train
ITIncident:28016,train
ITIncident:28021,train
ITIncident:28027,train
ITIncident:28030,train
ITIncident:28035,train
ITIncident:28044,train
ITIncident:28049,train
ITIncident:28054,test
ITIncident:28056,train
ITIncident:28067,train
ITIncident:28070,train
ITIncident:28074,test
ITIncident:28076,train
ITIncident:28082,train
ITIncident:28091,train
ITIncident:28103,train
ITIncident:28106,train
ITIncident:28116,train
ITIncident:28122,train
ITIncident:28127,train
ITIncident:28129,train
ITIncident:28139,test
ITIncident:28142,test
ITIncident:28147,train
ITIncident:28152,test
ITIncident:28155,train
ITIncident:28158,train
ITIncident:28162,train
ITIncident:28165,train
ITIncident:28169,train
ITIncident:28172,train
ITIncident:28182,train
ITIncident:28188,train
ITIncident:28190,test
ITIncident:28197,train
ITIncident:28218,train
ITIncident:28223,train
ITIncident:28232,train
ITIncident:28236,train
ITIncident:28242,train
ITIncident:28245,train
ITIncident:28252,train
ITIncident:28255,train
ITIncident:28257,train
ITIncident:28265,train
ITIncident:28268,train
ITIncident:28276,test
ITIncident:28279,train
ITIncident:28286,train
ITIncident:28298,train
ITIncident:28303,train
ITIncident:28309,train
ITIncident:28321,train
ITIncident:28329,train
ITIncident:28335,train
ITIncident:28345,test
ITIncident:28357,train
ITIncident:28364,test
ITIncident:28367,train
ITIncident:28378,train
ITIncident:28383,train
ITIncident:28387,train
ITIncident:28394,train
ITIncident:28399,test
ITIncident:28409,train
ITIncident:28416,train
ITIncident:28422,train
ITIncident:28427,train
ITIncident:28430,train
ITIncident:28439,test
ITIncident:28444,train
ITIncident:28448,train
ITIncident:28454,test
ITIncident:28458,train
ITIncident:28467,train
ITIncident:28476,test
ITIncident:28483,train
ITIncident:28486,train
ITIncident:28493,train
ITIncident:28498,train
ITIncident:28505,train
ITIncident:28514,train
ITIncident:28521,train
ITIncident:28527,train
ITIncident:28532,test
ITIncident:28540,train
ITIncident:28545,train
ITIncident:28547,train
ITIncident:28554,train
ITIncident:28556,train
ITIncident:28563,test
ITIncident:28566,train
ITIncident:28573,train
ITIncident:28585,train
ITIncident:28598,test
ITIncident:28602,train
ITIncident:28611,test
ITIncident:28616,test
ITIncident:28618,train
ITIncident:28623,train
ITIncident:28626,train
ITIncident:28633,train
ITIncident:28637,train
ITIncident:28645,train
ITIncident:28650,train
ITIncident:28665,train
ITIncident:28680,train
ITIncident:28686,train
ITIncident:28696,test
ITIncident:28702,train
ITIncident:28704,test
ITIncident:28713,train
ITIncident:28721,test
ITIncident:28729,train
ITIncident:28737,train
ITIncident:28748,train
ITIncident:28753,train
ITIncident:28755,train
ITIncident:28763,train
ITIncident:28769,test
ITIncident:28774,train
ITIncident:28778,train
ITIncident:28783,test
ITIncident:28788,train
ITIncident:28790,train
ITIncident:28795,train
ITIncident:28801,train
ITIncident:28804,train
ITIncident:28808,test
ITIncident:28812,train
ITIncident:28818,train
ITIncident:28827,train
ITIncident:28834,train
ITIncident:28840,train
ITIncident:28850,train
ITIncident:28853,train
ITIncident:28861,train
ITIncident:28864,train
ITIncident:28866,train
ITIncident:28874,test
ITIncident:28885,train
ITIncident:28887,train
ITIncident:28898,train
ITIncident:28907,test
ITIncident:28912,train
ITIncident:28917,train
ITIncident:28926,train
ITIncident:28931,train
ITIncident:28936,train
ITIncident:28942,train
ITIncident:28948,train
ITIncident:28960,train
ITIncident:28962,train
ITIncident:28968,train
ITIncident:28972,train
ITIncident:28978,train
ITIncident:28983,test
ITIncident:28986,train
ITIncident:28991,train
ITIncident:29004,train
ITIncident:29006,test
ITIncident:29013,train
ITIncident:29018,train
ITIncident:29021,train
ITIncident:29024,train
ITIncident:29032,train
ITIncident:29039,test
ITIncident:29043,test
ITIncident:29049,train
ITIncident:29058,train
ITIncident:29063,test
ITIncident:29074,test
ITIncident:29080,train
ITIncident:29082,train
ITIncident:29090,train
ITIncident:29097,train
ITIncident:29105,train
ITIncident:29109,test
ITIncident:29115,train
ITIncident:29119,train
ITIncident:29129,train
ITIncident:29133,test
ITIncident:29138,test
ITIncident:29147,train
ITIncident:29149,train
ITIncident:29152,test
ITIncident:29161,train
ITIncident:29167,train
ITIncident:29169,train
ITIncident:29171,train
ITIncident:29177,train
ITIncident:29185,train
ITIncident:29189,train
ITIncident:29194,train
ITIncident:29205,train
ITIncident:29208,test
ITIncident:29216,train
ITIncident:29227,train
ITIncident:29249,test
ITIncident:29252,train
ITIncident:29258,train
ITIncident:29261,train
ITIncident:29264,train
ITIncident:29270,train
ITIncident:29278,train
ITIncident:29281,train
ITIncident:29285,train
ITIncident:29289,train
ITIncident:29293,train
ITIncident:29302,train
ITIncident:29310,train
ITIncident:29317,train
ITIncident:29324,train
ITIncident:29328,train
ITIncident:29334,train
ITIncident:29341,train
ITIncident:29343,train
ITIncident:29347,test
ITIncident:29353,train
ITIncident:29359,train
ITIncident:29363,train
ITIncident:29368,train
ITIncident:29371,train
ITIncident:29375,train
ITIncident:29381,train
ITIncident:29389,test
ITIncident:29394,train
ITIncident:29396,train
ITIncident:29402,test
ITIncident:29404,train
ITIncident:29415,test
ITIncident:29431,train
ITIncident:29440,train
ITIncident:29443,train
ITIncident:29450,test
ITIncident:29460,test
ITIncident:29465,train
ITIncident:29475,train
ITIncident:29485,train
ITIncident:29489,test
ITIncident:29492,train
ITIncident:29500,test
ITIncident:29505,train
ITIncident:29516,train
ITIncident:29523,train
ITIncident:29527,test
ITIncident:29534,test
ITIncident:29542,train
ITIncident:29554,test
ITIncident:29564,train
ITIncident:29569,train
ITIncident:29578,test
ITIncident:29583,train
ITIncident:29597,train
ITIncident:29604,train
ITIncident:29609,train
ITIncident:29614,train
ITIncident:29620,train
ITIncident:29625,train
ITIncident:29631,train
ITIncident:29636,train
ITIncident:29639,train
ITIncident:29648,train
ITIncident:29651,train
ITIncident:29653,train
ITIncident:29659,train
ITIncident:29666,train
ITIncident:29675,train
ITIncident:29681,train
ITIncident:29684,train
ITIncident:29694,train
ITIncident:29699,train
ITIncident:29705,test
ITIncident:29711,train
ITIncident:29716,train
ITIncident:29721,train
ITIncident:29731,test
ITIncident:29736,train
ITIncident:29740,train
ITIncident:29744,train
ITIncident:29753,train
ITIncident:29761,train
ITIncident:29772,train
ITIncident:29780,train
ITIncident:29782,train
ITIncident:29785,train
ITIncident:29792,train
ITIncident:29796,train
ITIncident:29800,train
ITIncident:29807,train
ITIncident:29813,test
ITIncident:29822,test
ITIncident:29831,train
ITIncident:29834,train
ITIncident:29837,test
ITIncident:29842,test
ITIncident:29862,train
ITIncident:29870,train
ITIncident:29875,train
ITIncident:29880,train
ITIncident:29888,train
ITIncident:29896,train
ITIncident:29902,train
ITIncident:29906,train
ITIncident:29911,train
ITIncident:29916,train
ITIncident:29921,train
ITIncident:29923,train
ITIncident:29927,train
ITIncident:29934,train
ITIncident:29946,train
ITIncident:29950,train
ITIncident:29955,train
ITIncident:29958,test
ITIncident:29964,train
ITIncident:29970,test
ITIncident:29977,test
ITIncident:29982,train
ITIncident:29986,test
ITIncident:29991,train
ITIncident:29997,train
ITIncident:30001,train
ITIncident:30010,train
ITIncident:30015,test
ITIncident:30021,train
ITIncident:30024,test
ITIncident:30028,train
ITIncident:30034,train
ITIncident:30043,train
ITIncident:30047,train
ITIncident:30052,train
ITIncident:30062,train
ITIncident:30066,train
ITIncident:30071,train
ITIncident:30074,train
ITIncident:30089,train
ITIncident:30093,train
ITIncident:30098,train
ITIncident:30107,train
ITIncident:30111,train
ITIncident:30116,train
ITIncident:30122,train
ITIncident:30126,train
ITIncident:30128,train
ITIncident:30135,train
ITIncident:30139,train
ITIncident:30146,train
ITIncident:30151,train
ITIncident:30156,train
ITIncident:30162,train
ITIncident:30168,train
ITIncident:30173,train
ITIncident:30178,train
ITIncident:30181,train
ITIncident:30189,test
ITIncident:30200,train
ITIncident:30211,test
ITIncident:30215,train
ITIncident:30223,test
ITIncident:30227,train
ITIncident:30232,train
ITIncident:30236,train
ITIncident:30244,train
ITIncident:30261,train
ITIncident:30266,train
ITIncident:30274,train
ITIncident:30280,train
ITIncident:30287,train
ITIncident:30306,train
ITIncident:30315,test
ITIncident:30320,train
ITIncident:30326,train
ITIncident:30335,train
ITIncident:30340,train
ITIncident:30343,train
ITIncident:30348,train
ITIncident:30351,test
ITIncident:30353,train
ITIncident:30364,train
ITIncident:30367,train
ITIncident:30376,test
ITIncident:30378,test
ITIncident:30382,test
ITIncident:30384,train
ITIncident:30391,train
ITIncident:30406,train
ITIncident:30411,train
ITIncident:30416,train
ITIncident:30421,test
ITIncident:30433,train
ITIncident:30435,train
ITIncident:30439,train
ITIncident:30444,train
ITIncident:30446,train
ITIncident:30448,train
ITIncident:30450,test
ITIncident:30454,train
ITIncident:30456,train
ITIncident:30458,test
ITIncident:30480,train
ITIncident:30487,test
ITIncident:30489,train
ITIncident:30495,train
ITIncident:30499,train
ITIncident:30506,train
ITIncident:30515,train
ITIncident:30523,test
ITIncident:30530,train
ITIncident:30537,train
ITIncident:30543,train
ITIncident:30550,train
ITIncident:30557,train
ITIncident:30563,train
ITIncident:30570,test
ITIncident:30574,train
ITIncident:30588,train
ITIncident:30590,train
ITIncident:30596,train
ITIncident:30603,train
ITIncident:30612,train
ITIncident:30617,train
ITIncident:30623,train
ITIncident:30628,train
ITIncident:30633,train
ITIncident:30635,train
ITIncident:30640,train
ITIncident:30646,train
ITIncident:30654,train
ITIncident:30679,train
ITIncident:30681,train
ITIncident:30687,train
ITIncident:30689,train
ITIncident:30696,test
ITIncident:30699,test
ITIncident:30706,train
ITIncident:30713,train
ITIncident:30727,train
ITIncident:30730,test
ITIncident:30735,train
ITIncident:30741,train
ITIncident:30747,train
ITIncident:30751,train
ITIncident:30767,test
ITIncident:30771,train
ITIncident:30776,train
ITIncident:30783,train
ITIncident:30786,test
ITIncident:30789,train
ITIncident:30792,train
ITIncident:30796,train
ITIncident:30803,train
ITIncident:30814,train
ITIncident:30823,train
ITIncident:30828,test
ITIncident:30837,train
ITIncident:30846,test
ITIncident:30851,train
ITIncident:30860,train
ITIncident:30865,train
ITIncident:30869,train
ITIncident:30872,test
ITIncident:30875,train
ITIncident:30880,train
ITIncident:30883,train
ITIncident:30896,train
ITIncident:30907,train
ITIncident:30913,train
ITIncident:30917,train
ITIncident:30923,test
ITIncident:30929,test
ITIncident:30937,train
ITIncident:30940,test
ITIncident:30963,train
ITIncident:30967,train
ITIncident:30969,test
ITIncident:30977,train
ITIncident:30984,train
ITIncident:30987,train
ITIncident:30991,train
ITIncident:30994,train
ITIncident:31001,train
ITIncident:31004,train
ITIncident:31007,train
ITIncident:31012,test
ITIncident:31018,train
ITIncident:31028,test
ITIncident:31037,train
ITIncident:31039,train
ITIncident:31045,train
ITIncident:31048,train
ITIncident:31056,train
ITIncident:31065,train
ITIncident:31070,train
ITIncident:31076,train
ITIncident:31087,train
ITIncident:31097,train
ITIncident:31114,test
ITIncident:31122,train
ITIncident:31127,test
ITIncident:31131,train
ITIncident:31138,train
ITIncident:31151,train
ITIncident:31159,train
ITIncident:31163,train
ITIncident:31171,test
ITIncident:31178,train
ITIncident:31181,train
ITIncident:31185,train
ITIncident:31193,train
ITIncident:31203,train
ITIncident:31206,train
ITIncident:31208,train
ITIncident:31218,train
ITIncident:31222,train
ITIncident:31229,train
ITIncident:31234,train
ITIncident:31241,train
ITIncident:31245,train
ITIncident:31254,test
ITIncident:31259,train
ITIncident:31265,test
ITIncident:31269,test
ITIncident:31279,train
ITIncident:31296,train
ITIncident:31303,test
ITIncident:31311,train
ITIncident:31318,test
ITIncident:31326,train
ITIncident:31334,test
ITIncident:31341,train
ITIncident:31345,train
ITIncident:31349,train
ITIncident:31355,train
ITIncident:31362,train
ITIncident:31372,test
ITIncident:31381,train
ITIncident:31386,test
ITIncident:31393,train
ITIncident:31398,test
ITIncident:31401,test
ITIncident:31413,train
ITIncident:31418,test
ITIncident:31422,train
ITIncident:31427,train
ITIncident:31430,train
ITIncident:31433,test
ITIncident:31438,train
ITIncident:31440,train
ITIncident:31445,train
ITIncident:31450,test
ITIncident:31455,test
ITIncident:31458,train
ITIncident:31464,test
ITIncident:31473,train
ITIncident:31477,train
ITIncident:31485,train
ITIncident:31498,test
ITIncident:31504,train
ITIncident:31509,train
ITIncident:31515,train
ITIncident:31517,train
ITIncident:31519,train
ITIncident:31527,train
ITIncident:31534,train
ITIncident:31537,train
ITIncident:31542,train
ITIncident:31544,train
ITIncident:31557,train
ITIncident:31561,train
ITIncident:31579,train
ITIncident:31582,train
ITIncident:31585,train
ITIncident:31588,train
ITIncident:31591,train
ITIncident:31599,train
ITIncident:31615,train
ITIncident:31618,train
ITIncident:31625,train
ITIncident:31627,train
ITIncident:31632,train
ITIncident:31659,train
ITIncident:31673,train
ITIncident:31676,test
ITIncident:31678,train
ITIncident:31681,train
ITIncident:31685,test
ITIncident:31693,train
ITIncident:31698,train
ITIncident:31704,train
ITIncident:31706,test
ITIncident:31715,train
ITIncident:31717,train
ITIncident:31722,train
ITIncident:31730,train
ITIncident:31738,train
ITIncident:31744,train
ITIncident:31752,test
ITIncident:31759,test
ITIncident:31765,train
ITIncident:31768,train
ITIncident:31770,train
ITIncident:31775,train
ITIncident:31784,test
ITIncident:31789,train
ITIncident:31792,train
ITIncident:31797,test
ITIncident:31803,train
ITIncident:31806,train
ITIncident:31811,train
ITIncident:31818,train
ITIncident:31821,train
ITIncident:31832,train
ITIncident:31834,train
ITIncident:31852,test
ITIncident:31854,test
ITIncident:31861,train
ITIncident:31868,train
ITIncident:31873,test
ITIncident:31875,test
ITIncident:31888,train
ITIncident:31891,train
ITIncident:31898,train
ITIncident:31901,train
ITIncident:31906,train
ITIncident:31909,train
ITIncident:31919,train
ITIncident:31922,train
ITIncident:31927,test
ITIncident:31939,train
ITIncident:31945,train
ITIncident:31949,train
ITIncident:31954,test
ITIncident:31960,train
ITIncident:31966,train
ITIncident:31972,train
ITIncident:31978,train
ITIncident:31993,train
ITIncident:31999,train
ITIncident:32009,train
ITIncident:32020,train
ITIncident:32027,test
ITIncident:32035,train
ITIncident:32039,train
ITIncident:32042,test
ITIncident:32049,train
ITIncident:32056,train
ITIncident:32059,test
ITIncident:32069,train
ITIncident:32072,test
ITIncident:32083,train
ITIncident:32089,test
ITIncident:32092,train
ITIncident:32097,train
ITIncident:32106,train
ITIncident:32114,train
ITIncident:32118,test
ITIncident:32131,train
ITIncident:32140,test
ITIncident:32152,train
ITIncident:32157,test
ITIncident:32166,test
ITIncident:32181,train
ITIncident:32197,train
ITIncident:32206,train
ITIncident:32217,train
ITIncident:32224,train
ITIncident:32257,train
ITIncident:32260,train
ITIncident:32265,train
ITIncident:32283,train
ITIncident:32287,train
ITIncident:32290,train
ITIncident:32320,train
ITIncident:32337,train
ITIncident:32342,train
ITIncident:32349,train
ITIncident:32358,test
ITIncident:32361,train
ITIncident:32374,train
ITIncident:32383,train
ITIncident:32387,test
ITIncident:32390,train
ITIncident:32399,train
ITIncident:32405,train
ITIncident:32409,train
ITIncident:32417,train
ITIncident:32421,train
ITIncident:32426,train
ITIncident:32429,train
ITIncident:32442,train
ITIncident:32450,train
ITIncident:32464,train
ITIncident:32476,train
ITIncident:32486,train
ITIncident:32495,train
ITIncident:32505,train
ITIncident:32509,train
ITIncident:32511,train
ITIncident:32513,train
ITIncident:32519,train
ITIncident:32521,train
ITIncident:32528,train
ITIncident:32530,train
ITIncident:32534,train
ITIncident:32540,train
ITIncident:32544,train
ITIncident:32551,train
ITIncident:32560,train
ITIncident:32565,test
ITIncident:32573,train
ITIncident:32575,train
ITIncident:32577,train
ITIncident:32587,train
ITIncident:32602,train
ITIncident:32606,test
ITIncident:32624,train
ITIncident:32630,train
ITIncident:32649,train
ITIncident:32661,train
ITIncident:32663,train
ITIncident:32671,train
ITIncident:32677,train
ITIncident:32682,test
ITIncident:32687,train
ITIncident:32693,train
ITIncident:32698,train
ITIncident:32715,train
ITIncident:32729,train
ITIncident:32732,train
ITIncident:32760,train
ITIncident:32762,train
ITIncident:32770,train
ITIncident:32775,train
ITIncident:32779,test
ITIncident:32784,train
ITIncident:32793,test
ITIncident:32799,train
ITIncident:32803,train
ITIncident:32808,train
ITIncident:32812,train
ITIncident:32817,train
ITIncident:32821,train
ITIncident:32832,train
ITIncident:32845,train
ITIncident:32854,test
ITIncident:32861,train
ITIncident:32868,train
ITIncident:32873,train
ITIncident:32877,train
ITIncident:32886,test
ITIncident:32929,train
ITIncident:32933,train
ITIncident:32944,train
ITIncident:32948,train
ITIncident:32952,train
ITIncident:32964,train
ITIncident:32976,train
ITIncident:32978,train
ITIncident:32982,test
ITIncident:32992,train
ITIncident:32998,train
ITIncident:33004,train
ITIncident:33008,train
ITIncident:33012,test
ITIncident:33016,train
ITIncident:33023,train
ITIncident:33028,train
ITIncident:33033,train
ITIncident:33042,train
ITIncident:33047,train
ITIncident:33049,train
ITIncident:33057,train
ITIncident:33059,train
ITIncident:33061,test
ITIncident:33077,train
ITIncident:33079,train
ITIncident:33092,train
ITIncident:33100,test
ITIncident:33105,train
ITIncident:33116,train
ITIncident:33130,train
ITIncident:33137,train
ITIncident:33139,train
ITIncident:33142,train
ITIncident:33148,test
ITIncident:33157,train
ITIncident:33168,train
ITIncident:33177,train
ITIncident:33181,train
ITIncident:33187,train
ITIncident:33193,train
ITIncident:33200,train
ITIncident:33213,train
ITIncident:33224,train
ITIncident:33237,train
ITIncident:33242,train
ITIncident:33247,test
ITIncident:33255,train
ITIncident:33258,train
ITIncident:33266,test
ITIncident:33281,train
ITIncident:33283,train
ITIncident:33288,test
ITIncident:33292,train
ITIncident:33299,train
ITIncident:33304,train
ITIncident:33309,test
ITIncident:33313,train
ITIncident:33318,train
ITIncident:33329,train
ITIncident:33340,train
ITIncident:33345,train
ITIncident:33359,train
ITIncident:33367,train
ITIncident:33374,train
ITIncident:33383,test
ITIncident:33386,test
ITIncident:33389,test
ITIncident:33392,test
ITIncident:33398,train
ITIncident:33400,test
ITIncident:33405,train
ITIncident:33425,train
ITIncident:33429,test
ITIncident:33434,train
ITIncident:33445,train
ITIncident:33447,train
ITIncident:33456,train
ITIncident:33461,test
ITIncident:33463,train
ITIncident:33476,train
ITIncident:33479,train
ITIncident:33482,train
ITIncident:33495,train
ITIncident:33498,train
ITIncident:33501,train
ITIncident:33504,train
ITIncident:33516,train
ITIncident:33522,train
ITIncident:33530,test
ITIncident:33536,train
ITIncident:33539,train
ITIncident:33544,train
ITIncident:33550,train
ITIncident:33558,train
ITIncident:33562,test
ITIncident:33573,test
ITIncident:33578,train
ITIncident:33589,test
ITIncident:33600,train
ITIncident:33613,train
ITIncident:33618,train
ITIncident:33622,train
ITIncident:33629,train
ITIncident:33632,train
ITIncident:33634,test
ITIncident:33644,train
ITIncident:33647,train
ITIncident:33655,train
ITIncident:33658,train
ITIncident:33661,test
ITIncident:33670,train
ITIncident:33684,train
ITIncident:33693,train
ITIncident:33703,train
ITIncident:33706,train
ITIncident:33711,train
ITIncident:33718,train
ITIncident:33723,train
ITIncident:33725,train
ITIncident:33730,train
ITIncident:33738,train
ITIncident:33746,train
ITIncident:33754,test
ITIncident:33758,train
ITIncident:33766,train
ITIncident:33787,train
ITIncident:33792,train
ITIncident:33800,train
ITIncident:33812,train
ITIncident:33823,train
ITIncident:33827,train
ITIncident:33834,train
ITIncident:33839,train
ITIncident:33849,train
ITIncident:33856,test
ITIncident:33859,train
ITIncident:33862,train
ITIncident:33864,train
ITIncident:33874,train
ITIncident:33877,train
ITIncident:33882,test
ITIncident:33890,train
ITIncident:33894,train
ITIncident:33902,test
ITIncident:33906,train
ITIncident:33913,train
ITIncident:33916,train
ITIncident:33934,train
ITIncident:33941,train
ITIncident:33948,train
ITIncident:33953,test
ITIncident:33958,test
ITIncident:33965,test
ITIncident:33969,train
ITIncident:33971,train
ITIncident:33974,train
ITIncident:33978,train
ITIncident:33980,test
ITIncident:33994,train
ITIncident:34002,test
ITIncident:34014,train
ITIncident:34017,test
ITIncident:34022,train
ITIncident:34024,train
ITIncident:34040,train
ITIncident:34048,test
ITIncident:34053,train
ITIncident:34071,train
ITIncident:34073,test
ITIncident:34077,train
ITIncident:34079,test
ITIncident:34082,test
ITIncident:34090,test
ITIncident:34100,train
ITIncident:34104,test
ITIncident:34106,train
ITIncident:34108,train
ITIncident:34116,train
ITIncident:34126,test
ITIncident:34128,train
ITIncident:34132,train
ITIncident:34136,train
ITIncident:34140,train
ITIncident:34142,test
ITIncident:34144,test
ITIncident:34151,train
ITIncident:34157,train
ITIncident:34165,train
ITIncident:34167,test
ITIncident:34171,test
ITIncident:34173,train
ITIncident:34175,test
ITIncident:34178,train
ITIncident:34180,train
ITIncident:34183,train
ITIncident:34192,train
ITIncident:34202,train
ITIncident:34204,train
ITIncident:34207,train
ITIncident:34219,train
ITIncident:34230,train
ITIncident:34239,train
ITIncident:34244,train
ITIncident:34253,test
ITIncident:34256,train
ITIncident:34267,train
ITIncident:34270,train
ITIncident:34275,train
ITIncident:34278,train
ITIncident:34284,train
ITIncident:34286,train
ITIncident:34290,train
ITIncident:34297,train
ITIncident:34308,train
ITIncident:34312,train
ITIncident:34323,train
ITIncident:34332,train
ITIncident:34336,train
ITIncident:34342,test
ITIncident:34346,train
ITIncident:34349,train
ITIncident:34354,test
ITIncident:34358,train
ITIncident:34364,train
ITIncident:34367,train
ITIncident:34372,train
ITIncident:34379,train
ITIncident:34383,test
ITIncident:34390,test
ITIncident:34397,train
ITIncident:34406,train
ITIncident:34416,train
ITIncident:34425,train
ITIncident:34429,train
ITIncident:34436,train
ITIncident:34445,train
ITIncident:34452,test
ITIncident:34456,train
ITIncident:34465,train
ITIncident:34468,train
ITIncident:34496,train
ITIncident:34503,test
ITIncident:34506,train
ITIncident:34509,train
ITIncident:34512,train
ITIncident:34516,train
ITIncident:34518,test
ITIncident:34526,train
ITIncident:34536,train
ITIncident:34544,test
ITIncident:34546,train
ITIncident:34549,train
ITIncident:34553,train
ITIncident:34557,test
ITIncident:34566,train
ITIncident:34572,train
ITIncident:34574,train
ITIncident:34581,train
ITIncident:34598,train
ITIncident:34603,train
ITIncident:34613,train
ITIncident:34618,test
ITIncident:34626,train
ITIncident:34636,train
ITIncident:34641,test
ITIncident:34651,test
ITIncident:34658,train
ITIncident:34660,train
ITIncident:34670,train
ITIncident:34677,train
ITIncident:34682,train
ITIncident:34686,train
ITIncident:34700,train
ITIncident:34707,train
ITIncident:34710,train
ITIncident:34713,train
ITIncident:34726,train
ITIncident:34734,test
ITIncident:34739,train
ITIncident:34744,train
ITIncident:34748,train
ITIncident:34753,train
ITIncident:34759,train
ITIncident:34761,test
ITIncident:34764,train
ITIncident:34768,train
ITIncident:34777,train
ITIncident:34781,train
ITIncident:34786,train
ITIncident:34791,train
ITIncident:34798,train
ITIncident:34802,train
ITIncident:34811,train
ITIncident:34813,train
ITIncident:34822,test
ITIncident:34829,train
ITIncident:34847,train
ITIncident:34854,train
ITIncident:34859,train
ITIncident:34864,test
ITIncident:34867,test
ITIncident:34873,train
ITIncident:34880,train
ITIncident:34892,train
ITIncident:34899,train
ITIncident:34907,train
ITIncident:34909,test
ITIncident:34918,train
ITIncident:34921,train
ITIncident:34926,train
ITIncident:34934,test
ITIncident:34952,train
ITIncident:34961,train
ITIncident:34966,train
ITIncident:34974,train
ITIncident:34985,train
ITIncident:34993,train
ITIncident:35002,train
ITIncident:35007,train
ITIncident:35023,test
ITIncident:35033,train
ITIncident:35044,train
ITIncident:35048,train
ITIncident:35053,train
ITIncident:35059,train
ITIncident:35063,train
ITIncident:35066,train
ITIncident:35078,train
ITIncident:35081,train
ITIncident:35090,train
ITIncident:35094,test
ITIncident:35102,train
ITIncident:35104,train
ITIncident:35112,train
ITIncident:35119,train
ITIncident:35127,test
ITIncident:35138,train
ITIncident:35142,train
ITIncident:35152,train
ITIncident:35160,train
ITIncident:35170,train
ITIncident:35174,test
ITIncident:35178,train
ITIncident:35181,train
ITIncident:35196,test
ITIncident:35201,train
ITIncident:35205,train
ITIncident:35210,test
ITIncident:35212,train
ITIncident:35219,train
ITIncident:35223,train
ITIncident:35225,train
ITIncident:35229,train
ITIncident:35239,train
ITIncident:35247,test
ITIncident:35256,train
ITIncident:35260,train
ITIncident:35270,test
ITIncident:35275,train
ITIncident:35282,train
ITIncident:35285,train
ITIncident:35289,train
ITIncident:35298,train
ITIncident:35307,train
ITIncident:35309,train
ITIncident:35313,test
ITIncident:35324,train
ITIncident:35328,train
ITIncident:35338,train
ITIncident:35340,train
ITIncident:35344,train
ITIncident:35351,test
ITIncident:35356,train
ITIncident:35363,train
ITIncident:35369,train
ITIncident:35377,train
ITIncident:35380,train
ITIncident:35385,train
ITIncident:35393,train
ITIncident:35396,train
ITIncident:35402,train
ITIncident:35407,test
ITIncident:35411,train
ITIncident:35419,test
ITIncident:35425,test
ITIncident:35432,train
ITIncident:35453,train
ITIncident:35470,train
ITIncident:35473,train
ITIncident:35490,train
ITIncident:35496,train
ITIncident:35509,test
ITIncident:35511,train
ITIncident:35515,test
ITIncident:35525,train
ITIncident:35535,test
ITIncident:35539,train
ITIncident:35543,train
ITIncident:35549,train
ITIncident:35556,train
ITIncident:35560,train
ITIncident:35564,test
ITIncident:35569,train
ITIncident:35574,train
ITIncident:35579,test
ITIncident:35581,train
ITIncident:35586,train
ITIncident:35590,train
ITIncident:35594,train
ITIncident:35596,train
ITIncident:35610,train
ITIncident:35615,train
ITIncident:35623,test
ITIncident:35630,train
ITIncident:35633,train
ITIncident:35639,train
ITIncident:35641,train
ITIncident:35655,train
ITIncident:35658,train
ITIncident:35667,train
ITIncident:35672,train
ITIncident:35679,train
ITIncident:35683,test
ITIncident:35686,test
ITIncident:35689,train
ITIncident:35699,train
ITIncident:35709,test
ITIncident:35714,test
ITIncident:35718,train
ITIncident:35725,test
ITIncident:35728,train
ITIncident:35735,train
ITIncident:35739,train
ITIncident:35743,train
ITIncident:35747,train
ITIncident:35751,train
ITIncident:35756,train
ITIncident:35758,train
ITIncident:35762,train
ITIncident:35772,train
ITIncident:35776,train
ITIncident:35780,train
ITIncident:35784,train
ITIncident:35793,train
ITIncident:35806,train
ITIncident:35813,train
ITIncident:35827,train
ITIncident:35831,test
ITIncident:35833,train
ITIncident:35843,train
ITIncident:35849,test
ITIncident:35852,train
ITIncident:35856,train
ITIncident:35863,train
ITIncident:35875,train
ITIncident:35879,train
ITIncident:35883,train
ITIncident:35897,train
ITIncident:35913,train
ITIncident:35919,train
ITIncident:35923,train
ITIncident:35927,train
ITIncident:35941,train
ITIncident:35953,test
ITIncident:35962,train
ITIncident:35973,train
ITIncident:35980,train
ITIncident:35992,train
ITIncident:36002,train
ITIncident:36012,train
ITIncident:36020,test
ITIncident:36030,test
ITIncident:36038,train
ITIncident:36059,train
ITIncident:36070,train
ITIncident:36079,train
ITIncident:36083,train
ITIncident:36086,train
ITIncident:36092,train
ITIncident:36097,train
ITIncident:36110,train
ITIncident:36121,test
ITIncident:36124,train
ITIncident:36136,train
ITIncident:36140,train
ITIncident:36143,test
ITIncident:36147,train
ITIncident:36162,train
ITIncident:36166,train
ITIncident:36173,test
ITIncident:36178,train
ITIncident:36182,train
ITIncident:36184,test
ITIncident:36187,train
ITIncident:36195,train
ITIncident:36205,train
ITIncident:36212,test
ITIncident:36225,train
ITIncident:36229,train
ITIncident:36235,train
ITIncident:36243,test
ITIncident:36251,test
ITIncident:36254,train
ITIncident:36257,train
ITIncident:36264,train
ITIncident:36269,test
ITIncident:36271,train
ITIncident:36281,train
ITIncident:36288,train
ITIncident:36301,train
ITIncident:36316,test
ITIncident:36330,train
ITIncident:36341,train
ITIncident:36345,test
ITIncident:36347,train
ITIncident:36351,train
ITIncident:36356,train
ITIncident:36375,train
ITIncident:36379,train
ITIncident:36384,test
ITIncident:36387,train
ITIncident:36393,train
ITIncident:36398,test
ITIncident:36400,train
ITIncident:36406,train
ITIncident:36411,train
ITIncident:36413,train
ITIncident:36423,train
ITIncident:36425,train
ITIncident:36427,train
ITIncident:36433,test
ITIncident:36436,train
ITIncident:36438,train
ITIncident:36448,train
ITIncident:36452,train
ITIncident:36454,train
ITIncident:36457,train
ITIncident:36460,test
ITIncident:36465,train
ITIncident:36469,test
ITIncident:36493,test
ITIncident:36506,test
ITIncident:36520,train
ITIncident:36527,train
ITIncident:36531,test
ITIncident:36534,train
ITIncident:36539,train
ITIncident:36544,train
ITIncident:36546,train
ITIncident:36555,test
ITIncident:36563,train
ITIncident:36579,train
ITIncident:36582,train
ITIncident:36593,train
ITIncident:36599,test
ITIncident:36610,train
ITIncident:36619,train
ITIncident:36621,test
ITIncident:36625,test
ITIncident:36631,train
ITIncident:36650,train
ITIncident:36653,train
ITIncident:36657,train
ITIncident:36659,train
ITIncident:36662,train
ITIncident:36668,train
ITIncident:36682,test
ITIncident:36685,train
ITIncident:36688,train
ITIncident:36690,train
ITIncident:36695,train
ITIncident:36698,train
ITIncident:36703,train
ITIncident:36706,train
ITIncident:36708,train
ITIncident:36713,train
ITIncident:36716,test
ITIncident:36728,train
ITIncident:36730,test
ITIncident:36732,train
ITIncident:36750,train
ITIncident:36756,train
ITIncident:36763,test
ITIncident:36767,train
ITIncident:36772,train
ITIncident:36789,train
ITIncident:36795,test
ITIncident:36799,train
ITIncident:36802,train
ITIncident:36807,train
ITIncident:36813,train
ITIncident:36819,test
ITIncident:36821,train
ITIncident:36823,test
ITIncident:36828,train
ITIncident:36831,train
ITIncident:36846,train
ITIncident:36849,train
ITIncident:36854,test
ITIncident:36863,train
ITIncident:36865,train
ITIncident:36869,train
ITIncident:36871,train
ITIncident:36885,train
ITIncident:36895,train
ITIncident:36897,train
ITIncident:36903,train
ITIncident:36906,train
ITIncident:36913,train
ITIncident:36926,test
ITIncident:36935,test
ITIncident:36941,train
ITIncident:36949,test
ITIncident:36955,train
ITIncident:36959,test
ITIncident:36966,test
ITIncident:36969,train
ITIncident:36972,train
ITIncident:36987,train
ITIncident:36990,train
ITIncident:36995,train
ITIncident:37005,train
ITIncident:37010,test
ITIncident:37015,train
ITIncident:37018,train
ITIncident:37022,test
ITIncident:37027,train
ITIncident:37030,train
ITIncident:37032,train
ITIncident:37036,train
ITIncident:37041,test
ITIncident:37046,train
ITIncident:37055,test
ITIncident:37063,test
ITIncident:37067,train
ITIncident:37072,train
ITIncident:37078,test
ITIncident:37080,train
ITIncident:37085,train
ITIncident:37090,test
ITIncident:37096,train
ITIncident:37098,train
ITIncident:37101,train
ITIncident:37111,train
ITIncident:37114,train
ITIncident:37116,train
ITIncident:37131,train
ITIncident:37133,test
ITIncident:37143,train
ITIncident:37146,train
ITIncident:37149,train
ITIncident:37155,test
ITIncident:37159,train
ITIncident:37167,train
ITIncident:37175,test
ITIncident:37180,train
ITIncident:37188,test
ITIncident:37193,train
ITIncident:37200,train
ITIncident:37209,train
ITIncident:37213,train
ITIncident:37216,train
ITIncident:37228,train
ITIncident:37235,train
ITIncident:37246,train
ITIncident:37250,test
ITIncident:37261,train
ITIncident:37264,train
ITIncident:37272,test
ITIncident:37275,train
ITIncident:37277,train
ITIncident:37281,train
ITIncident:37293,train
ITIncident:37297,test
ITIncident:37301,train
ITIncident:37303,train
ITIncident:37308,test
ITIncident:37310,train
ITIncident:37317,train
ITIncident:37332,test
ITIncident:37341,test
ITIncident:37345,train
ITIncident:37354,train
ITIncident:37359,train
ITIncident:37364,train
ITIncident:37369,train
ITIncident:37382,test
ITIncident:37387,test
ITIncident:37390,train
ITIncident:37397,train
ITIncident:37402,train
ITIncident:37416,train
ITIncident:37418,train
ITIncident:37421,test
ITIncident:37426,train
ITIncident:37431,test
ITIncident:37439,train
ITIncident:37444,train
ITIncident:37452,train
ITIncident:37457,test
ITIncident:37464,test
ITIncident:37468,train
ITIncident:37472,train
ITIncident:37476,train
ITIncident:37487,test
ITIncident:37490,train
ITIncident:37496,train
ITIncident:37503,train
ITIncident:37509,train
ITIncident:37515,train
ITIncident:37522,train
ITIncident:37526,train
ITIncident:37540,train
ITIncident:37547,train
ITIncident:37551,train
ITIncident:37556,train
ITIncident:37566,train
ITIncident:37570,train
ITIncident:37576,train
ITIncident:37579,train
ITIncident:37590,train
ITIncident:37599,test
ITIncident:37601,train
ITIncident:37618,train
ITIncident:37621,train
ITIncident:37623,train
ITIncident:37628,train
ITIncident:37640,test
ITIncident:37649,train
ITIncident:37654,train
ITIncident:37661,test
ITIncident:37682,train
ITIncident:37687,train
ITIncident:37697,train
ITIncident:37701,train
ITIncident:37705,train
ITIncident:37707,train
ITIncident:37711,train
ITIncident:37719,train
ITIncident:37725,train
ITIncident:37734,train
ITIncident:37740,test
ITIncident:37747,train
ITIncident:37751,test
ITIncident:37753,train
ITIncident:37761,train
ITIncident:37766,test
ITIncident:37771,train
ITIncident:37777,train
ITIncident:37790,train
ITIncident:37797,train
ITIncident:37799,train
ITIncident:37810,train
ITIncident:37814,train
ITIncident:37818,train
ITIncident:37825,train
ITIncident:37833,test
ITIncident:37842,train
ITIncident:37852,train
ITIncident:37858,train
ITIncident:37862,train
ITIncident:37875,test
ITIncident:37881,train
ITIncident:37891,train
ITIncident:37901,train
ITIncident:37903,train
ITIncident:37906,train
ITIncident:37910,train
ITIncident:37925,test
ITIncident:37930,train
ITIncident:37937,train
ITIncident:37949,test
ITIncident:37957,train
ITIncident:37977,test
ITIncident:37989,train
ITIncident:38007,train
ITIncident:38009,train
ITIncident:38011,train
ITIncident:38021,train
ITIncident:38023,train
ITIncident:38029,train
ITIncident:38031,train
ITIncident:38036,test
ITIncident:38039,train
ITIncident:38043,train
ITIncident:38047,train
ITIncident:38062,test
ITIncident:38073,train
ITIncident:38076,train
ITIncident:38078,test
ITIncident:38082,train
ITIncident:38086,train
ITIncident:38100,train
ITIncident:38120,test
ITIncident:38127,train
ITIncident:38131,train
ITIncident:38135,train
ITIncident:38141,train
ITIncident:38144,train
ITIncident:38146,train
ITIncident:38156,test
ITIncident:38161,train
ITIncident:38168,train
ITIncident:38177,test
ITIncident:38182,train
ITIncident:38195,test
ITIncident:38197,train
ITIncident:38200,train
ITIncident:38206,test
ITIncident:38210,train
ITIncident:38213,train
ITIncident:38216,train
ITIncident:38219,train
ITIncident:38222,train
ITIncident:38225,test
ITIncident:38227,test
ITIncident:38237,train
ITIncident:38239,train
ITIncident:38243,train
ITIncident:38246,train
ITIncident:38249,train
ITIncident:38253,train
ITIncident:38260,test
ITIncident:38264,train
ITIncident:38267,train
ITIncident:38270,train
ITIncident:38276,train
ITIncident:38281,train
ITIncident:38287,train
ITIncident:38296,train
ITIncident:38298,train
ITIncident:38307,train
ITIncident:38314,train
ITIncident:38326,train
ITIncident:38344,train
ITIncident:38349,train
ITIncident:38352,train
ITIncident:38358,train
ITIncident:38365,train
ITIncident:38372,train
ITIncident:38376,train
ITIncident:38381,train
ITIncident:38386,train
ITIncident:38391,test
ITIncident:38394,train
ITIncident:38398,test
ITIncident:38401,train
ITIncident:38406,train
ITIncident:38414,train
ITIncident:38418,train
ITIncident:38421,train
ITIncident:38425,train
ITIncident:38429,train
ITIncident:38435,train
ITIncident:38442,train
ITIncident:38446,train
ITIncident:38449,train
ITIncident:38454,train
ITIncident:38458,train
ITIncident:38463,test
ITIncident:38468,train
ITIncident:38488,train
ITIncident:38502,train
ITIncident:38512,test
ITIncident:38527,test
ITIncident:38534,train
ITIncident:38539,train
ITIncident:38545,train
ITIncident:38550,train
ITIncident:38557,train
ITIncident:38559,train
ITIncident:38566,train
ITIncident:38576,train
ITIncident:38583,train
ITIncident:38593,train
ITIncident:38605,train
ITIncident:38608,train
ITIncident:38616,train
ITIncident:38620,train
ITIncident:38632,train
ITIncident:38635,train
ITIncident:38637,train
ITIncident:38642,train
ITIncident:38648,train
ITIncident:38651,train
ITIncident:38656,train
ITIncident:38658,train
ITIncident:38663,train
ITIncident:38667,train
ITIncident:38669,train
ITIncident:38683,test
ITIncident:38689,train
ITIncident:38695,train
ITIncident:38700,train
ITIncident:38706,train
ITIncident:38711,train
ITIncident:38721,train
ITIncident:38736,train
ITIncident:38739,train
ITIncident:38745,test
ITIncident:38748,train
ITIncident:38760,train
ITIncident:38766,train
ITIncident:38769,train
ITIncident:38773,train
ITIncident:38780,train
ITIncident:38785,train
ITIncident:38790,train
ITIncident:38798,train
ITIncident:38803,train
ITIncident:38808,test
ITIncident:38815,test
ITIncident:38819,train
ITIncident:38825,train
ITIncident:38829,test
ITIncident:38835,train
ITIncident:38849,train
ITIncident:38853,train
ITIncident:38864,train
ITIncident:38869,train
ITIncident:38877,train
ITIncident:38882,train
ITIncident:38887,train
ITIncident:38893,train
ITIncident:38899,train
ITIncident:38902,train
ITIncident:38908,train
ITIncident:38912,test
ITIncident:38915,train
ITIncident:38925,train
ITIncident:38930,train
ITIncident:38936,train
ITIncident:38942,train
ITIncident:38951,train
ITIncident:38967,train
ITIncident:38973,train
ITIncident:38985,train
ITIncident:38988,train
ITIncident:38992,train
ITIncident:38999,test
ITIncident:39005,train
ITIncident:39015,train
ITIncident:39020,train
ITIncident:39027,train
ITIncident:39032,test
ITIncident:39043,train
ITIncident:39047,train
ITIncident:39053,train
ITIncident:39066,test
ITIncident:39071,train
ITIncident:39073,train
ITIncident:39077,train
ITIncident:39083,train
ITIncident:39091,train
ITIncident:39095,train
ITIncident:39097,train
ITIncident:39104,test
ITIncident:39110,train
ITIncident:39122,train
ITIncident:39131,train
ITIncident:39139,train
ITIncident:39142,train
ITIncident:39147,train
ITIncident:39152,test
ITIncident:39164,train
ITIncident:39168,train
ITIncident:39172,train
ITIncident:39182,train
ITIncident:39189,test
ITIncident:39200,train
ITIncident:39209,train
ITIncident:39219,train
ITIncident:39226,train
ITIncident:39236,train
ITIncident:39245,train
ITIncident:39251,train
ITIncident:39255,train
ITIncident:39258,train
ITIncident:39266,test
ITIncident:39277,train
ITIncident:39280,train
ITIncident:39290,train
ITIncident:39298,train
ITIncident:39308,test
ITIncident:39312,train
ITIncident:39314,train
ITIncident:39325,train
ITIncident:39333,train
ITIncident:39337,train
ITIncident:39339,test
ITIncident:39354,test
ITIncident:39373,train
ITIncident:39385,test
ITIncident:39396,train
ITIncident:39398,test
ITIncident:39404,train
ITIncident:39411,train
ITIncident:39417,train
ITIncident:39419,train
ITIncident:39426,train
ITIncident:39432,train
ITIncident:39438,train
ITIncident:39442,test
ITIncident:39459,train
ITIncident:39465,train
ITIncident:39469,train
ITIncident:39474,train
ITIncident:39476,train
ITIncident:39481,train
ITIncident:39487,train
ITIncident:39494,train
ITIncident:39499,test
ITIncident:39506,train
ITIncident:39512,train
ITIncident:39519,train
ITIncident:39525,train
ITIncident:39531,test
ITIncident:39536,train
ITIncident:39543,train
ITIncident:39547,train
ITIncident:39549,train
ITIncident:39557,train
ITIncident:39563,train
ITIncident:39573,train
ITIncident:39575,train
ITIncident:39584,train
ITIncident:39589,train
ITIncident:39594,test
ITIncident:39600,train
ITIncident:39602,train
ITIncident:39607,train
ITIncident:39611,train
ITIncident:39619,train
ITIncident:39621,test
ITIncident:39623,train
ITIncident:39637,test
ITIncident:39645,train
ITIncident:39655,test
ITIncident:39658,train
ITIncident:39663,train
ITIncident:39665,train
ITIncident:39670,train
ITIncident:39673,train
ITIncident:39679,train
ITIncident:39683,train
ITIncident:39685,train
ITIncident:39690,test
ITIncident:39709,train
ITIncident:39714,test
ITIncident:39718,train
ITIncident:39724,test
ITIncident:39729,test
ITIncident:39731,train
ITIncident:39738,train
ITIncident:39744,test
ITIncident:39749,train
ITIncident:39754,train
ITIncident:39756,train
ITIncident:39759,train
ITIncident:39764,train
ITIncident:39768,train
ITIncident:39774,train
ITIncident:39779,test
ITIncident:39783,test
ITIncident:39785,train
ITIncident:39788,train
ITIncident:39790,train
ITIncident:39792,train
ITIncident:39796,train
ITIncident:39802,train
ITIncident:39813,train
ITIncident:39819,train
ITIncident:39832,train
ITIncident:39837,train
ITIncident:39843,test
ITIncident:39852,train
ITIncident:39857,train
ITIncident:39862,test
ITIncident:39866,train
ITIncident:39871,train
ITIncident:39880,train
ITIncident:39890,train
ITIncident:39898,train
ITIncident:39902,train
ITIncident:39904,train
ITIncident:39909,train
ITIncident:39916,test
ITIncident:39920,test
ITIncident:39924,train
ITIncident:39930,train
ITIncident:39932,train
ITIncident:39937,test
ITIncident:39942,test
ITIncident:39947,train
ITIncident:39953,test
ITIncident:39960,train
ITIncident:39964,test
ITIncident:39972,train
ITIncident:39984,train
ITIncident:39988,train
ITIncident:39995,train
ITIncident:39998,test
ITIncident:40005,train
ITIncident:40021,train
ITIncident:40025,train
ITIncident:40043,train
ITIncident:40054,test
ITIncident:40057,train
ITIncident:40066,train
ITIncident:40070,train
ITIncident:40075,train
ITIncident:40078,train
ITIncident:40081,train
ITIncident:40087,train
ITIncident:40090,train
ITIncident:40093,train
ITIncident:40096,train
ITIncident:40099,train
ITIncident:40101,train
ITIncident:40104,train
ITIncident:40108,train
ITIncident:40111,train
ITIncident:40113,train
ITIncident:40117,train
ITIncident:40120,train
ITIncident:40134,train
ITIncident:40142,train
ITIncident:40146,train
ITIncident:40149,train
ITIncident:40152,train
ITIncident:40159,train
ITIncident:40166,train
ITIncident:40174,train
ITIncident:40183,train
ITIncident:40185,train
ITIncident:40190,train
ITIncident:40192,train
ITIncident:40197,train
ITIncident:40202,train
ITIncident:40206,train
ITIncident:40208,train
ITIncident:40211,train
ITIncident:40214,train
ITIncident:40219,train
ITIncident:40223,test
ITIncident:40227,train
ITIncident:40242,test
ITIncident:40249,train
ITIncident:40254,train
ITIncident:40257,train
ITIncident:40260,train
ITIncident:40265,train
ITIncident:40268,train
ITIncident:40271,train
ITIncident:40274,train
ITIncident:40286,train
ITIncident:40294,train
ITIncident:40299,test
ITIncident:40306,train
ITIncident:40308,train
ITIncident:40310,test
ITIncident:40321,train
ITIncident:40327,train
ITIncident:40333,train
ITIncident:40339,train
ITIncident:40341,train
ITIncident:40347,test
ITIncident:40349,train
ITIncident:40353,train
ITIncident:40359,train
ITIncident:40361,train
ITIncident:40368,train
ITIncident:40371,train
ITIncident:40375,test
ITIncident:40377,train
ITIncident:40381,train
ITIncident:40383,train
ITIncident:40387,train
ITIncident:40393,train
ITIncident:40395,test
ITIncident:40397,train
ITIncident:40400,test
ITIncident:40414,train
ITIncident:40418,test
ITIncident:40431,test
ITIncident:40436,train
ITIncident:40438,train
ITIncident:40449,train
ITIncident:40453,train
ITIncident:40458,train
ITIncident:40463,train
ITIncident:40469,train
ITIncident:40472,train
ITIncident:40484,train
ITIncident:40486,train
ITIncident:40490,train
ITIncident:40493,train
ITIncident:40496,train
ITIncident:40499,train
ITIncident:40503,train
ITIncident:40505,train
ITIncident:40511,train
ITIncident:40514,train
ITIncident:40518,train
ITIncident:40521,train
ITIncident:40524,train
ITIncident:40527,train
ITIncident:40531,train
ITIncident:40534,train
ITIncident:40537,train
ITIncident:40550,train
ITIncident:40555,test
ITIncident:40559,train
ITIncident:40567,train
ITIncident:40570,train
ITIncident:40573,train
ITIncident:40577,test
ITIncident:40582,train
ITIncident:40586,train
ITIncident:40590,train
ITIncident:40593,test
ITIncident:40595,train
ITIncident:40603,train
ITIncident:40607,train
ITIncident:40610,train
ITIncident:40613,train
ITIncident:40620,train
ITIncident:40624,train
ITIncident:40635,train
ITIncident:40643,test
ITIncident:40646,test
ITIncident:40648,train
ITIncident:40650,test
ITIncident:40652,test
ITIncident:40657,train
ITIncident:40665,train
ITIncident:40672,train
ITIncident:40680,train
ITIncident:40686,train
ITIncident:40701,train
ITIncident:40707,train
ITIncident:40721,train
ITIncident:40724,train
ITIncident:40730,train
ITIncident:40739,train
ITIncident:40743,train
ITIncident:40749,train
ITIncident:40753,test
ITIncident:40758,test
ITIncident:40763,train
ITIncident:40766,test
ITIncident:40769,train
ITIncident:40775,test
ITIncident:40778,train
ITIncident:40781,train
ITIncident:40784,train
ITIncident:40791,train
ITIncident:40794,train
ITIncident:40796,train
ITIncident:40798,train
ITIncident:40801,train
ITIncident:40807,train
ITIncident:40810,test
ITIncident:40812,train
ITIncident:40829,train
ITIncident:40838,train
ITIncident:40842,train
ITIncident:40847,train
ITIncident:40849,train
ITIncident:40852,train
ITIncident:40859,train
ITIncident:40865,test
ITIncident:40871,train
ITIncident:40878,train
ITIncident:40881,train
ITIncident:40887,test
ITIncident:40894,train
ITIncident:40901,train
ITIncident:40907,train
ITIncident:40919,train
ITIncident:40934,train
ITIncident:40936,train
ITIncident:40940,train
ITIncident:40942,train
ITIncident:40946,test
ITIncident:40948,train
ITIncident:40953,train
ITIncident:40956,train
ITIncident:40959,train
ITIncident:40969,train
ITIncident:40973,test
ITIncident:40978,train
ITIncident:40984,train
ITIncident:40988,train
ITIncident:40990,train
ITIncident:40998,train
ITIncident:41004,train
ITIncident:41009,train
ITIncident:41013,train
ITIncident:41035,test
ITIncident:41040,train
ITIncident:41049,test
ITIncident:41058,test
ITIncident:41064,train
ITIncident:41069,train
ITIncident:41071,train
ITIncident:41077,train
ITIncident:41082,train
ITIncident:41088,train
ITIncident:41093,train
ITIncident:41095,test
ITIncident:41100,train
ITIncident:41104,test
ITIncident:41110,train
ITIncident:41115,train
ITIncident:41118,train
ITIncident:41123,train
ITIncident:41130,train
ITIncident:41132,train
ITIncident:41135,test
ITIncident:41140,train
ITIncident:41143,train
ITIncident:41148,train
ITIncident:41152,train
ITIncident:41165,train
ITIncident:41174,test
ITIncident:41186,test
ITIncident:41193,train
ITIncident:41197,train
ITIncident:41200,train
ITIncident:41217,train
ITIncident:41221,train
ITIncident:41226,train
ITIncident:41232,train
ITIncident:41234,train
ITIncident:41237,train
ITIncident:41243,train
ITIncident:41268,test
ITIncident:41270,train
ITIncident:41273,train
ITIncident:41275,train
ITIncident:41284,train
ITIncident:41289,train
ITIncident:41291,train
ITIncident:41301,train
ITIncident:41308,train
ITIncident:41312,train
ITIncident:41315,train
ITIncident:41323,test
ITIncident:41327,train
ITIncident:41335,train
ITIncident:41338,train
ITIncident:41340,train
ITIncident:41347,test
ITIncident:41350,test
ITIncident:41357,train
ITIncident:41370,train
ITIncident:41372,train
ITIncident:41377,train
ITIncident:41385,train
ITIncident:41393,train
ITIncident:41398,train
ITIncident:41400,test
ITIncident:41403,train
ITIncident:41414,train
ITIncident:41420,test
ITIncident:41423,train
ITIncident:41432,train
ITIncident:41437,train
ITIncident:41450,train
ITIncident:41453,train
ITIncident:41455,train
ITIncident:41460,test
ITIncident:41463,train
ITIncident:41468,train
ITIncident:41472,test
ITIncident:41478,train
ITIncident:41482,test
ITIncident:41488,train
ITIncident:41494,test
ITIncident:41499,train
ITIncident:41501,train
ITIncident:41510,test
ITIncident:41515,train
ITIncident:41520,train
ITIncident:41529,train
ITIncident:41537,train
ITIncident:41553,train
ITIncident:41562,train
ITIncident:41564,train
ITIncident:41573,train
ITIncident:41577,test
ITIncident:41583,train
ITIncident:41585,train
ITIncident:41587,train
ITIncident:41591,train
ITIncident:41600,train
ITIncident:41607,train
ITIncident:41615,test
ITIncident:41621,train
ITIncident:41623,train
ITIncident:41630,train
ITIncident:41635,train
ITIncident:41639,train
ITIncident:41643,test
ITIncident:41652,train
ITIncident:41657,test
ITIncident:41660,train
ITIncident:41665,test
ITIncident:41673,train
ITIncident:41679,train
ITIncident:41681,train
ITIncident:41685,train
ITIncident:41693,train
ITIncident:41699,train
ITIncident:41703,train
ITIncident:41711,train
ITIncident:41713,train
ITIncident:41718,train
ITIncident:41723,train
ITIncident:41728,train
ITIncident:41734,train
ITIncident:41749,train
ITIncident:41755,test
ITIncident:41762,train
ITIncident:41766,train
ITIncident:41771,train
ITIncident:41773,train
ITIncident:41779,train
ITIncident:41782,train
ITIncident:41785,train
ITIncident:41788,test
ITIncident:41793,train
ITIncident:41802,train
ITIncident:41806,train
ITIncident:41811,test
ITIncident:41816,train
ITIncident:41823,train
ITIncident:41844,train
ITIncident:41848,train
ITIncident:41853,train
ITIncident:41860,train
ITIncident:41879,train
ITIncident:41884,test
ITIncident:41893,test
ITIncident:41900,train
ITIncident:41905,test
ITIncident:41912,train
ITIncident:41923,train
ITIncident:41929,train
ITIncident:41938,train
ITIncident:41953,train
ITIncident:41957,test
ITIncident:41961,train
ITIncident:41976,train
ITIncident:41982,test
ITIncident:41987,train
ITIncident:41995,test
ITIncident:41999,train
ITIncident:42005,train
ITIncident:42016,train
ITIncident:42031,train
ITIncident:42034,train
ITIncident:42049,train
ITIncident:42053,train
ITIncident:42056,train
ITIncident:42064,train
ITIncident:42069,train
ITIncident:42073,train
ITIncident:42089,train
ITIncident:42098,test
ITIncident:42102,test
ITIncident:42107,train
ITIncident:42114,train
ITIncident:42118,test
ITIncident:42127,train
ITIncident:42131,train
ITIncident:42141,train
ITIncident:42151,train
ITIncident:42153,train
ITIncident:42158,train
ITIncident:42164,train
ITIncident:42174,train
ITIncident:42180,test
ITIncident:42186,test
ITIncident:42190,test
ITIncident:42196,train
ITIncident:42200,train
ITIncident:42205,train
ITIncident:42212,train
ITIncident:42214,test
ITIncident:42219,train
ITIncident:42228,test
ITIncident:42232,train
ITIncident:42236,train
ITIncident:42246,train
ITIncident:42253,train
ITIncident:42264,train
ITIncident:42268,test
ITIncident:42273,test
ITIncident:42281,train
ITIncident:42289,train
ITIncident:42291,train
ITIncident:42299,train
ITIncident:42307,train
ITIncident:42312,train
ITIncident:42321,test
ITIncident:42331,train
ITIncident:42333,train
ITIncident:42340,train
ITIncident:42345,train
ITIncident:42353,train
ITIncident:42367,train
ITIncident:42374,train
ITIncident:42378,train
ITIncident:42386,train
ITIncident:42391,test
ITIncident:42395,train
ITIncident:42400,train
ITIncident:42404,train
ITIncident:42411,train
ITIncident:42421,train
ITIncident:42425,test
ITIncident:42429,train
ITIncident:42440,test
ITIncident:42449,train
ITIncident:42454,test
ITIncident:42476,train
ITIncident:42481,train
ITIncident:42490,train
ITIncident:42496,test
ITIncident:42511,train
ITIncident:42524,train
ITIncident:42528,train
ITIncident:42539,train
ITIncident:42542,train
ITIncident:42544,train
ITIncident:42548,train
ITIncident:42552,train
ITIncident:42554,train
ITIncident:42560,train
ITIncident:42566,train
ITIncident:42571,train
ITIncident:42579,train
ITIncident:42589,test
ITIncident:42596,train
ITIncident:42603,train
ITIncident:42610,train
ITIncident:42615,train
ITIncident:42621,test
ITIncident:42635,train
ITIncident:42637,train
ITIncident:42642,test
ITIncident:42645,train
ITIncident:42651,test
ITIncident:42656,test
ITIncident:42664,test
ITIncident:42672,test
ITIncident:42683,train
ITIncident:42688,test
ITIncident:42690,train
ITIncident:42695,test
ITIncident:42698,train
ITIncident:42705,test
ITIncident:42709,train
ITIncident:42715,train
ITIncident:42719,test
ITIncident:42721,train
ITIncident:42727,train
ITIncident:42730,train
ITIncident:42735,train
ITIncident:42738,train
ITIncident:42740,train
ITIncident:42744,train
ITIncident:42762,train
ITIncident:42766,train
ITIncident:42778,train
ITIncident:42783,train
ITIncident:42790,test
ITIncident:42800,train
ITIncident:42802,train
ITIncident:42816,test
ITIncident:42822,train
ITIncident:42827,train
ITIncident:42834,test
ITIncident:42846,train
ITIncident:42850,test
ITIncident:42857,train
ITIncident:42862,train
ITIncident:42870,test
ITIncident:42872,train
ITIncident:42874,train
ITIncident:42876,test
ITIncident:42886,train
ITIncident:42888,test
ITIncident:42892,train
ITIncident:42900,test
ITIncident:42908,train
ITIncident:42913,train
ITIncident:42916,test
ITIncident:42920,train
ITIncident:42930,train
ITIncident:42936,test
ITIncident:42940,test
ITIncident:42946,test
ITIncident:42948,train
ITIncident:42951,test
ITIncident:42964,train
ITIncident:42969,train
ITIncident:42971,train
ITIncident:42980,train
ITIncident:42993,train
ITIncident:43002,train
ITIncident:43007,train
ITIncident:43009,train
ITIncident:43012,train
ITIncident:43033,train
ITIncident:43042,train
ITIncident:43045,train
ITIncident:43055,train
ITIncident:43057,train
ITIncident:43060,train
ITIncident:43063,train
ITIncident:43065,train
ITIncident:43069,train
ITIncident:43073,test
ITIncident:43075,train
ITIncident:43081,train
ITIncident:43086,train
ITIncident:43088,train
ITIncident:43100,train
ITIncident:43108,test
ITIncident:43111,train
ITIncident:43117,train
ITIncident:43120,train
ITIncident:43122,train
ITIncident:43131,test
ITIncident:43134,train
ITIncident:43148,train
ITIncident:43158,train
ITIncident:43169,train
ITIncident:43179,train
ITIncident:43181,train
ITIncident:43186,test
ITIncident:43192,train
ITIncident:43200,test
ITIncident:43202,train
ITIncident:43204,train
ITIncident:43208,test
ITIncident:43215,train
ITIncident:43217,train
ITIncident:43221,train
ITIncident:43227,train
ITIncident:43235,test
ITIncident:43244,test
ITIncident:43256,train
ITIncident:43262,train
ITIncident:43264,test
ITIncident:43268,train
ITIncident:43270,train
ITIncident:43273,test
ITIncident:43277,train
ITIncident:43280,train
ITIncident:43284,test
ITIncident:43287,train
ITIncident:43295,train
ITIncident:43298,train
ITIncident:43309,test
ITIncident:43316,test
ITIncident:43318,train
ITIncident:43320,train
ITIncident:43327,train
ITIncident:43332,train
ITIncident:43336,train
ITIncident:43340,train
ITIncident:43347,train
ITIncident:43350,train
ITIncident:43354,train
ITIncident:43359,train
ITIncident:43361,train
ITIncident:43364,train
ITIncident:43367,train
ITIncident:43371,train
ITIncident:43375,train
ITIncident:43383,train
ITIncident:43390,train
ITIncident:43393,train
ITIncident:43396,train
ITIncident:43399,train
ITIncident:43402,train
ITIncident:43413,train
ITIncident:43416,train
ITIncident:43420,test
ITIncident:43424,train
ITIncident:43433,test
ITIncident:43437,train
ITIncident:43440,test
ITIncident:43450,train
ITIncident:43457,train
ITIncident:43465,train
ITIncident:43470,test
ITIncident:43479,train
ITIncident:43481,test
ITIncident:43491,train
ITIncident:43496,train
ITIncident:43503,train
ITIncident:43507,test
ITIncident:43514,train
ITIncident:43521,train
ITIncident:43528,train
ITIncident:43533,train
ITIncident:43540,train
ITIncident:43547,train
ITIncident:43553,train
ITIncident:43565,train
ITIncident:43575,train
ITIncident:43580,train
ITIncident:43588,train
ITIncident:43595,train
ITIncident:43611,train
ITIncident:43619,test
ITIncident:43623,test
ITIncident:43627,train
ITIncident:43635,train
ITIncident:43638,train
ITIncident:43642,test
ITIncident:43647,test
ITIncident:43653,test
ITIncident:43656,train
ITIncident:43666,train
ITIncident:43671,train
ITIncident:43678,train
ITIncident:43687,train
ITIncident:43690,train
ITIncident:43698,train
ITIncident:43700,train
ITIncident:43703,train
ITIncident:43715,test
ITIncident:43725,train
ITIncident:43729,test
ITIncident:43741,train
ITIncident:43748,test
ITIncident:43756,train
ITIncident:43761,train
ITIncident:43764,train
ITIncident:43767,train
ITIncident:43775,train
ITIncident:43777,train
ITIncident:43782,train
ITIncident:43789,train
ITIncident:43794,train
ITIncident:43797,train
ITIncident:43805,train
ITIncident:43810,train
ITIncident:43817,train
ITIncident:43830,train
ITIncident:43835,train
ITIncident:43840,train
ITIncident:43843,train
ITIncident:43846,train
ITIncident:43850,train
ITIncident:43861,test
ITIncident:43868,train
ITIncident:43874,test
ITIncident:43884,train
ITIncident:43886,train
ITIncident:43889,train
ITIncident:43901,train
ITIncident:43909,test
ITIncident:43911,train
ITIncident:43916,train
ITIncident:43925,train
ITIncident:43928,train
ITIncident:43932,train
ITIncident:43935,train
ITIncident:43945,train
ITIncident:43951,train
ITIncident:43975,train
ITIncident:43978,train
ITIncident:43990,train
ITIncident:43993,train
ITIncident:43997,train
ITIncident:44002,train
ITIncident:44004,train
ITIncident:44006,test
ITIncident:44021,train
ITIncident:44025,test
ITIncident:44027,train
ITIncident:44031,train
ITIncident:44040,train
ITIncident:44045,train
ITIncident:44051,train
ITIncident:44054,train
ITIncident:44062,train
ITIncident:44068,train
ITIncident:44077,train
ITIncident:44088,train
ITIncident:44091,train
ITIncident:44094,train
ITIncident:44096,test
ITIncident:44099,train
ITIncident:44103,train
ITIncident:44106,test
ITIncident:44113,test
ITIncident:44116,train
ITIncident:44121,train
ITIncident:44124,test
ITIncident:44134,test
ITIncident:44138,train
ITIncident:44145,train
ITIncident:44149,train
ITIncident:44155,train
ITIncident:44161,train
ITIncident:44166,train
ITIncident:44171,train
ITIncident:44174,train
ITIncident:44180,train
ITIncident:44185,test
ITIncident:44200,train
ITIncident:44209,train
ITIncident:44217,train
ITIncident:44222,test
ITIncident:44231,train
ITIncident:44240,train
ITIncident:44254,train
ITIncident:44265,train
ITIncident:44288,train
ITIncident:44297,test
ITIncident:44300,test
ITIncident:44308,train
ITIncident:44312,train
ITIncident:44330,train
ITIncident:44338,test
ITIncident:44341,train
ITIncident:44347,train
ITIncident:44349,train
ITIncident:44354,train
ITIncident:44360,test
ITIncident:44370,train
ITIncident:44374,train
ITIncident:44377,train
ITIncident:44389,train
ITIncident:44393,train
ITIncident:44398,train
ITIncident:44406,train
ITIncident:44417,test
ITIncident:44450,train
ITIncident:44454,train
ITIncident:44456,train
ITIncident:44464,train
ITIncident:44466,train
ITIncident:44470,train
ITIncident:44476,train
ITIncident:44485,train
ITIncident:44488,train
ITIncident:44496,train
ITIncident:44501,train
ITIncident:44505,train
ITIncident:44510,train
ITIncident:44513,train
ITIncident:44519,train
ITIncident:44521,train
ITIncident:44523,test
ITIncident:44529,train
ITIncident:44537,train
ITIncident:44543,train
ITIncident:44549,train
ITIncident:44552,train
ITIncident:44568,train
ITIncident:44583,test
ITIncident:44588,train
ITIncident:44593,train
ITIncident:44595,train
ITIncident:44598,train
ITIncident:44601,train
ITIncident:44606,train
ITIncident:44613,train
ITIncident:44621,test
ITIncident:44631,train
ITIncident:44637,train
ITIncident:44641,train
ITIncident:44645,train
ITIncident:44651,train
ITIncident:44663,train
ITIncident:44670,train
ITIncident:44676,train
ITIncident:44691,test
ITIncident:44697,train
ITIncident:44704,train
ITIncident:44712,test
ITIncident:44717,train
ITIncident:44722,train
ITIncident:44731,train
ITIncident:44737,test
ITIncident:44740,train
ITIncident:44742,train
ITIncident:44752,train
ITIncident:44758,train
ITIncident:44763,train
ITIncident:44768,train
ITIncident:44774,train
ITIncident:44783,train
ITIncident:44787,test
ITIncident:44791,train
ITIncident:44796,test
ITIncident:44800,train
ITIncident:44805,test
ITIncident:44827,train
ITIncident:44832,train
ITIncident:44838,train
ITIncident:44846,train
ITIncident:44851,train
ITIncident:44856,train
ITIncident:44861,test
ITIncident:44866,train
ITIncident:44873,train
ITIncident:44880,train
ITIncident:44888,train
ITIncident:44893,train
ITIncident:44896,train
ITIncident:44907,train
ITIncident:44917,train
ITIncident:44926,test
ITIncident:44929,train
ITIncident:44935,train
ITIncident:44939,train
ITIncident:44944,test
ITIncident:44948,test
ITIncident:44954,train
ITIncident:44966,train
ITIncident:44970,train
ITIncident:44988,train
ITIncident:44999,train
ITIncident:45001,train
ITIncident:45004,train
ITIncident:45009,train
ITIncident:45016,train
ITIncident:45018,train
ITIncident:45020,train
ITIncident:45030,train
ITIncident:45032,train
ITIncident:45039,train
ITIncident:45042,train
ITIncident:45046,train
ITIncident:45055,train
ITIncident:45061,train
ITIncident:45075,train
ITIncident:45081,test
ITIncident:45086,train
ITIncident:45088,train
ITIncident:45092,train
ITIncident:45096,test
ITIncident:45104,train
ITIncident:45107,train
ITIncident:45117,train
ITIncident:45120,train
ITIncident:45124,train
ITIncident:45139,train
ITIncident:45145,train
ITIncident:45148,train
ITIncident:45157,train
ITIncident:45161,train
ITIncident:45170,test
ITIncident:45177,train
ITIncident:45182,train
ITIncident:45189,train
ITIncident:45192,train
ITIncident:45199,train
ITIncident:45207,test
ITIncident:45213,test
ITIncident:45220,train
ITIncident:45222,train
ITIncident:45228,train
ITIncident:45236,train
ITIncident:45241,test
ITIncident:45249,train
ITIncident:45255,train
ITIncident:45263,train
ITIncident:45267,train
ITIncident:45269,train
ITIncident:45275,train
ITIncident:45279,train
ITIncident:45281,train
ITIncident:45290,train
ITIncident:45294,train
ITIncident:45302,train
ITIncident:45305,test
ITIncident:45310,train
ITIncident:45317,train
ITIncident:45319,train
ITIncident:45334,train
ITIncident:45340,train
ITIncident:45343,train
ITIncident:45347,train
ITIncident:45350,train
ITIncident:45357,test
ITIncident:45361,train
ITIncident:45368,test
ITIncident:45372,train
ITIncident:45375,train
ITIncident:45379,test
ITIncident:45381,test
ITIncident:45385,train
ITIncident:45389,train
ITIncident:45391,train
ITIncident:45394,train
ITIncident:45405,train
ITIncident:45408,train
ITIncident:45412,train
ITIncident:45414,test
ITIncident:45420,train
ITIncident:45423,train
ITIncident:45428,train
ITIncident:45435,train
ITIncident:45446,test
ITIncident:45449,train
ITIncident:45455,train
ITIncident:45458,train
ITIncident:45464,train
ITIncident:45475,train
ITIncident:45481,train
ITIncident:45484,train
ITIncident:45489,test
ITIncident:45492,train
ITIncident:45500,train
ITIncident:45504,train
ITIncident:45507,test
ITIncident:45510,train
ITIncident:45513,train
ITIncident:45516,train
ITIncident:45519,train
ITIncident:45523,train
ITIncident:45526,train
ITIncident:45529,train
ITIncident:45533,train
ITIncident:45537,train
ITIncident:45542,train
ITIncident:45549,train
ITIncident:45554,train
ITIncident:45565,train
ITIncident:45576,train
ITIncident:45579,train
ITIncident:45583,train
ITIncident:45589,test
ITIncident:45600,train
ITIncident:45604,train
ITIncident:45608,train
ITIncident:45610,train
ITIncident:45612,train
ITIncident:45619,train
ITIncident:45622,train
ITIncident:45626,test
ITIncident:45638,train
ITIncident:45643,train
ITIncident:45666,train
ITIncident:45670,train
ITIncident:45678,train
ITIncident:45682,train
ITIncident:45690,test
ITIncident:45700,train
ITIncident:45704,test
ITIncident:45725,train
ITIncident:45736,train
ITIncident:45739,train
ITIncident:45746,train
ITIncident:45748,test
ITIncident:45755,train
ITIncident:45763,train
ITIncident:45765,test
ITIncident:45770,train
ITIncident:45775,train
ITIncident:45788,train
ITIncident:45792,train
ITIncident:45795,train
ITIncident:45829,train
ITIncident:45834,train
ITIncident:45836,train
ITIncident:45841,train
ITIncident:45845,train
ITIncident:45853,train
ITIncident:45861,train
ITIncident:45872,train
ITIncident:45879,train
ITIncident:45888,train
ITIncident:45894,test
ITIncident:45905,train
ITIncident:45912,train
ITIncident:45916,train
ITIncident:45927,test
ITIncident:45938,train
ITIncident:45941,train
ITIncident:45947,train
ITIncident:45954,train
ITIncident:45959,test
ITIncident:45961,train
ITIncident:45965,test
ITIncident:45972,train
ITIncident:45977,train
ITIncident:45986,test
ITIncident:45991,train
ITIncident:45995,train
ITIncident:46004,train
ITIncident:46006,train
ITIncident:46017,train
ITIncident:46024,train
ITIncident:46028,train
ITIncident:46033,train
ITIncident:46037,train
ITIncident:46046,train
ITIncident:46050,train
ITIncident:46054,train
ITIncident:46059,train
ITIncident:46068,train
ITIncident:46070,train
ITIncident:46075,train
ITIncident:46080,train
ITIncident:46086,train
ITIncident:46093,test
ITIncident:46096,test
ITIncident:46098,train
ITIncident:46102,train
ITIncident:46105,train
ITIncident:46110,test
ITIncident:46115,test
ITIncident:46121,train
ITIncident:46132,train
ITIncident:46135,train
ITIncident:46138,train
ITIncident:46152,train
ITIncident:46162,train
ITIncident:46173,train
ITIncident:46176,test
ITIncident:46181,train
ITIncident:46184,train
ITIncident:46196,train
ITIncident:46199,train
ITIncident:46205,train
ITIncident:46210,train
ITIncident:46223,train
ITIncident:46225,train
ITIncident:46235,train
ITIncident:46242,test
ITIncident:46245,test
ITIncident:46249,train
ITIncident:46254,train
ITIncident:46262,train
ITIncident:46271,train
ITIncident:46279,train
ITIncident:46281,test
ITIncident:46283,test
ITIncident:46287,train
ITIncident:46297,train
ITIncident:46301,train
ITIncident:46307,train
ITIncident:46312,train
ITIncident:46314,train
ITIncident:46316,train
ITIncident:46322,train
ITIncident:46330,train
ITIncident:46333,train
ITIncident:46340,train
ITIncident:46342,train
ITIncident:46349,train
ITIncident:46356,test
ITIncident:46361,train
ITIncident:46376,train
ITIncident:46378,train
ITIncident:46383,test
ITIncident:46385,train
ITIncident:46387,train
ITIncident:46391,train
ITIncident:46394,train
ITIncident:46399,train
ITIncident:46402,train
ITIncident:46412,train
ITIncident:46414,train
ITIncident:46422,train
ITIncident:46430,train
ITIncident:46434,train
ITIncident:46437,train
ITIncident:46440,train
ITIncident:46443,train
ITIncident:46450,train
ITIncident:46462,train
ITIncident:46464,train
ITIncident:46477,train
ITIncident:46485,train
ITIncident:46494,train
ITIncident:46496,train
ITIncident:46502,test
ITIncident:46505,train
ITIncident:46511,test
ITIncident:46514,train
ITIncident:46519,train
ITIncident:46525,test
ITIncident:46534,train
ITIncident:46538,train
ITIncident:46549,train
ITIncident:46552,train
ITIncident:46554,train
ITIncident:46561,train
ITIncident:46583,train
ITIncident:46592,train
ITIncident:46597,train
ITIncident:46611,train
ITIncident:46625,train
ITIncident:46627,train
ITIncident:46634,train
ITIncident:46636,train
ITIncident:46642,test
ITIncident:46650,train
ITIncident:46652,test
ITIncident:46658,train
ITIncident:46667,train
ITIncident:46672,train
ITIncident:46678,train
ITIncident:46680,train
ITIncident:46685,train
ITIncident:46688,train
ITIncident:46695,train
ITIncident:46700,train
ITIncident:46706,train
ITIncident:46714,test
ITIncident:46721,train
ITIncident:46724,train
ITIncident:46726,test
ITIncident:46732,test
ITIncident:46740,train
ITIncident:46742,train
ITIncident:46744,train
ITIncident:46749,train
ITIncident:46754,train
ITIncident:46756,train
ITIncident:46762,train
ITIncident:46777,train
ITIncident:46780,train
ITIncident:46786,train
ITIncident:46791,train
ITIncident:46797,train
ITIncident:46800,train
ITIncident:46805,train
ITIncident:46807,train
ITIncident:46814,train
ITIncident:46816,train
ITIncident:46819,train
ITIncident:46822,train
ITIncident:46825,train
ITIncident:46834,train
ITIncident:46837,train
ITIncident:46842,train
ITIncident:46846,train
ITIncident:46852,train
ITIncident:46857,train
ITIncident:46862,train
ITIncident:46865,train
ITIncident:46873,train
ITIncident:46875,train
ITIncident:46884,test
ITIncident:46890,train
ITIncident:46901,test
ITIncident:46905,train
ITIncident:46910,train
ITIncident:46917,train
ITIncident:46924,train
ITIncident:46929,test
ITIncident:46943,train
ITIncident:46946,train
ITIncident:46951,train
ITIncident:46968,train
ITIncident:46976,train
ITIncident:46980,test
ITIncident:46985,train
ITIncident:46989,train
ITIncident:46994,train
ITIncident:46998,train
ITIncident:47006,train
ITIncident:47014,train
ITIncident:47016,train
ITIncident:47023,train
ITIncident:47043,train
ITIncident:47045,train
ITIncident:47049,train
ITIncident:47053,test
ITIncident:47061,test
ITIncident:47069,train
ITIncident:47073,test
ITIncident:47076,test
ITIncident:47080,train
ITIncident:47086,train
ITIncident:47094,test
ITIncident:47096,train
ITIncident:47103,train
ITIncident:47126,train
ITIncident:47130,train
ITIncident:47141,train
ITIncident:47144,train
ITIncident:47148,train
ITIncident:47154,train
ITIncident:47160,test
ITIncident:47166,test
ITIncident:47171,train
ITIncident:47180,train
ITIncident:47196,train
ITIncident:47202,train
ITIncident:47211,train
ITIncident:47217,train
ITIncident:47221,train
ITIncident:47225,train
ITIncident:47233,train
ITIncident:47246,train
ITIncident:47257,test
ITIncident:47261,test
ITIncident:47266,train
ITIncident:47270,train
ITIncident:47274,train
ITIncident:47276,train
ITIncident:47282,train
ITIncident:47284,train
ITIncident:47287,train
ITIncident:47292,train
ITIncident:47297,train
ITIncident:47302,train
ITIncident:47313,train
ITIncident:47321,train
ITIncident:47324,train
ITIncident:47328,train
ITIncident:47330,train
ITIncident:47332,train
ITIncident:47336,train
ITIncident:47346,train
ITIncident:47351,train
ITIncident:47353,train
ITIncident:47355,train
ITIncident:47358,train
ITIncident:47365,train
ITIncident:47367,test
ITIncident:47377,train
ITIncident:47382,test
ITIncident:47391,train
ITIncident:47398,test
ITIncident:47402,train
ITIncident:47406,train
ITIncident:47411,train
ITIncident:47415,train
ITIncident:47419,train
ITIncident:47424,train
ITIncident:47427,train
ITIncident:47429,train
ITIncident:47433,train
ITIncident:47435,train
ITIncident:47437,test
ITIncident:47442,test
ITIncident:47450,train
ITIncident:47455,train
ITIncident:47457,test
ITIncident:47460,train
ITIncident:47465,train
ITIncident:47473,train
ITIncident:47475,train
ITIncident:47483,train
ITIncident:47497,train
ITIncident:47505,test
ITIncident:47509,train
ITIncident:47513,test
ITIncident:47518,train
ITIncident:47530,test
ITIncident:47534,train
ITIncident:47538,train
ITIncident:47541,train
ITIncident:47546,train
ITIncident:47549,train
ITIncident:47553,train
ITIncident:47555,train
ITIncident:47559,test
ITIncident:47562,train
ITIncident:47567,train
ITIncident:47580,train
ITIncident:47584,train
ITIncident:47587,train
ITIncident:47591,train
ITIncident:47599,train
ITIncident:47607,train
ITIncident:47609,train
ITIncident:47616,train
ITIncident:47626,train
ITIncident:47637,train
ITIncident:47658,train
ITIncident:47665,test
ITIncident:47671,train
ITIncident:47677,train
ITIncident:47679,train
ITIncident:47681,train
ITIncident:47686,train
ITIncident:47692,train
ITIncident:47694,train
ITIncident:47703,train
ITIncident:47712,test
ITIncident:47716,test
ITIncident:47722,train
ITIncident:47728,train
ITIncident:47731,train
ITIncident:47736,train
ITIncident:47739,train
ITIncident:47749,train
ITIncident:47753,test
ITIncident:47758,test
ITIncident:47765,train
ITIncident:47777,train
ITIncident:47783,test
ITIncident:47789,test
ITIncident:47794,train
ITIncident:47797,test
ITIncident:47799,train
ITIncident:47809,train
ITIncident:47814,train
ITIncident:47818,train
ITIncident:47826,train
ITIncident:47832,train
ITIncident:47836,train
ITIncident:47842,test
ITIncident:47845,train
ITIncident:47849,train
ITIncident:47851,train
ITIncident:47855,train
ITIncident:47860,train
ITIncident:47866,test
ITIncident:47869,test
ITIncident:47876,test
ITIncident:47889,train
ITIncident:47900,train
ITIncident:47906,train
ITIncident:47916,train
ITIncident:47919,train
ITIncident:47922,train
ITIncident:47931,train
ITIncident:47934,train
ITIncident:47937,train
ITIncident:47939,train
ITIncident:47942,train
ITIncident:47945,train
ITIncident:47948,train
ITIncident:47954,train
ITIncident:47958,train
ITIncident:47962,train
ITIncident:47966,test
ITIncident:47972,train
ITIncident:47980,train
ITIncident:47984,test
ITIncident:47995,test
ITIncident:48009,train
ITIncident:48011,train
ITIncident:48016,test
ITIncident:48021,train
ITIncident:48026,train
ITIncident:48028,train
ITIncident:48031,train
ITIncident:48038,train
ITIncident:48041,train
ITIncident:48046,train
ITIncident:48048,test
ITIncident:48055,train
ITIncident:48060,train
ITIncident:48067,train
ITIncident:48072,train
ITIncident:48075,train
ITIncident:48082,train
ITIncident:48094,train
ITIncident:48104,train
ITIncident:48108,train
ITIncident:48113,test
ITIncident:48120,train
ITIncident:48128,train
ITIncident:48134,train
ITIncident:48154,test
ITIncident:48161,train
ITIncident:48168,test
ITIncident:48172,train
ITIncident:48178,train
ITIncident:48182,train
ITIncident:48187,train
ITIncident:48190,train
ITIncident:48198,train
ITIncident:48201,train
ITIncident:48206,test
ITIncident:48219,train
ITIncident:48223,train
ITIncident:48229,train
ITIncident:48234,train
ITIncident:48237,train
ITIncident:48240,train
ITIncident:48246,test
ITIncident:48250,train
ITIncident:48257,train
ITIncident:48263,train
ITIncident:48270,train
ITIncident:48275,train
ITIncident:48280,train
ITIncident:48286,train
ITIncident:48291,train
ITIncident:48296,train
ITIncident:48301,train
ITIncident:48303,train
ITIncident:48307,test
ITIncident:48311,test
ITIncident:48323,train
ITIncident:48336,train
ITIncident:48339,train
ITIncident:48344,train
ITIncident:48350,train
ITIncident:48356,train
ITIncident:48359,train
ITIncident:48366,train
ITIncident:48368,train
ITIncident:48374,train
ITIncident:48377,train
ITIncident:48380,train
ITIncident:48383,train
ITIncident:48386,train
ITIncident:48389,train
ITIncident:48396,train
ITIncident:48399,train
ITIncident:48404,train
ITIncident:48411,train
ITIncident:48421,train
ITIncident:48424,train
ITIncident:48428,train
ITIncident:48437,train
ITIncident:48449,train
ITIncident:48452,train
ITIncident:48455,train
ITIncident:48468,train
ITIncident:48477,train
ITIncident:48486,train
ITIncident:48489,test
ITIncident:48495,train
ITIncident:48501,train
ITIncident:48503,train
ITIncident:48505,train
ITIncident:48509,train
ITIncident:48516,train
ITIncident:48519,train
ITIncident:48524,train
ITIncident:48526,train
ITIncident:48530,test
ITIncident:48546,train
ITIncident:48548,train
ITIncident:48552,train
ITIncident:48554,train
ITIncident:48563,train
ITIncident:48566,train
ITIncident:48575,train
ITIncident:48577,test
ITIncident:48579,train
ITIncident:48588,train
ITIncident:48598,train
ITIncident:48603,train
ITIncident:48607,test
ITIncident:48613,train
ITIncident:48621,train
ITIncident:48625,train
ITIncident:48631,train
ITIncident:48644,train
ITIncident:48646,train
ITIncident:48650,train
ITIncident:48655,test
ITIncident:48659,train
ITIncident:48663,train
ITIncident:48665,train
ITIncident:48676,train
ITIncident:48685,train
ITIncident:48687,train
ITIncident:48693,test
ITIncident:48700,train
ITIncident:48707,test
ITIncident:48716,train
ITIncident:48726,train
ITIncident:48740,train
ITIncident:48744,test
ITIncident:48749,train
ITIncident:48752,test
ITIncident:48758,train
ITIncident:48773,train
ITIncident:48778,train
ITIncident:48787,train
ITIncident:48801,train
ITIncident:48812,train
ITIncident:48816,train
ITIncident:48818,train
ITIncident:48820,train
ITIncident:48827,train
ITIncident:48829,train
ITIncident:48833,train
ITIncident:48837,test
ITIncident:48843,train
ITIncident:48845,train
ITIncident:48849,train
ITIncident:48851,train
ITIncident:48857,train
ITIncident:48869,test
ITIncident:48871,test
ITIncident:48875,train
ITIncident:48886,train
ITIncident:48891,train
ITIncident:48894,test
ITIncident:48904,train
ITIncident:48916,train
ITIncident:48920,train
ITIncident:48929,test
ITIncident:48933,train
ITIncident:48935,train
ITIncident:48938,test
ITIncident:48940,train
ITIncident:48947,train
ITIncident:48955,test
ITIncident:48958,train
ITIncident:48961,train
ITIncident:48967,train
ITIncident:48973,train
ITIncident:48981,train
ITIncident:48988,test
ITIncident:48998,train
ITIncident:49009,train
ITIncident:49013,train
ITIncident:49024,test
ITIncident:49030,test
ITIncident:49039,train
ITIncident:49047,train
ITIncident:49057,train
ITIncident:49060,test
ITIncident:49064,train
ITIncident:49071,test
ITIncident:49078,train
ITIncident:49086,test
ITIncident:49093,train
ITIncident:49101,test
ITIncident:49103,train
ITIncident:49111,test
ITIncident:49118,train
ITIncident:49125,train
ITIncident:49127,train
ITIncident:49129,test
ITIncident:49136,train
ITIncident:49150,train
ITIncident:49163,test
ITIncident:49166,train
ITIncident:49171,train
ITIncident:49176,train
ITIncident:49178,train
ITIncident:49182,train
ITIncident:49188,train
ITIncident:49195,train
ITIncident:49197,train
ITIncident:49207,train
ITIncident:49217,train
ITIncident:49224,train
ITIncident:49227,test
ITIncident:49271,test
ITIncident:49275,train
ITIncident:49289,train
ITIncident:49296,train
ITIncident:49298,train
ITIncident:49303,test
ITIncident:49313,train
ITIncident:49317,train
ITIncident:49320,train
ITIncident:49327,train
ITIncident:49332,train
ITIncident:49335,train
ITIncident:49340,train
ITIncident:49352,test
ITIncident:49363,train
ITIncident:49366,train
ITIncident:49369,train
ITIncident:49373,train
ITIncident:49377,train
ITIncident:49386,test
ITIncident:49393,train
ITIncident:49397,test
ITIncident:49402,train
ITIncident:49407,train
ITIncident:49409,train
ITIncident:49413,test
ITIncident:49422,train
ITIncident:49424,train
ITIncident:49426,train
ITIncident:49430,train
ITIncident:49440,test
ITIncident:49450,train
ITIncident:49455,train
ITIncident:49458,train
ITIncident:49462,test
ITIncident:49469,train
ITIncident:49473,test
ITIncident:49505,train
ITIncident:49509,test
ITIncident:49513,test
ITIncident:49518,train
ITIncident:49527,train
ITIncident:49532,test
ITIncident:49537,train
ITIncident:49541,train
ITIncident:49543,train
ITIncident:49551,test
ITIncident:49556,test
ITIncident:49561,train
ITIncident:49564,train
ITIncident:49572,train
ITIncident:49576,train
ITIncident:49584,train
ITIncident:49586,train
ITIncident:49596,train
ITIncident:49599,train
ITIncident:49605,train
ITIncident:49607,train
ITIncident:49609,train
ITIncident:49615,train
ITIncident:49622,train
ITIncident:49627,train
ITIncident:49630,train
ITIncident:49632,train
ITIncident:49634,train
ITIncident:49636,train
ITIncident:49641,train
ITIncident:49647,train
ITIncident:49649,train
ITIncident:49651,train
ITIncident:49653,train
ITIncident:49655,train
ITIncident:49657,train
ITIncident:49659,train
ITIncident:49661,train
ITIncident:49663,train
ITIncident:49671,train
ITIncident:49676,train
ITIncident:49678,test
ITIncident:49680,train
ITIncident:49684,test
ITIncident:49686,train
ITIncident:49694,train
ITIncident:49696,train
ITIncident:49707,train
ITIncident:49712,train
ITIncident:49717,train
ITIncident:49720,train
ITIncident:49722,train
ITIncident:49725,train
ITIncident:49729,train
ITIncident:49732,train
ITIncident:49734,train
ITIncident:49738,train
ITIncident:49741,test
ITIncident:49744,train
ITIncident:49748,train
ITIncident:49752,test
ITIncident:49758,train
ITIncident:49761,train
ITIncident:49764,train
ITIncident:49767,test
ITIncident:49769,train
ITIncident:49783,test
ITIncident:49797,train
ITIncident:49799,train
ITIncident:49802,test
ITIncident:49811,test
ITIncident:49830,train
ITIncident:49833,test
ITIncident:49840,train
ITIncident:49847,train
ITIncident:49851,train
ITIncident:49857,train
ITIncident:49870,train
ITIncident:49873,train
ITIncident:49875,train
ITIncident:49882,train
ITIncident:49886,train
ITIncident:49888,train
ITIncident:49891,train
ITIncident:49897,train
ITIncident:49901,train
ITIncident:49904,test
ITIncident:49908,train
ITIncident:49912,train
ITIncident:49914,test
ITIncident:49918,test
ITIncident:49921,train
ITIncident:49928,train
ITIncident:49930,train
ITIncident:49933,train
ITIncident:49948,train
ITIncident:49950,train
ITIncident:49954,train
ITIncident:49956,train
ITIncident:49964,train
ITIncident:49970,train
ITIncident:49978,train
ITIncident:49982,train
ITIncident:49985,train
ITIncident:49989,train
ITIncident:49992,train
ITIncident:49996,train
ITIncident:50003,train
ITIncident:50007,train
ITIncident:50010,train
ITIncident:50013,train
ITIncident:50016,train
ITIncident:50019,train
ITIncident:50022,train
ITIncident:50026,train
ITIncident:50030,train
ITIncident:50039,train
ITIncident:50044,train
ITIncident:50048,train
ITIncident:50051,test
ITIncident:50054,test
ITIncident:50058,test
ITIncident:50060,test
ITIncident:50066,train
ITIncident:50070,test
ITIncident:50074,train
ITIncident:50076,train
ITIncident:50080,train
ITIncident:50085,train
ITIncident:50092,train
ITIncident:50095,test
ITIncident:50098,train
ITIncident:50101,test
ITIncident:50107,test
ITIncident:50110,train
ITIncident:50113,train
ITIncident:50119,train
ITIncident:50122,train
ITIncident:50125,train
ITIncident:50128,train
ITIncident:50131,train
ITIncident:50133,train
ITIncident:50145,train
ITIncident:50147,train
ITIncident:50168,train
ITIncident:50172,train
ITIncident:50175,train
ITIncident:50178,train
ITIncident:50183,train
ITIncident:50187,test
ITIncident:50192,train
ITIncident:50199,train
ITIncident:50205,train
ITIncident:50209,train
ITIncident:50217,train
ITIncident:50222,train
ITIncident:50225,train
ITIncident:50244,test
ITIncident:50247,test
ITIncident:50257,train
ITIncident:50270,train
ITIncident:50273,train
ITIncident:50276,train
ITIncident:50279,train
ITIncident:50290,test
ITIncident:50292,train
ITIncident:50294,train
ITIncident:50302,test
ITIncident:50305,test
ITIncident:50307,train
ITIncident:50313,train
ITIncident:50317,test
ITIncident:50322,train
ITIncident:50326,test
ITIncident:50328,train
ITIncident:50332,train
ITIncident:50335,train
ITIncident:50337,train
ITIncident:50340,train
ITIncident:50347,train
ITIncident:50351,train
ITIncident:50354,train
ITIncident:50358,train
ITIncident:50362,train
ITIncident:50365,train
ITIncident:50373,train
ITIncident:50378,train
ITIncident:50380,train
ITIncident:50384,train
ITIncident:50387,train
ITIncident:50391,train
ITIncident:50394,train
ITIncident:50398,train
ITIncident:50401,train
ITIncident:50404,train
ITIncident:50407,train
ITIncident:50410,train
ITIncident:50413,train
ITIncident:50417,train
ITIncident:50421,train
ITIncident:50427,train
ITIncident:50430,train
ITIncident:50436,train
ITIncident:50441,train
ITIncident:50444,train
ITIncident:50449,train
ITIncident:50454,train
ITIncident:50464,train
ITIncident:50466,train
ITIncident:50469,train
ITIncident:50472,train
ITIncident:50476,train
ITIncident:50478,train
ITIncident:50480,train
ITIncident:50493,train
ITIncident:50495,train
ITIncident:50497,train
ITIncident:50499,train
ITIncident:50501,test
ITIncident:50503,test
ITIncident:50505,train
ITIncident:50508,train
ITIncident:50511,train
ITIncident:50513,train
ITIncident:50527,train
ITIncident:50531,train
ITIncident:50534,train
ITIncident:50541,train
ITIncident:50545,train
ITIncident:50555,train
ITIncident:50557,train
ITIncident:50561,train
ITIncident:50565,test
ITIncident:50567,train
ITIncident:50571,test
ITIncident:50574,train
ITIncident:50579,train
ITIncident:50585,test
ITIncident:50588,test
ITIncident:50591,train
ITIncident:50597,test
ITIncident:50600,train
ITIncident:50603,train
ITIncident:50606,train
ITIncident:50609,train
ITIncident:50612,train
ITIncident:50615,train
ITIncident:50619,train
ITIncident:50625,train
ITIncident:50636,train
ITIncident:50642,train
ITIncident:50652,train
ITIncident:50657,train
ITIncident:50661,train
ITIncident:50667,train
ITIncident:50669,train
ITIncident:50673,train
ITIncident:50676,train
ITIncident:50683,train
ITIncident:50688,train
ITIncident:50699,train
ITIncident:50714,test
ITIncident:50718,train
ITIncident:50727,train
ITIncident:50731,train
ITIncident:50743,train
ITIncident:50750,train
ITIncident:50752,train
ITIncident:50757,train
ITIncident:50759,train
ITIncident:50766,train
ITIncident:50771,train
ITIncident:50773,train
ITIncident:50775,train
ITIncident:50783,train
ITIncident:50786,train
ITIncident:50816,train
ITIncident:50823,train
ITIncident:50827,train
ITIncident:50832,train
ITIncident:50838,train
ITIncident:50840,train
ITIncident:50842,train
ITIncident:50847,train
ITIncident:50850,train
ITIncident:50858,train
ITIncident:50865,test
ITIncident:50868,train
ITIncident:50874,train
ITIncident:50876,train
ITIncident:50878,train
ITIncident:50880,train
ITIncident:50884,train
ITIncident:50889,train
ITIncident:50895,train
ITIncident:50900,train
ITIncident:50903,test
ITIncident:50907,train
ITIncident:50917,train
ITIncident:50919,train
ITIncident:50926,train
ITIncident:50931,test
ITIncident:50933,train
ITIncident:50936,train
ITIncident:50938,train
ITIncident:50940,train
ITIncident:50942,train
ITIncident:50944,train
ITIncident:50961,test
ITIncident:50963,train
ITIncident:50967,train
ITIncident:50974,train
ITIncident:50979,train
ITIncident:50982,train
ITIncident:50985,train
ITIncident:50992,train
ITIncident:50995,train
ITIncident:50998,train
ITIncident:51001,train
ITIncident:51011,train
ITIncident:51014,test
ITIncident:51018,train
ITIncident:51024,train
ITIncident:51034,train
ITIncident:51038,train
ITIncident:51044,train
ITIncident:51046,train
ITIncident:51055,train
ITIncident:51057,train
ITIncident:51066,train
ITIncident:51071,train
ITIncident:51077,test
ITIncident:51085,train
ITIncident:51088,test
ITIncident:51090,train
ITIncident:51102,train
ITIncident:51111,test
ITIncident:51115,train
ITIncident:51120,train
ITIncident:51129,train
ITIncident:51135,train
ITIncident:51141,train
ITIncident:51150,train
ITIncident:51159,train
ITIncident:51163,train
ITIncident:51176,train
ITIncident:51178,train
ITIncident:51189,train
ITIncident:51192,train
ITIncident:51199,train
ITIncident:51206,train
ITIncident:51211,test
ITIncident:51213,train
ITIncident:51217,train
ITIncident:51224,train
ITIncident:51229,train
ITIncident:51234,train
ITIncident:51239,train
ITIncident:51245,train
ITIncident:51247,test
ITIncident:51254,train
ITIncident:51257,train
ITIncident:51261,train
ITIncident:51273,test
ITIncident:51286,train
ITIncident:51296,train
ITIncident:51301,test
ITIncident:51305,train
ITIncident:51310,train
ITIncident:51315,test
ITIncident:51319,train
ITIncident:51323,train
ITIncident:51338,train
ITIncident:51351,train
ITIncident:51357,train
ITIncident:51359,train
ITIncident:51366,train
ITIncident:51373,train
ITIncident:51375,train
ITIncident:51381,test
ITIncident:51389,train
ITIncident:51398,train
ITIncident:51403,train
ITIncident:51406,test
ITIncident:51413,train
ITIncident:51426,train
ITIncident:51429,train
ITIncident:51432,train
ITIncident:51438,train
ITIncident:51440,train
ITIncident:51442,train
ITIncident:51445,train
ITIncident:51453,test
ITIncident:51464,train
ITIncident:51467,train
ITIncident:51470,train
ITIncident:51472,train
ITIncident:51479,train
ITIncident:51481,train
ITIncident:51484,train
ITIncident:51490,train
ITIncident:51493,train
ITIncident:51495,train
ITIncident:51505,train
ITIncident:51508,train
ITIncident:51519,train
ITIncident:51526,train
ITIncident:51535,train
ITIncident:51541,train
ITIncident:51544,test
ITIncident:51550,train
ITIncident:51559,train
ITIncident:51561,train
ITIncident:51563,train
ITIncident:51568,train
ITIncident:51580,train
ITIncident:51585,test
ITIncident:51589,test
ITIncident:51594,test
ITIncident:51602,train
ITIncident:51604,test
ITIncident:51607,train
ITIncident:51610,train
ITIncident:51618,train
ITIncident:51621,train
ITIncident:51626,test
ITIncident:51633,train
ITIncident:51636,train
ITIncident:51645,test
ITIncident:51650,test
ITIncident:51655,train
ITIncident:51660,test
ITIncident:51667,train
ITIncident:51676,train
ITIncident:51685,train
ITIncident:51694,test
ITIncident:51700,train
ITIncident:51708,train
ITIncident:51713,test
ITIncident:51724,train
ITIncident:51728,train
ITIncident:51755,train
ITIncident:51757,train
ITIncident:51760,train
ITIncident:51765,test
ITIncident:51773,train
ITIncident:51784,train
ITIncident:51786,test
ITIncident:51792,test
ITIncident:51795,train
ITIncident:51800,train
ITIncident:51809,test
ITIncident:51814,train
ITIncident:51820,train
ITIncident:51822,train
ITIncident:51826,train
ITIncident:51831,train
ITIncident:51837,train
ITIncident:51840,train
ITIncident:51854,test
ITIncident:51858,train
ITIncident:51861,train
ITIncident:51865,train
ITIncident:51869,train
ITIncident:51874,train
ITIncident:51886,test
ITIncident:51888,train
ITIncident:51891,train
ITIncident:51895,train
ITIncident:51900,train
ITIncident:51912,train
ITIncident:51918,train
ITIncident:51940,test
ITIncident:51946,test
ITIncident:51948,train
ITIncident:51955,train
ITIncident:51957,train
ITIncident:51959,train
ITIncident:51968,train
ITIncident:51976,train
ITIncident:51978,train
ITIncident:51984,train
ITIncident:51989,test
ITIncident:51994,train
ITIncident:51996,train
ITIncident:52002,train
ITIncident:52005,test
ITIncident:52007,test
ITIncident:52012,train
ITIncident:52021,train
ITIncident:52028,train
ITIncident:52030,train
ITIncident:52032,train
ITIncident:52035,train
ITIncident:52038,train
ITIncident:52041,test
ITIncident:52045,train
ITIncident:52047,train
ITIncident:52050,train
ITIncident:52060,test
ITIncident:52068,train
ITIncident:52077,train
ITIncident:52083,train
ITIncident:52092,train
ITIncident:52101,train
ITIncident:52107,train
ITIncident:52115,train
ITIncident:52117,train
ITIncident:52128,test
ITIncident:52132,train
ITIncident:52136,test
ITIncident:52139,train
ITIncident:52142,train
ITIncident:52144,train
ITIncident:52148,train
ITIncident:52153,test
ITIncident:52156,train
ITIncident:52172,test
ITIncident:52176,train
ITIncident:52182,test
ITIncident:52185,test
ITIncident:52192,train
ITIncident:52198,train
ITIncident:52217,test
ITIncident:52220,train
ITIncident:52225,train
ITIncident:52230,train
ITIncident:52240,test
ITIncident:52243,train
ITIncident:52251,test
ITIncident:52253,train
ITIncident:52262,train
ITIncident:52268,train
ITIncident:52273,train
ITIncident:52277,train
ITIncident:52279,train
ITIncident:52284,test
ITIncident:52288,train
ITIncident:52292,train
ITIncident:52308,train
ITIncident:52313,train
ITIncident:52316,test
ITIncident:52322,train
ITIncident:52335,train
ITIncident:52343,train
ITIncident:52345,train
ITIncident:52348,train
ITIncident:52352,train
ITIncident:52358,train
ITIncident:52360,train
ITIncident:52369,test
ITIncident:52376,test
ITIncident:52382,train
ITIncident:52384,train
ITIncident:52387,train
ITIncident:52393,train
ITIncident:52402,train
ITIncident:52408,train
ITIncident:52417,train
ITIncident:52420,test
ITIncident:52422,train
ITIncident:52424,train
ITIncident:52429,train
ITIncident:52432,train
ITIncident:52439,test
ITIncident:52444,test
ITIncident:52456,train
ITIncident:52458,train
ITIncident:52465,test
ITIncident:52470,train
ITIncident:52473,train
ITIncident:52475,train
ITIncident:52478,test
ITIncident:52487,train
ITIncident:52494,test
ITIncident:52498,train
ITIncident:52505,train
ITIncident:52508,train
ITIncident:52510,train
ITIncident:52512,train
ITIncident:52514,test
ITIncident:52517,test
ITIncident:52528,train
ITIncident:52530,train
ITIncident:52532,test
ITIncident:52535,train
ITIncident:52545,train
ITIncident:52553,train
ITIncident:52557,test
ITIncident:52560,train
ITIncident:52566,train
ITIncident:52568,train
ITIncident:52570,train
ITIncident:52578,train
ITIncident:52584,train
ITIncident:52587,train
ITIncident:52594,train
ITIncident:52598,train
ITIncident:52600,train
ITIncident:52609,train
ITIncident:52611,test
ITIncident:52614,train
ITIncident:52620,train
ITIncident:52624,train
ITIncident:52626,train
ITIncident:52631,test
ITIncident:52633,train
ITIncident:52636,train
ITIncident:52643,train
ITIncident:52649,train
ITIncident:52655,train
ITIncident:52666,train
ITIncident:52669,train
ITIncident:52672,train
ITIncident:52676,train
ITIncident:52678,test
ITIncident:52683,train
ITIncident:52685,train
ITIncident:52687,test
ITIncident:52692,train
ITIncident:52695,test
ITIncident:52706,test
ITIncident:52711,train
ITIncident:52716,train
ITIncident:52729,train
ITIncident:52736,train
ITIncident:52740,train
ITIncident:52742,test
ITIncident:52744,train
ITIncident:52750,train
ITIncident:52759,train
ITIncident:52766,train
ITIncident:52768,train
ITIncident:52777,train
ITIncident:52784,test
ITIncident:52790,test
ITIncident:52792,train
ITIncident:52806,train
ITIncident:52810,train
ITIncident:52812,train
ITIncident:52817,test
ITIncident:52821,train
ITIncident:52823,train
ITIncident:52828,train
ITIncident:52833,train
ITIncident:52835,train
ITIncident:52841,train
ITIncident:52843,train
ITIncident:52848,train
ITIncident:52857,train
ITIncident:52861,train
ITIncident:52863,train
ITIncident:52865,train
ITIncident:52872,train
ITIncident:52882,train
ITIncident:52884,train
ITIncident:52904,train
ITIncident:52910,train
ITIncident:52912,train
ITIncident:52916,test
ITIncident:52918,train
ITIncident:52926,test
ITIncident:52930,train
ITIncident:52932,train
ITIncident:52934,train
ITIncident:52936,train
ITIncident:52941,test
ITIncident:52950,test
ITIncident:52953,train
ITIncident:52965,train
ITIncident:52972,train
ITIncident:52976,train
ITIncident:52980,train
ITIncident:52982,train
ITIncident:52992,train
ITIncident:52997,train
ITIncident:52999,train
ITIncident:53004,train
ITIncident:53012,test
ITIncident:53014,train
ITIncident:53021,train
ITIncident:53037,train
ITIncident:53045,train
ITIncident:53052,train
ITIncident:53058,test
ITIncident:53070,test
ITIncident:53078,train
ITIncident:53080,train
ITIncident:53085,train
ITIncident:53091,train
ITIncident:53094,train
ITIncident:53097,train
ITIncident:53101,train
ITIncident:53105,test
ITIncident:53118,test
ITIncident:53120,train
ITIncident:53132,train
ITIncident:53135,train
ITIncident:53144,train
ITIncident:53150,train
ITIncident:53157,train
ITIncident:53165,train
ITIncident:53170,test
ITIncident:53176,train
ITIncident:53178,test
ITIncident:53183,train
ITIncident:53188,test
ITIncident:53191,train
ITIncident:53202,test
ITIncident:53212,train
ITIncident:53214,train
ITIncident:53224,test
ITIncident:53227,train
ITIncident:53238,train
ITIncident:53243,train
ITIncident:53249,train
ITIncident:53265,train
ITIncident:53271,train
ITIncident:53274,train
ITIncident:53276,train
ITIncident:53289,train
ITIncident:53291,train
ITIncident:53294,train
ITIncident:53302,test
ITIncident:53311,train
ITIncident:53321,train
ITIncident:53324,train
ITIncident:53329,train
ITIncident:53338,test
ITIncident:53341,train
ITIncident:53345,train
ITIncident:53349,test
ITIncident:53353,train
ITIncident:53355,train
ITIncident:53365,train
ITIncident:53373,train
ITIncident:53376,train
ITIncident:53379,train
ITIncident:53382,train
ITIncident:53385,train
ITIncident:53389,train
ITIncident:53392,train
ITIncident:53396,train
ITIncident:53407,train
ITIncident:53411,train
ITIncident:53413,train
ITIncident:53420,train
ITIncident:53423,train
ITIncident:53425,train
ITIncident:53431,train
ITIncident:53435,test
ITIncident:53437,train
ITIncident:53439,test
ITIncident:53443,train
ITIncident:53447,train
ITIncident:53452,train
ITIncident:53463,test
ITIncident:53467,train
ITIncident:53469,train
ITIncident:53474,train
ITIncident:53480,train
ITIncident:53491,train
ITIncident:53495,train
ITIncident:53499,train
ITIncident:53502,train
ITIncident:53507,train
ITIncident:53519,test
ITIncident:53534,train
ITIncident:53542,train
ITIncident:53544,train
ITIncident:53549,test
ITIncident:53553,train
ITIncident:53555,train
ITIncident:53564,train
ITIncident:53569,train
ITIncident:53572,test
ITIncident:53576,train
ITIncident:53578,train
ITIncident:53584,train
ITIncident:53589,train
ITIncident:53596,train
ITIncident:53599,test
ITIncident:53604,train
ITIncident:53608,train
ITIncident:53611,train
ITIncident:53613,test
ITIncident:53615,train
ITIncident:53618,train
ITIncident:53620,train
ITIncident:53626,test
ITIncident:53629,train
ITIncident:53638,test
ITIncident:53640,train
ITIncident:53648,train
ITIncident:53651,test
ITIncident:53658,train
ITIncident:53662,train
ITIncident:53668,train
ITIncident:53670,train
ITIncident:53672,train
ITIncident:53677,test
ITIncident:53682,train
ITIncident:53685,train
ITIncident:53689,train
ITIncident:53691,train
ITIncident:53694,train
ITIncident:53699,train
ITIncident:53701,train
ITIncident:53703,train
ITIncident:53707,train
ITIncident:53710,train
ITIncident:53715,train
ITIncident:53717,train
ITIncident:53722,train
ITIncident:53726,train
ITIncident:53734,train
ITIncident:53737,train
ITIncident:53740,train
ITIncident:53746,train
ITIncident:53755,test
ITIncident:53761,train
ITIncident:53773,train
ITIncident:53777,train
ITIncident:53783,train
ITIncident:53785,train
ITIncident:53799,train
ITIncident:53803,train
ITIncident:53805,train
ITIncident:53808,train
ITIncident:53817,train
ITIncident:53823,train
ITIncident:53825,train
ITIncident:53827,train
ITIncident:53829,train
ITIncident:53832,train
ITIncident:53837,train
ITIncident:53846,train
ITIncident:53852,train
ITIncident:53855,test
ITIncident:53858,train
ITIncident:53875,train
ITIncident:53877,train
ITIncident:53880,train
ITIncident:53884,train
ITIncident:53886,train
ITIncident:53894,train
ITIncident:53900,train
ITIncident:53902,train
ITIncident:53905,test
ITIncident:53915,train
ITIncident:53928,train
ITIncident:53934,train
ITIncident:53944,train
ITIncident:53948,train
ITIncident:53952,train
ITIncident:53961,train
ITIncident:53967,train
ITIncident:53969,train
ITIncident:53974,train
ITIncident:53978,train
ITIncident:53982,train
ITIncident:53993,train
ITIncident:53999,train
ITIncident:54005,train
ITIncident:54007,test
ITIncident:54012,test
ITIncident:54020,train
ITIncident:54022,train
ITIncident:54026,train
ITIncident:54029,train
ITIncident:54034,train
ITIncident:54036,train
ITIncident:54043,train
ITIncident:54046,test
ITIncident:54068,train
ITIncident:54073,train
ITIncident:54075,train
ITIncident:54079,train
ITIncident:54092,test
ITIncident:54094,train
ITIncident:54098,train
ITIncident:54104,test
ITIncident:54107,train
ITIncident:54112,train
ITIncident:54114,train
ITIncident:54120,test
ITIncident:54126,train
ITIncident:54138,train
ITIncident:54143,train
ITIncident:54147,train
ITIncident:54151,train
ITIncident:54160,train
ITIncident:54169,test
ITIncident:54177,train
ITIncident:54185,test
ITIncident:54193,test
ITIncident:54200,test
ITIncident:54204,test
ITIncident:54212,train
ITIncident:54217,train
ITIncident:54221,train
ITIncident:54224,train
ITIncident:54230,test
ITIncident:54232,train
ITIncident:54236,train
ITIncident:54240,test
ITIncident:54242,train
ITIncident:54246,test
ITIncident:54250,train
ITIncident:54256,train
ITIncident:54262,train
ITIncident:54266,test
ITIncident:54272,train
ITIncident:54274,train
ITIncident:54279,train
ITIncident:54283,test
ITIncident:54287,train
ITIncident:54290,train
ITIncident:54298,train
ITIncident:54304,test
ITIncident:54314,test
ITIncident:54318,train
ITIncident:54326,train
ITIncident:54333,train
ITIncident:54337,train
ITIncident:54340,train
ITIncident:54347,train
ITIncident:54349,train
ITIncident:54361,train
ITIncident:54364,train
ITIncident:54369,train
ITIncident:54372,train
ITIncident:54377,train
ITIncident:54380,train
ITIncident:54384,train
ITIncident:54387,train
ITIncident:54389,test
ITIncident:54392,train
ITIncident:54394,train
ITIncident:54396,train
ITIncident:54406,train
ITIncident:54418,train
ITIncident:54428,train
ITIncident:54436,test
ITIncident:54441,train
ITIncident:54451,train
ITIncident:54459,train
ITIncident:54467,train
ITIncident:54473,train
ITIncident:54475,train
ITIncident:54479,train
ITIncident:54487,train
ITIncident:54489,train
ITIncident:54494,train
ITIncident:54499,test
ITIncident:54503,train
ITIncident:54505,test
ITIncident:54509,test
ITIncident:54513,train
ITIncident:54523,train
ITIncident:54528,train
ITIncident:54542,train
ITIncident:54545,train
ITIncident:54548,train
ITIncident:54552,train
ITIncident:54559,train
ITIncident:54561,train
ITIncident:54563,train
ITIncident:54568,train
ITIncident:54570,train
ITIncident:54577,train
ITIncident:54584,train
ITIncident:54590,test
ITIncident:54596,train
ITIncident:54602,train
ITIncident:54607,train
ITIncident:54621,train
ITIncident:54623,train
ITIncident:54626,train
ITIncident:54639,train
ITIncident:54643,train
ITIncident:54647,train
ITIncident:54653,train
ITIncident:54657,train
ITIncident:54660,train
ITIncident:54667,test
ITIncident:54675,train
ITIncident:54684,train
ITIncident:54686,test
ITIncident:54690,test
ITIncident:54692,test
ITIncident:54696,train
ITIncident:54698,train
ITIncident:54708,train
ITIncident:54718,train
ITIncident:54727,train
ITIncident:54729,train
ITIncident:54734,train
ITIncident:54736,test
ITIncident:54740,train
ITIncident:54745,train
ITIncident:54748,train
ITIncident:54750,train
ITIncident:54752,train
ITIncident:54754,train
ITIncident:54761,train
ITIncident:54763,train
ITIncident:54774,train
ITIncident:54776,train
ITIncident:54778,train
ITIncident:54786,train
ITIncident:54790,test
ITIncident:54793,train
ITIncident:54799,train
ITIncident:54801,train
ITIncident:54809,train
ITIncident:54813,train
ITIncident:54822,train
ITIncident:54830,train
ITIncident:54833,train
ITIncident:54839,train
ITIncident:54843,test
ITIncident:54848,train
ITIncident:54852,train
ITIncident:54854,train
ITIncident:54858,train
ITIncident:54863,train
ITIncident:54865,train
ITIncident:54868,test
ITIncident:54870,train
ITIncident:54874,train
ITIncident:54878,train
ITIncident:54880,train
ITIncident:54887,test
ITIncident:54891,test
ITIncident:54893,train
ITIncident:54900,train
ITIncident:54904,test
ITIncident:54911,train
ITIncident:54914,train
ITIncident:54916,train
ITIncident:54930,train
ITIncident:54935,test
ITIncident:54943,test
ITIncident:54954,train
ITIncident:54958,test
ITIncident:54962,train
ITIncident:54970,train
ITIncident:54973,train
ITIncident:54983,train
ITIncident:54987,train
ITIncident:54998,train
ITIncident:55002,train
ITIncident:55007,test
ITIncident:55015,train
ITIncident:55025,test
ITIncident:55027,train
ITIncident:55037,train
ITIncident:55040,train
ITIncident:55054,train
ITIncident:55060,test
ITIncident:55064,train
ITIncident:55066,train
ITIncident:55074,test
ITIncident:55087,train
ITIncident:55100,train
ITIncident:55104,train
ITIncident:55117,train
ITIncident:55128,train
ITIncident:55134,train
ITIncident:55137,train
ITIncident:55143,train
ITIncident:55150,train
ITIncident:55152,train
ITIncident:55154,train
ITIncident:55156,train
ITIncident:55159,test
ITIncident:55162,test
ITIncident:55166,train
ITIncident:55169,test
ITIncident:55175,train
ITIncident:55180,train
ITIncident:55183,test
ITIncident:55188,train
ITIncident:55190,train
ITIncident:55193,test
ITIncident:55197,train
ITIncident:55199,train
ITIncident:55203,train
ITIncident:55210,train
ITIncident:55215,test
ITIncident:55222,train
ITIncident:55225,train
ITIncident:55229,test
ITIncident:55231,train
ITIncident:55233,train
ITIncident:55235,train
ITIncident:55242,train
ITIncident:55252,train
ITIncident:55255,train
ITIncident:55258,test
ITIncident:55261,train
ITIncident:55263,train
ITIncident:55266,train
ITIncident:55275,train
ITIncident:55277,train
ITIncident:55279,train
ITIncident:55283,train
ITIncident:55286,train
ITIncident:55288,train
ITIncident:55299,test
ITIncident:55303,test
ITIncident:55306,train
ITIncident:55311,train
ITIncident:55313,train
ITIncident:55316,train
ITIncident:55319,train
ITIncident:55324,train
ITIncident:55327,train
ITIncident:55333,train
ITIncident:55338,test
ITIncident:55341,train
ITIncident:55345,train
ITIncident:55347,train
ITIncident:55351,train
ITIncident:55359,train
ITIncident:55361,train
ITIncident:55365,train
ITIncident:55369,train
ITIncident:55375,test
ITIncident:55383,train
ITIncident:55386,train
ITIncident:55389,test
ITIncident:55392,train
ITIncident:55396,train
ITIncident:55407,train
ITIncident:55409,train
ITIncident:55418,train
ITIncident:55422,train
ITIncident:55427,train
ITIncident:55433,test
ITIncident:55440,train
ITIncident:55448,test
ITIncident:55450,train
ITIncident:55459,train
ITIncident:55465,train
ITIncident:55471,train
ITIncident:55477,train
ITIncident:55517,train
ITIncident:55519,test
ITIncident:55528,train
ITIncident:55539,train
ITIncident:55546,train
ITIncident:55550,test
ITIncident:55555,train
ITIncident:55557,train
ITIncident:55560,train
ITIncident:55569,train
ITIncident:55577,test
ITIncident:55585,train
ITIncident:55589,train
ITIncident:55593,train
ITIncident:55600,train
ITIncident:55609,train
ITIncident:55617,train
ITIncident:55622,train
ITIncident:55624,train
ITIncident:55626,test
ITIncident:55638,train
ITIncident:55654,train
ITIncident:55656,train
ITIncident:55661,train
ITIncident:55669,train
ITIncident:55673,train
ITIncident:55679,test
ITIncident:55683,test
ITIncident:55685,train
ITIncident:55688,test
ITIncident:55690,test
ITIncident:55693,train
ITIncident:55697,train
ITIncident:55699,train
ITIncident:55706,train
ITIncident:55712,test
ITIncident:55715,train
ITIncident:55720,train
ITIncident:55723,train
ITIncident:55725,test
ITIncident:55728,train
ITIncident:55743,train
ITIncident:55748,train
ITIncident:55751,train
ITIncident:55759,train
ITIncident:55763,test
ITIncident:55773,train
ITIncident:55778,train
ITIncident:55786,train
ITIncident:55791,train
ITIncident:55799,test
ITIncident:55831,test
ITIncident:55834,train
ITIncident:55838,test
ITIncident:55840,train
ITIncident:55850,train
ITIncident:55859,train
ITIncident:55868,train
ITIncident:55870,train
ITIncident:55875,train
ITIncident:55877,test
ITIncident:55881,train
ITIncident:55886,train
ITIncident:55894,train
ITIncident:55903,test
ITIncident:55918,train
ITIncident:55949,train
ITIncident:55953,train
ITIncident:55957,test
ITIncident:55961,train
ITIncident:55969,train
ITIncident:55980,train
ITIncident:55984,train
ITIncident:56002,test
ITIncident:56029,train
ITIncident:56032,train
ITIncident:56034,test
ITIncident:56040,test
ITIncident:56052,train
ITIncident:56068,test
ITIncident:56071,train
ITIncident:56076,train
ITIncident:56081,train
ITIncident:56086,train
ITIncident:56094,train
ITIncident:56098,train
ITIncident:56101,train
ITIncident:56106,train
ITIncident:56113,test
ITIncident:56117,train
ITIncident:56120,train
ITIncident:56138,train
ITIncident:56144,train
ITIncident:56146,train
ITIncident:56155,train
ITIncident:56160,train
ITIncident:56165,train
ITIncident:56167,train
ITIncident:56175,train
ITIncident:56177,test
ITIncident:56190,test
ITIncident:56196,train
ITIncident:56205,train
ITIncident:56209,test
ITIncident:56211,train
ITIncident:56213,train
ITIncident:56218,test
ITIncident:56220,train
ITIncident:56224,test
ITIncident:56228,train
ITIncident:56233,train
ITIncident:56237,train
ITIncident:56241,train
ITIncident:56245,train
ITIncident:56250,train
ITIncident:56254,train
ITIncident:56256,train
ITIncident:56266,train
ITIncident:56273,train
ITIncident:56276,train
ITIncident:56278,train
ITIncident:56295,train
ITIncident:56310,train
ITIncident:56314,train
ITIncident:56316,train
ITIncident:56318,train
ITIncident:56322,test
ITIncident:56326,train
ITIncident:56340,train
ITIncident:56345,train
ITIncident:56347,test
ITIncident:56357,train
ITIncident:56365,train
ITIncident:56369,test
ITIncident:56379,train
ITIncident:56395,train
ITIncident:56400,train
ITIncident:56402,train
ITIncident:56405,train
ITIncident:56421,test
ITIncident:56425,train
ITIncident:56431,train
ITIncident:56433,train
ITIncident:56437,train
ITIncident:56445,train
ITIncident:56451,train
ITIncident:56455,train
ITIncident:56460,test
ITIncident:56469,train
ITIncident:56472,train
ITIncident:56482,train
ITIncident:56491,train
ITIncident:56500,train
ITIncident:56504,train
ITIncident:56511,test
ITIncident:56522,test
ITIncident:56528,train
ITIncident:56530,train
ITIncident:56539,train
ITIncident:56546,train
ITIncident:56552,train
ITIncident:56565,train
ITIncident:56567,train
ITIncident:56572,train
ITIncident:56581,train
ITIncident:56583,train
ITIncident:56586,train
ITIncident:56590,train
ITIncident:56596,test
ITIncident:56611,train
ITIncident:56615,train
ITIncident:56619,train
ITIncident:56622,train
ITIncident:56628,train
ITIncident:56630,test
ITIncident:56634,train
ITIncident:56638,train
ITIncident:56640,train
ITIncident:56643,train
ITIncident:56649,test
ITIncident:56660,train
ITIncident:56663,train
ITIncident:56666,test
ITIncident:56675,train
ITIncident:56677,test
ITIncident:56684,train
ITIncident:56686,test
ITIncident:56688,test
ITIncident:56692,train
ITIncident:56694,train
ITIncident:56701,train
ITIncident:56703,train
ITIncident:56705,test
ITIncident:56709,train
ITIncident:56713,train
ITIncident:56724,train
ITIncident:56730,test
ITIncident:56733,test
ITIncident:56742,test
ITIncident:56747,test
ITIncident:56751,train
ITIncident:56753,train
ITIncident:56757,train
ITIncident:56767,train
ITIncident:56775,train
ITIncident:56777,train
ITIncident:56782,train
ITIncident:56788,train
ITIncident:56795,train
ITIncident:56805,train
ITIncident:56815,train
ITIncident:56825,test
ITIncident:56827,test
ITIncident:56832,train
ITIncident:56840,train
ITIncident:56844,test
ITIncident:56846,train
ITIncident:56852,train
ITIncident:56854,train
ITIncident:56858,train
ITIncident:56863,train
ITIncident:56867,train
ITIncident:56869,train
ITIncident:56874,train
ITIncident:56876,train
ITIncident:56882,train
ITIncident:56884,train
ITIncident:56886,train
ITIncident:56888,train
ITIncident:56909,train
ITIncident:56911,train
ITIncident:56920,train
ITIncident:56924,train
ITIncident:56926,train
ITIncident:56930,test
ITIncident:56933,train
ITIncident:56946,test
ITIncident:56948,train
ITIncident:56952,train
ITIncident:56954,train
ITIncident:56956,test
ITIncident:56958,test
ITIncident:56967,train
ITIncident:56969,train
ITIncident:56972,test
ITIncident:56975,train
ITIncident:56990,train
ITIncident:56997,train
ITIncident:57008,train
ITIncident:57012,train
ITIncident:57015,train
ITIncident:57020,train
ITIncident:57022,train
ITIncident:57030,train
ITIncident:57034,train
ITIncident:57038,train
ITIncident:57043,train
ITIncident:57048,train
ITIncident:57054,train
ITIncident:57059,train
ITIncident:57061,train
ITIncident:57063,train
ITIncident:57073,test
ITIncident:57076,train
ITIncident:57083,train
ITIncident:57089,test
ITIncident:57101,train
ITIncident:57109,train
ITIncident:57117,train
ITIncident:57120,train
ITIncident:57136,train
ITIncident:57140,test
ITIncident:57149,train
ITIncident:57161,train
ITIncident:57165,train
ITIncident:57177,test
ITIncident:57184,train
ITIncident:57187,train
ITIncident:57189,test
ITIncident:57193,train
ITIncident:57199,train
ITIncident:57206,train
ITIncident:57211,train
ITIncident:57213,train
ITIncident:57217,test
ITIncident:57222,test
ITIncident:57230,train
ITIncident:57236,train
ITIncident:57238,train
ITIncident:57242,train
ITIncident:57246,test
ITIncident:57251,train
ITIncident:57255,train
ITIncident:57259,train
ITIncident:57273,train
ITIncident:57277,test
ITIncident:57281,train
ITIncident:57288,train
ITIncident:57302,test
ITIncident:57306,train
ITIncident:57308,train
ITIncident:57312,train
ITIncident:57319,test
ITIncident:57323,train
ITIncident:57332,train
ITIncident:57336,test
ITIncident:57341,train
ITIncident:57350,train
ITIncident:57354,train
ITIncident:57361,train
ITIncident:57370,train
ITIncident:57374,train
ITIncident:57377,train
ITIncident:57383,train
ITIncident:57388,test
ITIncident:57396,test
ITIncident:57402,train
ITIncident:57408,train
ITIncident:57410,train
ITIncident:57413,train
ITIncident:57415,train
ITIncident:57417,train
ITIncident:57419,train
ITIncident:57422,train
ITIncident:57431,test
ITIncident:57435,train
ITIncident:57442,test
ITIncident:57444,train
ITIncident:57446,test
ITIncident:57458,train
ITIncident:57462,train
ITIncident:57467,train
ITIncident:57475,test
ITIncident:57478,train
ITIncident:57481,train
ITIncident:57487,train
ITIncident:57490,train
ITIncident:57492,test
ITIncident:57495,train
ITIncident:57498,train
ITIncident:57506,train
ITIncident:57509,test
ITIncident:57511,train
ITIncident:57516,train
ITIncident:57525,train
ITIncident:57531,train
ITIncident:57535,train
ITIncident:57537,train
ITIncident:57540,test
ITIncident:57557,train
ITIncident:57569,train
ITIncident:57588,test
ITIncident:57592,train
ITIncident:57601,train
ITIncident:57604,test
ITIncident:57610,test
ITIncident:57612,train
ITIncident:57615,train
ITIncident:57617,train
ITIncident:57620,train
ITIncident:57623,train
ITIncident:57628,train
ITIncident:57635,test
ITIncident:57641,train
ITIncident:57644,train
ITIncident:57649,train
ITIncident:57655,train
ITIncident:57671,train
ITIncident:57677,test
ITIncident:57679,test
ITIncident:57681,train
ITIncident:57683,train
ITIncident:57697,train
ITIncident:57702,train
ITIncident:57704,train
ITIncident:57710,train
ITIncident:57721,train
ITIncident:57727,train
ITIncident:57731,test
ITIncident:57742,train
ITIncident:57750,test
ITIncident:57752,train
ITIncident:57759,train
ITIncident:57762,train
ITIncident:57764,train
ITIncident:57766,test
ITIncident:57776,train
ITIncident:57778,train
ITIncident:57783,train
ITIncident:57796,train
ITIncident:57799,train
ITIncident:57803,test
ITIncident:57828,train
ITIncident:57836,train
ITIncident:57844,train
ITIncident:57847,train
ITIncident:57851,test
ITIncident:57854,train
ITIncident:57865,train
ITIncident:57867,train
ITIncident:57875,test
ITIncident:57877,test
ITIncident:57885,test
ITIncident:57889,test
ITIncident:57892,test
ITIncident:57896,train
ITIncident:57905,train
ITIncident:57913,train
ITIncident:57917,train
ITIncident:57919,train
ITIncident:57924,train
ITIncident:57926,train
ITIncident:57932,train
ITIncident:57934,train
ITIncident:57937,train
ITIncident:57941,train
ITIncident:57958,train
ITIncident:57961,test
ITIncident:57964,train
ITIncident:57966,test
ITIncident:57975,train
ITIncident:57979,train
ITIncident:57981,train
ITIncident:57983,train
ITIncident:57985,train
ITIncident:57990,train
ITIncident:57992,train
ITIncident:57996,train
ITIncident:58002,train
ITIncident:58006,train
ITIncident:58010,test
ITIncident:58015,train
ITIncident:58017,train
ITIncident:58024,train
ITIncident:58035,train
ITIncident:58037,test
ITIncident:58041,train
ITIncident:58045,train
ITIncident:58048,test
ITIncident:58053,train
ITIncident:58056,test
ITIncident:58061,train
ITIncident:58065,train
ITIncident:58067,train
ITIncident:58071,train
ITIncident:58076,train
ITIncident:58079,train
ITIncident:58081,train
ITIncident:58086,train
ITIncident:58089,test
ITIncident:58096,train
ITIncident:58103,train
ITIncident:58109,train
ITIncident:58113,train
ITIncident:58115,train
ITIncident:58119,test
ITIncident:58121,test
ITIncident:58129,train
ITIncident:58133,train
ITIncident:58137,train
ITIncident:58141,train
ITIncident:58152,test
ITIncident:58156,train
ITIncident:58158,train
ITIncident:58165,train
ITIncident:58172,train
ITIncident:58188,train
ITIncident:58192,test
ITIncident:58194,train
ITIncident:58199,train
ITIncident:58203,train
ITIncident:58215,train
ITIncident:58228,train
ITIncident:58236,train
ITIncident:58239,test
ITIncident:58242,test
ITIncident:58248,train
ITIncident:58258,train
ITIncident:58260,train
ITIncident:58271,test
ITIncident:58274,train
ITIncident:58276,train
ITIncident:58279,train
ITIncident:58286,train
ITIncident:58288,train
ITIncident:58295,train
ITIncident:58303,test
ITIncident:58307,train
ITIncident:58309,train
ITIncident:58314,train
ITIncident:58322,train
ITIncident:58324,train
ITIncident:58335,test
ITIncident:58337,train
ITIncident:58345,train
ITIncident:58354,train
ITIncident:58356,train
ITIncident:58360,train
ITIncident:58368,train
ITIncident:58370,train
ITIncident:58374,test
ITIncident:58376,train
ITIncident:58385,train
ITIncident:58392,train
ITIncident:58394,train
ITIncident:58401,test
ITIncident:58412,train
ITIncident:58416,train
ITIncident:58422,train
ITIncident:58425,train
ITIncident:58432,train
ITIncident:58439,train
ITIncident:58444,test
ITIncident:58451,train
ITIncident:58456,train
ITIncident:58458,test
ITIncident:58460,train
ITIncident:58465,train
ITIncident:58472,test
ITIncident:58474,train
ITIncident:58478,train
ITIncident:58484,train
ITIncident:58487,train
ITIncident:58498,test
ITIncident:58503,train
ITIncident:58510,train
ITIncident:58525,train
ITIncident:58528,test
ITIncident:58538,train
ITIncident:58542,train
ITIncident:58546,train
ITIncident:58550,train
ITIncident:58555,train
ITIncident:58563,train
ITIncident:58565,train
ITIncident:58572,train
ITIncident:58575,test
ITIncident:58582,train
ITIncident:58586,train
ITIncident:58591,train
ITIncident:58596,train
ITIncident:58602,train
ITIncident:58606,test
ITIncident:58612,train
ITIncident:58614,train
ITIncident:58619,train
ITIncident:58625,train
ITIncident:58627,train
ITIncident:58637,train
ITIncident:58640,train
ITIncident:58642,test
ITIncident:58645,test
ITIncident:58647,train
ITIncident:58649,train
ITIncident:58651,test
ITIncident:58655,test
ITIncident:58658,train
ITIncident:58665,train
ITIncident:58667,test
ITIncident:58670,train
ITIncident:58672,train
ITIncident:58692,train
ITIncident:58701,train
ITIncident:58707,test
ITIncident:58711,train
ITIncident:58719,train
ITIncident:58733,train
ITIncident:58737,train
ITIncident:58740,train
ITIncident:58748,test
ITIncident:58753,train
ITIncident:58760,train
ITIncident:58762,train
ITIncident:58767,train
ITIncident:58772,train
ITIncident:58777,train
ITIncident:58782,train
ITIncident:58784,test
ITIncident:58794,test
ITIncident:58797,train
ITIncident:58801,test
ITIncident:58803,test
ITIncident:58807,train
ITIncident:58814,train
ITIncident:58819,train
ITIncident:58823,train
ITIncident:58830,train
ITIncident:58835,train
ITIncident:58838,test
ITIncident:58840,train
ITIncident:58849,train
ITIncident:58852,train
ITIncident:58854,train
ITIncident:58857,train
ITIncident:58864,train
ITIncident:58869,train
ITIncident:58873,train
ITIncident:58877,train
ITIncident:58883,train
ITIncident:58886,train
ITIncident:58888,train
ITIncident:58894,test
ITIncident:58897,test
ITIncident:58905,train
ITIncident:58909,train
ITIncident:58911,train
ITIncident:58920,train
ITIncident:58925,train
ITIncident:58927,train
ITIncident:58931,train
ITIncident:58941,test
ITIncident:58945,train
ITIncident:58950,test
ITIncident:58961,train
ITIncident:58968,test
ITIncident:58971,train
ITIncident:58977,train
ITIncident:58982,train
ITIncident:58986,train
ITIncident:58992,test
ITIncident:58996,train
ITIncident:59001,test
ITIncident:59015,train
ITIncident:59017,train
ITIncident:59025,train
ITIncident:59031,train
ITIncident:59034,train
ITIncident:59039,train
ITIncident:59051,train
ITIncident:59054,train
ITIncident:59060,train
ITIncident:59065,test
ITIncident:59070,train
ITIncident:59076,test
ITIncident:59078,test
ITIncident:59080,train
ITIncident:59085,test
ITIncident:59096,test
ITIncident:59101,train
ITIncident:59105,train
ITIncident:59110,test
ITIncident:59115,train
ITIncident:59131,train
ITIncident:59134,train
ITIncident:59139,test
ITIncident:59142,train
ITIncident:59148,train
ITIncident:59150,train
ITIncident:59155,train
ITIncident:59161,train
ITIncident:59164,train
ITIncident:59183,test
ITIncident:59187,train
ITIncident:59193,train
ITIncident:59196,train
ITIncident:59205,train
ITIncident:59207,train
ITIncident:59209,train
ITIncident:59211,train
ITIncident:59214,train
ITIncident:59221,train
ITIncident:59228,train
ITIncident:59230,train
ITIncident:59239,train
ITIncident:59243,train
ITIncident:59245,test
ITIncident:59247,train
ITIncident:59251,train
ITIncident:59259,train
ITIncident:59264,train
ITIncident:59266,test
ITIncident:59276,train
ITIncident:59281,train
ITIncident:59286,train
ITIncident:59288,train
ITIncident:59290,train
ITIncident:59294,train
ITIncident:59302,train
ITIncident:59304,train
ITIncident:59307,train
ITIncident:59319,train
ITIncident:59324,test
ITIncident:59326,train
ITIncident:59330,train
ITIncident:59332,train
ITIncident:59337,train
ITIncident:59339,train
ITIncident:59343,train
ITIncident:59345,train
ITIncident:59353,test
ITIncident:59356,train
ITIncident:59360,train
ITIncident:59364,train
ITIncident:59367,train
ITIncident:59370,train
ITIncident:59374,train
ITIncident:59378,train
ITIncident:59381,train
ITIncident:59385,test
ITIncident:59387,train
ITIncident:59391,test
ITIncident:59395,train
ITIncident:59398,train
ITIncident:59402,train
ITIncident:59407,train
ITIncident:59409,train
ITIncident:59420,train
ITIncident:59423,train
ITIncident:59428,test
ITIncident:59430,test
ITIncident:59434,train
ITIncident:59436,train
ITIncident:59443,test
ITIncident:59446,train
ITIncident:59449,train
ITIncident:59452,train
ITIncident:59455,train
ITIncident:59458,test
ITIncident:59460,train
ITIncident:59466,train
ITIncident:59476,train
ITIncident:59480,train
ITIncident:59486,train
ITIncident:59494,test
ITIncident:59499,train
ITIncident:59505,train
ITIncident:59511,train
ITIncident:59516,train
ITIncident:59520,train
ITIncident:59525,train
ITIncident:59530,train
ITIncident:59534,test
ITIncident:59536,train
ITIncident:59539,train
ITIncident:59543,train
ITIncident:59546,train
ITIncident:59548,train
ITIncident:59551,train
ITIncident:59559,train
ITIncident:59561,train
ITIncident:59568,train
ITIncident:59579,train
ITIncident:59585,train
ITIncident:59587,train
ITIncident:59593,train
ITIncident:59595,train
ITIncident:59600,train
ITIncident:59604,train
ITIncident:59609,train
ITIncident:59613,test
ITIncident:59615,train
ITIncident:59617,train
ITIncident:59619,train
ITIncident:59630,train
ITIncident:59639,train
ITIncident:59654,train
ITIncident:59656,train
ITIncident:59662,train
ITIncident:59664,train
ITIncident:59667,test
ITIncident:59670,train
ITIncident:59672,train
ITIncident:59677,test
ITIncident:59679,train
ITIncident:59685,train
ITIncident:59690,train
ITIncident:59692,train
ITIncident:59703,train
ITIncident:59705,train
ITIncident:59710,train
ITIncident:59717,train
ITIncident:59721,train
ITIncident:59726,train
ITIncident:59733,train
ITIncident:59740,train
ITIncident:59746,train
ITIncident:59748,train
ITIncident:59751,train
ITIncident:59753,train
ITIncident:59755,train
ITIncident:59764,train
ITIncident:59772,train
ITIncident:59774,train
ITIncident:59778,train
ITIncident:59793,train
ITIncident:59795,train
ITIncident:59798,train
ITIncident:59803,train
ITIncident:59809,train
ITIncident:59816,train
ITIncident:59818,train
ITIncident:59827,train
ITIncident:59833,test
ITIncident:59841,train
ITIncident:59856,train
ITIncident:59861,train
ITIncident:59864,train
ITIncident:59866,train
ITIncident:59877,train
ITIncident:59879,train
ITIncident:59889,train
ITIncident:59893,train
ITIncident:59896,train
ITIncident:59898,test
ITIncident:59902,test
ITIncident:59904,train
ITIncident:59906,train
ITIncident:59910,test
ITIncident:59915,train
ITIncident:59925,train
ITIncident:59936,train
ITIncident:59946,train
ITIncident:59955,train
ITIncident:59962,train
ITIncident:59964,train
ITIncident:59968,test
ITIncident:59970,train
ITIncident:59972,train
ITIncident:59974,train
ITIncident:59976,train
ITIncident:59984,train
ITIncident:59989,test
ITIncident:60000,train
ITIncident:60004,train
ITIncident:60016,train
ITIncident:60031,train
ITIncident:60039,train
ITIncident:60041,train
ITIncident:60043,train
ITIncident:60048,train
ITIncident:60053,train
ITIncident:60056,train
ITIncident:60058,train
ITIncident:60061,train
ITIncident:60067,train
ITIncident:60071,train
ITIncident:60077,train
ITIncident:60083,train
ITIncident:60090,train
ITIncident:60097,train
ITIncident:60104,train
ITIncident:60107,train
ITIncident:60109,train
ITIncident:60111,train
ITIncident:60130,test
ITIncident:60136,test
ITIncident:60145,train
ITIncident:60153,train
ITIncident:60161,test
ITIncident:60168,train
ITIncident:60171,train
ITIncident:60176,train
ITIncident:60182,test
ITIncident:60184,train
ITIncident:60194,train
ITIncident:60196,train
ITIncident:60198,train
ITIncident:60205,train
ITIncident:60207,test
ITIncident:60211,train
ITIncident:60217,test
ITIncident:60219,train
ITIncident:60224,train
ITIncident:60227,train
ITIncident:60230,train
ITIncident:60237,train
ITIncident:60244,train
ITIncident:60253,test
ITIncident:60255,train
ITIncident:60257,test
ITIncident:60260,train
ITIncident:60267,train
ITIncident:60269,train
ITIncident:60275,train
ITIncident:60280,test
ITIncident:60285,train
ITIncident:60293,test
ITIncident:60297,train
ITIncident:60302,train
ITIncident:60304,test
ITIncident:60307,test
ITIncident:60310,train
ITIncident:60315,test
ITIncident:60324,test
ITIncident:60327,train
ITIncident:60330,test
ITIncident:60333,train
ITIncident:60342,train
ITIncident:60345,train
ITIncident:60353,train
ITIncident:60356,train
ITIncident:60359,test
ITIncident:60371,train
ITIncident:60377,train
ITIncident:60388,test
ITIncident:60392,train
ITIncident:60395,train
ITIncident:60398,train
ITIncident:60402,test
ITIncident:60405,train
ITIncident:60408,train
ITIncident:60412,train
ITIncident:60414,train
ITIncident:60421,train
ITIncident:60436,train
ITIncident:60440,train
ITIncident:60443,train
ITIncident:60448,train
ITIncident:60453,train
ITIncident:60458,test
ITIncident:60464,train
ITIncident:60467,train
ITIncident:60471,train
ITIncident:60478,train
ITIncident:60485,train
ITIncident:60491,train
ITIncident:60496,train
ITIncident:60505,train
ITIncident:60509,train
ITIncident:60515,test
ITIncident:60518,train
ITIncident:60522,train
ITIncident:60529,train
ITIncident:60531,train
ITIncident:60534,train
ITIncident:60542,test
ITIncident:60547,train
ITIncident:60556,train
ITIncident:60558,train
ITIncident:60564,train
ITIncident:60575,train
ITIncident:60578,train
ITIncident:60580,train
ITIncident:60584,test
ITIncident:60590,train
ITIncident:60593,train
ITIncident:60603,train
ITIncident:60615,train
ITIncident:60618,test
ITIncident:60624,train
ITIncident:60627,train
ITIncident:60630,train
ITIncident:60637,test
ITIncident:60648,train
ITIncident:60667,train
ITIncident:60681,train
ITIncident:60685,train
ITIncident:60692,test
ITIncident:60698,train
ITIncident:60701,train
ITIncident:60710,train
ITIncident:60720,test
ITIncident:60732,train
ITIncident:60737,train
ITIncident:60740,train
ITIncident:60743,train
ITIncident:60748,train
ITIncident:60752,test
ITIncident:60766,train
ITIncident:60775,test
ITIncident:60778,test
ITIncident:60782,train
ITIncident:60784,train
ITIncident:60788,train
ITIncident:60791,test
ITIncident:60794,test
ITIncident:60798,train
ITIncident:60801,train
ITIncident:60813,train
ITIncident:60817,test
ITIncident:60823,train
ITIncident:60827,train
ITIncident:60830,train
ITIncident:60837,train
ITIncident:60840,train
ITIncident:60845,train
ITIncident:60850,test
ITIncident:60855,train
ITIncident:60858,train
ITIncident:60863,test
ITIncident:60868,train
ITIncident:60875,test
ITIncident:60882,train
ITIncident:60885,test
ITIncident:60891,train
ITIncident:60901,train
ITIncident:60904,train
ITIncident:60907,train
ITIncident:60913,train
ITIncident:60915,train
ITIncident:60919,train
ITIncident:60926,train
ITIncident:60929,test
ITIncident:60937,train
ITIncident:60941,test
ITIncident:60952,train
ITIncident:60958,train
ITIncident:60961,test
ITIncident:60964,train
ITIncident:60974,train
ITIncident:60990,train
ITIncident:60996,train
ITIncident:61000,train
ITIncident:61003,test
ITIncident:61009,test
ITIncident:61018,train
ITIncident:61021,test
ITIncident:61024,train
ITIncident:61027,train
ITIncident:61030,train
ITIncident:61033,train
ITIncident:61036,train
ITIncident:61039,train
ITIncident:61041,train
ITIncident:61045,train
ITIncident:61048,train
ITIncident:61055,train
ITIncident:61059,train
ITIncident:61063,test
ITIncident:61065,train
ITIncident:61072,train
ITIncident:61077,train
ITIncident:61088,test
ITIncident:61093,train
ITIncident:61096,train
ITIncident:61100,train
ITIncident:61104,train
ITIncident:61107,train
ITIncident:61113,train
ITIncident:61140,train
ITIncident:61143,train
ITIncident:61148,train
ITIncident:61156,train
ITIncident:61159,train
ITIncident:61163,train
ITIncident:61172,test
ITIncident:61183,train
ITIncident:61187,test
ITIncident:61190,train
ITIncident:61195,train
ITIncident:61198,train
ITIncident:61203,train
ITIncident:61207,train
ITIncident:61213,train
ITIncident:61223,train
ITIncident:61226,train
ITIncident:61235,train
ITIncident:61246,train
ITIncident:61254,train
ITIncident:61257,test
ITIncident:61262,test
ITIncident:61265,train
ITIncident:61268,train
ITIncident:61272,test
ITIncident:61282,train
ITIncident:61290,test
ITIncident:61293,train
ITIncident:61296,train
ITIncident:61299,train
ITIncident:61302,test
ITIncident:61314,test
ITIncident:61317,test
ITIncident:61320,train
ITIncident:61328,train
ITIncident:61338,train
ITIncident:61345,train
ITIncident:61349,train
ITIncident:61353,train
ITIncident:61358,test
ITIncident:61365,train
ITIncident:61371,test
ITIncident:61376,train
ITIncident:61379,train
ITIncident:61385,test
ITIncident:61389,train
ITIncident:61399,test
ITIncident:61406,test
ITIncident:61410,train
ITIncident:61417,train
ITIncident:61424,train
ITIncident:61430,train
ITIncident:61440,train
ITIncident:61450,train
ITIncident:61455,train
ITIncident:61460,train
ITIncident:61463,train
ITIncident:61473,train
ITIncident:61476,train
ITIncident:61482,train
ITIncident:61485,test
ITIncident:61488,train
ITIncident:61491,train
ITIncident:61504,train
ITIncident:61512,train
ITIncident:61516,test
ITIncident:61522,train
ITIncident:61525,train
ITIncident:61528,train
ITIncident:61531,train
ITIncident:61536,train
ITIncident:61540,train
ITIncident:61550,train
ITIncident:61555,train
ITIncident:61558,train
ITIncident:61564,train
ITIncident:61567,train
ITIncident:61571,test
ITIncident:61574,train
ITIncident:61577,train
ITIncident:61581,test
ITIncident:61584,test
ITIncident:61588,test
ITIncident:61592,train
ITIncident:61602,test
ITIncident:61605,train
ITIncident:61608,train
ITIncident:61614,test
ITIncident:61621,train
ITIncident:61628,train
ITIncident:61631,train
ITIncident:61638,test
ITIncident:61642,train
ITIncident:61650,train
ITIncident:61666,train
ITIncident:61674,train
ITIncident:61677,test
ITIncident:61680,train
ITIncident:61683,train
ITIncident:61691,train
ITIncident:61698,train
ITIncident:61705,train
ITIncident:61708,train
ITIncident:61712,train
ITIncident:61726,train
ITIncident:61735,train
ITIncident:61744,test
ITIncident:61753,test
ITIncident:61757,train
ITIncident:61760,test
ITIncident:61764,train
ITIncident:61768,train
ITIncident:61773,train
ITIncident:61779,test
ITIncident:61783,train
ITIncident:61787,train
ITIncident:61790,train
ITIncident:61793,test
ITIncident:61799,test
ITIncident:61802,test
ITIncident:61808,train
ITIncident:61811,train
ITIncident:61814,train
ITIncident:61818,test
ITIncident:61821,train
ITIncident:61825,train
ITIncident:61828,train
ITIncident:61831,train
ITIncident:61835,train
ITIncident:61839,train
ITIncident:61842,train
ITIncident:61849,test
ITIncident:61852,test
ITIncident:61856,train
ITIncident:61860,train
ITIncident:61863,train
ITIncident:61866,train
ITIncident:61869,train
ITIncident:61872,train
ITIncident:61877,train
ITIncident:61882,train
ITIncident:61885,train
ITIncident:61889,train
ITIncident:61892,test
ITIncident:61898,train
ITIncident:61901,train
ITIncident:61905,test
ITIncident:61908,train
ITIncident:61911,train
ITIncident:61916,test
ITIncident:61919,test
ITIncident:61922,train
ITIncident:61931,train
ITIncident:61934,train
ITIncident:61944,test
ITIncident:61955,train
ITIncident:61959,train
ITIncident:61966,train
ITIncident:61971,train
ITIncident:61980,train
ITIncident:61984,train
ITIncident:61989,train
ITIncident:61995,train
ITIncident:62001,train
ITIncident:62007,train
ITIncident:62010,train
ITIncident:62013,train
ITIncident:62016,train
ITIncident:62019,test
ITIncident:62022,train
ITIncident:62028,train
ITIncident:62032,train
ITIncident:62045,train
ITIncident:62049,train
ITIncident:62053,train
ITIncident:62057,train
ITIncident:62060,test
ITIncident:62064,train
ITIncident:62067,train
ITIncident:62070,train
ITIncident:62073,train
ITIncident:62077,train
ITIncident:62079,train
ITIncident:62081,train
ITIncident:62085,train
ITIncident:62089,train
ITIncident:62095,train
ITIncident:62098,train
ITIncident:62108,train
ITIncident:62111,train
ITIncident:62114,train
ITIncident:62117,train
ITIncident:62120,train
ITIncident:62123,train
ITIncident:62127,train
ITIncident:62132,test
ITIncident:62141,train
ITIncident:62145,train
ITIncident:62149,train
ITIncident:62152,train
ITIncident:62158,train
ITIncident:62172,train
ITIncident:62180,train
ITIncident:62183,train
ITIncident:62186,train
ITIncident:62189,train
ITIncident:62194,train
ITIncident:62201,train
ITIncident:62206,train
ITIncident:62210,train
ITIncident:62213,train
ITIncident:62220,train
ITIncident:62228,train
ITIncident:62235,train
ITIncident:62247,train
ITIncident:62251,train
ITIncident:62255,train
ITIncident:62260,train
ITIncident:62266,test
ITIncident:62269,train
ITIncident:62272,train
ITIncident:62277,train
ITIncident:62284,train
ITIncident:62296,train
ITIncident:62302,train
ITIncident:62310,train
ITIncident:62313,train
ITIncident:62315,test
ITIncident:62319,train
ITIncident:62324,train
ITIncident:62333,train
ITIncident:62341,train
ITIncident:62345,train
ITIncident:62350,test
ITIncident:62353,train
ITIncident:62356,train
ITIncident:62359,train
ITIncident:62362,train
ITIncident:62366,train
ITIncident:62372,train
ITIncident:62375,test
ITIncident:62378,test
ITIncident:62389,train
ITIncident:62392,test
ITIncident:62395,test
ITIncident:62398,train
ITIncident:62402,train
ITIncident:62409,train
ITIncident:62411,train
ITIncident:62415,train
ITIncident:62422,train
ITIncident:62436,test
ITIncident:62441,train
ITIncident:62449,test
ITIncident:62454,train
ITIncident:62458,train
ITIncident:62462,train
ITIncident:62464,train
ITIncident:62466,test
ITIncident:62469,test
ITIncident:62472,train
ITIncident:62475,test
ITIncident:62478,train
ITIncident:62481,train
ITIncident:62484,train
ITIncident:62487,train
ITIncident:62490,train
ITIncident:62494,train
ITIncident:62496,train
ITIncident:62499,test
ITIncident:62506,train
ITIncident:62508,train
ITIncident:62514,train
ITIncident:62518,train
ITIncident:62520,train
ITIncident:62523,train
ITIncident:62530,train
ITIncident:62533,test
ITIncident:62535,train
ITIncident:62538,train
ITIncident:62544,train
ITIncident:62550,train
ITIncident:62557,train
ITIncident:62559,train
ITIncident:62562,train
ITIncident:62564,train
ITIncident:62570,test
ITIncident:62577,test
ITIncident:62579,train
ITIncident:62582,train
ITIncident:62589,train
ITIncident:62593,train
ITIncident:62595,train
ITIncident:62598,train
ITIncident:62604,train
ITIncident:62611,train
ITIncident:62623,train
ITIncident:62626,test
ITIncident:62630,train
ITIncident:62638,test
ITIncident:62642,train
ITIncident:62645,train
ITIncident:62648,train
ITIncident:62650,train
ITIncident:62656,train
ITIncident:62658,train
ITIncident:62661,train
ITIncident:62669,train
ITIncident:62674,train
ITIncident:62677,train
ITIncident:62680,train
ITIncident:62682,train
ITIncident:62685,train
ITIncident:62690,test
ITIncident:62692,train
ITIncident:62695,train
ITIncident:62699,train
ITIncident:62701,train
ITIncident:62705,train
ITIncident:62711,test
ITIncident:62719,train
ITIncident:62729,train
ITIncident:62732,train
ITIncident:62734,train
ITIncident:62740,test
ITIncident:62743,train
ITIncident:62746,train
ITIncident:62757,test
ITIncident:62762,test
ITIncident:62768,train
ITIncident:62778,train
ITIncident:62781,train
ITIncident:62784,train
ITIncident:62787,train
ITIncident:62792,train
ITIncident:62795,train
ITIncident:62801,train
ITIncident:62812,train
ITIncident:62817,train
ITIncident:62821,train
ITIncident:62824,train
ITIncident:62826,train
ITIncident:62829,train
ITIncident:62838,train
ITIncident:62843,train
ITIncident:62847,train
ITIncident:62851,train
ITIncident:62859,test
ITIncident:62867,train
ITIncident:62872,test
ITIncident:62876,train
ITIncident:62880,train
ITIncident:62883,train
ITIncident:62887,train
ITIncident:62896,train
ITIncident:62900,train
ITIncident:62905,test
ITIncident:62914,train
ITIncident:62917,train
ITIncident:62921,test
ITIncident:62925,train
ITIncident:62928,train
ITIncident:62932,test
ITIncident:62939,train
ITIncident:62942,train
ITIncident:62945,test
ITIncident:62950,train
ITIncident:62954,train
ITIncident:62967,train
ITIncident:62972,train
ITIncident:62979,train
ITIncident:62986,train
ITIncident:62989,train
ITIncident:62996,train
ITIncident:62999,test
ITIncident:63004,train
ITIncident:63007,train
ITIncident:63016,test
ITIncident:63022,train
ITIncident:63025,train
ITIncident:63030,test
ITIncident:63041,train
ITIncident:63044,train
ITIncident:63051,train
ITIncident:63073,train
ITIncident:63076,train
ITIncident:63079,train
ITIncident:63081,train
ITIncident:63085,train
ITIncident:63096,test
ITIncident:63099,train
ITIncident:63104,test
ITIncident:63109,test
ITIncident:63129,test
ITIncident:63135,train
ITIncident:63139,train
ITIncident:63144,train
ITIncident:63149,test
ITIncident:63153,train
ITIncident:63158,train
ITIncident:63164,train
ITIncident:63168,train
ITIncident:63178,train
ITIncident:63183,train
ITIncident:63186,train
ITIncident:63190,train
ITIncident:63196,train
ITIncident:63201,train
ITIncident:63205,train
ITIncident:63210,test
ITIncident:63216,train
ITIncident:63232,train
ITIncident:63239,test
ITIncident:63244,train
ITIncident:63257,test
ITIncident:63262,train
ITIncident:63266,train
ITIncident:63271,test
ITIncident:63283,train
ITIncident:63291,train
ITIncident:63295,test
ITIncident:63304,train
ITIncident:63314,train
ITIncident:63332,train
ITIncident:63337,train
ITIncident:63340,train
ITIncident:63348,test
ITIncident:63355,train
ITIncident:63358,train
ITIncident:63367,train
ITIncident:63371,train
ITIncident:63378,train
ITIncident:63380,train
ITIncident:63389,train
ITIncident:63395,train
ITIncident:63399,train
ITIncident:63408,train
ITIncident:63411,test
ITIncident:63416,train
ITIncident:63420,train
ITIncident:63425,train
ITIncident:63428,train
ITIncident:63435,train
ITIncident:63439,test
ITIncident:63443,train
ITIncident:63447,train
ITIncident:63451,train
ITIncident:63456,train
ITIncident:63463,train
ITIncident:63466,train
ITIncident:63469,test
ITIncident:63475,train
ITIncident:63493,train
ITIncident:63496,train
ITIncident:63502,test
ITIncident:63510,train
ITIncident:63520,train
ITIncident:63526,train
ITIncident:63531,train
ITIncident:63537,train
ITIncident:63546,train
ITIncident:63559,test
ITIncident:63568,train
ITIncident:63571,train
ITIncident:63587,train
ITIncident:63594,train
ITIncident:63597,train
ITIncident:63601,train
ITIncident:63607,train
ITIncident:63615,train
ITIncident:63622,train
ITIncident:63625,train
ITIncident:63629,train
ITIncident:63638,train
ITIncident:63640,train
ITIncident:63644,train
ITIncident:63651,train
ITIncident:63659,train
ITIncident:63663,test
ITIncident:63671,train
ITIncident:63674,train
ITIncident:63684,test
ITIncident:63696,train
ITIncident:63701,train
ITIncident:63704,train
ITIncident:63712,train
ITIncident:63720,train
ITIncident:63723,train
ITIncident:63729,train
ITIncident:63732,train
ITIncident:63750,test
ITIncident:63753,train
ITIncident:63759,train
ITIncident:63764,train
ITIncident:63778,train
ITIncident:63789,train
ITIncident:63794,train
ITIncident:63806,train
ITIncident:63809,train
ITIncident:63813,test
ITIncident:63815,train
ITIncident:63819,test
ITIncident:63829,train
ITIncident:63832,train
ITIncident:63835,train
ITIncident:63841,train
ITIncident:63850,train
ITIncident:63853,train
ITIncident:63858,train
ITIncident:63861,train
ITIncident:63869,train
ITIncident:63872,train
ITIncident:63880,train
ITIncident:63886,train
ITIncident:63896,test
ITIncident:63903,train
ITIncident:63908,train
ITIncident:63912,train
ITIncident:63915,test
ITIncident:63918,train
ITIncident:63928,train
ITIncident:63933,train
ITIncident:63942,train
ITIncident:63946,train
ITIncident:63949,train
ITIncident:63952,train
ITIncident:63962,train
ITIncident:63970,train
ITIncident:63976,test
ITIncident:63979,train
ITIncident:63983,train
ITIncident:63994,test
ITIncident:64008,train
ITIncident:64021,train
ITIncident:64028,train
ITIncident:64031,train
ITIncident:64034,train
ITIncident:64037,test
ITIncident:64041,train
ITIncident:64047,train
ITIncident:64058,train
ITIncident:64064,train
ITIncident:64069,test
ITIncident:64073,test
ITIncident:64081,train
ITIncident:64087,train
ITIncident:64093,train
ITIncident:64100,train
ITIncident:64103,train
ITIncident:64107,test
ITIncident:64110,train
ITIncident:64118,train
ITIncident:64126,train
ITIncident:64130,train
ITIncident:64134,train
ITIncident:64139,train
ITIncident:64149,train
ITIncident:64153,test
ITIncident:64157,train
ITIncident:64161,train
ITIncident:64165,train
ITIncident:64169,train
ITIncident:64172,train
ITIncident:64175,train
ITIncident:64181,train
ITIncident:64185,train
ITIncident:64188,train
ITIncident:64195,train
ITIncident:64199,train
ITIncident:64202,train
ITIncident:64207,train
ITIncident:64212,train
ITIncident:64216,train
ITIncident:64228,train
ITIncident:64232,test
ITIncident:64238,train
ITIncident:64241,test
ITIncident:64247,train
ITIncident:64251,train
ITIncident:64255,train
ITIncident:64264,train
ITIncident:64272,train
ITIncident:64276,train
ITIncident:64282,train
ITIncident:64285,train
ITIncident:64288,train
ITIncident:64295,train
ITIncident:64299,train
ITIncident:64311,train
ITIncident:64316,test
ITIncident:64321,test
ITIncident:64328,test
ITIncident:64336,test
ITIncident:64341,train
ITIncident:64346,train
ITIncident:64351,train
ITIncident:64357,train
ITIncident:64362,train
ITIncident:64367,train
ITIncident:64380,test
ITIncident:64389,test
ITIncident:64399,train
ITIncident:64404,train
ITIncident:64415,train
ITIncident:64419,train
ITIncident:64424,train
ITIncident:64428,test
ITIncident:64432,train
ITIncident:64435,test
ITIncident:64438,test
ITIncident:64442,train
ITIncident:64445,train
ITIncident:64456,train
ITIncident:64461,train
ITIncident:64469,train
ITIncident:64479,test
ITIncident:64482,train
ITIncident:64488,test
ITIncident:64491,train
ITIncident:64499,train
ITIncident:64503,test
ITIncident:64512,train
ITIncident:64522,test
ITIncident:64528,train
ITIncident:64533,train
ITIncident:64536,train
ITIncident:64539,train
ITIncident:64550,test
ITIncident:64553,train
ITIncident:64556,train
ITIncident:64567,train
ITIncident:64570,train
ITIncident:64574,train
ITIncident:64577,train
ITIncident:64581,train
ITIncident:64587,test
ITIncident:64598,train
ITIncident:64601,test
ITIncident:64610,train
ITIncident:64614,test
ITIncident:64618,train
ITIncident:64620,train
ITIncident:64624,train
ITIncident:64627,train
ITIncident:64630,train
ITIncident:64633,test
ITIncident:64640,train
ITIncident:64650,train
ITIncident:64654,train
ITIncident:64659,train
ITIncident:64662,train
ITIncident:64666,train
ITIncident:64669,train
ITIncident:64679,train
ITIncident:64682,train
ITIncident:64686,train
ITIncident:64689,test
ITIncident:64692,train
ITIncident:64695,train
ITIncident:64706,test
ITIncident:64710,train
ITIncident:64719,train
ITIncident:64731,test
ITIncident:64734,train
ITIncident:64737,test
ITIncident:64740,train
ITIncident:64744,train
ITIncident:64755,test
ITIncident:64763,test
ITIncident:64766,test
ITIncident:64773,train
ITIncident:64781,train
ITIncident:64791,train
ITIncident:64794,train
ITIncident:64803,train
ITIncident:64815,train
ITIncident:64817,train
ITIncident:64826,train
ITIncident:64830,train
ITIncident:64833,train
ITIncident:64837,train
ITIncident:64852,train
ITIncident:64857,train
ITIncident:64866,train
ITIncident:64869,train
ITIncident:64871,train
ITIncident:64874,train
ITIncident:64880,train
ITIncident:64885,train
ITIncident:64889,train
ITIncident:64893,train
ITIncident:64897,train
ITIncident:64901,train
ITIncident:64906,train
ITIncident:64911,test
ITIncident:64917,train
ITIncident:64936,train
ITIncident:64938,train
ITIncident:64941,train
ITIncident:64944,train
ITIncident:64947,train
ITIncident:64950,train
ITIncident:64953,train
ITIncident:64956,train
ITIncident:64962,train
ITIncident:64966,train
ITIncident:64970,train
ITIncident:64974,train
ITIncident:64977,train
ITIncident:64987,train
ITIncident:64990,test
ITIncident:64992,train
ITIncident:64997,train
ITIncident:65002,test
ITIncident:65008,train
ITIncident:65013,train
ITIncident:65019,test
ITIncident:65025,train
ITIncident:65037,train
ITIncident:65042,train
ITIncident:65044,train
ITIncident:65047,train
ITIncident:65053,train
ITIncident:65059,train
ITIncident:65063,train
ITIncident:65068,train
ITIncident:65071,test
ITIncident:65074,test
ITIncident:65077,train
ITIncident:65082,test
ITIncident:65087,train
ITIncident:65093,train
ITIncident:65102,test
ITIncident:65105,train
ITIncident:65109,train
ITIncident:65118,train
ITIncident:65120,test
ITIncident:65122,train
ITIncident:65125,train
ITIncident:65128,train
ITIncident:65132,test
ITIncident:65135,train
ITIncident:65138,test
ITIncident:65143,train
ITIncident:65151,train
ITIncident:65160,train
ITIncident:65162,train
ITIncident:65167,train
ITIncident:65174,train
ITIncident:65177,train
ITIncident:65182,train
ITIncident:65185,train
ITIncident:65187,train
ITIncident:65191,train
ITIncident:65195,train
ITIncident:65203,train
ITIncident:65208,train
ITIncident:65212,train
ITIncident:65217,test
ITIncident:65221,train
ITIncident:65224,train
ITIncident:65232,test
ITIncident:65247,train
ITIncident:65251,train
ITIncident:65254,test
ITIncident:65257,train
ITIncident:65260,train
ITIncident:65264,train
ITIncident:65268,train
ITIncident:65272,train
ITIncident:65279,train
ITIncident:65282,test
ITIncident:65285,train
ITIncident:65289,test
ITIncident:65295,train
ITIncident:65301,train
ITIncident:65306,train
ITIncident:65313,train
ITIncident:65322,train
ITIncident:65330,train
ITIncident:65334,train
ITIncident:65348,test
ITIncident:65351,train
ITIncident:65357,test
ITIncident:65361,train
ITIncident:65364,train
ITIncident:65368,train
ITIncident:65371,train
ITIncident:65375,train
ITIncident:65378,train
ITIncident:65382,train
ITIncident:65396,train
ITIncident:65402,train
ITIncident:65408,train
ITIncident:65412,train
ITIncident:65416,train
ITIncident:65419,train
ITIncident:65428,train
ITIncident:65431,train
ITIncident:65436,train
ITIncident:65439,train
ITIncident:65443,train
ITIncident:65446,train
ITIncident:65450,test
ITIncident:65453,test
ITIncident:65456,train
ITIncident:65460,train
ITIncident:65467,train
ITIncident:65469,train
ITIncident:65473,test
ITIncident:65484,train
ITIncident:65487,train
ITIncident:65499,test
ITIncident:65502,train
ITIncident:65506,train
ITIncident:65514,train
ITIncident:65521,train
ITIncident:65524,test
ITIncident:65531,train
ITIncident:65534,train
ITIncident:65536,test
ITIncident:65539,train
ITIncident:65544,test
ITIncident:65548,test
ITIncident:65554,train
ITIncident:65558,train
ITIncident:65565,test
ITIncident:65569,train
ITIncident:65574,train
ITIncident:65578,train
ITIncident:65583,test
ITIncident:65586,train
ITIncident:65590,train
ITIncident:65605,train
ITIncident:65609,train
ITIncident:65613,train
ITIncident:65616,train
ITIncident:65619,train
ITIncident:65625,train
ITIncident:65629,train
ITIncident:65633,train
ITIncident:65635,train
ITIncident:65640,train
ITIncident:65643,train
ITIncident:65646,train
ITIncident:65649,test
ITIncident:65662,test
ITIncident:65666,test
ITIncident:65672,test
ITIncident:65676,train
ITIncident:65679,train
ITIncident:65683,train
ITIncident:65688,train
ITIncident:65694,train
ITIncident:65704,train
ITIncident:65708,train
ITIncident:65712,train
ITIncident:65714,train
ITIncident:65721,test
ITIncident:65725,train
ITIncident:65728,test
ITIncident:65731,train
ITIncident:65733,train
ITIncident:65747,train
ITIncident:65751,train
ITIncident:65756,train
ITIncident:65764,test
ITIncident:65767,train
ITIncident:65770,train
ITIncident:65773,test
ITIncident:65777,train
ITIncident:65788,train
ITIncident:65797,train
ITIncident:65806,test
ITIncident:65811,train
ITIncident:65815,train
ITIncident:65818,train
ITIncident:65839,train
ITIncident:65845,train
ITIncident:65850,train
ITIncident:65865,train
ITIncident:65869,train
ITIncident:65882,train
ITIncident:65887,train
ITIncident:65890,train
ITIncident:65896,test
ITIncident:65900,train
ITIncident:65903,test
ITIncident:65911,train
ITIncident:65913,train
ITIncident:65920,train
ITIncident:65922,train
ITIncident:65933,train
ITIncident:65939,train
ITIncident:65949,train
ITIncident:65953,test
ITIncident:65960,train
ITIncident:65968,train
ITIncident:65971,train
ITIncident:65973,train
ITIncident:65976,train
ITIncident:65981,train
ITIncident:65985,train
ITIncident:65990,train
ITIncident:65994,test
ITIncident:65999,test
ITIncident:66002,train
ITIncident:66016,train
ITIncident:66024,train
ITIncident:66032,train
ITIncident:66040,train
ITIncident:66043,train
ITIncident:66050,train
ITIncident:66056,train
ITIncident:66058,train
ITIncident:66061,train
ITIncident:66065,train
ITIncident:66071,train
ITIncident:66081,train
ITIncident:66088,train
ITIncident:66090,test
ITIncident:66093,train
ITIncident:66097,train
ITIncident:66105,train
ITIncident:66110,train
ITIncident:66114,train
ITIncident:66119,train
ITIncident:66124,train
ITIncident:66135,train
ITIncident:66138,train
ITIncident:66144,train
ITIncident:66147,train
ITIncident:66155,train
ITIncident:66159,test
ITIncident:66164,train
ITIncident:66167,test
ITIncident:66170,train
ITIncident:66177,train
ITIncident:66180,train
ITIncident:66183,train
ITIncident:66186,test
ITIncident:66188,test
ITIncident:66195,train
ITIncident:66198,train
ITIncident:66207,test
ITIncident:66212,train
ITIncident:66217,test
ITIncident:66220,train
ITIncident:66224,train
ITIncident:66228,train
ITIncident:66233,train
ITIncident:66245,train
ITIncident:66250,train
ITIncident:66257,train
ITIncident:66273,test
ITIncident:66277,train
ITIncident:66284,train
ITIncident:66288,test
ITIncident:66293,train
ITIncident:66300,test
ITIncident:66304,train
ITIncident:66307,train
ITIncident:66317,test
ITIncident:66320,test
ITIncident:66324,test
ITIncident:66327,train
ITIncident:66332,train
ITIncident:66339,train
ITIncident:66343,train
ITIncident:66351,train
ITIncident:66355,train
ITIncident:66358,train
ITIncident:66362,train
ITIncident:66365,train
ITIncident:66368,test
ITIncident:66380,test
ITIncident:66386,train
ITIncident:66390,train
ITIncident:66393,train
ITIncident:66401,train
ITIncident:66406,train
ITIncident:66408,train
ITIncident:66411,train
ITIncident:66418,train
ITIncident:66423,train
ITIncident:66430,train
ITIncident:66439,train
ITIncident:66446,train
ITIncident:66456,test
ITIncident:66459,train
ITIncident:66463,test
ITIncident:66466,train
ITIncident:66474,train
ITIncident:66479,train
ITIncident:66483,train
ITIncident:66490,train
ITIncident:66493,test
ITIncident:66496,train
ITIncident:66499,train
ITIncident:66508,train
ITIncident:66514,train
ITIncident:66526,test
ITIncident:66528,train
ITIncident:66531,train
ITIncident:66540,train
ITIncident:66550,train
ITIncident:66555,train
ITIncident:66564,train
ITIncident:66574,test
ITIncident:66577,test
ITIncident:66582,train
ITIncident:66585,train
ITIncident:66591,train
ITIncident:66597,train
ITIncident:66603,train
ITIncident:66609,train
ITIncident:66615,train
ITIncident:66619,test
ITIncident:66622,train
ITIncident:66629,test
ITIncident:66634,train
ITIncident:66640,train
ITIncident:66647,train
ITIncident:66655,test
ITIncident:66660,train
ITIncident:66665,train
ITIncident:66669,train
ITIncident:66672,test
ITIncident:66675,train
ITIncident:66677,train
ITIncident:66681,train
ITIncident:66683,train
ITIncident:66686,train
ITIncident:66695,train
ITIncident:66702,train
ITIncident:66705,train
ITIncident:66715,train
ITIncident:66717,train
ITIncident:66720,train
ITIncident:66724,train
ITIncident:66727,train
ITIncident:66730,train
ITIncident:66734,train
ITIncident:66737,train
ITIncident:66740,train
ITIncident:66745,train
ITIncident:66748,train
ITIncident:66751,train
ITIncident:66757,train
ITIncident:66763,train
ITIncident:66769,train
ITIncident:66774,train
ITIncident:66779,train
ITIncident:66785,train
ITIncident:66789,train
ITIncident:66794,train
ITIncident:66804,test
ITIncident:66807,train
ITIncident:66809,train
ITIncident:66816,train
ITIncident:66824,train
ITIncident:66832,train
ITIncident:66836,train
ITIncident:66840,test
ITIncident:66850,train
ITIncident:66855,train
ITIncident:66867,train
ITIncident:66871,train
ITIncident:66874,train
ITIncident:66881,train
ITIncident:66885,train
ITIncident:66888,train
ITIncident:66894,train
ITIncident:66901,train
ITIncident:66910,train
ITIncident:66914,test
ITIncident:66917,train
ITIncident:66920,train
ITIncident:66922,train
ITIncident:66925,train
ITIncident:66934,train
ITIncident:66954,test
ITIncident:66962,train
ITIncident:66965,train
ITIncident:66968,train
ITIncident:66971,train
ITIncident:66973,train
ITIncident:66986,train
ITIncident:66990,train
ITIncident:66998,test
ITIncident:67001,train
ITIncident:67005,train
ITIncident:67019,train
ITIncident:67033,train
ITIncident:67037,train
ITIncident:67043,train
ITIncident:67048,train
ITIncident:67051,train
ITIncident:67054,test
ITIncident:67057,train
ITIncident:67060,train
ITIncident:67062,train
ITIncident:67065,train
ITIncident:67069,train
ITIncident:67072,train
ITIncident:67076,train
ITIncident:67079,train
ITIncident:67082,test
ITIncident:67089,test
ITIncident:67092,train
ITIncident:67097,test
ITIncident:67101,test
ITIncident:67108,test
ITIncident:67115,train
ITIncident:67122,train
ITIncident:67126,train
ITIncident:67136,train
ITIncident:67142,train
ITIncident:67147,train
ITIncident:67152,train
ITIncident:67159,test
ITIncident:67171,train
ITIncident:67191,train
ITIncident:67193,train
ITIncident:67198,train
ITIncident:67201,train
ITIncident:67224,train
ITIncident:67235,train
ITIncident:67238,train
ITIncident:67240,train
ITIncident:67246,train
ITIncident:67250,train
ITIncident:67257,train
ITIncident:67260,train
ITIncident:67262,train
ITIncident:67265,train
ITIncident:67274,train
ITIncident:67276,train
ITIncident:67279,train
ITIncident:67282,train
ITIncident:67289,train
ITIncident:67292,train
ITIncident:67295,train
ITIncident:67297,train
ITIncident:67299,train
ITIncident:67307,train
ITIncident:67322,test
ITIncident:67326,test
ITIncident:67333,train
ITIncident:67343,train
ITIncident:67352,train
ITIncident:67354,train
ITIncident:67361,train
ITIncident:67364,train
ITIncident:67371,train
ITIncident:67374,train
ITIncident:67378,train
ITIncident:67384,train
ITIncident:67399,train
ITIncident:67413,train
ITIncident:67416,train
ITIncident:67419,train
ITIncident:67437,train
ITIncident:67446,train
ITIncident:67457,train
ITIncident:67462,train
ITIncident:67467,train
ITIncident:67470,train
ITIncident:67475,train
ITIncident:67478,train
ITIncident:67483,train
ITIncident:67486,train
ITIncident:67489,train
ITIncident:67494,train
ITIncident:67497,train
ITIncident:67500,train
ITIncident:67507,train
ITIncident:67511,train
ITIncident:67514,train
ITIncident:67517,train
ITIncident:67524,train
ITIncident:67528,test
ITIncident:67540,train
ITIncident:67551,test
ITIncident:67553,test
ITIncident:67560,train
ITIncident:67565,train
ITIncident:67570,train
ITIncident:67574,train
ITIncident:67577,train
ITIncident:67580,train
ITIncident:67583,test
ITIncident:67588,train
ITIncident:67593,train
ITIncident:67603,test
ITIncident:67606,train
ITIncident:67609,train
ITIncident:67612,train
ITIncident:67614,train
ITIncident:67617,train
ITIncident:67620,train
ITIncident:67624,train
ITIncident:67626,train
ITIncident:67629,test
ITIncident:67634,train
ITIncident:67639,train
ITIncident:67651,train
ITIncident:67654,train
ITIncident:67662,train
ITIncident:67666,train
ITIncident:67670,train
ITIncident:67673,train
ITIncident:67675,train
ITIncident:67678,train
ITIncident:67681,train
ITIncident:67688,test
ITIncident:67691,train
ITIncident:67701,train
ITIncident:67708,train
ITIncident:67715,test
ITIncident:67718,test
ITIncident:67724,train
ITIncident:67733,train
ITIncident:67737,train
ITIncident:67741,train
ITIncident:67744,train
ITIncident:67747,train
ITIncident:67753,train
ITIncident:67759,train
ITIncident:67761,train
ITIncident:67766,train
ITIncident:67770,train
ITIncident:67773,train
ITIncident:67776,train
ITIncident:67780,train
ITIncident:67783,train
ITIncident:67792,train
ITIncident:67797,train
ITIncident:67801,test
ITIncident:67807,train
ITIncident:67814,test
ITIncident:67823,train
ITIncident:67826,train
ITIncident:67833,test
ITIncident:67836,train
ITIncident:67839,train
ITIncident:67876,test
ITIncident:67882,train
ITIncident:67885,test
ITIncident:67889,train
ITIncident:67894,train
ITIncident:67899,train
ITIncident:67903,train
ITIncident:67909,test
ITIncident:67913,train
ITIncident:67924,train
ITIncident:67927,test
ITIncident:67929,train
ITIncident:67936,train
ITIncident:67940,test
ITIncident:67944,train
ITIncident:67949,train
ITIncident:67957,train
ITIncident:67959,train
ITIncident:67967,train
ITIncident:67970,train
ITIncident:67972,test
ITIncident:67978,test
ITIncident:67989,train
ITIncident:67996,test
ITIncident:67999,train
ITIncident:68004,train
ITIncident:68008,train
ITIncident:68011,train
ITIncident:68014,train
ITIncident:68019,train
ITIncident:68026,train
ITIncident:68033,train
ITIncident:68037,test
ITIncident:68046,train
ITIncident:68054,train
ITIncident:68063,train
ITIncident:68067,test
ITIncident:68073,train
ITIncident:68081,train
ITIncident:68086,train
ITIncident:68090,train
ITIncident:68093,train
ITIncident:68097,train
ITIncident:68100,train
ITIncident:68106,train
ITIncident:68111,train
ITIncident:68119,train
ITIncident:68122,train
ITIncident:68126,test
ITIncident:68134,train
ITIncident:68137,train
ITIncident:68141,train
ITIncident:68159,train
ITIncident:68163,train
ITIncident:68170,test
ITIncident:68173,train
ITIncident:68179,train
ITIncident:68186,train
ITIncident:68191,test
ITIncident:68201,test
ITIncident:68203,train
ITIncident:68210,train
ITIncident:68219,train
ITIncident:68231,train
ITIncident:68235,train
ITIncident:68238,test
ITIncident:68241,train
ITIncident:68244,test
ITIncident:68263,train
ITIncident:68274,train
ITIncident:68279,train
ITIncident:68288,train
ITIncident:68292,train
ITIncident:68298,train
ITIncident:68306,train
ITIncident:68313,test
ITIncident:68316,train
ITIncident:68323,train
ITIncident:68334,train
ITIncident:68337,train
ITIncident:68340,test
ITIncident:68343,train
ITIncident:68348,train
ITIncident:68352,test
ITIncident:68355,train
ITIncident:68360,test
ITIncident:68364,test
ITIncident:68373,train
ITIncident:68377,train
ITIncident:68382,train
ITIncident:68390,test
ITIncident:68392,train
ITIncident:68395,test
ITIncident:68398,train
ITIncident:68402,train
ITIncident:68404,train
ITIncident:68409,train
ITIncident:68425,train
ITIncident:68429,train
ITIncident:68433,train
ITIncident:68438,train
ITIncident:68442,train
ITIncident:68445,train
ITIncident:68456,train
ITIncident:68461,train
ITIncident:68470,train
ITIncident:68474,train
ITIncident:68503,train
ITIncident:68511,train
ITIncident:68514,train
ITIncident:68528,train
ITIncident:68533,train
ITIncident:68543,train
ITIncident:68559,train
ITIncident:68564,train
ITIncident:68571,train
ITIncident:68582,test
ITIncident:68593,train
ITIncident:68597,train
ITIncident:68601,train
ITIncident:68604,train
ITIncident:68608,train
ITIncident:68617,test
ITIncident:68619,train
ITIncident:68622,train
ITIncident:68625,train
ITIncident:68628,train
ITIncident:68633,train
ITIncident:68643,test
ITIncident:68646,train
ITIncident:68653,train
ITIncident:68659,train
ITIncident:68674,train
ITIncident:68677,train
ITIncident:68682,train
ITIncident:68687,train
ITIncident:68692,train
ITIncident:68696,train
ITIncident:68699,train
ITIncident:68703,train
ITIncident:68707,train
ITIncident:68719,train
ITIncident:68725,train
ITIncident:68730,test
ITIncident:68733,test
ITIncident:68737,train
ITIncident:68743,train
ITIncident:68748,test
ITIncident:68751,train
ITIncident:68756,train
ITIncident:68761,train
ITIncident:68765,train
ITIncident:68768,train
ITIncident:68771,train
ITIncident:68780,train
ITIncident:68787,train
ITIncident:68791,train
ITIncident:68794,train
ITIncident:68798,train
ITIncident:68806,train
ITIncident:68814,train
ITIncident:68820,train
ITIncident:68823,test
ITIncident:68827,train
ITIncident:68831,train
ITIncident:68833,train
ITIncident:68849,train
ITIncident:68853,train
ITIncident:68857,train
ITIncident:68862,train
ITIncident:68866,test
ITIncident:68874,train
ITIncident:68883,train
ITIncident:68894,train
ITIncident:68898,train
ITIncident:68903,test
ITIncident:68908,train
ITIncident:68915,train
ITIncident:68919,train
ITIncident:68925,train
ITIncident:68932,train
ITIncident:68937,train
ITIncident:68940,train
ITIncident:68945,train
ITIncident:68951,train
ITIncident:68967,test
ITIncident:68973,train
ITIncident:68976,train
ITIncident:68980,train
ITIncident:68988,train
ITIncident:68991,test
ITIncident:68995,train
ITIncident:69005,train
ITIncident:69010,train
ITIncident:69019,train
ITIncident:69026,train
ITIncident:69030,train
ITIncident:69035,train
ITIncident:69038,train
ITIncident:69047,train
ITIncident:69049,train
ITIncident:69052,train
ITIncident:69057,train
ITIncident:69060,train
ITIncident:69066,train
ITIncident:69069,train
ITIncident:69072,train
ITIncident:69082,train
ITIncident:69084,train
ITIncident:69087,train
ITIncident:69090,test
ITIncident:69097,train
ITIncident:69100,test
ITIncident:69104,train
ITIncident:69108,train
ITIncident:69110,train
ITIncident:69114,train
ITIncident:69119,train
ITIncident:69122,train
ITIncident:69125,train
ITIncident:69133,train
ITIncident:69137,train
ITIncident:69141,train
ITIncident:69150,train
ITIncident:69157,train
ITIncident:69169,train
ITIncident:69173,train
ITIncident:69176,train
ITIncident:69180,test
ITIncident:69183,train
ITIncident:69185,train
ITIncident:69188,train
ITIncident:69191,train
ITIncident:69194,train
ITIncident:69196,train
ITIncident:69201,train
ITIncident:69206,train
ITIncident:69220,train
ITIncident:69223,train
ITIncident:69226,train
ITIncident:69231,train
ITIncident:69238,train
ITIncident:69241,train
ITIncident:69245,test
ITIncident:69253,train
ITIncident:69259,train
ITIncident:69261,train
ITIncident:69264,train
ITIncident:69268,train
ITIncident:69272,train
ITIncident:69275,train
ITIncident:69279,test
ITIncident:69285,train
ITIncident:69303,train
ITIncident:69311,test
ITIncident:69315,train
ITIncident:69318,train
ITIncident:69323,test
ITIncident:69325,train
ITIncident:69330,train
ITIncident:69333,train
ITIncident:69337,train
ITIncident:69343,train
ITIncident:69349,test
ITIncident:69355,train
ITIncident:69358,train
ITIncident:69361,train
ITIncident:69364,train
ITIncident:69367,train
ITIncident:69372,test
ITIncident:69374,train
ITIncident:69379,train
ITIncident:69385,test
ITIncident:69392,train
ITIncident:69397,train
ITIncident:69404,train
ITIncident:69407,train
ITIncident:69415,train
ITIncident:69419,test
ITIncident:69426,train
ITIncident:69429,train
ITIncident:69433,train
ITIncident:69439,train
ITIncident:69442,train
ITIncident:69445,train
ITIncident:69454,train
ITIncident:69461,train
ITIncident:69469,train
ITIncident:69472,train
ITIncident:69476,train
ITIncident:69479,train
ITIncident:69484,train
ITIncident:69488,train
ITIncident:69492,train
ITIncident:69499,test
ITIncident:69508,train
ITIncident:69511,test
ITIncident:69516,train
ITIncident:69526,test
ITIncident:69532,test
ITIncident:69535,train
ITIncident:69539,test
ITIncident:69544,train
ITIncident:69547,test
ITIncident:69550,train
ITIncident:69557,train
ITIncident:69560,train
ITIncident:69563,train
ITIncident:69580,train
ITIncident:69583,train
ITIncident:69586,train
ITIncident:69589,train
ITIncident:69593,train
ITIncident:69597,train
ITIncident:69604,test
ITIncident:69609,test
ITIncident:69612,train
ITIncident:69617,train
ITIncident:69621,train
ITIncident:69625,train
ITIncident:69629,test
ITIncident:69635,test
ITIncident:69639,test
ITIncident:69646,train
ITIncident:69652,train
ITIncident:69655,train
ITIncident:69670,train
ITIncident:69673,train
ITIncident:69684,train
ITIncident:69689,train
ITIncident:69693,train
ITIncident:69696,train
ITIncident:69700,test
ITIncident:69704,train
ITIncident:69707,train
ITIncident:69711,test
ITIncident:69715,train
ITIncident:69717,test
ITIncident:69724,test
ITIncident:69733,train
ITIncident:69736,test
ITIncident:69740,test
ITIncident:69743,train
ITIncident:69753,train
ITIncident:69758,train
ITIncident:69766,train
ITIncident:69771,test
ITIncident:69775,test
ITIncident:69783,train
ITIncident:69787,train
ITIncident:69790,train
ITIncident:69805,test
ITIncident:69812,train
ITIncident:69821,train
ITIncident:69829,train
ITIncident:69833,test
ITIncident:69836,train
ITIncident:69838,train
ITIncident:69845,test
ITIncident:69849,train
ITIncident:69854,test
ITIncident:69859,train
ITIncident:69865,train
ITIncident:69869,train
ITIncident:69873,train
ITIncident:69882,train
ITIncident:69886,test
ITIncident:69893,train
ITIncident:69903,train
ITIncident:69908,train
ITIncident:69914,train
ITIncident:69921,test
ITIncident:69927,test
ITIncident:69932,train
ITIncident:69935,test
ITIncident:69937,train
ITIncident:69940,train
ITIncident:69948,train
ITIncident:69952,train
ITIncident:69955,train
ITIncident:69962,train
ITIncident:69982,train
ITIncident:69986,train
ITIncident:69992,train
ITIncident:70005,test
ITIncident:70009,test
ITIncident:70019,train
ITIncident:70023,train
ITIncident:70028,train
ITIncident:70035,test
ITIncident:70046,train
ITIncident:70049,train
ITIncident:70061,train
ITIncident:70065,train
ITIncident:70073,train
ITIncident:70077,train
ITIncident:70085,train
ITIncident:70088,test
ITIncident:70091,test
ITIncident:70099,train
ITIncident:70102,test
ITIncident:70110,train
ITIncident:70117,train
ITIncident:70122,train
ITIncident:70127,train
ITIncident:70130,train
ITIncident:70133,train
ITIncident:70137,train
ITIncident:70139,train
ITIncident:70141,train
ITIncident:70157,train
ITIncident:70161,train
ITIncident:70164,train
ITIncident:70167,train
ITIncident:70172,test
ITIncident:70176,train
ITIncident:70179,train
ITIncident:70187,train
ITIncident:70196,train
ITIncident:70201,train
ITIncident:70215,train
ITIncident:70218,train
ITIncident:70223,test
ITIncident:70227,train
ITIncident:70230,train
ITIncident:70233,train
ITIncident:70238,train
ITIncident:70241,train
ITIncident:70247,train
ITIncident:70253,train
ITIncident:70256,train
ITIncident:70268,train
ITIncident:70276,test
ITIncident:70283,test
ITIncident:70290,test
ITIncident:70298,train
ITIncident:70304,train
ITIncident:70308,train
ITIncident:70314,train
ITIncident:70318,train
ITIncident:70327,train
ITIncident:70331,train
ITIncident:70335,test
ITIncident:70340,train
ITIncident:70353,train
ITIncident:70362,test
ITIncident:70369,train
ITIncident:70374,train
ITIncident:70381,train
ITIncident:70392,train
ITIncident:70396,train
ITIncident:70399,train
ITIncident:70405,train
ITIncident:70409,train
ITIncident:70414,train
ITIncident:70422,train
ITIncident:70426,train
ITIncident:70435,test
ITIncident:70439,train
ITIncident:70444,test
ITIncident:70448,train
ITIncident:70451,train
ITIncident:70458,train
ITIncident:70462,train
ITIncident:70479,train
ITIncident:70484,train
ITIncident:70492,train
ITIncident:70499,train
ITIncident:70507,train
ITIncident:70511,train
ITIncident:70516,train
ITIncident:70520,train
ITIncident:70523,train
ITIncident:70526,train
ITIncident:70529,train
ITIncident:70534,train
ITIncident:70538,train
ITIncident:70548,train
ITIncident:70555,train
ITIncident:70560,test
ITIncident:70565,train
ITIncident:70573,train
ITIncident:70580,train
ITIncident:70585,test
ITIncident:70592,train
ITIncident:70597,train
ITIncident:70604,train
ITIncident:70615,test
ITIncident:70621,train
ITIncident:70626,train
ITIncident:70630,train
ITIncident:70635,train
ITIncident:70639,train
ITIncident:70643,train
ITIncident:70653,train
ITIncident:70657,test
ITIncident:70662,train
ITIncident:70671,train
ITIncident:70675,train
ITIncident:70677,train
ITIncident:70682,train
ITIncident:70688,train
ITIncident:70692,train
ITIncident:70695,train
ITIncident:70699,train
ITIncident:70707,train
ITIncident:70710,train
ITIncident:70713,train
ITIncident:70716,train
ITIncident:70725,test
ITIncident:70731,test
ITIncident:70740,train
ITIncident:70746,train
ITIncident:70768,train
ITIncident:70771,test
ITIncident:70779,test
ITIncident:70786,test
ITIncident:70793,train
ITIncident:70799,train
ITIncident:70802,train
ITIncident:70805,test
ITIncident:70812,test
ITIncident:70816,test
ITIncident:70824,train
ITIncident:70829,train
ITIncident:70838,train
ITIncident:70842,test
ITIncident:70846,train
ITIncident:70850,train
ITIncident:70854,train
ITIncident:70860,train
ITIncident:70863,train
ITIncident:70871,train
ITIncident:70878,train
ITIncident:70884,train
ITIncident:70889,train
ITIncident:70901,train
ITIncident:70904,train
ITIncident:70911,train
ITIncident:70925,train
ITIncident:70935,test
ITIncident:70942,train
ITIncident:70949,train
ITIncident:70955,train
ITIncident:70958,test
ITIncident:70968,train
ITIncident:70971,train
ITIncident:70976,train
ITIncident:70982,train
ITIncident:70985,test
ITIncident:70996,train
ITIncident:70999,train
ITIncident:71005,train
ITIncident:71009,train
ITIncident:71013,train
ITIncident:71021,train
ITIncident:71025,train
ITIncident:71035,train
ITIncident:71039,train
ITIncident:71046,train
ITIncident:71050,train
ITIncident:71054,train
ITIncident:71058,train
ITIncident:71064,test
ITIncident:71067,train
ITIncident:71070,train
ITIncident:71073,train
ITIncident:71076,train
ITIncident:71091,train
ITIncident:71095,train
ITIncident:71097,test
ITIncident:71103,test
ITIncident:71113,train
ITIncident:71117,test
ITIncident:71127,train
ITIncident:71130,train
ITIncident:71135,test
ITIncident:71140,test
ITIncident:71145,train
ITIncident:71148,train
ITIncident:71150,train
ITIncident:71153,train
ITIncident:71156,train
ITIncident:71167,train
ITIncident:71171,train
ITIncident:71179,train
ITIncident:71183,train
ITIncident:71186,test
ITIncident:71190,test
ITIncident:71193,train
ITIncident:71196,train
ITIncident:71205,train
ITIncident:71211,test
ITIncident:71215,train
ITIncident:71217,train
ITIncident:71219,train
ITIncident:71225,train
ITIncident:71227,train
ITIncident:71236,train
ITIncident:71239,train
ITIncident:71251,train
ITIncident:71254,test
ITIncident:71262,train
ITIncident:71271,train
ITIncident:71275,train
ITIncident:71294,train
ITIncident:71297,train
ITIncident:71300,test
ITIncident:71303,train
ITIncident:71307,train
ITIncident:71320,train
ITIncident:71323,test
ITIncident:71327,train
ITIncident:71329,train
ITIncident:71335,train
ITIncident:71338,train
ITIncident:71342,train
ITIncident:71348,test
ITIncident:71352,train
ITIncident:71355,train
ITIncident:71360,train
ITIncident:71371,train
ITIncident:71376,train
ITIncident:71393,train
ITIncident:71398,train
ITIncident:71400,train
ITIncident:71408,train
ITIncident:71413,train
ITIncident:71417,train
ITIncident:71423,test
ITIncident:71431,train
ITIncident:71435,train
ITIncident:71437,train
ITIncident:71441,train
ITIncident:71450,train
ITIncident:71454,test
ITIncident:71458,train
ITIncident:71464,train
ITIncident:71467,test
ITIncident:71470,train
ITIncident:71475,train
ITIncident:71478,train
ITIncident:71480,train
ITIncident:71488,train
ITIncident:71492,train
ITIncident:71495,train
ITIncident:71499,test
ITIncident:71504,test
ITIncident:71516,train
ITIncident:71519,train
ITIncident:71525,train
ITIncident:71529,train
ITIncident:71532,train
ITIncident:71535,train
ITIncident:71543,test
ITIncident:71547,train
ITIncident:71553,train
ITIncident:71555,train
ITIncident:71562,train
ITIncident:71564,train
ITIncident:71569,test
ITIncident:71573,train
ITIncident:71576,train
ITIncident:71580,train
ITIncident:71591,train
ITIncident:71594,train
ITIncident:71601,train
ITIncident:71610,train
ITIncident:71618,train
ITIncident:71629,train
ITIncident:71633,train
ITIncident:71641,test
ITIncident:71649,train
ITIncident:71653,test
ITIncident:71666,test
ITIncident:71672,train
ITIncident:71675,train
ITIncident:71680,test
ITIncident:71684,train
ITIncident:71687,train
ITIncident:71693,train
ITIncident:71700,train
ITIncident:71706,train
ITIncident:71715,test
ITIncident:71718,train
ITIncident:71723,test
ITIncident:71729,train
ITIncident:71736,train
ITIncident:71743,train
ITIncident:71752,train
ITIncident:71758,train
ITIncident:71770,test
ITIncident:71779,train
ITIncident:71784,train
ITIncident:71787,train
ITIncident:71789,train
ITIncident:71792,train
ITIncident:71795,train
ITIncident:71798,train
ITIncident:71802,test
ITIncident:71805,train
ITIncident:71808,train
ITIncident:71814,train
ITIncident:71817,train
ITIncident:71828,train
ITIncident:71832,train
ITIncident:71837,test
ITIncident:71840,train
ITIncident:71845,train
ITIncident:71847,train
ITIncident:71852,train
ITIncident:71854,train
ITIncident:71858,train
ITIncident:71866,train
ITIncident:71872,train
ITIncident:71880,train
ITIncident:71883,train
ITIncident:71888,test
ITIncident:71892,train
ITIncident:71895,train
ITIncident:71907,test
ITIncident:71917,train
ITIncident:71921,train
ITIncident:71925,train
ITIncident:71942,test
ITIncident:71945,train
ITIncident:71951,test
ITIncident:71958,test
ITIncident:71961,train
ITIncident:71964,train
ITIncident:71967,train
ITIncident:71971,train
ITIncident:71976,train
ITIncident:71978,train
ITIncident:71985,train
ITIncident:71992,train
ITIncident:71996,test
ITIncident:72002,train
ITIncident:72005,train
ITIncident:72008,train
ITIncident:72011,test
ITIncident:72015,train
ITIncident:72034,train
ITIncident:72041,train
ITIncident:72051,train
ITIncident:72053,train
ITIncident:72055,train
ITIncident:72058,train
ITIncident:72060,train
ITIncident:72072,train
ITIncident:72078,train
ITIncident:72082,train
ITIncident:72087,train
ITIncident:72098,train
ITIncident:72102,train
ITIncident:72108,train
ITIncident:72111,train
ITIncident:72118,train
ITIncident:72126,test
ITIncident:72132,train
ITIncident:72135,train
ITIncident:72138,train
ITIncident:72145,train
ITIncident:72151,train
ITIncident:72158,train
ITIncident:72169,train
ITIncident:72173,train
ITIncident:72177,test
ITIncident:72186,train
ITIncident:72188,train
ITIncident:72192,train
ITIncident:72194,train
ITIncident:72199,train
ITIncident:72203,train
ITIncident:72215,train
ITIncident:72227,train
ITIncident:72231,train
ITIncident:72238,train
ITIncident:72247,train
ITIncident:72250,train
ITIncident:72254,train
ITIncident:72257,test
ITIncident:72260,train
ITIncident:72268,train
ITIncident:72271,train
ITIncident:72275,train
ITIncident:72279,train
ITIncident:72290,test
ITIncident:72293,train
ITIncident:72297,train
ITIncident:72301,test
ITIncident:72310,test
ITIncident:72314,train
ITIncident:72319,train
ITIncident:72322,train
ITIncident:72326,train
ITIncident:72329,test
ITIncident:72332,train
ITIncident:72337,test
ITIncident:72345,train
ITIncident:72352,train
ITIncident:72360,train
ITIncident:72365,train
ITIncident:72369,train
ITIncident:72372,test
ITIncident:72377,train
ITIncident:72380,train
ITIncident:72384,train
ITIncident:72393,train
ITIncident:72396,train
ITIncident:72401,train
ITIncident:72406,test
ITIncident:72410,train
ITIncident:72414,train
ITIncident:72417,train
ITIncident:72423,train
ITIncident:72426,train
ITIncident:72432,test
ITIncident:72434,train
ITIncident:72437,test
ITIncident:72444,train
ITIncident:72448,train
ITIncident:72455,train
ITIncident:72470,train
ITIncident:72477,train
ITIncident:72481,train
ITIncident:72484,train
ITIncident:72488,train
ITIncident:72499,test
ITIncident:72505,train
ITIncident:72508,train
ITIncident:72511,train
ITIncident:72521,test
ITIncident:72525,test
ITIncident:72534,test
ITIncident:72537,train
ITIncident:72541,test
ITIncident:72546,train
ITIncident:72549,train
ITIncident:72551,train
ITIncident:72560,train
ITIncident:72565,test
ITIncident:72569,train
ITIncident:72583,train
ITIncident:72586,train
ITIncident:72590,train
ITIncident:72593,train
ITIncident:72596,train
ITIncident:72604,train
ITIncident:72610,test
ITIncident:72617,train
ITIncident:72620,train
ITIncident:72629,train
ITIncident:72632,train
ITIncident:72638,train
ITIncident:72641,train
ITIncident:72645,train
ITIncident:72652,test
ITIncident:72657,train
ITIncident:72661,test
ITIncident:72665,train
ITIncident:72675,train
ITIncident:72682,train
ITIncident:72687,test
ITIncident:72690,train
ITIncident:72699,train
ITIncident:72705,train
ITIncident:72709,train
ITIncident:72715,train
ITIncident:72723,test
ITIncident:72732,test
ITIncident:72736,train
ITIncident:72741,train
ITIncident:72749,train
ITIncident:72752,train
ITIncident:72755,test
ITIncident:72758,test
ITIncident:72765,train
ITIncident:72769,train
ITIncident:72772,test
ITIncident:72774,train
ITIncident:72778,train
ITIncident:72786,train
ITIncident:72791,train
ITIncident:72796,train
ITIncident:72801,train
ITIncident:72807,train
ITIncident:72813,test
ITIncident:72820,train
ITIncident:72825,test
ITIncident:72832,train
ITIncident:72836,train
ITIncident:72839,train
ITIncident:72851,train
ITIncident:72855,train
ITIncident:72861,train
ITIncident:72865,train
ITIncident:72872,train
ITIncident:72875,train
ITIncident:72878,train
ITIncident:72882,train
ITIncident:72886,train
ITIncident:72896,test
ITIncident:72901,train
ITIncident:72904,train
ITIncident:72912,train
ITIncident:72915,test
ITIncident:72923,test
ITIncident:72932,train
ITIncident:72937,train
ITIncident:72942,train
ITIncident:72946,train
ITIncident:72949,test
ITIncident:72960,test
ITIncident:72969,train
ITIncident:72976,train
ITIncident:72979,test
ITIncident:72983,train
ITIncident:72988,train
ITIncident:72993,train
ITIncident:72997,test
ITIncident:73001,train
ITIncident:73006,test
ITIncident:73009,train
ITIncident:73024,train
ITIncident:73029,train
ITIncident:73035,train
ITIncident:73045,train
ITIncident:73049,train
ITIncident:73053,test
ITIncident:73055,train
ITIncident:73058,train
ITIncident:73065,train
ITIncident:73069,train
ITIncident:73071,train
ITIncident:73073,train
ITIncident:73079,train
ITIncident:73081,train
ITIncident:73084,train
ITIncident:73087,train
ITIncident:73096,train
ITIncident:73101,train
ITIncident:73104,test
ITIncident:73108,train
ITIncident:73111,train
ITIncident:73114,train
ITIncident:73117,train
ITIncident:73127,train
ITIncident:73134,train
ITIncident:73140,train
ITIncident:73143,train
ITIncident:73152,train
ITIncident:73155,train
ITIncident:73158,train
ITIncident:73161,train
ITIncident:73174,train
ITIncident:73182,train
ITIncident:73185,test
ITIncident:73194,train
ITIncident:73199,train
ITIncident:73202,train
ITIncident:73210,test
ITIncident:73213,test
ITIncident:73220,train
ITIncident:73223,train
ITIncident:73237,train
ITIncident:73247,train
ITIncident:73251,train
ITIncident:73261,train
ITIncident:73267,train
ITIncident:73270,train
ITIncident:73273,train
ITIncident:73280,train
ITIncident:73283,train
ITIncident:73286,train
ITIncident:73289,train
ITIncident:73292,train
ITIncident:73300,train
ITIncident:73308,train
ITIncident:73313,train
ITIncident:73318,train
ITIncident:73321,test
ITIncident:73324,train
ITIncident:73327,test
ITIncident:73330,train
ITIncident:73333,train
ITIncident:73344,train
ITIncident:73348,train
ITIncident:73352,test
ITIncident:73358,train
ITIncident:73362,train
ITIncident:73370,test
ITIncident:73380,train
ITIncident:73393,train
ITIncident:73396,train
ITIncident:73399,train
ITIncident:73402,train
ITIncident:73405,train
ITIncident:73408,train
ITIncident:73411,train
ITIncident:73414,train
ITIncident:73419,train
ITIncident:73426,test
ITIncident:73430,train
ITIncident:73439,train
ITIncident:73443,train
ITIncident:73446,test
ITIncident:73451,test
ITIncident:73467,train
ITIncident:73473,train
ITIncident:73476,test
ITIncident:73480,train
ITIncident:73486,train
ITIncident:73489,train
ITIncident:73491,train
ITIncident:73497,train
ITIncident:73501,train
ITIncident:73507,train
ITIncident:73513,train
ITIncident:73516,train
ITIncident:73523,train
ITIncident:73541,train
ITIncident:73547,train
ITIncident:73550,train
ITIncident:73553,train
ITIncident:73559,train
ITIncident:73564,train
ITIncident:73570,train
ITIncident:73573,train
ITIncident:73582,train
ITIncident:73585,test
ITIncident:73589,test
ITIncident:73593,train
ITIncident:73599,train
ITIncident:73602,train
ITIncident:73605,train
ITIncident:73608,test
ITIncident:73611,train
ITIncident:73618,test
ITIncident:73625,train
ITIncident:73632,train
ITIncident:73638,train
ITIncident:73641,train
ITIncident:73647,train
ITIncident:73650,train
ITIncident:73655,test
ITIncident:73657,train
ITIncident:73666,train
ITIncident:73671,train
ITIncident:73681,train
ITIncident:73686,train
ITIncident:73691,train
ITIncident:73701,train
ITIncident:73711,test
ITIncident:73714,train
ITIncident:73717,train
ITIncident:73723,train
ITIncident:73731,train
ITIncident:73734,train
ITIncident:73739,train
ITIncident:73742,train
ITIncident:73760,train
ITIncident:73765,train
ITIncident:73768,test
ITIncident:73771,test
ITIncident:73780,test
ITIncident:73783,train
ITIncident:73788,train
ITIncident:73796,train
ITIncident:73798,train
ITIncident:73800,train
ITIncident:73803,train
ITIncident:73807,train
ITIncident:73810,train
ITIncident:73819,train
ITIncident:73821,train
ITIncident:73831,train
ITIncident:73834,train
ITIncident:73836,train
ITIncident:73843,train
ITIncident:73850,train
ITIncident:73853,train
ITIncident:73856,train
ITIncident:73861,train
ITIncident:73867,test
ITIncident:73872,test
ITIncident:73877,train
ITIncident:73879,test
ITIncident:73883,train
ITIncident:73886,train
ITIncident:73901,train
ITIncident:73904,train
ITIncident:73912,train
ITIncident:73915,train
ITIncident:73922,train
ITIncident:73924,test
ITIncident:73927,train
ITIncident:73929,train
ITIncident:73940,test
ITIncident:73946,test
ITIncident:73948,train
ITIncident:73954,test
ITIncident:73959,train
ITIncident:73971,train
ITIncident:73975,train
ITIncident:73978,train
ITIncident:73982,train
ITIncident:73992,train
ITIncident:73995,test
ITIncident:74000,train
ITIncident:74006,train
ITIncident:74009,train
ITIncident:74013,train
ITIncident:74017,train
ITIncident:74022,train
ITIncident:74027,test
ITIncident:74032,train
ITIncident:74035,train
ITIncident:74038,train
ITIncident:74040,train
ITIncident:74043,train
ITIncident:74050,train
ITIncident:74057,test
ITIncident:74061,train
ITIncident:74063,train
ITIncident:74066,train
ITIncident:74071,train
ITIncident:74078,train
ITIncident:74081,train
ITIncident:74083,train
ITIncident:74096,train
ITIncident:74099,train
ITIncident:74102,train
ITIncident:74108,test
ITIncident:74121,train
ITIncident:74124,test
ITIncident:74128,train
ITIncident:74136,test
ITIncident:74139,train
ITIncident:74142,train
ITIncident:74151,train
ITIncident:74159,train
ITIncident:74162,train
ITIncident:74169,train
ITIncident:74175,test
ITIncident:74177,train
ITIncident:74182,test
ITIncident:74186,train
ITIncident:74189,train
ITIncident:74192,train
ITIncident:74196,test
ITIncident:74199,train
ITIncident:74208,train
ITIncident:74210,test
ITIncident:74213,train
ITIncident:74227,train
ITIncident:74230,train
ITIncident:74237,train
ITIncident:74240,test
ITIncident:74243,train
ITIncident:74255,train
ITIncident:74258,train
ITIncident:74262,train
ITIncident:74265,test
ITIncident:74273,train
ITIncident:74276,train
ITIncident:74281,train
ITIncident:74290,train
ITIncident:74295,train
ITIncident:74299,train
ITIncident:74302,test
ITIncident:74312,train
ITIncident:74315,train
ITIncident:74318,train
ITIncident:74324,test
ITIncident:74332,test
ITIncident:74335,train
ITIncident:74346,train
ITIncident:74352,test
ITIncident:74358,train
ITIncident:74363,train
ITIncident:74366,train
ITIncident:74370,train
ITIncident:74375,train
ITIncident:74381,train
ITIncident:74386,train
ITIncident:74392,test
ITIncident:74395,train
ITIncident:74400,train
ITIncident:74404,test
ITIncident:74406,test
ITIncident:74410,train
ITIncident:74414,train
ITIncident:74422,train
ITIncident:74427,train
ITIncident:74430,train
ITIncident:74436,train
ITIncident:74440,train
ITIncident:74443,train
ITIncident:74446,train
ITIncident:74449,train
ITIncident:74458,train
ITIncident:74462,train
ITIncident:74466,train
ITIncident:74469,train
ITIncident:74473,train
ITIncident:74481,train
ITIncident:74486,train
ITIncident:74492,test
ITIncident:74498,train
ITIncident:74500,train
ITIncident:74507,train
ITIncident:74515,train
ITIncident:74520,train
ITIncident:74531,train
ITIncident:74533,train
ITIncident:74551,train
ITIncident:74556,train
ITIncident:74559,train
ITIncident:74562,train
ITIncident:74567,test
ITIncident:74571,train
ITIncident:74576,test
ITIncident:74579,train
ITIncident:74582,train
ITIncident:74586,train
ITIncident:74592,train
ITIncident:74595,train
ITIncident:74598,train
ITIncident:74602,train
ITIncident:74612,train
ITIncident:74618,test
ITIncident:74623,train
ITIncident:74627,test
ITIncident:74630,test
ITIncident:74635,test
ITIncident:74640,train
ITIncident:74647,train
ITIncident:74659,train
ITIncident:74667,train
ITIncident:74670,test
ITIncident:74676,train
ITIncident:74681,train
ITIncident:74688,test
ITIncident:74692,train
ITIncident:74698,train
ITIncident:74704,train
ITIncident:74713,test
ITIncident:74716,test
ITIncident:74719,test
ITIncident:74727,train
ITIncident:74738,test
ITIncident:74748,train
ITIncident:74751,train
ITIncident:74757,train
ITIncident:74760,test
ITIncident:74764,train
ITIncident:74768,train
ITIncident:74780,train
ITIncident:74785,train
ITIncident:74788,train
ITIncident:74795,train
ITIncident:74798,train
ITIncident:74802,test
ITIncident:74808,train
ITIncident:74814,train
ITIncident:74820,train
ITIncident:74825,test
ITIncident:74833,train
ITIncident:74848,train
ITIncident:74854,train
ITIncident:74857,train
ITIncident:74863,train
ITIncident:74870,train
ITIncident:74873,train
ITIncident:74878,train
ITIncident:74886,train
ITIncident:74891,train
ITIncident:74894,train
ITIncident:74899,train
ITIncident:74901,train
ITIncident:74904,test
ITIncident:74910,test
ITIncident:74917,train
ITIncident:74920,train
ITIncident:74928,test
ITIncident:74936,test
ITIncident:74940,train
ITIncident:74948,train
ITIncident:74951,train
ITIncident:74959,train
ITIncident:74962,train
ITIncident:74971,test
ITIncident:74974,train
ITIncident:74980,train
ITIncident:74988,train
ITIncident:75001,train
ITIncident:75004,train
ITIncident:75008,train
ITIncident:75013,train
ITIncident:75016,train
ITIncident:75020,train
ITIncident:75024,train
ITIncident:75028,train
ITIncident:75030,train
ITIncident:75036,train
ITIncident:75040,train
ITIncident:75046,test
ITIncident:75049,test
ITIncident:75054,train
ITIncident:75063,train
ITIncident:75066,train
ITIncident:75069,train
ITIncident:75073,train
ITIncident:75075,train
ITIncident:75082,train
ITIncident:75085,train
ITIncident:75088,train
ITIncident:75096,train
ITIncident:75100,train
ITIncident:75105,train
ITIncident:75108,train
ITIncident:75114,train
ITIncident:75127,train
ITIncident:75132,train
ITIncident:75145,train
ITIncident:75152,test
ITIncident:75165,train
ITIncident:75171,train
ITIncident:75183,train
ITIncident:75187,train
ITIncident:75197,train
ITIncident:75206,train
ITIncident:75210,train
ITIncident:75214,train
ITIncident:75219,train
ITIncident:75225,train
ITIncident:75232,train
ITIncident:75243,train
ITIncident:75248,train
ITIncident:75252,train
ITIncident:75256,train
ITIncident:75259,train
ITIncident:75263,train
ITIncident:75267,train
ITIncident:75279,train
ITIncident:75287,train
ITIncident:75290,train
ITIncident:75292,train
ITIncident:75296,train
ITIncident:75313,test
ITIncident:75317,train
ITIncident:75322,test
ITIncident:75329,train
ITIncident:75333,train
ITIncident:75336,train
ITIncident:75340,train
ITIncident:75343,train
ITIncident:75347,train
ITIncident:75352,test
ITIncident:75354,test
ITIncident:75358,train
ITIncident:75361,test
ITIncident:75366,train
ITIncident:75369,train
ITIncident:75374,train
ITIncident:75382,train
ITIncident:75388,train
ITIncident:75392,train
ITIncident:75396,train
ITIncident:75413,train
ITIncident:75416,train
ITIncident:75426,train
ITIncident:75430,train
ITIncident:75435,train
ITIncident:75438,train
ITIncident:75450,train
ITIncident:75453,train
ITIncident:75456,test
ITIncident:75460,train
ITIncident:75464,train
ITIncident:75468,test
ITIncident:75474,train
ITIncident:75485,train
ITIncident:75491,train
ITIncident:75495,train
ITIncident:75506,train
ITIncident:75520,train
ITIncident:75524,train
ITIncident:75536,train
ITIncident:75540,test
ITIncident:75543,test
ITIncident:75547,train
ITIncident:75551,train
ITIncident:75556,train
ITIncident:75561,train
ITIncident:75564,train
ITIncident:75570,train
ITIncident:75573,train
ITIncident:75578,train
ITIncident:75586,train
ITIncident:75588,train
ITIncident:75592,test
ITIncident:75596,train
ITIncident:75599,train
ITIncident:75606,train
ITIncident:75608,test
ITIncident:75613,train
ITIncident:75632,train
ITIncident:75635,train
ITIncident:75639,train
ITIncident:75643,train
ITIncident:75647,train
ITIncident:75651,train
ITIncident:75658,train
ITIncident:75662,train
ITIncident:75668,train
ITIncident:75672,train
ITIncident:75682,train
ITIncident:75686,test
ITIncident:75689,train
ITIncident:75693,test
ITIncident:75698,train
ITIncident:75706,train
ITIncident:75711,train
ITIncident:75715,train
ITIncident:75720,train
ITIncident:75725,test
ITIncident:75731,train
ITIncident:75738,train
ITIncident:75750,train
ITIncident:75753,test
ITIncident:75758,train
ITIncident:75766,train
ITIncident:75769,train
ITIncident:75772,train
ITIncident:75781,train
ITIncident:75789,test
ITIncident:75792,train
ITIncident:75794,train
ITIncident:75797,train
ITIncident:75799,train
ITIncident:75802,train
ITIncident:75806,train
ITIncident:75813,train
ITIncident:75816,train
ITIncident:75819,train
ITIncident:75824,train
ITIncident:75828,train
ITIncident:75830,train
ITIncident:75835,train
ITIncident:75846,test
ITIncident:75852,test
ITIncident:75860,test
ITIncident:75862,train
ITIncident:75867,train
ITIncident:75870,train
ITIncident:75872,test
ITIncident:75880,train
ITIncident:75884,test
ITIncident:75889,train
ITIncident:75892,test
ITIncident:75896,train
ITIncident:75901,test
ITIncident:75904,train
ITIncident:75907,train
ITIncident:75911,train
ITIncident:75914,train
ITIncident:75919,test
ITIncident:75922,train
ITIncident:75927,train
ITIncident:75932,train
ITIncident:75942,test
ITIncident:75945,train
ITIncident:75957,train
ITIncident:75960,train
ITIncident:75966,test
ITIncident:75970,train
ITIncident:75977,test
ITIncident:75980,train
ITIncident:75987,train
ITIncident:75997,train
ITIncident:76001,test
ITIncident:76005,train
ITIncident:76008,train
ITIncident:76012,train
ITIncident:76016,train
ITIncident:76021,test
ITIncident:76024,train
ITIncident:76030,train
ITIncident:76039,train
ITIncident:76047,train
ITIncident:76051,train
ITIncident:76058,train
ITIncident:76061,train
ITIncident:76064,train
ITIncident:76075,train
ITIncident:76078,train
ITIncident:76086,train
ITIncident:76089,train
ITIncident:76092,train
ITIncident:76095,test
ITIncident:76101,test
ITIncident:76105,train
ITIncident:76108,train
ITIncident:76113,train
ITIncident:76119,train
ITIncident:76124,train
ITIncident:76129,train
ITIncident:76133,train
ITIncident:76137,train
ITIncident:76148,train
ITIncident:76157,train
ITIncident:76160,train
ITIncident:76169,train
ITIncident:76174,test
ITIncident:76179,train
ITIncident:76189,train
ITIncident:76191,test
ITIncident:76194,train
ITIncident:76198,test
ITIncident:76203,train
ITIncident:76210,train
ITIncident:76213,train
ITIncident:76217,train
ITIncident:76220,train
ITIncident:76223,train
ITIncident:76230,train
ITIncident:76233,test
ITIncident:76237,train
ITIncident:76249,train
ITIncident:76254,train
ITIncident:76263,train
ITIncident:76266,train
ITIncident:76269,train
ITIncident:76272,test
ITIncident:76275,train
ITIncident:76281,train
ITIncident:76286,train
ITIncident:76289,test
ITIncident:76294,train
ITIncident:76297,test
ITIncident:76301,train
ITIncident:76304,train
ITIncident:76312,test
ITIncident:76315,train
ITIncident:76318,train
ITIncident:76322,train
ITIncident:76325,test
ITIncident:76338,train
ITIncident:76341,test
ITIncident:76347,train
ITIncident:76357,train
ITIncident:76361,train
ITIncident:76368,train
ITIncident:76384,train
ITIncident:76387,train
ITIncident:76394,train
ITIncident:76399,train
ITIncident:76402,train
ITIncident:76408,train
ITIncident:76414,train
ITIncident:76417,train
ITIncident:76434,train
ITIncident:76439,train
ITIncident:76443,train
ITIncident:76449,train
ITIncident:76452,train
ITIncident:76460,train
ITIncident:76465,train
ITIncident:76468,train
ITIncident:76472,test
ITIncident:76477,test
ITIncident:76483,train
ITIncident:76488,train
ITIncident:76491,train
ITIncident:76498,train
ITIncident:76506,train
ITIncident:76514,test
ITIncident:76516,train
ITIncident:76518,train
ITIncident:76528,train
ITIncident:76533,train
ITIncident:76536,train
ITIncident:76539,train
ITIncident:76541,train
ITIncident:76544,train
ITIncident:76548,test
ITIncident:76551,train
ITIncident:76554,train
ITIncident:76556,train
ITIncident:76567,train
ITIncident:76574,train
ITIncident:76577,train
ITIncident:76583,train
ITIncident:76588,train
ITIncident:76591,train
ITIncident:76595,train
ITIncident:76604,train
ITIncident:76610,train
ITIncident:76615,train
ITIncident:76618,train
ITIncident:76643,train
ITIncident:76646,train
ITIncident:76657,test
ITIncident:76662,train
ITIncident:76669,test
ITIncident:76674,train
ITIncident:76678,train
ITIncident:76685,train
ITIncident:76689,test
ITIncident:76692,train
ITIncident:76696,train
ITIncident:76713,train
ITIncident:76717,train
ITIncident:76720,test
ITIncident:76723,train
ITIncident:76736,train
ITIncident:76740,train
ITIncident:76743,test
ITIncident:76746,train
ITIncident:76749,train
ITIncident:76753,train
ITIncident:76764,train
ITIncident:76767,train
ITIncident:76770,train
ITIncident:76777,test
ITIncident:76790,train
ITIncident:76795,train
ITIncident:76798,train
ITIncident:76801,train
ITIncident:76805,test
ITIncident:76808,train
ITIncident:76813,test
ITIncident:76821,train
ITIncident:76824,train
ITIncident:76835,train
ITIncident:76838,train
ITIncident:76842,train
ITIncident:76847,train
ITIncident:76851,train
ITIncident:76854,test
ITIncident:76857,train
ITIncident:76864,train
ITIncident:76868,test
ITIncident:76874,test
ITIncident:76881,train
ITIncident:76885,train
ITIncident:76892,train
ITIncident:76895,train
ITIncident:76913,train
ITIncident:76916,train
ITIncident:76921,train
ITIncident:76928,test
ITIncident:76932,train
ITIncident:76935,test
ITIncident:76938,train
ITIncident:76941,train
ITIncident:76953,train
ITIncident:76959,train
ITIncident:76962,train
ITIncident:76969,train
ITIncident:76974,train
ITIncident:76978,test
ITIncident:76981,train
ITIncident:76983,train
ITIncident:76987,train
ITIncident:76990,train
ITIncident:76995,test
ITIncident:76997,train
ITIncident:77007,test
ITIncident:77010,train
ITIncident:77014,train
ITIncident:77017,test
ITIncident:77021,train
ITIncident:77033,test
ITIncident:77040,test
ITIncident:77043,train
ITIncident:77045,train
ITIncident:77057,train
ITIncident:77060,test
ITIncident:77062,train
ITIncident:77064,train
ITIncident:77069,train
ITIncident:77071,train
ITIncident:77077,train
ITIncident:77083,test
ITIncident:77094,train
ITIncident:77097,test
ITIncident:77103,train
ITIncident:77105,train
ITIncident:77111,train
ITIncident:77115,train
ITIncident:77127,test
ITIncident:77129,train
ITIncident:77137,train
ITIncident:77143,train
ITIncident:77149,train
ITIncident:77152,train
ITIncident:77157,train
ITIncident:77160,train
ITIncident:77163,train
ITIncident:77167,train
ITIncident:77170,train
ITIncident:77173,test
ITIncident:77183,train
ITIncident:77186,train
ITIncident:77198,test
ITIncident:77202,train
ITIncident:77205,test
ITIncident:77220,train
ITIncident:77225,train
ITIncident:77227,test
ITIncident:77232,train
ITIncident:77240,train
ITIncident:77249,train
ITIncident:77252,train
ITIncident:77265,train
ITIncident:77268,train
ITIncident:77271,train
ITIncident:77273,train
ITIncident:77275,train
ITIncident:77282,train
ITIncident:77284,train
ITIncident:77287,train
ITIncident:77290,train
ITIncident:77299,train
ITIncident:77304,test
ITIncident:77307,train
ITIncident:77311,train
ITIncident:77313,train
ITIncident:77316,train
ITIncident:77319,train
ITIncident:77321,train
ITIncident:77324,train
ITIncident:77338,train
ITIncident:77341,train
ITIncident:77352,train
ITIncident:77364,train
ITIncident:77366,train
ITIncident:77374,train
ITIncident:77378,train
ITIncident:77381,train
ITIncident:77386,train
ITIncident:77389,train
ITIncident:77393,train
ITIncident:77396,test
ITIncident:77402,test
ITIncident:77417,train
ITIncident:77420,train
ITIncident:77426,train
ITIncident:77429,train
ITIncident:77432,train
ITIncident:77437,train
ITIncident:77446,train
ITIncident:77452,train
ITIncident:77455,train
ITIncident:77458,train
ITIncident:77468,test
ITIncident:77474,train
ITIncident:77482,train
ITIncident:77491,train
ITIncident:77495,train
ITIncident:77498,train
ITIncident:77501,train
ITIncident:77504,test
ITIncident:77508,train
ITIncident:77511,test
ITIncident:77514,train
ITIncident:77517,test
ITIncident:77521,train
ITIncident:77525,train
ITIncident:77528,train
ITIncident:77531,train
ITIncident:77535,train
ITIncident:77538,test
ITIncident:77544,train
ITIncident:77548,train
ITIncident:77554,train
ITIncident:77558,train
ITIncident:77562,train
ITIncident:77565,test
ITIncident:77569,train
ITIncident:77572,train
ITIncident:77575,train
ITIncident:77578,train
ITIncident:77581,train
ITIncident:77584,train
ITIncident:77587,train
ITIncident:77600,train
ITIncident:77603,train
ITIncident:77606,train
ITIncident:77615,test
ITIncident:77618,test
ITIncident:77621,test
ITIncident:77624,test
ITIncident:77627,test
ITIncident:77631,train
ITIncident:77634,test
ITIncident:77637,test
ITIncident:77640,train
ITIncident:77647,train
ITIncident:77652,train
ITIncident:77658,test
ITIncident:77664,test
ITIncident:77674,train
ITIncident:77676,test
ITIncident:77690,train
ITIncident:77695,train
ITIncident:77699,train
ITIncident:77702,test
ITIncident:77705,train
ITIncident:77709,train
ITIncident:77714,train
ITIncident:77720,train
ITIncident:77725,train
ITIncident:77731,train
ITIncident:77733,train
ITIncident:77742,train
ITIncident:77751,train
ITIncident:77755,train
ITIncident:77758,train
ITIncident:77762,train
ITIncident:77766,train
ITIncident:77769,train
ITIncident:77771,train
ITIncident:77775,train
ITIncident:77779,train
ITIncident:77783,train
ITIncident:77786,train
ITIncident:77796,train
ITIncident:77814,train
ITIncident:77817,train
ITIncident:77820,train
ITIncident:77823,test
ITIncident:77828,train
ITIncident:77831,train
ITIncident:77833,train
ITIncident:77836,train
ITIncident:77839,train
ITIncident:77842,train
ITIncident:77845,train
ITIncident:77852,train
ITIncident:77855,test
ITIncident:77859,train
ITIncident:77862,train
ITIncident:77866,train
ITIncident:77888,train
ITIncident:77893,train
ITIncident:77896,train
ITIncident:77899,train
ITIncident:77902,train
ITIncident:77908,test
ITIncident:77912,train
ITIncident:77915,train
ITIncident:77918,train
ITIncident:77926,train
ITIncident:77930,train
ITIncident:77932,train
ITIncident:77939,train
ITIncident:77945,train
ITIncident:77957,train
ITIncident:77960,train
ITIncident:77963,train
ITIncident:77965,train
ITIncident:77970,train
ITIncident:77975,train
ITIncident:77982,train
ITIncident:77991,train
ITIncident:77994,train
ITIncident:77998,train
ITIncident:78001,test
ITIncident:78007,train
ITIncident:78012,test
ITIncident:78015,test
ITIncident:78018,train
ITIncident:78022,train
ITIncident:78026,train
ITIncident:78029,train
ITIncident:78034,train
ITIncident:78039,train
ITIncident:78042,train
ITIncident:78045,train
ITIncident:78049,train
ITIncident:78052,train
ITIncident:78054,train
ITIncident:78058,train
ITIncident:78060,train
ITIncident:78063,test
ITIncident:78067,train
ITIncident:78070,train
ITIncident:78075,train
ITIncident:78081,train
ITIncident:78098,train
ITIncident:78103,train
ITIncident:78108,train
ITIncident:78116,test
ITIncident:78121,train
ITIncident:78127,train
ITIncident:78134,train
ITIncident:78139,train
ITIncident:78151,train
ITIncident:78156,test
ITIncident:78165,test
ITIncident:78172,test
ITIncident:78175,train
ITIncident:78178,test
ITIncident:78181,train
ITIncident:78190,train
ITIncident:78193,train
ITIncident:78197,test
ITIncident:78201,train
ITIncident:78204,train
ITIncident:78208,train
ITIncident:78219,train
ITIncident:78223,train
ITIncident:78227,train
ITIncident:78229,test
ITIncident:78233,test
ITIncident:78240,train
ITIncident:78245,train
ITIncident:78248,train
ITIncident:78251,train
ITIncident:78256,train
ITIncident:78264,train
ITIncident:78268,train
ITIncident:78272,train
ITIncident:78281,train
ITIncident:78286,train
ITIncident:78289,train
ITIncident:78291,train
ITIncident:78294,train
ITIncident:78299,train
ITIncident:78302,train
ITIncident:78306,test
ITIncident:78312,train
ITIncident:78316,train
ITIncident:78319,train
ITIncident:78323,train
ITIncident:78330,test
ITIncident:78333,train
ITIncident:78335,train
ITIncident:78344,train
ITIncident:78357,train
ITIncident:78365,train
ITIncident:78368,test
ITIncident:78371,train
ITIncident:78374,train
ITIncident:78378,train
ITIncident:78384,test
ITIncident:78388,train
ITIncident:78390,train
ITIncident:78396,train
ITIncident:78404,train
ITIncident:78417,train
ITIncident:78422,test
ITIncident:78441,test
ITIncident:78445,train
ITIncident:78449,train
ITIncident:78452,train
ITIncident:78454,train
ITIncident:78458,train
ITIncident:78461,train
ITIncident:78464,test
ITIncident:78472,train
ITIncident:78478,train
ITIncident:78488,test
ITIncident:78493,train
ITIncident:78498,test
ITIncident:78506,train
ITIncident:78509,train
ITIncident:78512,train
ITIncident:78521,train
ITIncident:78540,train
ITIncident:78547,train
ITIncident:78552,train
ITIncident:78559,train
ITIncident:78570,train
ITIncident:78572,train
ITIncident:78575,train
ITIncident:78578,train
ITIncident:78584,train
ITIncident:78587,train
ITIncident:78590,train
ITIncident:78593,train
ITIncident:78599,train
ITIncident:78602,train
ITIncident:78607,train
ITIncident:78625,train
ITIncident:78628,train
ITIncident:78633,train
ITIncident:78637,train
ITIncident:78640,test
ITIncident:78643,train
ITIncident:78650,test
ITIncident:78653,train
ITIncident:78661,train
ITIncident:78664,test
ITIncident:78667,train
ITIncident:78672,train
ITIncident:78686,train
ITIncident:78694,train
ITIncident:78701,train
ITIncident:78705,train
ITIncident:78712,train
ITIncident:78715,test
ITIncident:78724,train
ITIncident:78735,train
ITIncident:78741,train
ITIncident:78746,train
ITIncident:78752,train
ITIncident:78755,train
ITIncident:78764,train
ITIncident:78769,test
ITIncident:78777,test
ITIncident:78786,train
ITIncident:78790,train
ITIncident:78801,test
ITIncident:78804,train
ITIncident:78807,train
ITIncident:78812,train
ITIncident:78822,train
ITIncident:78834,train
ITIncident:78837,train
ITIncident:78841,test
ITIncident:78844,train
ITIncident:78849,train
ITIncident:78852,train
ITIncident:78855,train
ITIncident:78868,train
ITIncident:78872,train
ITIncident:78878,train
ITIncident:78895,train
ITIncident:78898,train
ITIncident:78901,train
ITIncident:78905,train
ITIncident:78909,train
ITIncident:78912,train
ITIncident:78915,train
ITIncident:78917,train
ITIncident:78927,test
ITIncident:78940,test
ITIncident:78945,train
ITIncident:78949,train
ITIncident:78952,test
ITIncident:78959,test
ITIncident:78984,train
ITIncident:78988,test
ITIncident:78998,test
ITIncident:79005,train
ITIncident:79024,train
ITIncident:79027,train
ITIncident:79032,test
ITIncident:79046,test
ITIncident:79053,train
ITIncident:79056,train
ITIncident:79067,test
ITIncident:79070,train
ITIncident:79073,train
ITIncident:79078,train
ITIncident:79086,train
ITIncident:79089,train
ITIncident:79092,train
ITIncident:79095,train
ITIncident:79105,train
ITIncident:79108,train
ITIncident:79111,train
ITIncident:79114,train
ITIncident:79116,train
ITIncident:79120,train
ITIncident:79122,train
ITIncident:79130,train
ITIncident:79134,test
ITIncident:79147,train
ITIncident:79156,test
ITIncident:79159,train
ITIncident:79163,train
ITIncident:79170,test
ITIncident:79176,test
ITIncident:79180,train
ITIncident:79183,test
ITIncident:79186,train
ITIncident:79189,train
ITIncident:79191,train
ITIncident:79194,train
ITIncident:79200,train
ITIncident:79203,train
ITIncident:79207,train
ITIncident:79210,train
ITIncident:79216,train
ITIncident:79218,train
ITIncident:79221,test
ITIncident:79226,train
ITIncident:79229,train
ITIncident:79232,train
ITIncident:79234,train
ITIncident:79236,train
ITIncident:79238,train
ITIncident:79241,train
ITIncident:79246,test
ITIncident:79254,train
ITIncident:79256,train
ITIncident:79275,train
ITIncident:79282,train
ITIncident:79290,train
ITIncident:79293,train
ITIncident:79296,train
ITIncident:79299,train
ITIncident:79304,train
ITIncident:79307,train
ITIncident:79320,train
ITIncident:79323,train
ITIncident:79328,train
ITIncident:79332,train
ITIncident:79336,train
ITIncident:79344,train
ITIncident:79349,train
ITIncident:79356,train
ITIncident:79359,train
ITIncident:79362,train
ITIncident:79367,train
ITIncident:79372,train
ITIncident:79375,test
ITIncident:79382,train
ITIncident:79385,test
ITIncident:79390,train
ITIncident:79392,train
ITIncident:79395,test
ITIncident:79397,train
ITIncident:79404,train
ITIncident:79408,train
ITIncident:79410,train
ITIncident:79423,train
ITIncident:79427,train
ITIncident:79433,train
ITIncident:79440,train
ITIncident:79449,train
ITIncident:79452,train
ITIncident:79461,train
ITIncident:79463,test
ITIncident:79484,train
ITIncident:79487,train
ITIncident:79493,test
ITIncident:79496,train
ITIncident:79499,test
ITIncident:79502,train
ITIncident:79511,train
ITIncident:79513,train
ITIncident:79516,train
ITIncident:79519,train
ITIncident:79524,train
ITIncident:79538,train
ITIncident:79541,train
ITIncident:79545,train
ITIncident:79549,test
ITIncident:79558,test
ITIncident:79561,train
ITIncident:79564,train
ITIncident:79567,train
ITIncident:79570,train
ITIncident:79573,train
ITIncident:79576,test
ITIncident:79583,train
ITIncident:79586,test
ITIncident:79589,train
ITIncident:79599,train
ITIncident:79605,test
ITIncident:79608,train
ITIncident:79611,test
ITIncident:79616,train
ITIncident:79620,train
ITIncident:79630,train
ITIncident:79633,train
ITIncident:79636,test
ITIncident:79647,train
ITIncident:79650,test
ITIncident:79655,train
ITIncident:79666,train
ITIncident:79672,train
ITIncident:79678,train
ITIncident:79681,train
ITIncident:79688,train
ITIncident:79692,train
ITIncident:79711,train
ITIncident:79714,train
ITIncident:79721,train
ITIncident:79728,train
ITIncident:79731,train
ITIncident:79735,test
ITIncident:79738,test
ITIncident:79741,train
ITIncident:79745,train
ITIncident:79748,train
ITIncident:79752,test
ITIncident:79755,test
ITIncident:79759,train
ITIncident:79764,test
ITIncident:79768,train
ITIncident:79771,train
ITIncident:79774,train
ITIncident:79777,test
ITIncident:79785,test
ITIncident:79788,train
ITIncident:79795,train
ITIncident:79798,train
ITIncident:79801,train
ITIncident:79806,train
ITIncident:79812,test
ITIncident:79824,train
ITIncident:79827,train
ITIncident:79834,train
ITIncident:79839,train
ITIncident:79843,test
ITIncident:79846,train
ITIncident:79849,train
ITIncident:79859,train
ITIncident:79865,train
ITIncident:79868,test
ITIncident:79878,train
ITIncident:79883,train
ITIncident:79887,train
ITIncident:79890,train
ITIncident:79897,test
ITIncident:79904,train
ITIncident:79911,train
ITIncident:79923,train
ITIncident:79926,train
ITIncident:79929,train
ITIncident:79941,train
ITIncident:79945,train
ITIncident:79950,train
ITIncident:79953,train
ITIncident:79958,train
ITIncident:79964,train
ITIncident:79968,train
ITIncident:79971,train
ITIncident:79974,train
ITIncident:79986,train
ITIncident:79989,train
ITIncident:79994,train
ITIncident:79997,test
ITIncident:80001,train
ITIncident:80006,train
ITIncident:80009,test
ITIncident:80016,train
ITIncident:80020,train
ITIncident:80025,train
ITIncident:80028,train
ITIncident:80043,test
ITIncident:80046,test
ITIncident:80049,train
ITIncident:80055,test
ITIncident:80060,train
ITIncident:80065,train
ITIncident:80068,train
ITIncident:80071,train
ITIncident:80080,test
ITIncident:80083,train
ITIncident:80089,test
ITIncident:80098,train
ITIncident:80100,test
ITIncident:80112,train
ITIncident:80115,train
ITIncident:80120,test
ITIncident:80127,train
ITIncident:80142,train
ITIncident:80147,train
ITIncident:80149,train
ITIncident:80153,train
ITIncident:80163,train
ITIncident:80169,train
ITIncident:80173,train
ITIncident:80180,train
ITIncident:80183,train
ITIncident:80190,test
ITIncident:80193,train
ITIncident:80196,test
ITIncident:80200,train
ITIncident:80207,train
ITIncident:80210,train
ITIncident:80216,train
ITIncident:80225,train
ITIncident:80230,train
ITIncident:80239,train
ITIncident:80244,test
ITIncident:80246,test
ITIncident:80249,train
ITIncident:80255,test
ITIncident:80265,train
ITIncident:80272,test
ITIncident:80284,train
ITIncident:80288,train
ITIncident:80290,train
ITIncident:80301,train
ITIncident:80307,test
ITIncident:80312,train
ITIncident:80319,train
ITIncident:80322,train
ITIncident:80327,test
ITIncident:80331,test
ITIncident:80334,train
ITIncident:80343,test
ITIncident:80351,test
ITIncident:80358,train
ITIncident:80365,test
ITIncident:80368,test
ITIncident:80379,train
ITIncident:80390,train
ITIncident:80417,train
ITIncident:80420,train
ITIncident:80423,train
ITIncident:80432,train
ITIncident:80435,test
ITIncident:80439,test
ITIncident:80441,train
ITIncident:80448,train
ITIncident:80451,train
ITIncident:80454,train
ITIncident:80458,train
ITIncident:80460,train
ITIncident:80463,train
ITIncident:80469,test
ITIncident:80472,test
ITIncident:80476,train
ITIncident:80480,train
ITIncident:80485,train
ITIncident:80492,train
ITIncident:80495,train
ITIncident:80500,train
ITIncident:80506,train
ITIncident:80514,train
ITIncident:80519,train
ITIncident:80526,train
ITIncident:80529,test
ITIncident:80532,train
ITIncident:80538,train
ITIncident:80541,train
ITIncident:80547,test
ITIncident:80550,train
ITIncident:80554,train
ITIncident:80568,test
ITIncident:80571,train
ITIncident:80574,train
ITIncident:80577,train
ITIncident:80581,train
ITIncident:80589,train
ITIncident:80591,train
ITIncident:80594,test
ITIncident:80597,train
ITIncident:80608,test
ITIncident:80610,train
ITIncident:80612,train
ITIncident:80615,train
ITIncident:80622,train
ITIncident:80624,train
ITIncident:80627,train
ITIncident:80630,train
ITIncident:80633,test
ITIncident:80637,train
ITIncident:80646,train
ITIncident:80649,test
ITIncident:80651,train
ITIncident:80656,test
ITIncident:80659,test
ITIncident:80664,train
ITIncident:80669,train
ITIncident:80678,train
ITIncident:80682,test
ITIncident:80690,train
ITIncident:80695,train
ITIncident:80703,test
ITIncident:80706,train
ITIncident:80709,train
ITIncident:80722,train
ITIncident:80724,test
ITIncident:80736,train
ITIncident:80743,train
ITIncident:80745,test
ITIncident:80748,test
ITIncident:80758,train
ITIncident:80769,test
ITIncident:80773,train
ITIncident:80775,train
ITIncident:80779,train
ITIncident:80781,train
ITIncident:80783,train
ITIncident:80786,train
ITIncident:80793,train
ITIncident:80796,train
ITIncident:80798,test
ITIncident:80800,train
ITIncident:80803,train
ITIncident:80809,test
ITIncident:80814,train
ITIncident:80817,test
ITIncident:80823,train
ITIncident:80826,train
ITIncident:80830,train
ITIncident:80833,train
ITIncident:80844,train
ITIncident:80848,test
ITIncident:80856,train
ITIncident:80859,train
ITIncident:80863,test
ITIncident:80869,test
ITIncident:80871,train
ITIncident:80874,train
ITIncident:80879,train
ITIncident:80888,test
ITIncident:80891,train
ITIncident:80897,train
ITIncident:80904,train
ITIncident:80910,train
ITIncident:80914,train
ITIncident:80923,test
ITIncident:80928,train
ITIncident:80931,train
ITIncident:80934,train
ITIncident:80939,train
ITIncident:80943,train
ITIncident:80946,train
ITIncident:80951,train
ITIncident:80958,train
ITIncident:80965,train
ITIncident:80972,train
ITIncident:80975,train
ITIncident:80983,train
ITIncident:80992,train
ITIncident:80994,train
ITIncident:80997,train
ITIncident:81010,train
ITIncident:81013,train
ITIncident:81016,train
ITIncident:81021,train
ITIncident:81023,train
ITIncident:81027,train
ITIncident:81030,test
ITIncident:81033,train
ITIncident:81038,train
ITIncident:81041,train
ITIncident:81044,train
ITIncident:81056,train
ITIncident:81063,train
ITIncident:81070,train
ITIncident:81075,test
ITIncident:81078,train
ITIncident:81082,test
ITIncident:81085,train
ITIncident:81090,test
ITIncident:81093,train
ITIncident:81108,train
ITIncident:81124,test
ITIncident:81143,test
ITIncident:81151,train
ITIncident:81153,train
ITIncident:81156,train
ITIncident:81161,train
ITIncident:81171,train
ITIncident:81180,train
ITIncident:81190,train
ITIncident:81195,train
ITIncident:81202,train
ITIncident:81207,train
ITIncident:81212,test
ITIncident:81218,train
ITIncident:81223,test
ITIncident:81227,train
ITIncident:81231,train
ITIncident:81236,train
ITIncident:81242,train
ITIncident:81249,test
ITIncident:81252,train
ITIncident:81255,test
ITIncident:81260,train
ITIncident:81266,train
ITIncident:81270,train
ITIncident:81275,train
ITIncident:81277,train
ITIncident:81283,train
ITIncident:81287,train
ITIncident:81290,train
ITIncident:81295,test
ITIncident:81299,train
ITIncident:81304,train
ITIncident:81306,train
ITIncident:81314,test
ITIncident:81317,test
ITIncident:81323,train
ITIncident:81328,train
ITIncident:81331,test
ITIncident:81339,train
ITIncident:81343,train
ITIncident:81345,train
ITIncident:81348,train
ITIncident:81352,test
ITIncident:81364,train
ITIncident:81366,test
ITIncident:81369,train
ITIncident:81371,train
ITIncident:81374,train
ITIncident:81378,train
ITIncident:81381,train
ITIncident:81397,train
ITIncident:81402,train
ITIncident:81406,train
ITIncident:81410,train
ITIncident:81413,train
ITIncident:81417,train
ITIncident:81475,train
ITIncident:81478,train
ITIncident:81482,train
ITIncident:81494,train
ITIncident:81500,train
ITIncident:81505,train
ITIncident:81518,train
ITIncident:81522,train
ITIncident:81534,train
ITIncident:81540,train
ITIncident:81544,train
ITIncident:81547,test
ITIncident:81554,train
ITIncident:81562,train
ITIncident:81569,test
ITIncident:81573,train
ITIncident:81584,train
ITIncident:81587,train
ITIncident:81592,train
ITIncident:81596,train
ITIncident:81599,train
ITIncident:81601,test
ITIncident:81603,train
ITIncident:81607,train
ITIncident:81617,train
ITIncident:81621,train
ITIncident:81624,train
ITIncident:81632,train
ITIncident:81641,test
ITIncident:81648,train
ITIncident:81651,train
ITIncident:81658,train
ITIncident:81662,train
ITIncident:81667,train
ITIncident:81670,train
ITIncident:81673,test
ITIncident:81676,train
ITIncident:81685,train
ITIncident:81690,train
ITIncident:81703,test
ITIncident:81708,train
ITIncident:81713,train
ITIncident:81722,test
ITIncident:81726,test
ITIncident:81739,train
ITIncident:81742,train
ITIncident:81745,train
ITIncident:81747,train
ITIncident:81752,train
ITIncident:81758,train
ITIncident:81762,train
ITIncident:81765,train
ITIncident:81768,train
ITIncident:81773,test
ITIncident:81777,test
ITIncident:81780,train
ITIncident:81788,test
ITIncident:81794,train
ITIncident:81798,train
ITIncident:81804,train
ITIncident:81807,train
ITIncident:81810,train
ITIncident:81813,train
ITIncident:81816,train
ITIncident:81823,test
ITIncident:81828,train
ITIncident:81832,train
ITIncident:81835,train
ITIncident:81839,test
ITIncident:81842,train
ITIncident:81845,train
ITIncident:81847,train
ITIncident:81855,train
ITIncident:81858,train
ITIncident:81867,train
ITIncident:81872,test
ITIncident:81878,test
ITIncident:81881,train
ITIncident:81884,train
ITIncident:81887,train
ITIncident:81893,test
ITIncident:81897,test
ITIncident:81900,train
ITIncident:81905,test
ITIncident:81908,train
ITIncident:81911,train
ITIncident:81916,train
ITIncident:81919,train
ITIncident:81922,train
ITIncident:81927,train
ITIncident:81929,test
ITIncident:81939,test
ITIncident:81941,train
ITIncident:81944,train
ITIncident:81948,train
ITIncident:81953,train
ITIncident:81957,train
ITIncident:81959,train
ITIncident:81963,train
ITIncident:81966,train
ITIncident:81968,test
ITIncident:81971,test
ITIncident:81980,train
ITIncident:81994,train
ITIncident:81997,train
ITIncident:82001,train
ITIncident:82005,test
ITIncident:82013,train
ITIncident:82023,test
ITIncident:82029,test
ITIncident:82032,train
ITIncident:82034,train
ITIncident:82041,test
ITIncident:82045,test
ITIncident:82049,test
ITIncident:82052,train
ITIncident:82055,train
ITIncident:82058,train
ITIncident:82061,train
ITIncident:82064,train
ITIncident:82067,train
ITIncident:82070,train
ITIncident:82076,train
ITIncident:82080,train
ITIncident:82083,train
ITIncident:82087,train
ITIncident:82092,train
ITIncident:82100,train
ITIncident:82104,train
ITIncident:82106,test
ITIncident:82109,train
ITIncident:82112,train
ITIncident:82115,train
ITIncident:82118,train
ITIncident:82121,train
ITIncident:82129,train
ITIncident:82137,train
ITIncident:82140,train
ITIncident:82144,test
ITIncident:82153,train
ITIncident:82155,train
ITIncident:82158,train
ITIncident:82161,test
ITIncident:82166,train
ITIncident:82169,train
ITIncident:82174,train
ITIncident:82178,train
ITIncident:82181,train
ITIncident:82186,train
ITIncident:82189,train
ITIncident:82194,train
ITIncident:82197,train
ITIncident:82200,test
ITIncident:82206,train
ITIncident:82216,train
ITIncident:82219,train
ITIncident:82232,train
ITIncident:82235,train
ITIncident:82239,train
ITIncident:82241,test
ITIncident:82246,train
ITIncident:82251,train
ITIncident:82258,train
ITIncident:82267,train
ITIncident:82269,test
ITIncident:82279,train
ITIncident:82288,train
ITIncident:82291,train
ITIncident:82294,train
ITIncident:82299,train
ITIncident:82319,train
ITIncident:82322,train
ITIncident:82325,train
ITIncident:82342,train
ITIncident:82345,test
ITIncident:82349,train
ITIncident:82352,train
ITIncident:82363,train
ITIncident:82367,train
ITIncident:82371,train
ITIncident:82374,train
ITIncident:82379,train
ITIncident:82383,train
ITIncident:82390,train
ITIncident:82395,train
ITIncident:82401,train
ITIncident:82406,train
ITIncident:82413,train
ITIncident:82420,train
ITIncident:82423,train
ITIncident:82433,train
ITIncident:82437,train
ITIncident:82443,train
ITIncident:82445,train
ITIncident:82447,train
ITIncident:82453,train
ITIncident:82457,train
ITIncident:82461,test
ITIncident:82467,train
ITIncident:82476,test
ITIncident:82479,train
ITIncident:82485,train
ITIncident:82490,train
ITIncident:82493,train
ITIncident:82498,train
ITIncident:82501,test
ITIncident:82506,train
ITIncident:82518,train
ITIncident:82533,train
ITIncident:82536,train
ITIncident:82541,train
ITIncident:82546,train
ITIncident:82548,test
ITIncident:82552,train
ITIncident:82554,train
ITIncident:82557,train
ITIncident:82560,train
ITIncident:82572,train
ITIncident:82575,train
ITIncident:82582,train
ITIncident:82585,train
ITIncident:82593,test
ITIncident:82596,test
ITIncident:82599,train
ITIncident:82603,train
ITIncident:82606,train
ITIncident:82609,train
ITIncident:82611,test
ITIncident:82614,train
ITIncident:82621,train
ITIncident:82624,train
ITIncident:82627,train
ITIncident:82632,test
ITIncident:82635,train
ITIncident:82670,train
ITIncident:82677,train
ITIncident:82680,train
ITIncident:82683,train
ITIncident:82688,train
ITIncident:82690,test
ITIncident:82696,train
ITIncident:82699,train
ITIncident:82712,train
ITIncident:82714,test
ITIncident:82719,test
ITIncident:82722,train
ITIncident:82730,test
ITIncident:82733,train
ITIncident:82740,test
ITIncident:82744,train
ITIncident:82747,train
ITIncident:82751,train
ITIncident:82755,train
ITIncident:82759,train
ITIncident:82766,train
ITIncident:82769,train
ITIncident:82776,train
ITIncident:82781,train
ITIncident:82784,train
ITIncident:82789,train
ITIncident:82794,train
ITIncident:82797,test
ITIncident:82800,train
ITIncident:82802,train
ITIncident:82808,test
ITIncident:82813,test
ITIncident:82821,train
ITIncident:82825,train
ITIncident:82832,test
ITIncident:82842,train
ITIncident:82845,train
ITIncident:82848,train
ITIncident:82856,test
ITIncident:82859,train
ITIncident:82864,train
ITIncident:82867,train
ITIncident:82876,train
ITIncident:82879,train
ITIncident:82882,train
ITIncident:82885,train
ITIncident:82893,train
ITIncident:82908,train
ITIncident:82912,train
ITIncident:82915,train
ITIncident:82919,train
ITIncident:82925,train
ITIncident:82931,train
ITIncident:82939,train
ITIncident:82942,train
ITIncident:82946,train
ITIncident:82954,train
ITIncident:82957,train
ITIncident:82960,train
ITIncident:82964,train
ITIncident:82966,train
ITIncident:82972,train
ITIncident:82975,train
ITIncident:82981,train
ITIncident:82984,train
ITIncident:82987,test
ITIncident:82990,train
ITIncident:82993,train
ITIncident:82997,train
ITIncident:83003,train
ITIncident:83006,train
ITIncident:83018,train
ITIncident:83021,train
ITIncident:83025,train
ITIncident:83047,train
ITIncident:83050,train
ITIncident:83057,train
ITIncident:83060,train
ITIncident:83068,test
ITIncident:83071,train
ITIncident:83081,test
ITIncident:83084,train
ITIncident:83089,train
ITIncident:83093,train
ITIncident:83105,train
ITIncident:83108,train
ITIncident:83114,train
ITIncident:83121,train
ITIncident:83124,train
ITIncident:83133,test
ITIncident:83139,train
ITIncident:83142,train
ITIncident:83148,test
ITIncident:83155,train
ITIncident:83161,train
ITIncident:83166,test
ITIncident:83175,train
ITIncident:83178,train
ITIncident:83183,train
ITIncident:83185,test
ITIncident:83195,test
ITIncident:83201,train
ITIncident:83204,test
ITIncident:83214,train
ITIncident:83221,train
ITIncident:83226,train
ITIncident:83229,train
ITIncident:83239,train
ITIncident:83254,train
ITIncident:83256,train
ITIncident:83259,train
ITIncident:83270,test
ITIncident:83274,train
ITIncident:83277,train
ITIncident:83284,train
ITIncident:83290,test
ITIncident:83293,train
ITIncident:83296,train
ITIncident:83303,test
ITIncident:83305,train
ITIncident:83308,train
ITIncident:83311,train
ITIncident:83325,test
ITIncident:83327,test
ITIncident:83330,train
ITIncident:83333,train
ITIncident:83336,train
ITIncident:83338,train
ITIncident:83348,train
ITIncident:83353,train
ITIncident:83357,train
ITIncident:83361,train
ITIncident:83364,train
ITIncident:83367,train
ITIncident:83373,train
ITIncident:83380,train
ITIncident:83383,train
ITIncident:83388,train
ITIncident:83392,train
ITIncident:83399,train
ITIncident:83405,train
ITIncident:83409,train
ITIncident:83421,test
ITIncident:83425,test
ITIncident:83437,train
ITIncident:83440,train
ITIncident:83443,train
ITIncident:83446,train
ITIncident:83450,test
ITIncident:83456,train
ITIncident:83459,train
ITIncident:83462,train
ITIncident:83465,train
ITIncident:83468,train
ITIncident:83472,train
ITIncident:83475,train
ITIncident:83477,test
ITIncident:83480,train
ITIncident:83485,test
ITIncident:83488,train
ITIncident:83491,train
ITIncident:83494,test
ITIncident:83500,train
ITIncident:83504,train
ITIncident:83507,train
ITIncident:83509,train
ITIncident:83516,test
ITIncident:83519,train
ITIncident:83525,test
ITIncident:83528,train
ITIncident:83531,train
ITIncident:83539,train
ITIncident:83544,train
ITIncident:83548,train
ITIncident:83552,train
ITIncident:83558,test
ITIncident:83561,train
ITIncident:83563,train
ITIncident:83569,train
ITIncident:83572,test
ITIncident:83575,train
ITIncident:83578,train
ITIncident:83582,train
ITIncident:83589,test
ITIncident:83593,train
ITIncident:83598,train
ITIncident:83600,test
ITIncident:83603,train
ITIncident:83606,train
ITIncident:83609,train
ITIncident:83612,test
ITIncident:83615,train
ITIncident:83618,train
ITIncident:83622,train
ITIncident:83625,train
ITIncident:83633,train
ITIncident:83637,train
ITIncident:83642,train
ITIncident:83653,test
ITIncident:83673,train
ITIncident:83686,train
ITIncident:83689,train
ITIncident:83695,test
ITIncident:83698,train
ITIncident:83701,train
ITIncident:83704,test
ITIncident:83711,train
ITIncident:83716,train
ITIncident:83719,train
ITIncident:83722,train
ITIncident:83728,train
ITIncident:83732,test
ITIncident:83735,train
ITIncident:83739,train
ITIncident:83743,train
ITIncident:83747,train
ITIncident:83759,test
ITIncident:83763,test
ITIncident:83771,test
ITIncident:83786,train
ITIncident:83796,test
ITIncident:83799,train
ITIncident:83810,train
ITIncident:83814,train
ITIncident:83818,train
ITIncident:83831,train
ITIncident:83834,train
ITIncident:83838,train
ITIncident:83841,train
ITIncident:83853,train
ITIncident:83856,train
ITIncident:83864,train
ITIncident:83867,train
ITIncident:83873,train
ITIncident:83876,train
ITIncident:83879,train
ITIncident:83886,test
ITIncident:83891,train
ITIncident:83894,train
ITIncident:83899,test
ITIncident:83903,test
ITIncident:83911,train
ITIncident:83916,train
ITIncident:83920,test
ITIncident:83928,train
ITIncident:83931,train
ITIncident:83935,train
ITIncident:83940,train
ITIncident:83946,train
ITIncident:83949,train
ITIncident:83961,train
ITIncident:83965,train
ITIncident:83968,train
ITIncident:83971,train
ITIncident:83978,test
ITIncident:83987,train
ITIncident:83990,test
ITIncident:83993,train
ITIncident:83997,train
ITIncident:83999,train
ITIncident:84002,test
ITIncident:84005,train
ITIncident:84008,train
ITIncident:84020,train
ITIncident:84026,test
ITIncident:84031,train
ITIncident:84042,test
ITIncident:84045,train
ITIncident:84052,train
ITIncident:84059,test
ITIncident:84063,test
ITIncident:84066,train
ITIncident:84069,train
ITIncident:84087,test
ITIncident:84090,train
ITIncident:84093,test
ITIncident:84097,train
ITIncident:84100,train
ITIncident:84110,train
ITIncident:84115,train
ITIncident:84121,train
ITIncident:84124,train
ITIncident:84127,train
ITIncident:84136,test
ITIncident:84141,train
ITIncident:84145,train
ITIncident:84151,train
ITIncident:84154,train
ITIncident:84165,train
ITIncident:84168,train
ITIncident:84171,train
ITIncident:84174,train
ITIncident:84180,train
ITIncident:84182,train
ITIncident:84185,train
ITIncident:84188,train
ITIncident:84191,train
ITIncident:84195,train
ITIncident:84199,train
ITIncident:84203,train
ITIncident:84208,test
ITIncident:84217,train
ITIncident:84230,train
ITIncident:84236,train
ITIncident:84241,test
ITIncident:84244,train
ITIncident:84252,train
ITIncident:84257,test
ITIncident:84267,test
ITIncident:84272,train
ITIncident:84276,train
ITIncident:84280,test
ITIncident:84286,train
ITIncident:84289,train
ITIncident:84292,train
ITIncident:84300,test
ITIncident:84303,train
ITIncident:84311,test
ITIncident:84331,train
ITIncident:84345,test
ITIncident:84350,train
ITIncident:84354,train
ITIncident:84357,train
ITIncident:84362,train
ITIncident:84366,train
ITIncident:84372,train
ITIncident:84376,train
ITIncident:84388,train
ITIncident:84391,train
ITIncident:84398,train
ITIncident:84403,train
ITIncident:84412,train
ITIncident:84415,test
ITIncident:84424,test
ITIncident:84427,train
ITIncident:84430,train
ITIncident:84433,train
ITIncident:84439,test
ITIncident:84442,train
ITIncident:84448,train
ITIncident:84456,train
ITIncident:84463,train
ITIncident:84471,train
ITIncident:84476,train
ITIncident:84479,train
ITIncident:84484,train
ITIncident:84487,train
ITIncident:84492,train
ITIncident:84500,train
ITIncident:84503,train
ITIncident:84510,train
ITIncident:84513,train
ITIncident:84516,train
ITIncident:84522,train
ITIncident:84528,train
ITIncident:84533,test
ITIncident:84537,train
ITIncident:84550,test
ITIncident:84559,train
ITIncident:84572,test
ITIncident:84585,test
ITIncident:84589,train
ITIncident:84594,train
ITIncident:84597,train
ITIncident:84604,test
ITIncident:84610,train
ITIncident:84614,test
ITIncident:84617,test
ITIncident:84624,train
ITIncident:84627,train
ITIncident:84630,train
ITIncident:84646,test
ITIncident:84652,train
ITIncident:84656,train
ITIncident:84675,train
ITIncident:84678,train
ITIncident:84686,test
ITIncident:84691,train
ITIncident:84694,train
ITIncident:84698,train
ITIncident:84701,test
ITIncident:84705,train
ITIncident:84709,test
ITIncident:84712,train
ITIncident:84715,train
ITIncident:84718,test
ITIncident:84723,train
ITIncident:84726,train
ITIncident:84729,train
ITIncident:84733,train
ITIncident:84740,train
ITIncident:84743,train
ITIncident:84747,train
ITIncident:84756,train
ITIncident:84759,test
ITIncident:84767,test
ITIncident:84774,train
ITIncident:84777,train
ITIncident:84781,train
ITIncident:84792,test
ITIncident:84795,train
ITIncident:84805,train
ITIncident:84809,test
ITIncident:84812,train
ITIncident:84815,train
ITIncident:84818,train
ITIncident:84825,train
ITIncident:84837,train
ITIncident:84841,train
ITIncident:84844,train
ITIncident:84847,train
ITIncident:84854,train
ITIncident:84857,train
ITIncident:84867,train
ITIncident:84871,train
ITIncident:84879,train
ITIncident:84885,test
ITIncident:84888,train
ITIncident:84891,train
ITIncident:84902,train
ITIncident:84907,train
ITIncident:84911,train
ITIncident:84914,train
ITIncident:84917,test
ITIncident:84923,test
ITIncident:84926,train
ITIncident:84931,train
ITIncident:84936,train
ITIncident:84939,train
ITIncident:84944,train
ITIncident:84948,test
ITIncident:84955,train
ITIncident:84967,train
ITIncident:84976,train
ITIncident:84979,train
ITIncident:84982,train
ITIncident:84986,train
ITIncident:84989,train
ITIncident:84992,test
ITIncident:85009,train
ITIncident:85012,test
ITIncident:85018,train
ITIncident:85029,train
ITIncident:85032,test
ITIncident:85048,train
ITIncident:85052,test
ITIncident:85059,train
ITIncident:85062,train
ITIncident:85071,train
ITIncident:85074,train
ITIncident:85077,test
ITIncident:85080,train
ITIncident:85087,train
ITIncident:85098,train
ITIncident:85101,test
ITIncident:85104,test
ITIncident:85112,train
ITIncident:85115,train
ITIncident:85117,train
ITIncident:85127,train
ITIncident:85132,test
ITIncident:85142,train
ITIncident:85145,train
ITIncident:85149,train
ITIncident:85167,test
ITIncident:85170,train
ITIncident:85172,train
ITIncident:85175,train
ITIncident:85178,train
ITIncident:85182,train
ITIncident:85185,train
ITIncident:85192,test
ITIncident:85198,train
ITIncident:85205,train
ITIncident:85208,train
ITIncident:85219,train
ITIncident:85222,train
ITIncident:85227,train
ITIncident:85233,train
ITIncident:85241,train
ITIncident:85245,train
ITIncident:85249,train
ITIncident:85262,train
ITIncident:85265,train
ITIncident:85268,train
ITIncident:85271,train
ITIncident:85283,train
ITIncident:85285,train
ITIncident:85289,train
ITIncident:85291,train
ITIncident:85296,train
ITIncident:85300,train
ITIncident:85313,train
ITIncident:85317,train
ITIncident:85324,train
ITIncident:85326,train
ITIncident:85329,train
ITIncident:85337,train
ITIncident:85339,train
ITIncident:85342,train
ITIncident:85344,train
ITIncident:85355,test
ITIncident:85358,train
ITIncident:85363,train
ITIncident:85366,train
ITIncident:85388,train
ITIncident:85394,train
ITIncident:85397,train
ITIncident:85401,train
ITIncident:85410,train
ITIncident:85414,test
ITIncident:85417,train
ITIncident:85422,test
ITIncident:85425,test
ITIncident:85433,train
ITIncident:85436,train
ITIncident:85443,train
ITIncident:85448,test
ITIncident:85456,train
ITIncident:85459,train
ITIncident:85462,train
ITIncident:85465,train
ITIncident:85468,train
ITIncident:85478,train
ITIncident:85485,train
ITIncident:85492,train
ITIncident:85495,train
ITIncident:85501,train
ITIncident:85507,train
ITIncident:85516,train
ITIncident:85521,train
ITIncident:85523,train
ITIncident:85526,train
ITIncident:85529,test
ITIncident:85536,train
ITIncident:85540,test
ITIncident:85543,train
ITIncident:85548,train
ITIncident:85551,train
ITIncident:85557,train
ITIncident:85573,train
ITIncident:85578,train
ITIncident:85582,train
ITIncident:85585,train
ITIncident:85587,train
ITIncident:85592,train
ITIncident:85599,test
ITIncident:85606,train
ITIncident:85612,test
ITIncident:85626,train
ITIncident:85629,test
ITIncident:85634,train
ITIncident:85638,train
ITIncident:85642,train
ITIncident:85645,train
ITIncident:85652,train
ITIncident:85669,train
ITIncident:85671,train
ITIncident:85675,test
ITIncident:85678,train
ITIncident:85688,train
ITIncident:85690,test
ITIncident:85692,train
ITIncident:85697,train
ITIncident:85706,train
ITIncident:85709,test
ITIncident:85713,train
ITIncident:85716,test
ITIncident:85722,train
ITIncident:85727,train
ITIncident:85731,test
ITIncident:85736,train
ITIncident:85738,train
ITIncident:85741,test
ITIncident:85745,test
ITIncident:85750,train
ITIncident:85753,train
ITIncident:85756,train
ITIncident:85760,train
ITIncident:85767,train
ITIncident:85770,test
ITIncident:85773,test
ITIncident:85780,train
ITIncident:85785,train
ITIncident:85788,test
ITIncident:85795,train
ITIncident:85798,train
ITIncident:85800,test
ITIncident:85803,train
ITIncident:85809,test
ITIncident:85816,train
ITIncident:85825,test
ITIncident:85827,train
ITIncident:85836,test
ITIncident:85844,train
ITIncident:85847,train
ITIncident:85849,test
ITIncident:85870,test
ITIncident:85872,test
ITIncident:85877,test
ITIncident:85886,train
ITIncident:85889,train
ITIncident:85905,train
ITIncident:85909,train
ITIncident:85918,train
ITIncident:85928,train
ITIncident:85935,train
ITIncident:85938,train
ITIncident:85941,train
ITIncident:85950,train
ITIncident:85955,train
ITIncident:85957,train
ITIncident:85966,test
ITIncident:85969,train
ITIncident:85973,test
ITIncident:85976,test
ITIncident:85978,train
ITIncident:85983,train
ITIncident:85998,train
ITIncident:86004,train
ITIncident:86007,train
ITIncident:86013,test
ITIncident:86017,train
ITIncident:86034,train
ITIncident:86036,train
ITIncident:86043,test
ITIncident:86048,train
ITIncident:86051,train
ITIncident:86054,train
ITIncident:86062,train
ITIncident:86073,train
ITIncident:86078,train
ITIncident:86082,train
ITIncident:86086,train
ITIncident:86091,train
ITIncident:86094,test
ITIncident:86125,train
ITIncident:86128,test
ITIncident:86134,train
ITIncident:86136,train
ITIncident:86139,train
ITIncident:86142,train
ITIncident:86145,test
ITIncident:86148,train
ITIncident:86151,test
ITIncident:86168,test
ITIncident:86174,test
ITIncident:86177,train
ITIncident:86180,train
ITIncident:86183,train
ITIncident:86189,train
ITIncident:86192,train
ITIncident:86195,train
ITIncident:86203,test
ITIncident:86210,train
ITIncident:86215,train
ITIncident:86226,test
ITIncident:86232,train
ITIncident:86248,test
ITIncident:86264,train
ITIncident:86268,test
ITIncident:86273,test
ITIncident:86281,train
ITIncident:86286,train
ITIncident:86290,train
ITIncident:86293,train
ITIncident:86297,test
ITIncident:86309,test
ITIncident:86312,train
ITIncident:86317,train
ITIncident:86323,train
ITIncident:86327,train
ITIncident:86339,train
ITIncident:86342,train
ITIncident:86347,train
ITIncident:86353,train
ITIncident:86358,train
ITIncident:86361,train
ITIncident:86365,train
ITIncident:86370,train
ITIncident:86373,train
ITIncident:86377,train
ITIncident:86386,train
ITIncident:86389,train
ITIncident:86392,train
ITIncident:86395,test
ITIncident:86401,train
ITIncident:86404,train
ITIncident:86408,train
ITIncident:86414,train
ITIncident:86459,test
ITIncident:86465,train
ITIncident:86472,test
ITIncident:86474,train
ITIncident:86479,train
ITIncident:86485,train
ITIncident:86491,train
ITIncident:86494,train
ITIncident:86497,train
ITIncident:86504,train
ITIncident:86507,train
ITIncident:86511,train
ITIncident:86522,train
ITIncident:86525,train
ITIncident:86531,train
ITIncident:86534,train
ITIncident:86557,train
ITIncident:86561,train
ITIncident:86564,train
ITIncident:86571,test
ITIncident:86578,test
ITIncident:86588,train
ITIncident:86590,train
ITIncident:86598,test
ITIncident:86602,train
ITIncident:86608,test
ITIncident:86625,train
ITIncident:86635,train
ITIncident:86648,train
ITIncident:86659,train
ITIncident:86665,train
ITIncident:86668,test
ITIncident:86671,train
ITIncident:86675,test
ITIncident:86681,test
ITIncident:86686,train
ITIncident:86690,train
ITIncident:86695,train
ITIncident:86699,train
ITIncident:86703,train
ITIncident:86706,train
ITIncident:86710,train
ITIncident:86713,test
ITIncident:86715,train
ITIncident:86723,train
ITIncident:86726,train
ITIncident:86729,train
ITIncident:86733,train
ITIncident:86737,test
ITIncident:86744,test
ITIncident:86747,train
ITIncident:86757,test
ITIncident:86768,train
ITIncident:86771,train
ITIncident:86774,train
ITIncident:86783,train
ITIncident:86785,train
ITIncident:86796,train
ITIncident:86803,train
ITIncident:86807,test
ITIncident:86818,test
ITIncident:86831,test
ITIncident:86842,train
ITIncident:86845,train
ITIncident:86849,test
ITIncident:86852,train
ITIncident:86856,train
ITIncident:86859,train
ITIncident:86865,train
ITIncident:86868,train
ITIncident:86872,train
ITIncident:86878,train
ITIncident:86885,train
ITIncident:86896,test
ITIncident:86899,train
ITIncident:86913,test
ITIncident:86916,train
ITIncident:86922,train
ITIncident:86925,train
ITIncident:86928,train
ITIncident:86930,train
ITIncident:86933,train
ITIncident:86936,test
ITIncident:86940,train
ITIncident:86945,test
ITIncident:86948,train
ITIncident:86962,train
ITIncident:86965,test
ITIncident:86969,train
ITIncident:86973,train
ITIncident:86977,train
ITIncident:86980,test
ITIncident:86986,train
ITIncident:86989,train
ITIncident:86994,train
ITIncident:86997,train
ITIncident:87000,train
ITIncident:87007,train
ITIncident:87012,train
ITIncident:87018,train
ITIncident:87023,train
ITIncident:87027,train
ITIncident:87031,train
ITIncident:87040,train
ITIncident:87050,test
ITIncident:87055,train
ITIncident:87058,train
ITIncident:87062,train
ITIncident:87100,test
ITIncident:87108,train
ITIncident:87116,train
ITIncident:87121,train
ITIncident:87125,train
ITIncident:87132,train
ITIncident:87138,train
ITIncident:87141,train
ITIncident:87145,train
ITIncident:87147,train
ITIncident:87149,train
ITIncident:87152,train
ITIncident:87155,train
ITIncident:87160,test
ITIncident:87164,train
ITIncident:87167,train
ITIncident:87174,train
ITIncident:87178,train
ITIncident:87185,train
ITIncident:87187,train
ITIncident:87193,train
ITIncident:87196,train
ITIncident:87204,train
ITIncident:87206,test
ITIncident:87209,train
ITIncident:87223,train
ITIncident:87226,train
ITIncident:87230,train
ITIncident:87240,train
ITIncident:87243,train
ITIncident:87252,train
ITIncident:87256,train
ITIncident:87267,train
ITIncident:87276,train
ITIncident:87282,train
ITIncident:87288,train
ITIncident:87292,train
ITIncident:87298,train
ITIncident:87301,train
ITIncident:87308,train
ITIncident:87313,train
ITIncident:87316,train
ITIncident:87325,train
ITIncident:87328,test
ITIncident:87335,test
ITIncident:87340,train
ITIncident:87343,train
ITIncident:87350,train
ITIncident:87355,test
ITIncident:87358,test
ITIncident:87363,train
ITIncident:87366,train
ITIncident:87380,test
ITIncident:87388,test
ITIncident:87395,train
ITIncident:87399,train
ITIncident:87402,train
ITIncident:87414,train
ITIncident:87418,test
ITIncident:87422,train
ITIncident:87424,train
ITIncident:87430,train
ITIncident:87433,train
ITIncident:87436,test
ITIncident:87440,test
ITIncident:87446,train
ITIncident:87449,train
ITIncident:87453,test
ITIncident:87457,train
ITIncident:87460,train
ITIncident:87472,train
ITIncident:87474,train
ITIncident:87479,test
ITIncident:87482,train
ITIncident:87485,train
ITIncident:87491,train
ITIncident:87518,train
ITIncident:87524,train
ITIncident:87529,train
ITIncident:87532,train
ITIncident:87535,test
ITIncident:87545,train
ITIncident:87548,train
ITIncident:87550,train
ITIncident:87553,train
ITIncident:87557,test
ITIncident:87575,test
ITIncident:87579,train
ITIncident:87586,train
ITIncident:87589,test
ITIncident:87603,train
ITIncident:87606,train
ITIncident:87610,test
ITIncident:87617,train
ITIncident:87620,train
ITIncident:87627,train
ITIncident:87635,train
ITIncident:87638,test
ITIncident:87641,test
ITIncident:87643,train
ITIncident:87645,train
ITIncident:87655,train
ITIncident:87662,train
ITIncident:87669,train
ITIncident:87676,train
ITIncident:87679,train
ITIncident:87681,train
ITIncident:87690,train
ITIncident:87697,train
ITIncident:87700,train
ITIncident:87704,test
ITIncident:87710,train
ITIncident:87714,train
ITIncident:87719,train
ITIncident:87723,train
ITIncident:87727,train
ITIncident:87730,train
ITIncident:87740,train
ITIncident:87743,train
ITIncident:87746,test
ITIncident:87749,train
ITIncident:87752,test
ITIncident:87754,train
ITIncident:87759,train
ITIncident:87764,train
ITIncident:87766,train
ITIncident:87770,test
ITIncident:87778,train
ITIncident:87783,train
ITIncident:87785,train
ITIncident:87788,train
ITIncident:87791,train
ITIncident:87801,train
ITIncident:87803,train
ITIncident:87808,test
ITIncident:87814,train
ITIncident:87821,train
ITIncident:87826,train
ITIncident:87835,train
ITIncident:87837,train
ITIncident:87839,train
ITIncident:87842,test
ITIncident:87844,train
ITIncident:87847,train
ITIncident:87856,train
ITIncident:87859,test
ITIncident:87866,test
ITIncident:87869,train
ITIncident:87872,train
ITIncident:87875,train
ITIncident:87879,test
ITIncident:87883,train
ITIncident:87887,train
ITIncident:87890,train
ITIncident:87894,train
ITIncident:87896,train
ITIncident:87904,test
ITIncident:87906,train
ITIncident:87909,train
ITIncident:87919,train
ITIncident:87922,train
ITIncident:87925,train
ITIncident:87931,train
ITIncident:87934,test
ITIncident:87937,train
ITIncident:87940,train
ITIncident:87948,train
ITIncident:87950,train
ITIncident:87953,train
ITIncident:87956,train
ITIncident:87959,train
ITIncident:87962,train
ITIncident:87972,train
ITIncident:87975,train
ITIncident:87980,test
ITIncident:87989,train
ITIncident:87994,train
ITIncident:87997,train
ITIncident:88002,train
ITIncident:88007,train
ITIncident:88014,train
ITIncident:88018,train
ITIncident:88021,train
ITIncident:88025,train
ITIncident:88035,train
ITIncident:88038,train
ITIncident:88041,train
ITIncident:88051,train
ITIncident:88058,train
ITIncident:88072,test
ITIncident:88075,train
ITIncident:88078,train
ITIncident:88088,train
ITIncident:88095,train
ITIncident:88101,train
ITIncident:88104,train
ITIncident:88107,train
ITIncident:88110,train
ITIncident:88119,train
ITIncident:88122,train
ITIncident:88131,train
ITIncident:88145,train
ITIncident:88154,train
ITIncident:88160,train
ITIncident:88170,test
ITIncident:88173,train
ITIncident:88183,test
ITIncident:88189,test
ITIncident:88202,test
ITIncident:88217,train
ITIncident:88220,train
ITIncident:88233,train
ITIncident:88238,train
ITIncident:88241,train
ITIncident:88244,test
ITIncident:88247,train
ITIncident:88261,train
ITIncident:88264,test
ITIncident:88267,train
ITIncident:88272,train
ITIncident:88283,train
ITIncident:88286,train
ITIncident:88290,train
ITIncident:88293,train
ITIncident:88297,train
ITIncident:88306,train
ITIncident:88309,train
ITIncident:88315,train
ITIncident:88318,train
ITIncident:88322,train
ITIncident:88326,train
ITIncident:88329,train
ITIncident:88333,test
ITIncident:88341,train
ITIncident:88345,train
ITIncident:88351,train
ITIncident:88356,train
ITIncident:88360,test
ITIncident:88364,train
ITIncident:88368,train
ITIncident:88371,train
ITIncident:88374,train
ITIncident:88378,test
ITIncident:88382,train
ITIncident:88386,train
ITIncident:88392,train
ITIncident:88402,train
ITIncident:88406,test
ITIncident:88409,train
ITIncident:88412,train
ITIncident:88416,train
ITIncident:88424,train
ITIncident:88434,train
ITIncident:88441,train
ITIncident:88444,test
ITIncident:88447,train
ITIncident:88451,train
ITIncident:88457,train
ITIncident:88460,test
ITIncident:88464,train
ITIncident:88467,train
ITIncident:88470,train
ITIncident:88473,train
ITIncident:88479,train
ITIncident:88483,train
ITIncident:88489,train
ITIncident:88492,train
ITIncident:88496,train
ITIncident:88500,test
ITIncident:88509,train
ITIncident:88513,test
ITIncident:88517,train
ITIncident:88526,train
ITIncident:88530,train
ITIncident:88533,test
ITIncident:88547,train
ITIncident:88553,train
ITIncident:88558,test
ITIncident:88561,train
ITIncident:88570,train
ITIncident:88574,test
ITIncident:88577,test
ITIncident:88585,train
ITIncident:88588,train
ITIncident:88591,test
ITIncident:88598,test
ITIncident:88603,train
ITIncident:88608,test
ITIncident:88613,train
ITIncident:88617,train
ITIncident:88621,train
ITIncident:88624,train
ITIncident:88630,train
ITIncident:88635,train
ITIncident:88638,test
ITIncident:88642,train
ITIncident:88655,train
ITIncident:88663,train
ITIncident:88666,train
ITIncident:88669,train
ITIncident:88672,train
ITIncident:88677,train
ITIncident:88680,train
ITIncident:88684,train
ITIncident:88687,train
ITIncident:88691,train
ITIncident:88695,train
ITIncident:88698,test
ITIncident:88701,train
ITIncident:88705,test
ITIncident:88708,train
ITIncident:88711,train
ITIncident:88718,train
ITIncident:88730,train
ITIncident:88735,train
ITIncident:88738,test
ITIncident:88742,test
ITIncident:88746,train
ITIncident:88749,test
ITIncident:88752,train
ITIncident:88755,test
ITIncident:88760,train
ITIncident:88765,train
ITIncident:88769,train
ITIncident:88776,train
ITIncident:88783,train
ITIncident:88792,train
ITIncident:88795,train
ITIncident:88798,train
ITIncident:88806,train
ITIncident:88812,train
ITIncident:88817,test
ITIncident:88820,train
ITIncident:88823,train
ITIncident:88828,train
ITIncident:88835,train
ITIncident:88838,test
ITIncident:88845,test
ITIncident:88851,train
ITIncident:88856,train
ITIncident:88859,train
ITIncident:88862,test
ITIncident:88865,train
ITIncident:88872,train
ITIncident:88876,train
ITIncident:88879,test
ITIncident:88883,train
ITIncident:88887,test
ITIncident:88890,train
ITIncident:88893,train
ITIncident:88897,train
ITIncident:88911,train
ITIncident:88914,test
ITIncident:88916,train
ITIncident:88923,train
ITIncident:88926,test
ITIncident:88930,train
ITIncident:88934,train
ITIncident:88945,test
ITIncident:88951,train
ITIncident:88954,test
ITIncident:88957,train
ITIncident:88962,train
ITIncident:88966,train
ITIncident:88971,train
ITIncident:88974,test
ITIncident:88979,train
ITIncident:88992,train
ITIncident:88995,train
ITIncident:88998,test
ITIncident:89001,train
ITIncident:89004,train
ITIncident:89011,train
ITIncident:89014,train
ITIncident:89019,train
ITIncident:89022,train
ITIncident:89025,train
ITIncident:89028,test
ITIncident:89034,train
ITIncident:89042,train
ITIncident:89045,train
ITIncident:89048,train
ITIncident:89058,train
ITIncident:89061,test
ITIncident:89064,train
ITIncident:89070,test
ITIncident:89074,train
ITIncident:89078,train
ITIncident:89082,train
ITIncident:89092,train
ITIncident:89094,test
ITIncident:89099,train
ITIncident:89105,test
ITIncident:89110,train
ITIncident:89116,test
ITIncident:89129,train
ITIncident:89137,train
ITIncident:89150,test
ITIncident:89153,train
ITIncident:89161,train
ITIncident:89172,test
ITIncident:89177,train
ITIncident:89183,test
ITIncident:89187,train
ITIncident:89189,train
ITIncident:89195,train
ITIncident:89201,train
ITIncident:89206,train
ITIncident:89215,train
ITIncident:89219,train
ITIncident:89225,train
ITIncident:89231,test
ITIncident:89243,train
ITIncident:89251,train
ITIncident:89255,train
ITIncident:89261,train
ITIncident:89267,train
ITIncident:89274,train
ITIncident:89280,train
ITIncident:89284,train
ITIncident:89290,train
ITIncident:89298,train
ITIncident:89302,train
ITIncident:89306,train
ITIncident:89309,train
ITIncident:89312,train
ITIncident:89317,train
ITIncident:89328,train
ITIncident:89334,test
ITIncident:89337,train
ITIncident:89340,train
ITIncident:89352,train
ITIncident:89356,train
ITIncident:89361,test
ITIncident:89365,train
ITIncident:89370,train
ITIncident:89378,test
ITIncident:89381,test
ITIncident:89384,train
ITIncident:89391,test
ITIncident:89398,test
ITIncident:89403,train
ITIncident:89408,train
ITIncident:89412,train
ITIncident:89416,train
ITIncident:89424,train
ITIncident:89428,train
ITIncident:89431,train
ITIncident:89435,test
ITIncident:89439,train
ITIncident:89443,train
ITIncident:89446,train
ITIncident:89450,train
ITIncident:89463,train
ITIncident:89466,train
ITIncident:89471,train
ITIncident:89474,train
ITIncident:89481,train
ITIncident:89484,train
ITIncident:89487,train
ITIncident:89489,test
ITIncident:89492,test
ITIncident:89494,train
ITIncident:89498,test
ITIncident:89501,train
ITIncident:89505,test
ITIncident:89513,train
ITIncident:89528,train
ITIncident:89531,train
ITIncident:89534,train
ITIncident:89541,train
ITIncident:89544,test
ITIncident:89547,test
ITIncident:89552,train
ITIncident:89555,train
ITIncident:89558,train
ITIncident:89562,train
ITIncident:89569,train
ITIncident:89573,train
ITIncident:89576,train
ITIncident:89579,train
ITIncident:89583,train
ITIncident:89586,train
ITIncident:89590,train
ITIncident:89595,train
ITIncident:89598,train
ITIncident:89600,train
ITIncident:89604,train
ITIncident:89607,train
ITIncident:89611,train
ITIncident:89615,train
ITIncident:89622,train
ITIncident:89627,train
ITIncident:89634,train
ITIncident:89637,train
ITIncident:89640,train
ITIncident:89652,test
ITIncident:89662,test
ITIncident:89669,train
ITIncident:89671,train
ITIncident:89682,train
ITIncident:89692,train
ITIncident:89702,train
ITIncident:89713,test
ITIncident:89724,test
ITIncident:89726,train
ITIncident:89735,train
ITIncident:89738,test
ITIncident:89741,train
ITIncident:89744,test
ITIncident:89747,train
ITIncident:89750,train
ITIncident:89755,train
ITIncident:89762,test
ITIncident:89766,train
ITIncident:89770,train
ITIncident:89772,train
ITIncident:89777,train
ITIncident:89784,test
ITIncident:89787,test
ITIncident:89793,test
ITIncident:89799,train
ITIncident:89803,test
ITIncident:89808,train
ITIncident:89811,train
ITIncident:89815,train
ITIncident:89818,train
ITIncident:89825,train
ITIncident:89827,train
ITIncident:89836,train
ITIncident:89840,train
ITIncident:89844,train
ITIncident:89850,train
ITIncident:89854,train
ITIncident:89862,train
ITIncident:89866,train
ITIncident:89869,train
ITIncident:89873,train
ITIncident:89877,train
ITIncident:89881,train
ITIncident:89889,train
ITIncident:89893,train
ITIncident:89899,train
ITIncident:89902,train
ITIncident:89906,train
ITIncident:89912,train
ITIncident:89915,train
ITIncident:89919,train
ITIncident:89923,train
ITIncident:89927,train
ITIncident:89931,train
ITIncident:89934,train
ITIncident:89940,test
ITIncident:89944,train
ITIncident:89948,train
ITIncident:89952,train
ITIncident:89955,train
ITIncident:89959,train
ITIncident:89963,train
ITIncident:89970,train
ITIncident:89974,train
ITIncident:89978,train
ITIncident:89982,train
ITIncident:89988,train
ITIncident:89992,train
ITIncident:89996,train
ITIncident:90000,train
ITIncident:90004,train
ITIncident:90013,train
ITIncident:90016,test
ITIncident:90020,train
ITIncident:90026,test
ITIncident:90030,train
ITIncident:90034,train
ITIncident:90038,train
ITIncident:90042,train
ITIncident:90046,train
ITIncident:90050,train
ITIncident:90054,train
ITIncident:90058,train
ITIncident:90062,train
ITIncident:90074,test
ITIncident:90078,train
ITIncident:90081,test
ITIncident:90085,train
ITIncident:90088,train
ITIncident:90092,train
ITIncident:90097,train
ITIncident:90101,train
ITIncident:90107,train
ITIncident:90110,test
ITIncident:90115,test
ITIncident:90124,test
ITIncident:90128,test
ITIncident:90133,train
ITIncident:90135,test
ITIncident:90137,test
ITIncident:90143,train
ITIncident:90155,train
ITIncident:90163,train
ITIncident:90166,train
ITIncident:90170,test
ITIncident:90175,train
ITIncident:90186,train
ITIncident:90190,test
ITIncident:90198,test
ITIncident:90202,train
ITIncident:90212,train
ITIncident:90214,train
ITIncident:90217,test
ITIncident:90220,train
ITIncident:90224,test
ITIncident:90227,train
ITIncident:90231,train
ITIncident:90235,train
ITIncident:90239,train
ITIncident:90245,test
ITIncident:90248,test
ITIncident:90253,train
ITIncident:90257,test
ITIncident:90261,test
ITIncident:90264,train
ITIncident:90267,train
ITIncident:90270,train
ITIncident:90273,train
ITIncident:90276,train
ITIncident:90280,train
ITIncident:90285,test
ITIncident:90288,test
ITIncident:90296,train
ITIncident:90298,train
ITIncident:90302,train
ITIncident:90305,train
ITIncident:90310,train
ITIncident:90325,train
ITIncident:90334,train
ITIncident:90339,train
ITIncident:90351,test
ITIncident:90353,train
ITIncident:90355,train
ITIncident:90358,train
ITIncident:90364,train
ITIncident:90369,train
ITIncident:90372,test
ITIncident:90376,train
ITIncident:90379,train
ITIncident:90384,test
ITIncident:90391,train
ITIncident:90394,test
ITIncident:90397,train
ITIncident:90399,test
ITIncident:90403,train
ITIncident:90406,train
ITIncident:90411,train
ITIncident:90414,test
ITIncident:90417,train
ITIncident:90420,train
ITIncident:90426,train
ITIncident:90428,train
ITIncident:90432,test
ITIncident:90435,test
ITIncident:90439,train
ITIncident:90442,train
ITIncident:90445,train
ITIncident:90448,train
ITIncident:90452,train
ITIncident:90457,train
ITIncident:90462,train
ITIncident:90465,train
ITIncident:90468,train
ITIncident:90473,test
ITIncident:90481,train
ITIncident:90485,train
ITIncident:90488,train
ITIncident:90491,train
ITIncident:90495,train
ITIncident:90497,train
ITIncident:90501,train
ITIncident:90505,train
ITIncident:90514,train
ITIncident:90525,train
ITIncident:90529,train
ITIncident:90535,test
ITIncident:90538,train
ITIncident:90543,train
ITIncident:90550,train
ITIncident:90559,test
ITIncident:90568,train
ITIncident:90573,train
ITIncident:90578,train
ITIncident:90581,test
ITIncident:90603,train
ITIncident:90606,train
ITIncident:90616,train
ITIncident:90625,train
ITIncident:90628,train
ITIncident:90631,train
ITIncident:90635,train
ITIncident:90643,train
ITIncident:90646,train
ITIncident:90649,train
ITIncident:90655,train
ITIncident:90658,test
ITIncident:90664,train
ITIncident:90667,train
ITIncident:90671,train
ITIncident:90676,test
ITIncident:90679,train
ITIncident:90683,train
ITIncident:90686,train
ITIncident:90690,train
ITIncident:90700,train
ITIncident:90703,train
ITIncident:90706,train
ITIncident:90709,train
ITIncident:90716,train
ITIncident:90719,train
ITIncident:90722,train
ITIncident:90725,train
ITIncident:90729,train
ITIncident:90737,test
ITIncident:90742,train
ITIncident:90745,train
ITIncident:90747,train
ITIncident:90750,train
ITIncident:90758,test
ITIncident:90762,train
ITIncident:90764,train
ITIncident:90768,train
ITIncident:90772,train
ITIncident:90774,train
ITIncident:90782,test
ITIncident:90785,train
ITIncident:90788,train
ITIncident:90802,train
ITIncident:90810,train
ITIncident:90819,train
ITIncident:90822,train
ITIncident:90828,train
ITIncident:90832,train
ITIncident:90835,train
ITIncident:90843,train
ITIncident:90846,train
ITIncident:90849,train
ITIncident:90852,train
ITIncident:90857,train
ITIncident:90860,test
ITIncident:90868,train
ITIncident:90884,train
ITIncident:90888,train
ITIncident:90892,train
ITIncident:90897,train
ITIncident:90902,train
ITIncident:90907,train
ITIncident:90916,train
ITIncident:90920,train
ITIncident:90930,train
ITIncident:90934,train
ITIncident:90945,train
ITIncident:90951,train
ITIncident:90958,train
ITIncident:90963,train
ITIncident:90966,test
ITIncident:90970,train
ITIncident:90973,train
ITIncident:90979,train
ITIncident:90985,train
ITIncident:90989,train
ITIncident:91003,test
ITIncident:91007,test
ITIncident:91012,train
ITIncident:91017,train
ITIncident:91023,train
ITIncident:91026,train
ITIncident:91030,test
ITIncident:91045,test
ITIncident:91053,train
ITIncident:91058,train
ITIncident:91063,train
ITIncident:91066,train
ITIncident:91070,train
ITIncident:91074,train
ITIncident:91077,train
ITIncident:91083,train
ITIncident:91087,train
ITIncident:91090,train
ITIncident:91094,train
ITIncident:91097,train
ITIncident:91099,train
ITIncident:91103,train
ITIncident:91108,train
ITIncident:91112,train
ITIncident:91116,train
ITIncident:91120,test
ITIncident:91125,train
ITIncident:91129,train
ITIncident:91145,train
ITIncident:91151,test
ITIncident:91154,train
ITIncident:91158,test
ITIncident:91162,train
ITIncident:91168,train
ITIncident:91176,train
ITIncident:91185,train
ITIncident:91188,train
ITIncident:91190,train
ITIncident:91195,test
ITIncident:91197,train
ITIncident:91200,train
ITIncident:91204,test
ITIncident:91207,train
ITIncident:91210,train
ITIncident:91219,train
ITIncident:91221,train
ITIncident:91225,train
ITIncident:91230,train
ITIncident:91233,train
ITIncident:91235,train
ITIncident:91238,train
ITIncident:91243,train
ITIncident:91246,train
ITIncident:91257,train
ITIncident:91259,train
ITIncident:91267,train
ITIncident:91279,train
ITIncident:91281,train
ITIncident:91284,train
ITIncident:91291,test
ITIncident:91300,train
ITIncident:91304,train
ITIncident:91313,train
ITIncident:91316,train
ITIncident:91319,train
ITIncident:91322,train
ITIncident:91326,train
ITIncident:91331,test
ITIncident:91334,test
ITIncident:91348,train
ITIncident:91352,train
ITIncident:91361,train
ITIncident:91367,train
ITIncident:91370,train
ITIncident:91373,test
ITIncident:91376,train
ITIncident:91381,train
ITIncident:91385,train
ITIncident:91392,train
ITIncident:91397,train
ITIncident:91406,test
ITIncident:91408,train
ITIncident:91411,train
ITIncident:91413,test
ITIncident:91418,train
ITIncident:91421,train
ITIncident:91425,train
ITIncident:91428,train
ITIncident:91431,train
ITIncident:91434,train
ITIncident:91437,train
ITIncident:91440,train
ITIncident:91444,test
ITIncident:91447,train
ITIncident:91450,train
ITIncident:91453,test
ITIncident:91456,train
ITIncident:91459,train
ITIncident:91462,train
ITIncident:91465,train
ITIncident:91471,test
ITIncident:91474,train
ITIncident:91477,test
ITIncident:91481,train
ITIncident:91484,train
ITIncident:91489,train
ITIncident:91498,train
ITIncident:91502,train
ITIncident:91505,train
ITIncident:91508,train
ITIncident:91511,test
ITIncident:91514,train
ITIncident:91517,train
ITIncident:91520,test
ITIncident:91526,test
ITIncident:91529,train
ITIncident:91537,train
ITIncident:91540,train
ITIncident:91543,train
ITIncident:91546,train
ITIncident:91549,train
ITIncident:91553,train
ITIncident:91557,train
ITIncident:91560,train
ITIncident:91563,train
ITIncident:91566,train
ITIncident:91572,test
ITIncident:91578,train
ITIncident:91586,train
ITIncident:91589,train
ITIncident:91592,train
ITIncident:91596,train
ITIncident:91602,train
ITIncident:91605,train
ITIncident:91608,train
ITIncident:91613,train
ITIncident:91623,train
ITIncident:91632,train
ITIncident:91635,train
ITIncident:91638,train
ITIncident:91648,train
ITIncident:91651,test
ITIncident:91656,train
ITIncident:91659,train
ITIncident:91669,train
ITIncident:91673,train
ITIncident:91686,train
ITIncident:91690,train
ITIncident:91693,train
ITIncident:91696,train
ITIncident:91700,train
ITIncident:91705,train
ITIncident:91713,test
ITIncident:91719,test
ITIncident:91722,train
ITIncident:91725,train
ITIncident:91729,train
ITIncident:91734,train
ITIncident:91739,test
ITIncident:91742,train
ITIncident:91745,train
ITIncident:91749,train
ITIncident:91758,train
ITIncident:91762,train
ITIncident:91766,train
ITIncident:91769,train
ITIncident:91772,train
ITIncident:91780,train
ITIncident:91788,train
ITIncident:91792,train
ITIncident:91795,train
ITIncident:91798,train
ITIncident:91802,train
ITIncident:91805,train
ITIncident:91810,test
ITIncident:91813,train
ITIncident:91816,train
ITIncident:91822,train
ITIncident:91825,train
ITIncident:91837,train
ITIncident:91841,train
ITIncident:91845,train
ITIncident:91857,test
ITIncident:91863,train
ITIncident:91868,train
ITIncident:91871,train
ITIncident:91874,test
ITIncident:91880,train
ITIncident:91883,train
ITIncident:91888,test
ITIncident:91892,train
ITIncident:91895,train
ITIncident:91898,train
ITIncident:91902,train
ITIncident:91905,train
ITIncident:91909,train
ITIncident:91912,train
ITIncident:91917,train
ITIncident:91920,test
ITIncident:91928,train
ITIncident:91931,train
ITIncident:91934,test
ITIncident:91938,train
ITIncident:91943,test
ITIncident:91946,test
ITIncident:91950,train
ITIncident:91953,train
ITIncident:91956,train
ITIncident:91959,train
ITIncident:91963,train
ITIncident:91969,train
ITIncident:91972,train
ITIncident:91981,train
ITIncident:91985,train
ITIncident:91992,train
ITIncident:91996,train
ITIncident:92003,train
ITIncident:92006,train
ITIncident:92009,train
ITIncident:92014,train
ITIncident:92017,train
ITIncident:92021,train
ITIncident:92024,train
ITIncident:92030,train
ITIncident:92033,train
ITIncident:92036,train
ITIncident:92042,train
ITIncident:92047,train
ITIncident:92050,train
ITIncident:92053,train
ITIncident:92056,train
ITIncident:92061,train
ITIncident:92069,train
ITIncident:92075,train
ITIncident:92081,train
ITIncident:92087,train
ITIncident:92096,test
ITIncident:92100,train
ITIncident:92103,train
ITIncident:92110,train
ITIncident:92113,train
ITIncident:92118,test
ITIncident:92121,test
ITIncident:92126,train
ITIncident:92134,train
ITIncident:92137,train
ITIncident:92140,train
ITIncident:92143,train
ITIncident:92148,train
ITIncident:92151,train
ITIncident:92156,train
ITIncident:92160,train
ITIncident:92163,train
ITIncident:92166,test
ITIncident:92170,train
ITIncident:92181,test
ITIncident:92186,train
ITIncident:92200,train
ITIncident:92204,test
ITIncident:92213,train
ITIncident:92217,test
ITIncident:92224,train
ITIncident:92228,train
ITIncident:92234,train
ITIncident:92247,train
ITIncident:92253,train
ITIncident:92259,train
ITIncident:92264,train
ITIncident:92267,train
ITIncident:92270,train
ITIncident:92273,train
ITIncident:92276,train
ITIncident:92279,train
ITIncident:92282,train
ITIncident:92285,train
ITIncident:92289,train
ITIncident:92293,test
ITIncident:92296,test
ITIncident:92300,train
ITIncident:92323,train
ITIncident:92327,train
ITIncident:92331,train
ITIncident:92339,train
ITIncident:92342,train
ITIncident:92347,train
ITIncident:92351,train
ITIncident:92354,test
ITIncident:92358,train
ITIncident:92362,train
ITIncident:92366,train
ITIncident:92371,train
ITIncident:92374,train
ITIncident:92378,train
ITIncident:92382,train
ITIncident:92385,train
ITIncident:92395,train
ITIncident:92399,train
ITIncident:92404,train
ITIncident:92407,train
ITIncident:92410,train
ITIncident:92413,train
ITIncident:92431,train
ITIncident:92435,train
ITIncident:92439,train
ITIncident:92443,train
ITIncident:92446,train
ITIncident:92450,train
ITIncident:92454,train
ITIncident:92457,train
ITIncident:92461,train
ITIncident:92464,train
ITIncident:92474,train
ITIncident:92477,test
ITIncident:92480,train
ITIncident:92483,train
ITIncident:92495,train
ITIncident:92498,train
ITIncident:92512,train
ITIncident:92517,test
ITIncident:92520,train
ITIncident:92525,train
ITIncident:92537,test
ITIncident:92539,test
ITIncident:92542,train
ITIncident:92549,test
ITIncident:92552,train
ITIncident:92557,test
ITIncident:92560,test
ITIncident:92564,test
ITIncident:92567,train
ITIncident:92570,train
ITIncident:92575,train
ITIncident:92579,train
ITIncident:92582,train
ITIncident:92586,test
ITIncident:92589,train
ITIncident:92593,train
ITIncident:92596,train
ITIncident:92600,train
ITIncident:92606,test
ITIncident:92610,train
ITIncident:92613,train
ITIncident:92617,test
ITIncident:92625,train
ITIncident:92630,train
ITIncident:92634,train
ITIncident:92637,train
ITIncident:92641,train
ITIncident:92645,train
ITIncident:92648,train
ITIncident:92653,train
ITIncident:92657,train
ITIncident:92663,train
ITIncident:92666,train
ITIncident:92669,train
ITIncident:92672,train
ITIncident:92676,train
ITIncident:92679,train
ITIncident:92684,train
ITIncident:92687,train
ITIncident:92694,train
ITIncident:92698,train
ITIncident:92705,train
ITIncident:92717,test
ITIncident:92720,train
ITIncident:92722,test
ITIncident:92728,train
ITIncident:92731,train
ITIncident:92737,train
ITIncident:92740,train
ITIncident:92747,train
ITIncident:92751,test
ITIncident:92757,train
ITIncident:92760,test
ITIncident:92769,train
ITIncident:92776,train
ITIncident:92783,train
ITIncident:92786,test
ITIncident:92790,test
ITIncident:92793,train
ITIncident:92800,train
ITIncident:92803,train
ITIncident:92806,train
ITIncident:92809,train
ITIncident:92812,train
ITIncident:92816,train
ITIncident:92822,test
ITIncident:92830,train
ITIncident:92834,train
ITIncident:92838,train
ITIncident:92841,test
ITIncident:92844,train
ITIncident:92847,train
ITIncident:92853,train
ITIncident:92862,train
ITIncident:92868,train
ITIncident:92872,train
ITIncident:92878,train
ITIncident:92882,train
ITIncident:92886,test
ITIncident:92891,test
ITIncident:92896,train
ITIncident:92901,train
ITIncident:92904,train
ITIncident:92907,train
ITIncident:92910,train
ITIncident:92913,test
ITIncident:92915,train
ITIncident:92926,train
ITIncident:92932,train
ITIncident:92936,train
ITIncident:92939,train
ITIncident:92947,train
ITIncident:92951,train
ITIncident:92962,train
ITIncident:92968,train
ITIncident:92971,train
ITIncident:92979,train
ITIncident:92983,train
ITIncident:92987,train
ITIncident:92989,train
ITIncident:93001,test
ITIncident:93003,train
ITIncident:93007,test
ITIncident:93018,train
ITIncident:93024,train
ITIncident:93029,test
ITIncident:93032,train
ITIncident:93036,train
ITIncident:93039,train
ITIncident:93042,train
ITIncident:93046,test
ITIncident:93049,test
ITIncident:93053,train
ITIncident:93057,train
ITIncident:93060,train
ITIncident:93062,train
ITIncident:93065,train
ITIncident:93069,train
ITIncident:93077,train
ITIncident:93080,train
ITIncident:93086,train
ITIncident:93090,train
ITIncident:93093,train
ITIncident:93099,test
ITIncident:93104,train
ITIncident:93111,test
ITIncident:93113,train
ITIncident:93116,train
ITIncident:93119,train
ITIncident:93122,test
ITIncident:93130,train
ITIncident:93136,train
ITIncident:93138,train
ITIncident:93141,test
ITIncident:93148,train
ITIncident:93153,train
ITIncident:93157,train
ITIncident:93160,train
ITIncident:93164,train
ITIncident:93168,train
ITIncident:93173,train
ITIncident:93181,test
ITIncident:93185,train
ITIncident:93198,test
ITIncident:93201,test
ITIncident:93230,test
ITIncident:93235,train
ITIncident:93238,train
ITIncident:93246,train
ITIncident:93249,train
ITIncident:93252,train
ITIncident:93258,test
ITIncident:93260,train
ITIncident:93263,test
ITIncident:93267,train
ITIncident:93271,train
ITIncident:93274,train
ITIncident:93281,train
ITIncident:93284,train
ITIncident:93290,train
ITIncident:93292,train
ITIncident:93296,train
ITIncident:93299,train
ITIncident:93304,train
ITIncident:93307,train
ITIncident:93310,train
ITIncident:93313,train
ITIncident:93315,train
ITIncident:93318,train
ITIncident:93322,train
ITIncident:93325,train
ITIncident:93329,train
ITIncident:93339,train
ITIncident:93344,train
ITIncident:93347,train
ITIncident:93357,train
ITIncident:93361,train
ITIncident:93367,train
ITIncident:93375,train
ITIncident:93378,test
ITIncident:93387,train
ITIncident:93392,train
ITIncident:93397,test
ITIncident:93401,train
ITIncident:93406,train
ITIncident:93409,train
ITIncident:93412,train
ITIncident:93422,test
ITIncident:93425,train
ITIncident:93428,train
ITIncident:93435,train
ITIncident:93444,test
ITIncident:93451,train
ITIncident:93456,train
ITIncident:93459,train
ITIncident:93463,train
ITIncident:93472,train
ITIncident:93476,train
ITIncident:93481,train
ITIncident:93483,train
ITIncident:93487,train
ITIncident:93496,train
ITIncident:93498,train
ITIncident:93506,train
ITIncident:93509,train
ITIncident:93514,train
ITIncident:93517,test
ITIncident:93520,train
ITIncident:93523,train
ITIncident:93526,test
ITIncident:93531,train
ITIncident:93534,train
ITIncident:93540,train
ITIncident:93543,train
ITIncident:93546,test
ITIncident:93549,train
ITIncident:93556,train
ITIncident:93564,train
ITIncident:93567,train
ITIncident:93571,train
ITIncident:93575,train
ITIncident:93578,train
ITIncident:93586,test
ITIncident:93593,train
ITIncident:93601,test
ITIncident:93606,train
ITIncident:93609,test
ITIncident:93614,train
ITIncident:93617,test
ITIncident:93623,train
ITIncident:93626,train
ITIncident:93629,test
ITIncident:93632,train
ITIncident:93635,train
ITIncident:93641,train
ITIncident:93643,train
ITIncident:93648,train
ITIncident:93659,train
ITIncident:93662,train
ITIncident:93665,train
ITIncident:93668,train
ITIncident:93673,train
ITIncident:93676,train
ITIncident:93679,test
ITIncident:93682,test
ITIncident:93686,train
ITIncident:93689,test
ITIncident:93693,train
ITIncident:93696,train
ITIncident:93704,train
ITIncident:93707,train
ITIncident:93709,train
ITIncident:93712,test
ITIncident:93718,train
ITIncident:93731,train
ITIncident:93734,train
ITIncident:93738,train
ITIncident:93743,train
ITIncident:93745,test
ITIncident:93749,train
ITIncident:93757,train
ITIncident:93766,test
ITIncident:93770,train
ITIncident:93774,train
ITIncident:93777,train
ITIncident:93790,test
ITIncident:93797,train
ITIncident:93800,test
ITIncident:93817,train
ITIncident:93820,train
ITIncident:93823,train
ITIncident:93832,train
ITIncident:93844,train
ITIncident:93849,train
ITIncident:93853,train
ITIncident:93856,train
ITIncident:93861,train
ITIncident:93869,train
ITIncident:93874,train
ITIncident:93877,train
ITIncident:93885,train
ITIncident:93897,train
ITIncident:93901,train
ITIncident:93904,train
ITIncident:93907,train
ITIncident:93917,train
ITIncident:93920,test
ITIncident:93923,train
ITIncident:93929,train
ITIncident:93935,train
ITIncident:93938,train
ITIncident:93941,train
ITIncident:93944,train
ITIncident:93947,test
ITIncident:93951,train
ITIncident:93955,test
ITIncident:93962,train
ITIncident:93966,train
ITIncident:93970,train
ITIncident:93975,test
ITIncident:93979,train
ITIncident:93982,train
ITIncident:93985,test
ITIncident:93989,train
ITIncident:93992,test
ITIncident:93999,train
ITIncident:94002,test
ITIncident:94005,train
ITIncident:94008,train
ITIncident:94011,train
ITIncident:94015,train
ITIncident:94021,test
ITIncident:94024,train
ITIncident:94027,train
ITIncident:94031,train
ITIncident:94037,train
ITIncident:94040,train
ITIncident:94043,train
ITIncident:94046,train
ITIncident:94049,train
ITIncident:94057,train
ITIncident:94059,train
ITIncident:94067,train
ITIncident:94071,train
ITIncident:94074,train
ITIncident:94078,train
ITIncident:94089,train
ITIncident:94096,train
ITIncident:94103,train
ITIncident:94109,train
ITIncident:94112,train
ITIncident:94117,train
ITIncident:94121,train
ITIncident:94129,test
ITIncident:94136,test
ITIncident:94146,test
ITIncident:94149,train
ITIncident:94154,train
ITIncident:94158,train
ITIncident:94163,train
ITIncident:94167,train
ITIncident:94171,train
ITIncident:94178,test
ITIncident:94180,train
ITIncident:94187,train
ITIncident:94189,train
ITIncident:94193,train
ITIncident:94198,test
ITIncident:94224,train
ITIncident:94227,train
ITIncident:94235,test
ITIncident:94252,train
ITIncident:94255,train
ITIncident:94259,train
ITIncident:94262,train
ITIncident:94266,train
ITIncident:94269,train
ITIncident:94273,train
ITIncident:94279,train
ITIncident:94282,train
ITIncident:94285,train
ITIncident:94288,train
ITIncident:94292,train
ITIncident:94294,train
ITIncident:94297,train
ITIncident:94302,train
ITIncident:94305,train
ITIncident:94308,train
ITIncident:94316,train
ITIncident:94319,test
ITIncident:94321,train
ITIncident:94324,train
ITIncident:94331,train
ITIncident:94336,train
ITIncident:94339,test
ITIncident:94342,train
ITIncident:94345,train
ITIncident:94352,train
ITIncident:94360,train
ITIncident:94364,train
ITIncident:94372,test
ITIncident:94375,train
ITIncident:94380,test
ITIncident:94382,test
ITIncident:94389,train
ITIncident:94392,test
ITIncident:94395,test
ITIncident:94398,train
ITIncident:94413,train
ITIncident:94418,train
ITIncident:94421,test
ITIncident:94429,train
ITIncident:94436,train
ITIncident:94441,train
ITIncident:94462,train
ITIncident:94466,train
ITIncident:94469,train
ITIncident:94474,train
ITIncident:94484,test
ITIncident:94488,train
ITIncident:94491,train
ITIncident:94494,train
ITIncident:94502,train
ITIncident:94506,test
ITIncident:94509,test
ITIncident:94513,train
ITIncident:94516,test
ITIncident:94519,train
ITIncident:94533,test
ITIncident:94542,train
ITIncident:94545,test
ITIncident:94558,test
ITIncident:94563,test
ITIncident:94579,train
ITIncident:94582,train
ITIncident:94586,train
ITIncident:94589,train
ITIncident:94592,train
ITIncident:94599,train
ITIncident:94602,test
ITIncident:94610,train
ITIncident:94615,train
ITIncident:94620,train
ITIncident:94624,train
ITIncident:94627,test
ITIncident:94632,test
ITIncident:94635,train
ITIncident:94641,train
ITIncident:94644,train
ITIncident:94648,train
ITIncident:94651,train
ITIncident:94659,train
ITIncident:94662,train
ITIncident:94667,train
ITIncident:94670,train
ITIncident:94673,train
ITIncident:94675,test
ITIncident:94678,train
ITIncident:94681,train
ITIncident:94688,train
ITIncident:94693,train
ITIncident:94696,train
ITIncident:94698,train
ITIncident:94701,train
ITIncident:94704,test
ITIncident:94706,train
ITIncident:94710,train
ITIncident:94713,train
ITIncident:94716,train
ITIncident:94721,train
ITIncident:94728,train
ITIncident:94731,train
ITIncident:94733,train
ITIncident:94750,train
ITIncident:94760,train
ITIncident:94763,test
ITIncident:94767,train
ITIncident:94770,train
ITIncident:94775,train
ITIncident:94778,train
ITIncident:94781,train
ITIncident:94783,train
ITIncident:94787,train
ITIncident:94797,train
ITIncident:94799,train
ITIncident:94802,train
ITIncident:94813,train
ITIncident:94815,train
ITIncident:94817,train
ITIncident:94821,train
ITIncident:94826,test
ITIncident:94830,train
ITIncident:94837,test
ITIncident:94841,train
ITIncident:94843,train
ITIncident:94851,test
ITIncident:94856,train
ITIncident:94859,train
ITIncident:94862,train
ITIncident:94867,train
ITIncident:94870,train
ITIncident:94882,test
ITIncident:94888,test
ITIncident:94900,train
ITIncident:94908,train
ITIncident:94913,test
ITIncident:94916,train
ITIncident:94922,train
ITIncident:94924,train
ITIncident:94928,train
ITIncident:94933,train
ITIncident:94936,train
ITIncident:94938,train
ITIncident:94943,train
ITIncident:94946,test
ITIncident:94949,train
ITIncident:94952,test
ITIncident:94955,test
ITIncident:94958,test
ITIncident:94961,train
ITIncident:94966,train
ITIncident:94969,train
ITIncident:94976,train
ITIncident:94979,train
ITIncident:94982,train
ITIncident:94986,test
ITIncident:94995,train
ITIncident:95002,train
ITIncident:95005,train
ITIncident:95007,test
ITIncident:95010,train
ITIncident:95012,train
ITIncident:95015,train
ITIncident:95022,train
ITIncident:95024,train
ITIncident:95027,train
ITIncident:95030,test
ITIncident:95032,train
ITIncident:95035,train
ITIncident:95041,train
ITIncident:95044,test
ITIncident:95050,train
ITIncident:95052,train
ITIncident:95055,train
ITIncident:95059,train
ITIncident:95068,train
ITIncident:95072,train
ITIncident:95078,train
ITIncident:95082,train
ITIncident:95086,test
ITIncident:95096,train
ITIncident:95099,train
ITIncident:95103,train
ITIncident:95105,train
ITIncident:95109,train
ITIncident:95111,train
ITIncident:95115,train
ITIncident:95121,train
ITIncident:95133,train
ITIncident:95136,train
ITIncident:95145,train
ITIncident:95148,train
ITIncident:95155,train
ITIncident:95158,train
ITIncident:95161,train
ITIncident:95165,train
ITIncident:95170,test
ITIncident:95178,test
ITIncident:95182,test
ITIncident:95187,train
ITIncident:95189,train
ITIncident:95193,test
ITIncident:95196,train
ITIncident:95199,train
ITIncident:95203,test
ITIncident:95215,train
ITIncident:95222,train
ITIncident:95226,train
ITIncident:95229,train
ITIncident:95231,train
ITIncident:95237,train
ITIncident:95241,train
ITIncident:95244,train
ITIncident:95247,train
ITIncident:95264,train
ITIncident:95277,train
ITIncident:95281,train
ITIncident:95284,test
ITIncident:95287,train
ITIncident:95291,train
ITIncident:95296,train
ITIncident:95300,train
ITIncident:95304,train
ITIncident:95308,train
ITIncident:95311,train
ITIncident:95319,train
ITIncident:95323,train
ITIncident:95325,test
ITIncident:95328,train
ITIncident:95333,train
ITIncident:95336,train
ITIncident:95342,train
ITIncident:95346,train
ITIncident:95352,train
ITIncident:95358,train
ITIncident:95362,test
ITIncident:95365,test
ITIncident:95369,train
ITIncident:95374,train
ITIncident:95380,train
ITIncident:95383,test
ITIncident:95386,train
ITIncident:95389,train
ITIncident:95398,train
ITIncident:95408,train
ITIncident:95414,train
ITIncident:95417,train
ITIncident:95422,train
ITIncident:95432,train
ITIncident:95445,train
ITIncident:95455,train
ITIncident:95458,train
ITIncident:95461,train
ITIncident:95464,train
ITIncident:95468,train
ITIncident:95472,train
ITIncident:95476,test
ITIncident:95478,train
ITIncident:95481,train
ITIncident:95485,train
ITIncident:95489,train
ITIncident:95498,train
ITIncident:95501,train
ITIncident:95505,train
ITIncident:95508,train
ITIncident:95511,train
ITIncident:95516,train
ITIncident:95520,test
ITIncident:95536,train
ITIncident:95539,train
ITIncident:95542,train
ITIncident:95559,train
ITIncident:95563,test
ITIncident:95574,train
ITIncident:95578,test
ITIncident:95585,train
ITIncident:95588,test
ITIncident:95591,test
ITIncident:95594,test
ITIncident:95598,train
ITIncident:95601,test
ITIncident:95605,train
ITIncident:95607,test
ITIncident:95615,test
ITIncident:95619,test
ITIncident:95623,train
ITIncident:95628,test
ITIncident:95631,train
ITIncident:95634,train
ITIncident:95638,train
ITIncident:95644,train
ITIncident:95646,train
ITIncident:95658,train
ITIncident:95663,train
ITIncident:95667,test
ITIncident:95678,test
ITIncident:95681,train
ITIncident:95691,train
ITIncident:95694,test
ITIncident:95697,train
ITIncident:95703,test
ITIncident:95709,train
ITIncident:95713,train
ITIncident:95718,test
ITIncident:95724,test
ITIncident:95730,train
ITIncident:95733,train
ITIncident:95736,train
ITIncident:95740,train
ITIncident:95745,test
ITIncident:95748,test
ITIncident:95753,test
ITIncident:95756,train
ITIncident:95767,train
ITIncident:95771,test
ITIncident:95778,train
ITIncident:95781,train
ITIncident:95786,train
ITIncident:95790,train
ITIncident:95793,train
ITIncident:95797,train
ITIncident:95801,test
ITIncident:95804,train
ITIncident:95808,train
ITIncident:95825,train
ITIncident:95829,train
ITIncident:95832,train
ITIncident:95837,train
ITIncident:95845,train
ITIncident:95849,train
ITIncident:95856,test
ITIncident:95860,train
ITIncident:95864,train
ITIncident:95868,test
ITIncident:95871,train
ITIncident:95891,train
ITIncident:95895,train
ITIncident:95900,train
ITIncident:95902,train
ITIncident:95906,train
ITIncident:95916,train
ITIncident:95921,train
ITIncident:95924,test
ITIncident:95928,train
ITIncident:95931,train
ITIncident:95938,train
ITIncident:95941,train
ITIncident:95946,train
ITIncident:95956,train
ITIncident:95959,train
ITIncident:95963,train
ITIncident:95970,train
ITIncident:95973,train
ITIncident:95979,train
ITIncident:95983,test
ITIncident:96004,train
ITIncident:96008,train
ITIncident:96015,train
ITIncident:96017,train
ITIncident:96021,train
ITIncident:96024,train
ITIncident:96028,train
ITIncident:96032,train
ITIncident:96037,train
ITIncident:96040,test
ITIncident:96043,train
ITIncident:96048,train
ITIncident:96051,train
ITIncident:96054,train
ITIncident:96059,train
ITIncident:96063,train
ITIncident:96080,train
ITIncident:96084,train
ITIncident:96087,train
ITIncident:96091,train
ITIncident:96095,train
ITIncident:96099,train
ITIncident:96106,train
ITIncident:96109,train
ITIncident:96112,train
ITIncident:96114,train
ITIncident:96123,test
ITIncident:96127,test
ITIncident:96130,test
ITIncident:96133,train
ITIncident:96135,train
ITIncident:96138,test
ITIncident:96141,train
ITIncident:96143,train
ITIncident:96147,train
ITIncident:96150,test
ITIncident:96152,test
ITIncident:96160,test
ITIncident:96169,train
ITIncident:96178,train
ITIncident:96181,train
ITIncident:96187,train
ITIncident:96190,train
ITIncident:96200,test
ITIncident:96203,test
ITIncident:96205,train
ITIncident:96208,train
ITIncident:96212,test
ITIncident:96219,train
ITIncident:96232,train
ITIncident:96235,train
ITIncident:96243,train
ITIncident:96246,train
ITIncident:96253,train
ITIncident:96255,test
ITIncident:96258,train
ITIncident:96261,train
ITIncident:96273,train
ITIncident:96276,train
ITIncident:96287,train
ITIncident:96290,train
ITIncident:96294,train
ITIncident:96297,train
ITIncident:96304,test
ITIncident:96307,train
ITIncident:96311,train
ITIncident:96316,train
ITIncident:96319,train
ITIncident:96324,test
ITIncident:96337,train
ITIncident:96342,test
ITIncident:96345,train
ITIncident:96348,test
ITIncident:96353,test
ITIncident:96356,train
ITIncident:96363,train
ITIncident:96372,train
ITIncident:96379,test
ITIncident:96382,train
ITIncident:96388,train
ITIncident:96413,test
ITIncident:96416,train
ITIncident:96419,test
ITIncident:96422,train
ITIncident:96429,test
ITIncident:96437,train
ITIncident:96441,train
ITIncident:96443,test
ITIncident:96445,train
ITIncident:96448,train
ITIncident:96453,train
ITIncident:96456,test
ITIncident:96458,train
ITIncident:96461,train
ITIncident:96465,train
ITIncident:96474,train
ITIncident:96479,train
ITIncident:96484,train
ITIncident:96491,train
ITIncident:96494,train
ITIncident:96497,train
ITIncident:96500,train
ITIncident:96506,train
ITIncident:96509,train
ITIncident:96512,test
ITIncident:96518,test
ITIncident:96526,test
ITIncident:96528,train
ITIncident:96538,test
ITIncident:96541,train
ITIncident:96547,test
ITIncident:96550,train
ITIncident:96555,train
ITIncident:96566,train
ITIncident:96573,train
ITIncident:96580,train
ITIncident:96584,train
ITIncident:96591,train
ITIncident:96595,train
ITIncident:96598,train
ITIncident:96600,train
ITIncident:96603,train
ITIncident:96609,train
ITIncident:96612,train
ITIncident:96616,train
ITIncident:96622,train
ITIncident:96628,train
ITIncident:96635,train
ITIncident:96646,train
ITIncident:96649,train
ITIncident:96658,train
ITIncident:96662,train
ITIncident:96665,train
ITIncident:96671,train
ITIncident:96675,test
ITIncident:96684,train
ITIncident:96689,train
ITIncident:96692,train
ITIncident:96694,test
ITIncident:96701,test
ITIncident:96704,test
ITIncident:96707,test
ITIncident:96709,test
ITIncident:96714,test
ITIncident:96717,train
ITIncident:96719,train
ITIncident:96722,train
ITIncident:96724,train
ITIncident:96726,train
ITIncident:96728,test
ITIncident:96730,test
ITIncident:96733,train
ITIncident:96736,train
ITIncident:96738,train
ITIncident:96740,test
ITIncident:96742,train
ITIncident:96745,train
ITIncident:96749,train
ITIncident:96752,train
ITIncident:96754,test
ITIncident:96756,test
ITIncident:96758,test
ITIncident:96761,train
ITIncident:96768,train
ITIncident:96776,train
ITIncident:96785,train
ITIncident:96797,train
ITIncident:96805,train
ITIncident:96812,train
ITIncident:96820,train
ITIncident:96828,train
ITIncident:96830,test
ITIncident:96832,test
ITIncident:96834,test
ITIncident:96836,test
ITIncident:96838,test
ITIncident:96840,train
ITIncident:96842,train
ITIncident:96844,train
ITIncident:96846,train
ITIncident:96856,train
ITIncident:96858,train
ITIncident:96860,train
ITIncident:96862,train
ITIncident:96864,train
ITIncident:96866,train
ITIncident:96868,train
ITIncident:96872,train
ITIncident:96877,train
ITIncident:96880,train
ITIncident:96894,train
ITIncident:96901,train
ITIncident:96905,train
ITIncident:96909,train
ITIncident:96916,train
ITIncident:96920,train
ITIncident:96923,train
ITIncident:96942,train
ITIncident:96951,test
ITIncident:96956,train
ITIncident:96959,train
ITIncident:96963,train
ITIncident:96969,train
ITIncident:96972,train
ITIncident:96975,train
ITIncident:96980,train
ITIncident:96983,train
ITIncident:96986,train
ITIncident:96989,train
ITIncident:96997,train
ITIncident:97000,train
ITIncident:97003,train
ITIncident:97006,train
ITIncident:97011,train
ITIncident:97014,train
ITIncident:97017,train
ITIncident:97020,train
ITIncident:97023,train
ITIncident:97026,train
ITIncident:97034,train
ITIncident:97038,train
ITIncident:97041,train
ITIncident:97044,train
ITIncident:97050,train
ITIncident:97064,train
ITIncident:97069,train
ITIncident:97072,train
ITIncident:97075,train
ITIncident:97079,train
ITIncident:97083,test
ITIncident:97102,train
ITIncident:97112,train
ITIncident:97116,train
ITIncident:97120,train
ITIncident:97124,train
ITIncident:97127,train
ITIncident:97139,train
ITIncident:97142,train
ITIncident:97145,train
ITIncident:97149,train
ITIncident:97153,train
ITIncident:97157,test
ITIncident:97160,train
ITIncident:97163,train
ITIncident:97170,train
ITIncident:97173,train
ITIncident:97181,train
ITIncident:97184,train
ITIncident:97187,train
ITIncident:97192,test
ITIncident:97195,train
ITIncident:97199,train
ITIncident:97202,train
ITIncident:97206,train
ITIncident:97209,test
ITIncident:97213,train
ITIncident:97216,train
ITIncident:97220,test
ITIncident:97228,train
ITIncident:97235,train
ITIncident:97238,test
ITIncident:97242,train
ITIncident:97245,train
ITIncident:97249,train
ITIncident:97253,train
ITIncident:97257,train
ITIncident:97261,train
ITIncident:97265,train
ITIncident:97268,train
ITIncident:97273,train
ITIncident:97277,test
ITIncident:97280,train
ITIncident:97283,train
ITIncident:97286,train
ITIncident:97289,train
ITIncident:97292,train
ITIncident:97295,train
ITIncident:97298,train
ITIncident:97309,train
ITIncident:97312,train
ITIncident:97315,train
ITIncident:97321,train
ITIncident:97324,train
ITIncident:97327,train
ITIncident:97330,train
ITIncident:97336,train
ITIncident:97339,train
ITIncident:97351,train
ITIncident:97354,train
ITIncident:97357,train
ITIncident:97367,train
ITIncident:97370,train
ITIncident:97373,train
ITIncident:97376,train
ITIncident:97379,train
ITIncident:97382,train
ITIncident:97385,train
ITIncident:97388,train
ITIncident:97391,train
ITIncident:97394,train
ITIncident:97397,train
ITIncident:97404,train
ITIncident:97411,train
ITIncident:97414,test
ITIncident:97420,train
ITIncident:97424,test
ITIncident:97427,train
ITIncident:97430,train
ITIncident:97434,train
ITIncident:97438,train
ITIncident:97441,train
ITIncident:97446,train
ITIncident:97453,train
ITIncident:97456,train
ITIncident:97460,train
ITIncident:97467,train
ITIncident:97474,test
ITIncident:97487,train
ITIncident:97492,train
ITIncident:97495,test
ITIncident:97510,train
ITIncident:97514,test
ITIncident:97526,train
ITIncident:97529,test
ITIncident:97541,train
ITIncident:97547,train
ITIncident:97555,train
ITIncident:97563,test
ITIncident:97571,train
ITIncident:97575,test
ITIncident:97578,train
ITIncident:97582,train
ITIncident:97585,train
ITIncident:97592,train
ITIncident:97596,train
ITIncident:97600,train
ITIncident:97603,train
ITIncident:97606,test
ITIncident:97610,test
ITIncident:97617,test
ITIncident:97623,train
ITIncident:97627,test
ITIncident:97634,train
ITIncident:97641,test
ITIncident:97644,train
ITIncident:97647,train
ITIncident:97650,train
ITIncident:97654,test
ITIncident:97657,train
ITIncident:97664,train
ITIncident:97667,train
ITIncident:97670,train
ITIncident:97680,train
ITIncident:97683,train
ITIncident:97690,train
ITIncident:97693,train
ITIncident:97696,test
ITIncident:97699,train
ITIncident:97702,train
ITIncident:97705,train
ITIncident:97713,train
ITIncident:97716,train
ITIncident:97719,train
ITIncident:97722,train
ITIncident:97725,train
ITIncident:97728,train
ITIncident:97731,train
ITIncident:97737,train
ITIncident:97740,train
ITIncident:97742,train
ITIncident:97754,test
ITIncident:97757,train
ITIncident:97761,train
ITIncident:97766,train
ITIncident:97769,train
ITIncident:97780,train
ITIncident:97786,test
ITIncident:97789,test
ITIncident:97792,train
ITIncident:97796,test
ITIncident:97801,test
ITIncident:97805,test
ITIncident:97828,train
ITIncident:97832,train
ITIncident:97836,train
ITIncident:97839,train
ITIncident:97844,test
ITIncident:97847,train
ITIncident:97850,train
ITIncident:97853,train
ITIncident:97856,train
ITIncident:97859,train
ITIncident:97862,train
ITIncident:97865,train
ITIncident:97884,train
ITIncident:97889,train
ITIncident:97892,train
ITIncident:97895,train
ITIncident:97899,train
ITIncident:97902,train
ITIncident:97914,train
ITIncident:97917,train
ITIncident:97921,train
ITIncident:97931,train
ITIncident:97934,train
ITIncident:97937,train
ITIncident:97940,train
ITIncident:97947,train
ITIncident:97958,train
ITIncident:97962,test
ITIncident:97973,train
ITIncident:97979,train
ITIncident:97993,test
ITIncident:97996,train
ITIncident:98000,train
ITIncident:98004,train
ITIncident:98007,train
ITIncident:98010,train
ITIncident:98015,test
ITIncident:98018,test
ITIncident:98021,train
ITIncident:98028,train
ITIncident:98031,train
ITIncident:98035,train
ITIncident:98042,test
ITIncident:98053,test
ITIncident:98056,train
ITIncident:98060,train
ITIncident:98066,train
ITIncident:98069,test
ITIncident:98075,test
ITIncident:98078,train
ITIncident:98081,train
ITIncident:98096,train
ITIncident:98099,train
ITIncident:98103,train
ITIncident:98112,train
ITIncident:98117,train
ITIncident:98120,train
ITIncident:98128,train
ITIncident:98131,train
ITIncident:98134,train
ITIncident:98144,train
ITIncident:98155,train
ITIncident:98157,train
ITIncident:98159,train
ITIncident:98161,train
ITIncident:98163,train
ITIncident:98169,train
ITIncident:98175,test
ITIncident:98177,train
ITIncident:98187,test
ITIncident:98192,train
ITIncident:98198,train
ITIncident:98201,train
ITIncident:98203,train
ITIncident:98210,train
ITIncident:98213,train
ITIncident:98216,train
ITIncident:98218,train
ITIncident:98224,train
ITIncident:98229,train
ITIncident:98232,train
ITIncident:98235,train
ITIncident:98240,train
ITIncident:98242,train
ITIncident:98246,train
ITIncident:98252,train
ITIncident:98254,train
ITIncident:98259,test
ITIncident:98263,train
ITIncident:98270,test
ITIncident:98273,train
ITIncident:98275,train
ITIncident:98281,test
ITIncident:98283,train
ITIncident:98298,test
ITIncident:98302,test
ITIncident:98308,train
ITIncident:98312,train
ITIncident:98314,train
ITIncident:98323,train
ITIncident:98327,train
ITIncident:98337,train
ITIncident:98340,train
ITIncident:98343,train
ITIncident:98346,train
ITIncident:98354,test
ITIncident:98361,train
ITIncident:98364,train
ITIncident:98372,train
ITIncident:98375,train
ITIncident:98379,test
ITIncident:98383,train
ITIncident:98388,test
ITIncident:98392,train
ITIncident:98399,train
ITIncident:98402,test
ITIncident:98406,train
ITIncident:98410,test
ITIncident:98412,train
ITIncident:98415,train
ITIncident:98420,test
ITIncident:98422,train
ITIncident:98425,test
ITIncident:98427,train
ITIncident:98438,train
ITIncident:98441,train
ITIncident:98446,train
ITIncident:98455,train
ITIncident:98457,train
ITIncident:98461,train
ITIncident:98463,train
ITIncident:98474,train
ITIncident:98482,train
ITIncident:98493,test
ITIncident:98498,train
ITIncident:98500,train
ITIncident:98510,train
ITIncident:98515,test
ITIncident:98517,train
ITIncident:98520,train
ITIncident:98522,train
ITIncident:98524,train
ITIncident:98527,train
ITIncident:98538,train
ITIncident:98540,train
ITIncident:98542,train
ITIncident:98547,train
ITIncident:98557,train
ITIncident:98562,test
ITIncident:98568,train
ITIncident:98571,train
ITIncident:98581,train
ITIncident:98585,train
ITIncident:98595,train
ITIncident:98599,train
ITIncident:98604,test
ITIncident:98609,train
ITIncident:98621,train
ITIncident:98626,train
ITIncident:98631,train
ITIncident:98644,train
ITIncident:98647,train
ITIncident:98649,train
ITIncident:98652,train
ITIncident:98664,train
ITIncident:98669,train
ITIncident:98673,train
ITIncident:98675,train
ITIncident:98682,train
ITIncident:98687,train
ITIncident:98690,train
ITIncident:98692,train
ITIncident:98696,train
ITIncident:98700,test
ITIncident:98703,train
ITIncident:98708,train
ITIncident:98711,test
ITIncident:98718,train
ITIncident:98724,train
ITIncident:98727,train
ITIncident:98730,train
ITIncident:98732,train
ITIncident:98735,train
ITIncident:98744,train
ITIncident:98746,train
ITIncident:98749,train
ITIncident:98753,test
ITIncident:98756,train
ITIncident:98762,test
ITIncident:98774,train
ITIncident:98790,train
ITIncident:98793,train
ITIncident:98798,train
ITIncident:98803,train
ITIncident:98805,test
ITIncident:98808,train
ITIncident:98818,train
ITIncident:98824,train
ITIncident:98832,test
ITIncident:98834,train
ITIncident:98846,train
ITIncident:98850,test
ITIncident:98853,train
ITIncident:98856,train
ITIncident:98864,train
ITIncident:98878,train
ITIncident:98884,train
ITIncident:98890,train
ITIncident:98903,test
ITIncident:98913,test
ITIncident:98921,train
ITIncident:98929,train
ITIncident:98932,train
ITIncident:98941,train
ITIncident:98958,train
ITIncident:98964,train
ITIncident:98967,train
ITIncident:98974,train
ITIncident:98977,train
ITIncident:98980,test
ITIncident:98983,train
ITIncident:98986,train
ITIncident:98989,train
ITIncident:98992,train
ITIncident:98995,train
ITIncident:98998,train
ITIncident:99002,test
ITIncident:99007,test
ITIncident:99010,train
ITIncident:99013,train
ITIncident:99020,train
ITIncident:99023,train
ITIncident:99026,train
ITIncident:99029,train
ITIncident:99032,train
ITIncident:99035,train
ITIncident:99041,train
ITIncident:99044,train
ITIncident:99047,train
ITIncident:99050,train
ITIncident:99054,test
ITIncident:99056,train
ITIncident:99060,train
ITIncident:99065,train
ITIncident:99068,train
ITIncident:99071,test
ITIncident:99077,test
ITIncident:99080,train
ITIncident:99084,train
ITIncident:99092,train
ITIncident:99102,train
ITIncident:99106,train
ITIncident:99112,train
ITIncident:99120,train
ITIncident:99126,train
ITIncident:99130,test
ITIncident:99133,train
ITIncident:99137,train
ITIncident:99140,train
ITIncident:99143,train
ITIncident:99152,train
ITIncident:99155,train
ITIncident:99159,train
ITIncident:99162,train
ITIncident:99165,train
ITIncident:99169,train
ITIncident:99173,test
ITIncident:99177,train
ITIncident:99185,train
ITIncident:99189,test
ITIncident:99198,train
ITIncident:99201,train
ITIncident:99206,train
ITIncident:99218,train
ITIncident:99224,train
ITIncident:99227,train
ITIncident:99234,train
ITIncident:99237,train
ITIncident:99241,train
ITIncident:99245,train
ITIncident:99249,test
ITIncident:99253,train
ITIncident:99258,train
ITIncident:99262,train
ITIncident:99265,train
ITIncident:99269,train
ITIncident:99289,train
ITIncident:99294,train
ITIncident:99298,test
ITIncident:99301,train
ITIncident:99304,test
ITIncident:99307,train
ITIncident:99313,train
ITIncident:99319,train
ITIncident:99323,train
ITIncident:99335,train
ITIncident:99338,test
ITIncident:99341,train
ITIncident:99348,test
ITIncident:99351,train
ITIncident:99353,train
ITIncident:99357,test
ITIncident:99360,test
ITIncident:99362,train
ITIncident:99365,train
ITIncident:99380,train
ITIncident:99384,train
ITIncident:99391,train
ITIncident:99396,train
ITIncident:99400,train
ITIncident:99403,train
ITIncident:99409,train
ITIncident:99413,test
ITIncident:99416,test
ITIncident:99422,train
ITIncident:99426,train
ITIncident:99435,train
ITIncident:99439,train
ITIncident:99452,train
ITIncident:99456,train
ITIncident:99466,test
ITIncident:99481,train
ITIncident:99484,test
ITIncident:99487,train
ITIncident:99490,train
ITIncident:99494,train
ITIncident:99501,train
ITIncident:99504,train
ITIncident:99508,train
ITIncident:99516,test
ITIncident:99520,train
ITIncident:99527,train
ITIncident:99532,train
ITIncident:99541,test
ITIncident:99553,train
ITIncident:99556,test
ITIncident:99559,train
ITIncident:99562,test
ITIncident:99565,train
ITIncident:99570,train
ITIncident:99574,train
ITIncident:99578,train
ITIncident:99586,test
ITIncident:99588,train
ITIncident:99598,train
ITIncident:99603,train
ITIncident:99607,train
ITIncident:99610,train
ITIncident:99613,train
ITIncident:99617,train
ITIncident:99620,train
ITIncident:99623,train
ITIncident:99635,train
ITIncident:99638,test
ITIncident:99644,train
ITIncident:99648,train
ITIncident:99655,train
ITIncident:99658,train
ITIncident:99662,train
ITIncident:99665,train
ITIncident:99668,train
ITIncident:99671,train
ITIncident:99674,train
ITIncident:99681,train
ITIncident:99684,test
ITIncident:99687,test
ITIncident:99690,train
ITIncident:99698,test
ITIncident:99701,train
ITIncident:99712,test
ITIncident:99715,train
ITIncident:99718,train
ITIncident:99721,train
ITIncident:99724,test
ITIncident:99733,train
ITIncident:99736,train
ITIncident:99751,test
ITIncident:99754,train
ITIncident:99757,train
ITIncident:99760,train
ITIncident:99766,train
ITIncident:99772,train
ITIncident:99775,train
ITIncident:99781,train
ITIncident:99784,train
ITIncident:99788,train
ITIncident:99791,train
ITIncident:99794,train
ITIncident:99799,test
ITIncident:99802,train
ITIncident:99808,train
ITIncident:99812,train
ITIncident:99815,train
ITIncident:99826,test
ITIncident:99829,train
ITIncident:99840,train
ITIncident:99844,train
ITIncident:99849,train
ITIncident:99855,train
ITIncident:99860,train
ITIncident:99863,train
ITIncident:99867,train
ITIncident:99870,train
ITIncident:99873,test
ITIncident:99881,train
ITIncident:99884,train
ITIncident:99888,train
ITIncident:99894,train
ITIncident:99898,train
ITIncident:99904,train
ITIncident:99909,train
ITIncident:99912,train
ITIncident:99915,train
ITIncident:99921,train
ITIncident:99929,train
ITIncident:99935,train
ITIncident:99939,train
ITIncident:99942,train
ITIncident:99946,train
ITIncident:99951,train
ITIncident:99964,train
ITIncident:99967,test
ITIncident:99969,test
ITIncident:99979,train
ITIncident:99986,test
ITIncident:99988,test
ITIncident:99995,train
ITIncident:99998,train
ITIncident:100000,train
ITIncident:100005,test
ITIncident:100010,test
ITIncident:100023,train
ITIncident:100027,train
ITIncident:100030,train
ITIncident:100038,train
ITIncident:100041,test
ITIncident:100047,train
ITIncident:100056,train
ITIncident:100059,train
ITIncident:100065,train
ITIncident:100069,train
ITIncident:100079,test
ITIncident:100081,train
ITIncident:100087,train
ITIncident:100090,train
ITIncident:100096,train
ITIncident:100101,test
ITIncident:100106,test
ITIncident:100112,train
ITIncident:100118,train
ITIncident:100126,train
ITIncident:100132,train
ITIncident:100137,test
ITIncident:100140,train
ITIncident:100143,train
ITIncident:100160,train
ITIncident:100164,train
ITIncident:100167,train
ITIncident:100170,test
ITIncident:100186,test
ITIncident:100198,test
ITIncident:100201,train
ITIncident:100205,train
ITIncident:100210,test
ITIncident:100222,train
ITIncident:100226,train
ITIncident:100229,train
ITIncident:100236,train
ITIncident:100239,train
ITIncident:100244,train
ITIncident:100247,test
ITIncident:100255,train
ITIncident:100258,train
ITIncident:100268,train
ITIncident:100280,train
ITIncident:100288,train
ITIncident:100294,train
ITIncident:100297,train
ITIncident:100301,test
ITIncident:100304,train
ITIncident:100307,train
ITIncident:100309,train
ITIncident:100313,train
ITIncident:100316,test
ITIncident:100318,train
ITIncident:100323,train
ITIncident:100326,test
ITIncident:100328,train
ITIncident:100343,train
ITIncident:100350,train
ITIncident:100353,train
ITIncident:100355,train
ITIncident:100358,test
ITIncident:100370,train
ITIncident:100384,test
ITIncident:100387,train
ITIncident:100407,test
ITIncident:100410,train
ITIncident:100416,train
ITIncident:100419,train
ITIncident:100427,train
ITIncident:100429,train
ITIncident:100435,train
ITIncident:100448,train
ITIncident:100453,test
ITIncident:100455,test
ITIncident:100461,train
ITIncident:100465,train
ITIncident:100468,train
ITIncident:100476,train
ITIncident:100479,train
ITIncident:100482,test
ITIncident:100491,train
ITIncident:100494,test
ITIncident:100497,test
ITIncident:100500,test
ITIncident:100507,train
ITIncident:100510,train
ITIncident:100513,train
ITIncident:100516,train
ITIncident:100520,train
ITIncident:100523,train
ITIncident:100526,train
ITIncident:100528,test
ITIncident:100531,test
ITIncident:100535,train
ITIncident:100538,train
ITIncident:100544,train
ITIncident:100547,train
ITIncident:100550,train
ITIncident:100554,train
ITIncident:100557,train
ITIncident:100559,train
ITIncident:100563,train
ITIncident:100567,train
ITIncident:100571,train
ITIncident:100575,train
ITIncident:100578,train
ITIncident:100587,train
ITIncident:100590,train
ITIncident:100592,train
ITIncident:100595,test
ITIncident:100602,train
ITIncident:100605,train
ITIncident:100607,train
ITIncident:100610,train
ITIncident:100615,train
ITIncident:100620,train
ITIncident:100634,train
ITIncident:100637,train
ITIncident:100647,train
ITIncident:100650,train
ITIncident:100657,train
ITIncident:100666,train
ITIncident:100669,train
ITIncident:100673,train
ITIncident:100676,train
ITIncident:100678,test
ITIncident:100684,train
ITIncident:100690,train
ITIncident:100696,train
ITIncident:100708,train
ITIncident:100711,test
ITIncident:100714,train
ITIncident:100717,train
ITIncident:100720,train
ITIncident:100723,train
ITIncident:100730,train
ITIncident:100736,test
ITIncident:100740,train
ITIncident:100743,train
ITIncident:100748,train
ITIncident:100751,train
ITIncident:100759,test
ITIncident:100770,train
ITIncident:100780,train
ITIncident:100782,train
ITIncident:100787,train
ITIncident:100789,test
ITIncident:100792,train
ITIncident:100795,train
ITIncident:100801,test
ITIncident:100805,train
ITIncident:100814,train
ITIncident:100819,train
ITIncident:100822,train
ITIncident:100825,train
ITIncident:100834,train
ITIncident:100842,train
ITIncident:100845,train
ITIncident:100848,train
ITIncident:100853,train
ITIncident:100856,train
ITIncident:100861,train
ITIncident:100865,train
ITIncident:100876,train
ITIncident:100882,train
ITIncident:100885,train
ITIncident:100888,train
ITIncident:100895,train
ITIncident:100901,train
ITIncident:100904,train
ITIncident:100914,train
ITIncident:100919,test
ITIncident:100927,train
ITIncident:100930,train
ITIncident:100937,train
ITIncident:100943,train
ITIncident:100952,test
ITIncident:100958,train
ITIncident:100961,train
ITIncident:100969,test
ITIncident:100971,train
ITIncident:100973,train
ITIncident:100976,train
ITIncident:100979,train
ITIncident:100981,train
ITIncident:100983,train
ITIncident:100987,train
ITIncident:100990,train
ITIncident:100995,train
ITIncident:100997,test
ITIncident:101004,train
ITIncident:101006,train
ITIncident:101009,train
ITIncident:101011,test
ITIncident:101013,test
ITIncident:101019,train
ITIncident:101022,train
ITIncident:101027,train
ITIncident:101029,train
ITIncident:101040,train
ITIncident:101044,train
ITIncident:101048,test
ITIncident:101051,train
ITIncident:101056,train
ITIncident:101060,train
ITIncident:101062,train
ITIncident:101066,train
ITIncident:101068,train
ITIncident:101071,train
ITIncident:101074,train
ITIncident:101078,train
ITIncident:101084,train
ITIncident:101088,train
ITIncident:101097,train
ITIncident:101100,train
ITIncident:101113,train
ITIncident:101119,test
ITIncident:101122,test
ITIncident:101125,train
ITIncident:101131,train
ITIncident:101146,test
ITIncident:101149,train
ITIncident:101152,train
ITIncident:101155,test
ITIncident:101158,train
ITIncident:101161,train
ITIncident:101164,train
ITIncident:101167,train
ITIncident:101170,train
ITIncident:101173,train
ITIncident:101176,train
ITIncident:101179,train
ITIncident:101182,train
ITIncident:101185,train
ITIncident:101188,train
ITIncident:101191,train
ITIncident:101194,test
ITIncident:101197,train
ITIncident:101200,train
ITIncident:101203,train
ITIncident:101206,train
ITIncident:101214,train
ITIncident:101217,train
ITIncident:101219,train
ITIncident:101225,train
ITIncident:101228,train
ITIncident:101232,train
ITIncident:101236,train
ITIncident:101242,train
ITIncident:101245,train
ITIncident:101248,train
ITIncident:101259,train
ITIncident:101267,train
ITIncident:101280,train
ITIncident:101286,train
ITIncident:101292,test
ITIncident:101297,test
ITIncident:101302,test
ITIncident:101307,test
ITIncident:101310,test
ITIncident:101313,test
ITIncident:101319,train
ITIncident:101329,train
ITIncident:101331,test
ITIncident:101337,train
ITIncident:101345,train
ITIncident:101349,test
ITIncident:101352,test
ITIncident:101376,test
ITIncident:101381,train
ITIncident:101387,train
ITIncident:101392,train
ITIncident:101395,train
ITIncident:101398,test
ITIncident:101402,train
ITIncident:101405,train
ITIncident:101410,train
ITIncident:101413,train
ITIncident:101418,train
ITIncident:101429,train
ITIncident:101439,train
ITIncident:101442,train
ITIncident:101452,train
ITIncident:101459,test
ITIncident:101462,test
ITIncident:101466,train
ITIncident:101469,train
ITIncident:101474,train
ITIncident:101477,train
ITIncident:101480,train
ITIncident:101483,test
ITIncident:101488,train
ITIncident:101491,test
ITIncident:101498,train
ITIncident:101501,test
ITIncident:101504,train
ITIncident:101512,train
ITIncident:101517,train
ITIncident:101522,train
ITIncident:101525,train
ITIncident:101533,test
ITIncident:101536,test
ITIncident:101540,train
ITIncident:101543,train
ITIncident:101547,train
ITIncident:101550,train
ITIncident:101554,train
ITIncident:101557,train
ITIncident:101560,train
ITIncident:101563,train
ITIncident:101572,train
ITIncident:101576,train
ITIncident:101579,train
ITIncident:101582,test
ITIncident:101586,train
ITIncident:101589,test
ITIncident:101593,train
ITIncident:101596,train
ITIncident:101599,train
ITIncident:101602,train
ITIncident:101606,train
ITIncident:101616,test
ITIncident:101619,train
ITIncident:101622,train
ITIncident:101625,test
ITIncident:101636,train
ITIncident:101642,train
ITIncident:101645,test
ITIncident:101650,train
ITIncident:101653,train
ITIncident:101658,train
ITIncident:101661,train
ITIncident:101664,train
ITIncident:101669,train
ITIncident:101672,train
ITIncident:101675,train
ITIncident:101680,test
ITIncident:101685,train
ITIncident:101688,train
ITIncident:101692,test
ITIncident:101695,train
ITIncident:101707,train
ITIncident:101710,test
ITIncident:101724,test
ITIncident:101727,train
ITIncident:101735,test
ITIncident:101738,train
ITIncident:101741,train
ITIncident:101744,train
ITIncident:101749,train
ITIncident:101752,train
ITIncident:101755,train
ITIncident:101759,train
ITIncident:101763,train
ITIncident:101767,test
ITIncident:101770,test
ITIncident:101777,train
ITIncident:101780,train
ITIncident:101783,train
ITIncident:101787,test
ITIncident:101793,test
ITIncident:101796,train
ITIncident:101799,train
ITIncident:101802,test
ITIncident:101805,train
ITIncident:101808,train
ITIncident:101811,train
ITIncident:101814,train
ITIncident:101817,train
ITIncident:101821,train
ITIncident:101825,train
ITIncident:101829,test
ITIncident:101833,train
ITIncident:101849,train
ITIncident:101852,train
ITIncident:101855,train
ITIncident:101858,train
ITIncident:101861,train
ITIncident:101864,test
ITIncident:101867,train
ITIncident:101871,train
ITIncident:101879,train
ITIncident:101882,train
ITIncident:101887,test
ITIncident:101894,train
ITIncident:101905,train
ITIncident:101909,train
ITIncident:101912,train
ITIncident:101929,train
ITIncident:101932,train
ITIncident:101939,train
ITIncident:101943,train
ITIncident:101958,train
ITIncident:101962,train
ITIncident:101973,train
ITIncident:101985,train
ITIncident:101989,train
ITIncident:101992,train
ITIncident:101998,train
ITIncident:102001,train
ITIncident:102004,train
ITIncident:102013,train
ITIncident:102016,train
ITIncident:102024,train
ITIncident:102027,train
ITIncident:102031,test
ITIncident:102037,test
ITIncident:102040,test
ITIncident:102043,test
ITIncident:102046,train
ITIncident:102052,train
ITIncident:102058,test
ITIncident:102062,train
ITIncident:102082,train
ITIncident:102085,train
ITIncident:102088,train
ITIncident:102092,train
ITIncident:102095,test
ITIncident:102112,train
ITIncident:102115,train
ITIncident:102118,train
ITIncident:102127,train
ITIncident:102134,train
ITIncident:102142,train
ITIncident:102146,train
ITIncident:102151,train
ITIncident:102154,test
ITIncident:102164,train
ITIncident:102170,train
ITIncident:102177,test
ITIncident:102180,train
ITIncident:102188,train
ITIncident:102193,test
ITIncident:102200,train
ITIncident:102207,train
ITIncident:102210,train
ITIncident:102213,test
ITIncident:102217,train
ITIncident:102220,train
ITIncident:102224,train
ITIncident:102227,train
ITIncident:102233,test
ITIncident:102239,train
ITIncident:102241,train
ITIncident:102244,train
ITIncident:102251,train
ITIncident:102255,test
ITIncident:102261,train
ITIncident:102266,train
ITIncident:102270,train
ITIncident:102273,train
ITIncident:102276,train
ITIncident:102281,test
ITIncident:102284,train
ITIncident:102287,train
ITIncident:102290,train
ITIncident:102293,train
ITIncident:102296,train
ITIncident:102303,test
ITIncident:102311,train
ITIncident:102329,train
ITIncident:102339,train
ITIncident:102342,train
ITIncident:102345,train
ITIncident:102359,train
ITIncident:102366,train
ITIncident:102369,train
ITIncident:102372,train
ITIncident:102376,train
ITIncident:102380,train
ITIncident:102383,train
ITIncident:102386,train
ITIncident:102389,test
ITIncident:102398,train
ITIncident:102401,train
ITIncident:102407,train
ITIncident:102410,train
ITIncident:102414,train
ITIncident:102425,train
ITIncident:102445,train
ITIncident:102449,train
ITIncident:102452,train
ITIncident:102467,test
ITIncident:102470,train
ITIncident:102473,train
ITIncident:102477,train
ITIncident:102480,train
ITIncident:102485,train
ITIncident:102493,test
ITIncident:102496,train
ITIncident:102501,test
ITIncident:102507,train
ITIncident:102513,train
ITIncident:102516,train
ITIncident:102519,train
ITIncident:102522,test
ITIncident:102525,train
ITIncident:102528,train
ITIncident:102531,train
ITIncident:102536,train
ITIncident:102545,train
ITIncident:102559,test
ITIncident:102562,test
ITIncident:102565,train
ITIncident:102571,test
ITIncident:102578,train
ITIncident:102581,train
ITIncident:102587,train
ITIncident:102590,test
ITIncident:102595,train
ITIncident:102599,train
ITIncident:102602,train
ITIncident:102605,train
ITIncident:102608,train
ITIncident:102611,test
ITIncident:102615,train
ITIncident:102621,train
ITIncident:102625,train
ITIncident:102640,train
ITIncident:102646,test
ITIncident:102649,train
ITIncident:102653,train
ITIncident:102656,train
ITIncident:102662,train
ITIncident:102665,train
ITIncident:102668,train
ITIncident:102678,train
ITIncident:102681,train
ITIncident:102687,train
ITIncident:102702,test
ITIncident:102710,train
ITIncident:102714,train
ITIncident:102717,train
ITIncident:102722,test
ITIncident:102726,train
ITIncident:102731,train
ITIncident:102739,test
ITIncident:102743,train
ITIncident:102752,train
ITIncident:102757,train
ITIncident:102760,train
ITIncident:102764,test
ITIncident:102768,train
ITIncident:102771,train
ITIncident:102774,train
ITIncident:102777,train
ITIncident:102781,train
ITIncident:102784,train
ITIncident:102786,train
ITIncident:102789,train
ITIncident:102798,train
ITIncident:102807,train
ITIncident:102810,test
ITIncident:102814,train
ITIncident:102827,train
ITIncident:102830,train
ITIncident:102832,train
ITIncident:102838,train
ITIncident:102841,train
ITIncident:102844,train
ITIncident:102847,train
ITIncident:102858,train
ITIncident:102862,train
ITIncident:102865,train
ITIncident:102869,train
ITIncident:102871,test
ITIncident:102875,test
ITIncident:102877,test
ITIncident:102884,train
ITIncident:102888,train
ITIncident:102897,test
ITIncident:102900,train
ITIncident:102904,train
ITIncident:102909,train
ITIncident:102915,train
ITIncident:102923,train
ITIncident:102926,train
ITIncident:102928,test
ITIncident:102931,train
ITIncident:102936,train
ITIncident:102940,train
ITIncident:102944,train
ITIncident:102951,test
ITIncident:102955,train
ITIncident:102959,train
ITIncident:102967,train
ITIncident:102975,test
ITIncident:102979,train
ITIncident:102982,test
ITIncident:102985,train
ITIncident:102990,train
ITIncident:102994,train
ITIncident:103016,train
ITIncident:103021,test
ITIncident:103030,train
ITIncident:103038,train
ITIncident:103041,train
ITIncident:103044,test
ITIncident:103047,train
ITIncident:103051,train
ITIncident:103058,test
ITIncident:103061,train
ITIncident:103065,train
ITIncident:103068,test
ITIncident:103072,train
ITIncident:103079,train
ITIncident:103091,train
ITIncident:103095,train
ITIncident:103100,train
ITIncident:103109,train
ITIncident:103119,train
ITIncident:103123,train
ITIncident:103132,train
ITIncident:103135,train
ITIncident:103138,train
ITIncident:103141,train
ITIncident:103144,train
ITIncident:103150,train
ITIncident:103154,test
ITIncident:103158,train
ITIncident:103161,train
ITIncident:103165,train
ITIncident:103168,train
ITIncident:103172,train
ITIncident:103180,train
ITIncident:103185,train
ITIncident:103188,train
ITIncident:103196,train
ITIncident:103199,train
ITIncident:103206,train
ITIncident:103210,test
ITIncident:103212,test
ITIncident:103215,train
ITIncident:103218,test
ITIncident:103226,train
ITIncident:103228,test
ITIncident:103232,train
ITIncident:103235,train
ITIncident:103240,train
ITIncident:103243,train
ITIncident:103246,train
ITIncident:103254,test
ITIncident:103259,test
ITIncident:103262,train
ITIncident:103265,train
ITIncident:103268,test
ITIncident:103274,test
ITIncident:103277,train
ITIncident:103283,train
ITIncident:103286,train
ITIncident:103291,test
ITIncident:103299,train
ITIncident:103306,train
ITIncident:103310,test
ITIncident:103313,train
ITIncident:103321,train
ITIncident:103328,train
ITIncident:103335,train
ITIncident:103343,train
ITIncident:103347,test
ITIncident:103351,train
ITIncident:103357,train
ITIncident:103359,train
ITIncident:103362,train
ITIncident:103365,train
ITIncident:103369,train
ITIncident:103373,train
ITIncident:103378,test
ITIncident:103381,test
ITIncident:103383,train
ITIncident:103386,train
ITIncident:103392,train
ITIncident:103395,test
ITIncident:103398,train
ITIncident:103402,train
ITIncident:103405,train
ITIncident:103410,train
ITIncident:103422,test
ITIncident:103424,train
ITIncident:103426,train
ITIncident:103439,train
ITIncident:103443,train
ITIncident:103450,train
ITIncident:103453,train
ITIncident:103461,train
ITIncident:103465,train
ITIncident:103477,train
ITIncident:103481,train
ITIncident:103485,train
ITIncident:103496,train
ITIncident:103500,train
ITIncident:103503,train
ITIncident:103507,train
ITIncident:103510,test
ITIncident:103524,train
ITIncident:103533,train
ITIncident:103538,test
ITIncident:103543,train
ITIncident:103551,test
ITIncident:103555,train
ITIncident:103564,train
ITIncident:103567,train
ITIncident:103573,train
ITIncident:103578,train
ITIncident:103581,train
ITIncident:103584,test
ITIncident:103593,train
ITIncident:103609,train
ITIncident:103613,test
ITIncident:103622,test
ITIncident:103626,test
ITIncident:103635,train
ITIncident:103638,train
ITIncident:103645,train
ITIncident:103654,train
ITIncident:103657,test
ITIncident:103661,train
ITIncident:103666,test
ITIncident:103677,train
ITIncident:103680,train
ITIncident:103688,train
ITIncident:103699,train
ITIncident:103701,train
ITIncident:103717,test
ITIncident:103725,train
ITIncident:103728,train
ITIncident:103732,train
ITIncident:103737,train
ITIncident:103740,test
ITIncident:103743,train
ITIncident:103747,test
ITIncident:103749,train
ITIncident:103752,train
ITIncident:103755,train
ITIncident:103758,train
ITIncident:103761,train
ITIncident:103763,train
ITIncident:103765,train
ITIncident:103767,train
ITIncident:103769,train
ITIncident:103771,train
ITIncident:103773,train
ITIncident:103775,train
ITIncident:103777,train
ITIncident:103779,train
ITIncident:103781,train
ITIncident:103783,train
ITIncident:103785,train
ITIncident:103787,train
ITIncident:103789,train
ITIncident:103791,train
ITIncident:103793,train
ITIncident:103795,train
ITIncident:103797,train
ITIncident:103799,train
ITIncident:103801,train
ITIncident:103803,train
ITIncident:103805,train
ITIncident:103812,train
ITIncident:103816,train
ITIncident:103823,train
ITIncident:103832,train
ITIncident:103835,test
ITIncident:103839,train
ITIncident:103842,train
ITIncident:103846,train
ITIncident:103849,train
ITIncident:103852,train
ITIncident:103860,train
ITIncident:103863,train
ITIncident:103866,train
ITIncident:103878,train
ITIncident:103884,train
ITIncident:103890,test
ITIncident:103895,train
ITIncident:103901,train
ITIncident:103904,train
ITIncident:103910,test
ITIncident:103917,train
ITIncident:103921,test
ITIncident:103925,test
ITIncident:103937,train
ITIncident:103946,train
ITIncident:103951,train
ITIncident:103956,train
ITIncident:103959,train
ITIncident:103962,train
ITIncident:103965,train
ITIncident:103968,train
ITIncident:103971,train
ITIncident:103976,train
ITIncident:103982,train
ITIncident:103993,train
ITIncident:103997,train
ITIncident:104000,train
ITIncident:104013,train
ITIncident:104016,train
ITIncident:104020,test
ITIncident:104027,train
ITIncident:104031,train
ITIncident:104034,train
ITIncident:104037,train
ITIncident:104043,train
ITIncident:104049,train
ITIncident:104053,train
ITIncident:104064,train
ITIncident:104068,train
ITIncident:104073,test
ITIncident:104077,test
ITIncident:104081,test
ITIncident:104084,train
ITIncident:104103,train
ITIncident:104126,train
ITIncident:104129,train
ITIncident:104132,train
ITIncident:104164,train
ITIncident:104167,train
ITIncident:104171,train
ITIncident:104174,test
ITIncident:104177,train
ITIncident:104181,test
ITIncident:104185,train
ITIncident:104189,train
ITIncident:104192,train
ITIncident:104196,train
ITIncident:104200,train
ITIncident:104203,train
ITIncident:104206,train
ITIncident:104210,train
ITIncident:104214,train
ITIncident:104219,test
ITIncident:104223,train
ITIncident:104228,train
ITIncident:104232,train
ITIncident:104236,train
ITIncident:104240,train
ITIncident:104243,train
ITIncident:104250,test
ITIncident:104254,train
ITIncident:104258,train
ITIncident:104262,train
ITIncident:104277,train
ITIncident:104281,train
ITIncident:104286,train
ITIncident:104291,train
ITIncident:104295,train
ITIncident:104298,train
ITIncident:104301,train
ITIncident:104306,train
ITIncident:104312,train
ITIncident:104322,train
ITIncident:104326,train
ITIncident:104329,train
ITIncident:104334,test
ITIncident:104338,train
ITIncident:104341,train
ITIncident:104346,train
ITIncident:104350,train
ITIncident:104353,train
ITIncident:104356,test
ITIncident:104359,test
ITIncident:104364,train
ITIncident:104371,train
ITIncident:104374,train
ITIncident:104377,train
ITIncident:104386,test
ITIncident:104396,train
ITIncident:104399,train
ITIncident:104405,train
ITIncident:104410,train
ITIncident:104423,train
ITIncident:104426,train
ITIncident:104431,train
ITIncident:104438,train
ITIncident:104442,train
ITIncident:104445,train
ITIncident:104455,train
ITIncident:104458,train
ITIncident:104461,train
ITIncident:104469,train
ITIncident:104472,train
ITIncident:104476,train
ITIncident:104479,test
ITIncident:104482,train
ITIncident:104485,train
ITIncident:104489,train
ITIncident:104493,test
ITIncident:104497,test
ITIncident:104501,test
ITIncident:104505,test
ITIncident:104508,train
ITIncident:104512,train
ITIncident:104517,train
ITIncident:104524,train
ITIncident:104527,train
ITIncident:104530,train
ITIncident:104534,test
ITIncident:104539,train
ITIncident:104542,train
ITIncident:104549,train
ITIncident:104552,test
ITIncident:104555,train
ITIncident:104558,train
ITIncident:104562,train
ITIncident:104571,train
ITIncident:104576,train
ITIncident:104579,test
ITIncident:104586,train
ITIncident:104590,test
ITIncident:104593,test
ITIncident:104601,train
ITIncident:104608,train
ITIncident:104613,train
ITIncident:104628,test
ITIncident:104631,train
ITIncident:104634,train
ITIncident:104638,train
ITIncident:104643,test
ITIncident:104647,train
ITIncident:104650,train
ITIncident:104656,train
ITIncident:104660,train
ITIncident:104666,train
ITIncident:104672,train
ITIncident:104680,test
ITIncident:104682,train
ITIncident:104685,train
ITIncident:104688,train
ITIncident:104691,train
ITIncident:104697,test
ITIncident:104699,train
ITIncident:104711,test
ITIncident:104714,train
ITIncident:104725,train
ITIncident:104730,train
ITIncident:104735,train
ITIncident:104738,train
ITIncident:104741,train
ITIncident:104746,train
ITIncident:104751,test
ITIncident:104759,test
ITIncident:104768,train
ITIncident:104773,train
ITIncident:104776,test
ITIncident:104780,train
ITIncident:104785,train
ITIncident:104787,test
ITIncident:104792,test
ITIncident:104801,train
ITIncident:104813,train
ITIncident:104816,train
ITIncident:104819,train
ITIncident:104823,train
ITIncident:104826,train
ITIncident:104829,train
ITIncident:104833,train
ITIncident:104836,train
ITIncident:104839,train
ITIncident:104844,test
ITIncident:104861,train
ITIncident:104864,train
ITIncident:104866,train
ITIncident:104875,train
ITIncident:104879,test
ITIncident:104893,train
ITIncident:104895,train
ITIncident:104905,train
ITIncident:104910,train
ITIncident:104913,train
ITIncident:104916,train
ITIncident:104921,test
ITIncident:104937,train
ITIncident:104941,test
ITIncident:104944,test
ITIncident:104948,test
ITIncident:104951,train
ITIncident:104956,train
ITIncident:104958,train
ITIncident:104965,train
ITIncident:104968,train
ITIncident:104982,train
ITIncident:104986,test
ITIncident:104992,test
ITIncident:104995,test
ITIncident:105002,test
ITIncident:105009,train
ITIncident:105012,train
ITIncident:105018,train
ITIncident:105030,train
ITIncident:105033,train
ITIncident:105042,train
ITIncident:105045,test
ITIncident:105048,train
ITIncident:105053,train
ITIncident:105056,train
ITIncident:105060,train
ITIncident:105063,train
ITIncident:105069,test
ITIncident:105072,train
ITIncident:105075,test
ITIncident:105081,train
ITIncident:105084,train
ITIncident:105089,train
ITIncident:105100,train
ITIncident:105103,test
ITIncident:105106,train
ITIncident:105109,train
ITIncident:105112,train
ITIncident:105118,train
ITIncident:105120,train
ITIncident:105127,train
ITIncident:105131,test
ITIncident:105139,train
ITIncident:105142,train
ITIncident:105144,train
ITIncident:105169,test
ITIncident:105172,train
ITIncident:105176,train
ITIncident:105178,train
ITIncident:105181,train
ITIncident:105186,train
ITIncident:105188,train
ITIncident:105191,train
ITIncident:105208,train
ITIncident:105210,test
ITIncident:105218,test
ITIncident:105233,train
ITIncident:105240,test
ITIncident:105246,train
ITIncident:105249,train
ITIncident:105256,train
ITIncident:105260,train
ITIncident:105268,train
ITIncident:105271,train
ITIncident:105275,train
ITIncident:105280,train
ITIncident:105283,train
ITIncident:105286,train
ITIncident:105290,train
ITIncident:105293,train
ITIncident:105297,train
ITIncident:105300,train
ITIncident:105304,train
ITIncident:105307,train
ITIncident:105309,train
ITIncident:105312,train
ITIncident:105317,test
ITIncident:105321,train
ITIncident:105324,test
ITIncident:105327,train
ITIncident:105331,train
ITIncident:105341,train
ITIncident:105343,test
ITIncident:105346,train
ITIncident:105350,train
ITIncident:105360,train
ITIncident:105364,test
ITIncident:105369,train
ITIncident:105371,test
ITIncident:105379,train
ITIncident:105383,train
ITIncident:105385,train
ITIncident:105388,train
ITIncident:105391,train
ITIncident:105394,train
ITIncident:105401,train
ITIncident:105407,train
ITIncident:105411,test
ITIncident:105413,train
ITIncident:105422,train
ITIncident:105426,train
ITIncident:105430,train
ITIncident:105432,train
ITIncident:105441,train
ITIncident:105445,train
ITIncident:105449,train
ITIncident:105453,train
ITIncident:105465,test
ITIncident:105469,train
ITIncident:105473,train
ITIncident:105477,train
ITIncident:105483,test
ITIncident:105490,train
ITIncident:105497,train
ITIncident:105507,train
ITIncident:105509,train
ITIncident:105512,test
ITIncident:105515,train
ITIncident:105518,train
ITIncident:105520,train
ITIncident:105523,train
ITIncident:105525,train
ITIncident:105528,train
ITIncident:105530,train
ITIncident:105532,train
ITIncident:105535,train
ITIncident:105537,train
ITIncident:105541,train
ITIncident:105543,train
ITIncident:105545,train
ITIncident:105548,train
ITIncident:105550,train
ITIncident:105554,train
ITIncident:105556,train
ITIncident:105561,train
ITIncident:105565,train
ITIncident:105567,train
ITIncident:105571,train
ITIncident:105579,train
ITIncident:105588,train
ITIncident:105596,train
ITIncident:105602,train
ITIncident:105606,train
ITIncident:105614,train
ITIncident:105617,train
ITIncident:105620,train
ITIncident:105623,train
ITIncident:105633,train
ITIncident:105638,train
ITIncident:105641,train
ITIncident:105645,train
ITIncident:105648,train
ITIncident:105651,test
ITIncident:105658,train
ITIncident:105661,train
ITIncident:105664,test
ITIncident:105670,train
ITIncident:105672,train
ITIncident:105681,test
ITIncident:105684,train
ITIncident:105688,train
ITIncident:105692,train
ITIncident:105697,train
ITIncident:105702,test
ITIncident:105705,test
ITIncident:105708,train
ITIncident:105711,train
ITIncident:105714,train
ITIncident:105717,train
ITIncident:105723,test
ITIncident:105727,test
ITIncident:105730,train
ITIncident:105740,train
ITIncident:105744,train
ITIncident:105746,train
ITIncident:105749,train
ITIncident:105752,train
ITIncident:105755,train
ITIncident:105759,train
ITIncident:105762,train
ITIncident:105767,train
ITIncident:105790,train
ITIncident:105793,train
ITIncident:105796,train
ITIncident:105799,train
ITIncident:105802,train
ITIncident:105820,train
ITIncident:105825,train
ITIncident:105829,test
ITIncident:105840,test
ITIncident:105843,train
ITIncident:105845,train
ITIncident:105848,train
ITIncident:105851,train
ITIncident:105860,test
ITIncident:105863,train
ITIncident:105868,test
ITIncident:105871,train
ITIncident:105876,train
ITIncident:105904,train
ITIncident:105915,test
ITIncident:105918,train
ITIncident:105951,train
ITIncident:105959,train
ITIncident:105966,train
ITIncident:105970,train
ITIncident:105974,train
ITIncident:105980,train
ITIncident:105986,test
ITIncident:105993,train
ITIncident:105995,train
ITIncident:105998,train
ITIncident:106001,train
ITIncident:106010,test
ITIncident:106016,train
ITIncident:106019,train
ITIncident:106022,test
ITIncident:106051,train
ITIncident:106056,train
ITIncident:106061,train
ITIncident:106066,train
ITIncident:106068,train
ITIncident:106072,test
ITIncident:106076,train
ITIncident:106081,test
ITIncident:106088,train
ITIncident:106091,test
ITIncident:106095,train
ITIncident:106109,train
ITIncident:106113,train
ITIncident:106116,train
ITIncident:106124,train
ITIncident:106167,train
ITIncident:106174,train
ITIncident:106177,train
ITIncident:106187,train
ITIncident:106190,test
ITIncident:106195,train
ITIncident:106203,train
ITIncident:106206,train
ITIncident:106211,test
ITIncident:106214,train
ITIncident:106222,test
ITIncident:106232,train
ITIncident:106235,train
ITIncident:106238,train
ITIncident:106242,test
ITIncident:106250,test
ITIncident:106255,train
ITIncident:106258,test
ITIncident:106264,test
ITIncident:106267,train
ITIncident:106278,test
ITIncident:106284,train
ITIncident:106290,train
ITIncident:106294,test
ITIncident:106297,train
ITIncident:106300,train
ITIncident:106304,test
ITIncident:106309,test
ITIncident:106318,test
ITIncident:106324,train
ITIncident:106327,train
ITIncident:106333,train
ITIncident:106335,train
ITIncident:106346,train
ITIncident:106349,train
ITIncident:106354,train
ITIncident:106362,train
ITIncident:106378,train
ITIncident:106384,test
ITIncident:106387,train
ITIncident:106397,train
ITIncident:106417,train
ITIncident:106420,test
ITIncident:106423,train
ITIncident:106428,test
ITIncident:106434,train
ITIncident:106444,train
ITIncident:106448,train
ITIncident:106461,train
ITIncident:106468,train
ITIncident:106479,test
ITIncident:106483,train
ITIncident:106487,train
ITIncident:106493,test
ITIncident:106496,train
ITIncident:106503,train
ITIncident:106506,train
ITIncident:106511,train
ITIncident:106513,train
ITIncident:106518,train
ITIncident:106523,train
ITIncident:106528,train
ITIncident:106530,train
ITIncident:106532,test
ITIncident:106538,train
ITIncident:106540,train
ITIncident:106552,train
ITIncident:106557,train
ITIncident:106560,test
ITIncident:106572,train
ITIncident:106575,train
ITIncident:106581,train
ITIncident:106585,train
ITIncident:106589,train
ITIncident:106592,test
ITIncident:106596,train
ITIncident:106599,train
ITIncident:106602,train
ITIncident:106606,test
ITIncident:106609,train
ITIncident:106614,train
ITIncident:106618,train
ITIncident:106621,train
ITIncident:106626,test
ITIncident:106635,test
ITIncident:106638,train
ITIncident:106641,train
ITIncident:106644,train
ITIncident:106649,train
ITIncident:106657,train
ITIncident:106663,test
ITIncident:106666,train
ITIncident:106682,train
ITIncident:106687,train
ITIncident:106690,train
ITIncident:106693,train
ITIncident:106695,train
ITIncident:106700,train
ITIncident:106703,train
ITIncident:106708,train
ITIncident:106711,train
ITIncident:106717,train
ITIncident:106719,train
ITIncident:106722,train
ITIncident:106725,train
ITIncident:106731,train
ITIncident:106741,train
ITIncident:106752,train
ITIncident:106757,train
ITIncident:106768,train
ITIncident:106771,train
ITIncident:106779,train
ITIncident:106793,train
ITIncident:106803,train
ITIncident:106814,train
ITIncident:106823,train
ITIncident:106826,train
ITIncident:106829,train
ITIncident:106851,train
ITIncident:106855,train
ITIncident:106865,train
ITIncident:106868,test
ITIncident:106881,test
ITIncident:106885,train
ITIncident:106887,train
ITIncident:106896,train
ITIncident:106901,train
ITIncident:106904,train
ITIncident:106907,train
ITIncident:106916,train
ITIncident:106922,test
ITIncident:106928,train
ITIncident:106931,train
ITIncident:106940,train
ITIncident:106945,train
ITIncident:106952,train
ITIncident:106961,train
ITIncident:106965,train
ITIncident:106968,test
ITIncident:106976,test
ITIncident:106979,train
ITIncident:106984,train
ITIncident:106987,train
ITIncident:106992,train
ITIncident:106995,train
ITIncident:106998,train
ITIncident:107006,test
ITIncident:107009,test
ITIncident:107013,train
ITIncident:107018,train
ITIncident:107021,train
ITIncident:107024,train
ITIncident:107031,train
ITIncident:107043,train
ITIncident:107051,train
ITIncident:107057,train
ITIncident:107063,train
ITIncident:107073,train
ITIncident:107080,train
ITIncident:107087,test
ITIncident:107098,train
ITIncident:107103,train
ITIncident:107113,train
ITIncident:107124,train
ITIncident:107127,test
ITIncident:107131,train
ITIncident:107138,train
ITIncident:107144,train
ITIncident:107150,train
ITIncident:107155,train
ITIncident:107166,test
ITIncident:107169,train
ITIncident:107174,test
ITIncident:107176,train
ITIncident:107181,train
ITIncident:107184,train
ITIncident:107188,train
ITIncident:107192,train
ITIncident:107197,train
ITIncident:107205,train
ITIncident:107207,train
ITIncident:107220,train
ITIncident:107223,test
ITIncident:107227,test
ITIncident:107230,test
ITIncident:107238,train
ITIncident:107245,train
ITIncident:107255,train
ITIncident:107258,train
ITIncident:107265,train
ITIncident:107268,train
ITIncident:107270,train
ITIncident:107273,train
ITIncident:107284,train
ITIncident:107287,train
ITIncident:107318,train
ITIncident:107321,train
ITIncident:107334,train
ITIncident:107336,train
ITIncident:107340,train
ITIncident:107342,test
ITIncident:107348,train
ITIncident:107351,train
ITIncident:107360,train
ITIncident:107377,train
ITIncident:107380,test
ITIncident:107386,train
ITIncident:107394,train
ITIncident:107398,test
ITIncident:107401,test
ITIncident:107410,train
ITIncident:107415,test
ITIncident:107417,train
ITIncident:107425,train
ITIncident:107435,train
ITIncident:107444,train
ITIncident:107446,train
ITIncident:107448,train
ITIncident:107457,train
ITIncident:107460,train
ITIncident:107466,train
ITIncident:107471,test
ITIncident:107473,train
ITIncident:107478,train
ITIncident:107486,train
ITIncident:107493,train
ITIncident:107500,train
ITIncident:107507,train
ITIncident:107518,train
ITIncident:107529,train
ITIncident:107532,train
ITIncident:107536,test
ITIncident:107542,train
ITIncident:107545,train
ITIncident:107552,train
ITIncident:107561,train
ITIncident:107565,train
ITIncident:107567,train
ITIncident:107579,train
ITIncident:107582,test
ITIncident:107585,test
ITIncident:107588,train
ITIncident:107595,train
ITIncident:107598,train
ITIncident:107600,test
ITIncident:107603,train
ITIncident:107606,train
ITIncident:107613,train
ITIncident:107627,test
ITIncident:107633,train
ITIncident:107635,train
ITIncident:107639,train
ITIncident:107643,train
ITIncident:107647,train
ITIncident:107651,train
ITIncident:107656,train
ITIncident:107660,train
ITIncident:107664,train
ITIncident:107668,train
ITIncident:107672,train
ITIncident:107675,train
ITIncident:107679,train
ITIncident:107683,train
ITIncident:107687,train
ITIncident:107691,train
ITIncident:107695,train
ITIncident:107698,test
ITIncident:107711,test
ITIncident:107715,train
ITIncident:107718,test
ITIncident:107723,train
ITIncident:107727,train
ITIncident:107731,train
ITIncident:107735,train
ITIncident:107739,train
ITIncident:107742,train
ITIncident:107754,train
ITIncident:107758,train
ITIncident:107766,train
ITIncident:107773,train
ITIncident:107778,train
ITIncident:107781,train
ITIncident:107786,train
ITIncident:107792,train
ITIncident:107808,train
ITIncident:107811,train
ITIncident:107814,train
ITIncident:107817,test
ITIncident:107820,test
ITIncident:107823,train
ITIncident:107828,train
ITIncident:107831,train
ITIncident:107846,test
ITIncident:107849,train
ITIncident:107855,train
ITIncident:107858,train
ITIncident:107870,train
ITIncident:107873,train
ITIncident:107876,train
ITIncident:107880,train
ITIncident:107884,train
ITIncident:107891,test
ITIncident:107894,test
ITIncident:107899,test
ITIncident:107902,train
ITIncident:107914,train
ITIncident:107920,test
ITIncident:107923,train
ITIncident:107927,train
ITIncident:107930,train
ITIncident:107934,train
ITIncident:107939,train
ITIncident:107948,test
ITIncident:107951,train
ITIncident:107956,train
ITIncident:107960,test
ITIncident:107963,train
ITIncident:107970,train
ITIncident:107979,test
ITIncident:107985,test
ITIncident:107994,train
ITIncident:108005,train
ITIncident:108008,test
ITIncident:108011,train
ITIncident:108015,train
ITIncident:108019,train
ITIncident:108024,train
ITIncident:108027,train
ITIncident:108030,train
ITIncident:108033,train
ITIncident:108036,train
ITIncident:108043,train
ITIncident:108052,test
ITIncident:108064,train
ITIncident:108068,test
ITIncident:108074,train
ITIncident:108079,train
ITIncident:108083,test
ITIncident:108086,train
ITIncident:108093,train
ITIncident:108096,train
ITIncident:108099,test
ITIncident:108102,train
ITIncident:108105,train
ITIncident:108113,train
ITIncident:108116,train
ITIncident:108120,test
ITIncident:108124,train
ITIncident:108128,train
ITIncident:108133,train
ITIncident:108136,train
ITIncident:108144,train
ITIncident:108153,test
ITIncident:108157,test
ITIncident:108160,train
ITIncident:108170,train
ITIncident:108178,test
ITIncident:108180,train
ITIncident:108183,train
ITIncident:108186,test
ITIncident:108190,train
ITIncident:108194,test
ITIncident:108198,train
ITIncident:108206,train
ITIncident:108209,train
ITIncident:108216,train
ITIncident:108249,train
ITIncident:108252,train
ITIncident:108255,test
ITIncident:108263,train
ITIncident:108266,test
ITIncident:108277,train
ITIncident:108285,train
ITIncident:108288,test
ITIncident:108292,train
ITIncident:108295,train
ITIncident:108298,test
ITIncident:108302,train
ITIncident:108305,train
ITIncident:108308,train
ITIncident:108318,train
ITIncident:108330,train
ITIncident:108335,train
ITIncident:108338,test
ITIncident:108347,train
ITIncident:108353,train
ITIncident:108360,train
ITIncident:108371,train
ITIncident:108374,train
ITIncident:108377,test
ITIncident:108382,train
ITIncident:108390,train
ITIncident:108402,test
ITIncident:108406,train
ITIncident:108410,train
ITIncident:108414,train
ITIncident:108425,train
ITIncident:108444,train
ITIncident:108452,train
ITIncident:108456,train
ITIncident:108459,train
ITIncident:108467,train
ITIncident:108473,test
ITIncident:108477,train
ITIncident:108486,train
ITIncident:108494,train
ITIncident:108499,test
ITIncident:108506,train
ITIncident:108510,train
ITIncident:108520,test
ITIncident:108524,train
ITIncident:108527,train
ITIncident:108532,test
ITIncident:108536,train
ITIncident:108539,train
ITIncident:108543,train
ITIncident:108549,test
ITIncident:108554,test
ITIncident:108559,train
ITIncident:108567,train
ITIncident:108571,test
ITIncident:108574,train
ITIncident:108583,train
ITIncident:108591,train
ITIncident:108595,train
ITIncident:108600,train
ITIncident:108619,train
ITIncident:108623,train
ITIncident:108628,test
ITIncident:108633,test
ITIncident:108637,train
ITIncident:108642,test
ITIncident:108647,train
ITIncident:108650,test
ITIncident:108654,train
ITIncident:108664,train
ITIncident:108669,test
ITIncident:108675,train
ITIncident:108679,train
ITIncident:108690,test
ITIncident:108695,train
ITIncident:108704,train
ITIncident:108707,train
ITIncident:108712,train
ITIncident:108715,train
ITIncident:108718,train
ITIncident:108724,train
ITIncident:108727,train
ITIncident:108730,test
ITIncident:108738,train
ITIncident:108748,train
ITIncident:108756,train
ITIncident:108759,train
ITIncident:108764,train
ITIncident:108782,train
ITIncident:108787,train
ITIncident:108793,train
ITIncident:108795,train
ITIncident:108800,train
ITIncident:108817,train
ITIncident:108827,train
ITIncident:108831,train
ITIncident:108837,train
ITIncident:108840,train
ITIncident:108848,test
ITIncident:108853,train
ITIncident:108863,train
ITIncident:108866,train
ITIncident:108874,train
ITIncident:108877,train
ITIncident:108882,train
ITIncident:108887,train
ITIncident:108890,test
ITIncident:108893,train
ITIncident:108904,train
ITIncident:108912,test
ITIncident:108916,train
ITIncident:108920,train
ITIncident:108923,train
ITIncident:108927,train
ITIncident:108930,train
ITIncident:108934,train
ITIncident:108943,train
ITIncident:108947,train
ITIncident:108951,train
ITIncident:108956,test
ITIncident:108960,train
ITIncident:108965,train
ITIncident:108969,train
ITIncident:108974,test
ITIncident:108979,train
ITIncident:108983,train
ITIncident:108987,train
ITIncident:108990,train
ITIncident:108994,train
ITIncident:108998,train
ITIncident:109001,train
ITIncident:109005,train
ITIncident:109009,train
ITIncident:109011,test
ITIncident:109015,train
ITIncident:109018,train
ITIncident:109022,train
ITIncident:109029,train
ITIncident:109035,train
ITIncident:109038,train
ITIncident:109050,train
ITIncident:109062,train
ITIncident:109068,train
ITIncident:109074,train
ITIncident:109076,train
ITIncident:109088,test
ITIncident:109091,train
ITIncident:109094,train
ITIncident:109098,train
ITIncident:109100,train
ITIncident:109111,train
ITIncident:109114,train
ITIncident:109131,test
ITIncident:109134,test
ITIncident:109138,test
ITIncident:109142,train
ITIncident:109145,train
ITIncident:109151,test
ITIncident:109156,train
ITIncident:109172,train
ITIncident:109178,train
ITIncident:109185,train
ITIncident:109187,train
ITIncident:109209,train
ITIncident:109217,train
ITIncident:109220,test
ITIncident:109223,train
ITIncident:109227,train
ITIncident:109229,train
ITIncident:109237,test
ITIncident:109240,test
ITIncident:109243,train
ITIncident:109249,train
ITIncident:109259,train
ITIncident:109263,train
ITIncident:109282,train
ITIncident:109289,train
ITIncident:109294,train
ITIncident:109297,train
ITIncident:109301,train
ITIncident:109304,train
ITIncident:109313,train
ITIncident:109319,train
ITIncident:109326,train
ITIncident:109331,test
ITIncident:109340,train
ITIncident:109344,train
ITIncident:109347,train
ITIncident:109350,train
ITIncident:109355,train
ITIncident:109359,train
ITIncident:109363,test
ITIncident:109374,train
ITIncident:109377,train
ITIncident:109381,test
ITIncident:109388,train
ITIncident:109392,train
ITIncident:109396,test
ITIncident:109400,train
ITIncident:109403,train
ITIncident:109407,test
ITIncident:109411,train
ITIncident:109415,train
ITIncident:109417,train
ITIncident:109420,train
ITIncident:109423,test
ITIncident:109426,test
ITIncident:109446,test
ITIncident:109449,test
ITIncident:109452,train
ITIncident:109465,train
ITIncident:109468,test
ITIncident:109473,train
ITIncident:109476,test
ITIncident:109479,train
ITIncident:109482,train
ITIncident:109485,train
ITIncident:109490,train
ITIncident:109494,train
ITIncident:109499,train
ITIncident:109501,test
ITIncident:109504,train
ITIncident:109507,train
ITIncident:109512,train
ITIncident:109514,train
ITIncident:109517,train
ITIncident:109521,train
ITIncident:109524,train
ITIncident:109528,train
ITIncident:109531,train
ITIncident:109534,train
ITIncident:109537,train
ITIncident:109541,train
ITIncident:109550,train
ITIncident:109555,train
ITIncident:109560,train
ITIncident:109563,test
ITIncident:109566,train
ITIncident:109574,train
ITIncident:109577,train
ITIncident:109580,train
ITIncident:109586,train
ITIncident:109589,test
ITIncident:109594,test
ITIncident:109597,test
ITIncident:109604,test
ITIncident:109607,test
ITIncident:109610,train
ITIncident:109614,train
ITIncident:109616,test
ITIncident:109621,test
ITIncident:109624,train
ITIncident:109628,test
ITIncident:109630,test
ITIncident:109634,test
ITIncident:109640,train
ITIncident:109645,test
ITIncident:109651,train
ITIncident:109656,train
ITIncident:109658,train
ITIncident:109660,test
ITIncident:109670,train
ITIncident:109673,train
ITIncident:109676,train
ITIncident:109679,test
ITIncident:109686,train
ITIncident:109690,train
ITIncident:109692,train
ITIncident:109701,train
ITIncident:109710,test
ITIncident:109713,train
ITIncident:109717,train
ITIncident:109720,train
ITIncident:109727,train
ITIncident:109730,train
ITIncident:109733,train
ITIncident:109738,train
ITIncident:109741,train
ITIncident:109745,train
ITIncident:109757,train
ITIncident:109765,train
ITIncident:109768,train
ITIncident:109772,train
ITIncident:109775,train
ITIncident:109778,train
ITIncident:109789,train
ITIncident:109793,train
ITIncident:109795,train
ITIncident:109799,train
ITIncident:109804,train
ITIncident:109808,train
ITIncident:109812,train
ITIncident:109816,train
ITIncident:109820,train
ITIncident:109824,train
ITIncident:109828,train
ITIncident:109832,train
ITIncident:109837,train
ITIncident:109841,train
ITIncident:109845,train
ITIncident:109849,train
ITIncident:109853,train
ITIncident:109857,train
ITIncident:109861,train
ITIncident:109865,train
ITIncident:109870,train
ITIncident:109874,train
ITIncident:109878,train
ITIncident:109882,train
ITIncident:109886,train
ITIncident:109890,train
ITIncident:109898,train
ITIncident:109903,test
ITIncident:109907,train
ITIncident:109913,train
ITIncident:109921,test
ITIncident:109930,train
ITIncident:109933,train
ITIncident:109950,train
ITIncident:109961,train
ITIncident:109964,train
ITIncident:109973,train
ITIncident:109979,train
ITIncident:109984,train
ITIncident:109987,train
ITIncident:109994,train
ITIncident:110001,train
ITIncident:110019,train
ITIncident:110025,train
ITIncident:110034,train
ITIncident:110037,train
ITIncident:110052,train
ITIncident:110070,train
ITIncident:110073,train
ITIncident:110076,train
ITIncident:110081,train
ITIncident:110093,test
ITIncident:110097,train
ITIncident:110114,train
ITIncident:110117,train
ITIncident:110147,test
ITIncident:110151,train
ITIncident:110154,train
ITIncident:110161,train
ITIncident:110166,train
ITIncident:110169,test
ITIncident:110172,train
ITIncident:110178,train
ITIncident:110186,train
ITIncident:110190,train
ITIncident:110196,train
ITIncident:110202,train
ITIncident:110211,train
ITIncident:110216,test
ITIncident:110219,test
ITIncident:110222,test
ITIncident:110226,train
ITIncident:110231,train
ITIncident:110234,test
ITIncident:110239,train
ITIncident:110251,test
ITIncident:110254,train
ITIncident:110257,train
ITIncident:110260,train
ITIncident:110264,train
ITIncident:110268,train
ITIncident:110274,train
ITIncident:110279,train
ITIncident:110282,train
ITIncident:110285,train
ITIncident:110289,train
ITIncident:110295,train
ITIncident:110305,train
ITIncident:110308,train
ITIncident:110315,test
ITIncident:110319,test
ITIncident:110322,train
ITIncident:110325,train
ITIncident:110329,test
ITIncident:110334,train
ITIncident:110339,train
ITIncident:110345,train
ITIncident:110352,train
ITIncident:110356,train
ITIncident:110359,test
ITIncident:110365,train
ITIncident:110370,train
ITIncident:110383,train
ITIncident:110386,test
ITIncident:110391,train
ITIncident:110396,train
ITIncident:110401,train
ITIncident:110405,train
ITIncident:110411,train
ITIncident:110422,test
ITIncident:110426,train
ITIncident:110430,train
ITIncident:110436,train
ITIncident:110443,train
ITIncident:110450,train
ITIncident:110453,train
ITIncident:110460,train
ITIncident:110468,test
ITIncident:110476,train
ITIncident:110482,train
ITIncident:110486,train
ITIncident:110489,test
ITIncident:110492,test
ITIncident:110516,train
ITIncident:110519,train
ITIncident:110523,train
ITIncident:110528,test
ITIncident:110535,test
ITIncident:110538,test
ITIncident:110544,train
ITIncident:110549,train
ITIncident:110554,train
ITIncident:110558,train
ITIncident:110561,train
ITIncident:110566,train
ITIncident:110573,test
ITIncident:110582,train
ITIncident:110592,test
ITIncident:110595,train
ITIncident:110600,train
ITIncident:110610,train
ITIncident:110623,test
ITIncident:110626,train
ITIncident:110633,train
ITIncident:110639,train
ITIncident:110645,test
ITIncident:110649,train
ITIncident:110654,train
ITIncident:110659,train
ITIncident:110663,train
ITIncident:110667,train
ITIncident:110673,train
ITIncident:110676,test
ITIncident:110679,test
ITIncident:110693,test
ITIncident:110697,train
ITIncident:110702,train
ITIncident:110706,train
ITIncident:110714,train
ITIncident:110717,train
ITIncident:110720,train
ITIncident:110728,train
ITIncident:110740,train
ITIncident:110743,train
ITIncident:110749,test
ITIncident:110752,test
ITIncident:110757,test
ITIncident:110760,test
ITIncident:110764,train
ITIncident:110769,train
ITIncident:110772,train
ITIncident:110778,train
ITIncident:110781,train
ITIncident:110786,test
ITIncident:110790,train
ITIncident:110796,train
ITIncident:110799,test
ITIncident:110806,train
ITIncident:110814,test
ITIncident:110823,train
ITIncident:110827,train
ITIncident:110830,train
ITIncident:110835,train
ITIncident:110839,train
ITIncident:110849,train
ITIncident:110853,train
ITIncident:110858,train
ITIncident:110862,test
ITIncident:110865,test
ITIncident:110877,train
ITIncident:110884,test
ITIncident:110888,train
ITIncident:110893,train
ITIncident:110899,train
ITIncident:110902,test
ITIncident:110919,test
ITIncident:110925,train
ITIncident:110930,train
ITIncident:110935,train
ITIncident:110938,train
ITIncident:110946,train
ITIncident:110954,train
ITIncident:110966,train
ITIncident:110969,train
ITIncident:110972,train
ITIncident:110980,train
ITIncident:110988,train
ITIncident:110995,train
ITIncident:110997,test
ITIncident:110999,test
ITIncident:111002,train
ITIncident:111006,test
ITIncident:111009,train
ITIncident:111020,train
ITIncident:111027,train
ITIncident:111032,train
ITIncident:111036,train
ITIncident:111040,train
ITIncident:111047,train
ITIncident:111054,train
ITIncident:111057,train
ITIncident:111063,train
ITIncident:111067,train
ITIncident:111073,test
ITIncident:111076,train
ITIncident:111079,test
ITIncident:111082,train
ITIncident:111086,train
ITIncident:111090,train
ITIncident:111093,train
ITIncident:111098,test
ITIncident:111100,train
ITIncident:111106,test
ITIncident:111110,train
ITIncident:111118,train
ITIncident:111120,train
ITIncident:111123,train
ITIncident:111126,train
ITIncident:111134,train
ITIncident:111137,train
ITIncident:111154,train
ITIncident:111160,train
ITIncident:111164,test
ITIncident:111170,test
ITIncident:111194,train
ITIncident:111196,test
ITIncident:111202,test
ITIncident:111205,train
ITIncident:111208,train
ITIncident:111211,train
ITIncident:111214,train
ITIncident:111221,train
ITIncident:111231,train
ITIncident:111234,train
ITIncident:111238,test
ITIncident:111241,train
ITIncident:111246,train
ITIncident:111253,train
ITIncident:111258,train
ITIncident:111263,train
ITIncident:111266,train
ITIncident:111275,train
ITIncident:111278,train
ITIncident:111282,train
ITIncident:111285,train
ITIncident:111289,train
ITIncident:111293,train
ITIncident:111297,test
ITIncident:111303,train
ITIncident:111307,test
ITIncident:111314,test
ITIncident:111319,train
ITIncident:111330,train
ITIncident:111334,train
ITIncident:111338,train
ITIncident:111342,train
ITIncident:111346,train
ITIncident:111352,train
ITIncident:111355,train
ITIncident:111358,train
ITIncident:111366,train
ITIncident:111369,train
ITIncident:111375,train
ITIncident:111385,test
ITIncident:111395,test
ITIncident:111402,train
ITIncident:111405,train
ITIncident:111410,train
ITIncident:111412,train
ITIncident:111415,train
ITIncident:111418,train
ITIncident:111421,train
ITIncident:111423,train
ITIncident:111426,train
ITIncident:111430,train
ITIncident:111435,test
ITIncident:111438,train
ITIncident:111441,train
ITIncident:111445,train
ITIncident:111448,test
ITIncident:111450,train
ITIncident:111453,test
ITIncident:111458,train
ITIncident:111461,train
ITIncident:111469,train
ITIncident:111472,train
ITIncident:111479,train
ITIncident:111482,train
ITIncident:111485,train
ITIncident:111487,train
ITIncident:111499,train
ITIncident:111502,test
ITIncident:111508,train
ITIncident:111512,train
ITIncident:111515,train
ITIncident:111517,train
ITIncident:111519,train
ITIncident:111522,test
ITIncident:111526,train
ITIncident:111534,train
ITIncident:111537,train
ITIncident:111540,test
ITIncident:111548,test
ITIncident:111552,train
ITIncident:111557,test
ITIncident:111565,train
ITIncident:111567,train
ITIncident:111573,train
ITIncident:111576,test
ITIncident:111580,test
ITIncident:111583,test
ITIncident:111597,train
ITIncident:111606,train
ITIncident:111609,train
ITIncident:111615,train
ITIncident:111620,train
ITIncident:111624,train
ITIncident:111627,train
ITIncident:111630,train
ITIncident:111644,train
ITIncident:111653,train
ITIncident:111658,train
ITIncident:111665,train
ITIncident:111672,train
ITIncident:111675,test
ITIncident:111679,train
ITIncident:111692,train
ITIncident:111696,train
ITIncident:111700,test
ITIncident:111706,train
ITIncident:111711,test
ITIncident:111720,train
ITIncident:111724,train
ITIncident:111728,train
ITIncident:111732,train
ITIncident:111736,train
ITIncident:111740,train
ITIncident:111744,train
ITIncident:111748,train
ITIncident:111752,train
ITIncident:111756,train
ITIncident:111760,train
ITIncident:111764,train
ITIncident:111768,train
ITIncident:111773,train
ITIncident:111777,train
ITIncident:111782,train
ITIncident:111786,train
ITIncident:111790,train
ITIncident:111793,train
ITIncident:111797,train
ITIncident:111801,train
ITIncident:111805,train
ITIncident:111809,train
ITIncident:111813,train
ITIncident:111817,train
ITIncident:111822,test
ITIncident:111825,test
ITIncident:111828,train
ITIncident:111832,train
ITIncident:111834,train
ITIncident:111839,train
ITIncident:111843,train
ITIncident:111845,test
ITIncident:111850,train
ITIncident:111854,train
ITIncident:111869,train
ITIncident:111877,train
ITIncident:111888,test
ITIncident:111896,train
ITIncident:111901,test
ITIncident:111911,train
ITIncident:111920,train
ITIncident:111924,train
ITIncident:111928,train
ITIncident:111933,train
ITIncident:111937,train
ITIncident:111940,train
ITIncident:111946,train
ITIncident:111950,train
ITIncident:111953,test
ITIncident:111972,train
ITIncident:111987,train
ITIncident:111992,train
ITIncident:111996,train
ITIncident:112002,test
ITIncident:112005,train
ITIncident:112013,train
ITIncident:112016,train
ITIncident:112019,test
ITIncident:112021,train
ITIncident:112026,train
ITIncident:112029,train
ITIncident:112033,train
ITIncident:112037,train
ITIncident:112042,train
ITIncident:112046,train
ITIncident:112056,test
ITIncident:112061,test
ITIncident:112068,train
ITIncident:112072,train
ITIncident:112075,train
ITIncident:112079,train
ITIncident:112084,train
ITIncident:112087,train
ITIncident:112090,train
ITIncident:112097,test
ITIncident:112099,train
ITIncident:112107,train
ITIncident:112110,train
ITIncident:112113,train
ITIncident:112118,test
ITIncident:112121,train
ITIncident:112126,test
ITIncident:112130,train
ITIncident:112137,train
ITIncident:112142,test
ITIncident:112145,train
ITIncident:112155,train
ITIncident:112160,train
ITIncident:112165,train
ITIncident:112167,train
ITIncident:112170,train
ITIncident:112173,train
ITIncident:112176,train
ITIncident:112179,train
ITIncident:112183,train
ITIncident:112186,train
ITIncident:112189,train
ITIncident:112195,train
ITIncident:112197,train
ITIncident:112199,train
ITIncident:112202,train
ITIncident:112208,train
ITIncident:112212,test
ITIncident:112214,train
ITIncident:112217,train
ITIncident:112219,test
ITIncident:112222,test
ITIncident:112224,train
ITIncident:112226,train
ITIncident:112230,train
ITIncident:112236,train
ITIncident:112242,test
ITIncident:112250,train
ITIncident:112261,train
ITIncident:112265,train
ITIncident:112269,test
ITIncident:112276,train
ITIncident:112288,train
ITIncident:112291,test
ITIncident:112294,train
ITIncident:112297,train
ITIncident:112300,test
ITIncident:112310,train
ITIncident:112313,test
ITIncident:112321,test
ITIncident:112324,train
ITIncident:112331,test
ITIncident:112344,test
ITIncident:112347,test
ITIncident:112352,train
ITIncident:112361,train
ITIncident:112365,train
ITIncident:112368,train
ITIncident:112371,train
ITIncident:112374,train
ITIncident:112380,train
ITIncident:112387,test
ITIncident:112390,train
ITIncident:112394,train
ITIncident:112398,train
ITIncident:112402,train
ITIncident:112405,train
ITIncident:112409,train
ITIncident:112415,train
ITIncident:112423,train
ITIncident:112428,train
ITIncident:112431,train
ITIncident:112435,train
ITIncident:112440,train
ITIncident:112444,train
ITIncident:112448,train
ITIncident:112455,train
ITIncident:112471,train
ITIncident:112477,test
ITIncident:112480,test
ITIncident:112483,train
ITIncident:112492,test
ITIncident:112498,train
ITIncident:112501,train
ITIncident:112504,train
ITIncident:112509,train
ITIncident:112515,train
ITIncident:112518,train
ITIncident:112522,train
ITIncident:112525,train
ITIncident:112528,train
ITIncident:112531,test
ITIncident:112534,train
ITIncident:112538,train
ITIncident:112541,train
ITIncident:112545,train
ITIncident:112563,train
ITIncident:112567,train
ITIncident:112573,train
ITIncident:112576,train
ITIncident:112581,train
ITIncident:112585,train
ITIncident:112588,train
ITIncident:112591,train
ITIncident:112594,train
ITIncident:112597,train
ITIncident:112603,train
ITIncident:112606,train
ITIncident:112611,train
ITIncident:112618,train
ITIncident:112626,train
ITIncident:112632,train
ITIncident:112637,train
ITIncident:112641,test
ITIncident:112644,train
ITIncident:112649,train
ITIncident:112653,test
ITIncident:112658,train
ITIncident:112662,train
ITIncident:112668,train
ITIncident:112681,test
ITIncident:112684,test
ITIncident:112687,train
ITIncident:112691,train
ITIncident:112694,train
ITIncident:112698,train
ITIncident:112702,train
ITIncident:112705,train
ITIncident:112708,train
ITIncident:112715,train
ITIncident:112719,train
ITIncident:112722,train
ITIncident:112725,train
ITIncident:112731,train
ITIncident:112734,train
ITIncident:112743,train
ITIncident:112746,train
ITIncident:112755,train
ITIncident:112758,train
ITIncident:112764,train
ITIncident:112768,train
ITIncident:112771,train
ITIncident:112776,train
ITIncident:112787,test
ITIncident:112792,train
ITIncident:112800,train
ITIncident:112809,train
ITIncident:112813,train
ITIncident:112816,train
ITIncident:112821,test
ITIncident:112824,train
ITIncident:112831,test
ITIncident:112838,train
ITIncident:112845,train
ITIncident:112854,train
ITIncident:112858,train
ITIncident:112863,train
ITIncident:112869,train
ITIncident:112874,test
ITIncident:112880,train
ITIncident:112883,train
ITIncident:112887,train
ITIncident:112896,train
ITIncident:112906,train
ITIncident:112909,train
ITIncident:112912,train
ITIncident:112923,train
ITIncident:112931,train
ITIncident:112935,train
ITIncident:112938,train
ITIncident:112942,train
ITIncident:112946,train
ITIncident:112950,train
ITIncident:112954,test
ITIncident:112957,test
ITIncident:112960,train
ITIncident:112965,train
ITIncident:112970,test
ITIncident:112974,test
ITIncident:112978,train
ITIncident:112986,train
ITIncident:112990,test
ITIncident:112996,train
ITIncident:112999,train
ITIncident:113008,test
ITIncident:113011,train
ITIncident:113024,train
ITIncident:113028,train
ITIncident:113033,train
ITIncident:113039,train
ITIncident:113043,train
ITIncident:113052,test
ITIncident:113056,train
ITIncident:113059,train
ITIncident:113065,train
ITIncident:113068,train
ITIncident:113073,train
ITIncident:113077,train
ITIncident:113082,train
ITIncident:113085,train
ITIncident:113088,test
ITIncident:113096,test
ITIncident:113100,train
ITIncident:113104,train
ITIncident:113110,train
ITIncident:113117,train
ITIncident:113121,train
ITIncident:113124,test
ITIncident:113129,train
ITIncident:113132,train
ITIncident:113143,train
ITIncident:113152,test
ITIncident:113157,train
ITIncident:113160,train
ITIncident:113167,train
ITIncident:113187,test
ITIncident:113190,test
ITIncident:113192,train
ITIncident:113196,train
ITIncident:113203,test
ITIncident:113209,train
ITIncident:113217,test
ITIncident:113222,train
ITIncident:113227,train
ITIncident:113233,train
ITIncident:113238,test
ITIncident:113252,train
ITIncident:113257,train
ITIncident:113260,test
ITIncident:113264,train
ITIncident:113272,train
ITIncident:113284,train
ITIncident:113287,test
ITIncident:113294,train
ITIncident:113299,train
ITIncident:113304,train
ITIncident:113311,train
ITIncident:113314,train
ITIncident:113323,test
ITIncident:113326,train
ITIncident:113332,train
ITIncident:113335,train
ITIncident:113344,test
ITIncident:113347,train
ITIncident:113352,train
ITIncident:113355,train
ITIncident:113357,test
ITIncident:113361,test
ITIncident:113364,test
ITIncident:113368,train
ITIncident:113373,train
ITIncident:113384,train
ITIncident:113387,train
ITIncident:113389,train
ITIncident:113393,train
ITIncident:113396,train
ITIncident:113401,train
ITIncident:113410,train
ITIncident:113413,train
ITIncident:113416,test
ITIncident:113428,train
ITIncident:113431,train
ITIncident:113435,train
ITIncident:113438,train
ITIncident:113446,train
ITIncident:113449,test
ITIncident:113452,train
ITIncident:113456,train
ITIncident:113459,train
ITIncident:113462,test
ITIncident:113469,train
ITIncident:113473,test
ITIncident:113486,test
ITIncident:113489,test
ITIncident:113493,train
ITIncident:113497,train
ITIncident:113508,train
ITIncident:113518,train
ITIncident:113522,train
ITIncident:113529,train
ITIncident:113541,train
ITIncident:113548,test
ITIncident:113552,test
ITIncident:113555,train
ITIncident:113559,train
ITIncident:113564,train
ITIncident:113567,test
ITIncident:113572,train
ITIncident:113575,train
ITIncident:113581,test
ITIncident:113586,train
ITIncident:113593,train
ITIncident:113600,train
ITIncident:113603,train
ITIncident:113608,test
ITIncident:113611,train
ITIncident:113630,train
ITIncident:113636,train
ITIncident:113642,train
ITIncident:113649,train
ITIncident:113667,train
ITIncident:113670,train
ITIncident:113678,train
ITIncident:113681,train
ITIncident:113684,train
ITIncident:113691,train
ITIncident:113696,train
ITIncident:113701,train
ITIncident:113712,train
ITIncident:113715,train
ITIncident:113717,train
ITIncident:113723,train
ITIncident:113726,train
ITIncident:113729,train
ITIncident:113736,train
ITIncident:113747,train
ITIncident:113751,test
ITIncident:113757,test
ITIncident:113760,train
ITIncident:113765,train
ITIncident:113771,train
ITIncident:113777,train
ITIncident:113780,test
ITIncident:113782,test
ITIncident:113784,test
ITIncident:113789,train
ITIncident:113792,train
ITIncident:113795,test
ITIncident:113806,train
ITIncident:113808,train
ITIncident:113815,train
ITIncident:113818,test
ITIncident:113825,train
ITIncident:113827,test
ITIncident:113832,test
ITIncident:113838,train
ITIncident:113841,train
ITIncident:113849,train
ITIncident:113852,test
ITIncident:113860,train
ITIncident:113863,train
ITIncident:113868,test
ITIncident:113882,train
ITIncident:113885,train
ITIncident:113888,train
ITIncident:113891,test
ITIncident:113896,train
ITIncident:113901,train
ITIncident:113904,train
ITIncident:113908,train
ITIncident:113911,train
ITIncident:113914,train
ITIncident:113918,train
ITIncident:113922,test
ITIncident:113930,train
ITIncident:113932,train
ITIncident:113936,train
ITIncident:113941,train
ITIncident:113944,train
ITIncident:113948,train
ITIncident:113950,test
ITIncident:113955,train
ITIncident:113958,train
ITIncident:113962,test
ITIncident:113965,train
ITIncident:113969,test
ITIncident:113973,train
ITIncident:113977,train
ITIncident:113979,train
ITIncident:113984,test
ITIncident:113988,test
ITIncident:113991,test
ITIncident:113993,train
ITIncident:113996,train
ITIncident:114005,train
ITIncident:114010,train
ITIncident:114015,train
ITIncident:114022,train
ITIncident:114027,test
ITIncident:114031,train
ITIncident:114035,test
ITIncident:114042,train
ITIncident:114045,train
ITIncident:114051,test
ITIncident:114055,train
ITIncident:114058,train
ITIncident:114062,train
ITIncident:114066,train
ITIncident:114069,test
ITIncident:114072,test
ITIncident:114075,test
ITIncident:114078,test
ITIncident:114081,test
ITIncident:114084,test
ITIncident:114087,test
ITIncident:114090,test
ITIncident:114092,train
ITIncident:114095,test
ITIncident:114097,train
ITIncident:114100,test
ITIncident:114102,train
ITIncident:114105,test
ITIncident:114108,test
ITIncident:114111,test
ITIncident:114113,train
ITIncident:114115,train
ITIncident:114118,test
ITIncident:114125,train
ITIncident:114128,test
ITIncident:114131,train
ITIncident:114135,train
ITIncident:114138,train
ITIncident:114143,train
ITIncident:114147,train
ITIncident:114150,train
ITIncident:114155,test
ITIncident:114159,train
ITIncident:114162,train
ITIncident:114165,test
ITIncident:114168,test
ITIncident:114172,test
ITIncident:114175,test
ITIncident:114178,train
ITIncident:114188,train
ITIncident:114191,test
ITIncident:114194,train
ITIncident:114201,train
ITIncident:114208,train
ITIncident:114213,test
ITIncident:114216,test
ITIncident:114219,test
ITIncident:114222,train
ITIncident:114225,train
ITIncident:114234,test
ITIncident:114237,train
ITIncident:114243,train
ITIncident:114253,train
ITIncident:114257,train
ITIncident:114262,train
ITIncident:114272,train
ITIncident:114276,train
ITIncident:114279,train
ITIncident:114282,test
ITIncident:114285,train
ITIncident:114290,train
ITIncident:114293,test
ITIncident:114296,test
ITIncident:114299,train
ITIncident:114305,train
ITIncident:114309,train
ITIncident:114313,train
ITIncident:114317,train
ITIncident:114323,train
ITIncident:114328,train
ITIncident:114339,test
ITIncident:114351,train
ITIncident:114359,train
ITIncident:114363,test
ITIncident:114371,train
ITIncident:114381,train
ITIncident:114386,train
ITIncident:114394,train
ITIncident:114410,train
ITIncident:114420,train
ITIncident:114436,train
ITIncident:114439,train
ITIncident:114442,train
ITIncident:114453,train
ITIncident:114456,train
ITIncident:114462,train
ITIncident:114465,train
ITIncident:114469,train
ITIncident:114472,train
ITIncident:114477,train
ITIncident:114482,train
ITIncident:114485,train
ITIncident:114488,train
ITIncident:114491,train
ITIncident:114499,train
ITIncident:114503,train
ITIncident:114514,train
ITIncident:114517,train
ITIncident:114519,test
ITIncident:114525,train
ITIncident:114538,train
ITIncident:114541,train
ITIncident:114554,test
ITIncident:114563,train
ITIncident:114567,train
ITIncident:114571,train
ITIncident:114582,train
ITIncident:114587,test
ITIncident:114590,train
ITIncident:114595,train
ITIncident:114601,train
ITIncident:114604,train
ITIncident:114611,train
ITIncident:114615,train
ITIncident:114630,train
ITIncident:114637,train
ITIncident:114642,train
ITIncident:114649,test
ITIncident:114653,train
ITIncident:114656,train
ITIncident:114660,test
ITIncident:114668,test
ITIncident:114672,train
ITIncident:114675,test
ITIncident:114678,train
ITIncident:114683,train
ITIncident:114687,train
ITIncident:114691,train
ITIncident:114696,train
ITIncident:114699,test
ITIncident:114702,test
ITIncident:114705,train
ITIncident:114707,train
ITIncident:114721,train
ITIncident:114725,train
ITIncident:114730,train
ITIncident:114736,train
ITIncident:114740,train
ITIncident:114743,train
ITIncident:114748,test
ITIncident:114752,train
ITIncident:114757,train
ITIncident:114761,train
ITIncident:114778,train
ITIncident:114782,train
ITIncident:114786,train
ITIncident:114790,train
ITIncident:114793,train
ITIncident:114796,train
ITIncident:114814,test
ITIncident:114823,train
ITIncident:114827,train
ITIncident:114831,train
ITIncident:114836,train
ITIncident:114845,train
ITIncident:114849,train
ITIncident:114855,train
ITIncident:114867,train
ITIncident:114875,train
ITIncident:114882,train
ITIncident:114885,train
ITIncident:114897,test
ITIncident:114903,train
ITIncident:114907,train
ITIncident:114912,test
ITIncident:114927,train
ITIncident:114934,train
ITIncident:114939,train
ITIncident:114945,train
ITIncident:114950,test
ITIncident:114955,train
ITIncident:114959,train
ITIncident:114967,test
ITIncident:114974,train
ITIncident:114984,train
ITIncident:114989,test
ITIncident:115005,train
ITIncident:115008,train
ITIncident:115010,test
ITIncident:115015,test
ITIncident:115021,train
ITIncident:115024,train
ITIncident:115027,test
ITIncident:115036,train
ITIncident:115044,train
ITIncident:115048,train
ITIncident:115051,test
ITIncident:115054,train
ITIncident:115057,train
ITIncident:115062,train
ITIncident:115070,train
ITIncident:115076,train
ITIncident:115081,train
ITIncident:115093,train
ITIncident:115095,test
ITIncident:115109,train
ITIncident:115112,test
ITIncident:115118,test
ITIncident:115127,train
ITIncident:115131,test
ITIncident:115134,train
ITIncident:115140,test
ITIncident:115145,train
ITIncident:115152,train
ITIncident:115155,train
ITIncident:115163,train
ITIncident:115165,train
ITIncident:115173,train
ITIncident:115176,train
ITIncident:115183,test
ITIncident:115185,train
ITIncident:115189,train
ITIncident:115192,train
ITIncident:115195,train
ITIncident:115200,train
ITIncident:115205,test
ITIncident:115211,test
ITIncident:115216,test
ITIncident:115219,train
ITIncident:115222,train
ITIncident:115225,test
ITIncident:115230,train
ITIncident:115233,train
ITIncident:115236,train
ITIncident:115238,train
ITIncident:115243,train
ITIncident:115248,train
ITIncident:115251,train
ITIncident:115254,test
ITIncident:115257,train
ITIncident:115261,train
ITIncident:115263,test
ITIncident:115265,train
ITIncident:115274,test
ITIncident:115286,train
ITIncident:115289,train
ITIncident:115292,test
ITIncident:115300,train
ITIncident:115309,train
ITIncident:115312,test
ITIncident:115320,train
ITIncident:115334,train
ITIncident:115336,train
ITIncident:115341,train
ITIncident:115350,train
ITIncident:115354,train
ITIncident:115357,test
ITIncident:115365,train
ITIncident:115368,test
ITIncident:115371,test
ITIncident:115379,test
ITIncident:115385,train
ITIncident:115388,train
ITIncident:115392,test
ITIncident:115395,train
ITIncident:115398,train
ITIncident:115401,train
ITIncident:115408,train
ITIncident:115419,train
ITIncident:115425,train
ITIncident:115431,train
ITIncident:115434,train
ITIncident:115443,train
ITIncident:115446,train
ITIncident:115449,train
ITIncident:115455,test
ITIncident:115459,train
ITIncident:115462,train
ITIncident:115465,train
ITIncident:115468,train
ITIncident:115474,train
ITIncident:115478,train
ITIncident:115481,train
ITIncident:115484,train
ITIncident:115490,train
ITIncident:115498,train
ITIncident:115501,test
ITIncident:115508,train
ITIncident:115513,train
ITIncident:115521,train
ITIncident:115523,train
ITIncident:115527,test
ITIncident:115534,train
ITIncident:115536,train
ITIncident:115540,train
ITIncident:115542,train
ITIncident:115545,train
ITIncident:115548,train
ITIncident:115551,train
ITIncident:115553,test
ITIncident:115557,test
ITIncident:115573,train
ITIncident:115576,test
ITIncident:115585,train
ITIncident:115591,train
ITIncident:115594,train
ITIncident:115599,train
ITIncident:115602,train
ITIncident:115604,train
ITIncident:115612,train
ITIncident:115615,train
ITIncident:115617,train
ITIncident:115621,train
ITIncident:115624,train
ITIncident:115627,test
ITIncident:115630,test
ITIncident:115633,test
ITIncident:115636,test
ITIncident:115639,test
ITIncident:115645,train
ITIncident:115648,test
ITIncident:115651,test
ITIncident:115654,test
ITIncident:115657,test
ITIncident:115669,test
ITIncident:115672,test
ITIncident:115675,test
ITIncident:115683,train
ITIncident:115686,test
ITIncident:115689,test
ITIncident:115692,test
ITIncident:115695,test
ITIncident:115698,test
ITIncident:115701,test
ITIncident:115704,test
ITIncident:115707,test
ITIncident:115710,test
ITIncident:115713,test
ITIncident:115716,train
ITIncident:115719,train
ITIncident:115730,train
ITIncident:115735,train
ITIncident:115741,train
ITIncident:115746,train
ITIncident:115749,train
ITIncident:115753,train
ITIncident:115757,test
ITIncident:115759,train
ITIncident:115763,train
ITIncident:115766,train
ITIncident:115770,train
ITIncident:115778,train
ITIncident:115780,train
ITIncident:115782,train
ITIncident:115785,train
ITIncident:115788,train
ITIncident:115793,train
ITIncident:115796,test
ITIncident:115798,train
ITIncident:115803,test
ITIncident:115807,train
ITIncident:115816,train
ITIncident:115821,test
ITIncident:115828,train
ITIncident:115834,test
ITIncident:115841,train
ITIncident:115844,train
ITIncident:115852,test
ITIncident:115855,train
ITIncident:115860,train
ITIncident:115863,train
ITIncident:115869,train
ITIncident:115873,train
ITIncident:115877,train
ITIncident:115881,train
ITIncident:115885,train
ITIncident:115889,train
ITIncident:115892,train
ITIncident:115895,test
ITIncident:115898,train
ITIncident:115901,train
ITIncident:115905,train
ITIncident:115908,train
ITIncident:115911,test
ITIncident:115918,train
ITIncident:115921,train
ITIncident:115924,train
ITIncident:115928,train
ITIncident:115933,train
ITIncident:115948,train
ITIncident:115958,train
ITIncident:115963,test
ITIncident:115969,test
ITIncident:115974,train
ITIncident:115977,test
ITIncident:115980,train
ITIncident:115988,train
ITIncident:115991,train
ITIncident:115994,train
ITIncident:115997,test
ITIncident:116002,train
ITIncident:116009,train
ITIncident:116021,train
ITIncident:116025,test
ITIncident:116027,test
ITIncident:116032,train
ITIncident:116036,test
ITIncident:116041,train
ITIncident:116044,train
ITIncident:116050,test
ITIncident:116055,test
ITIncident:116066,train
ITIncident:116071,test
ITIncident:116075,train
ITIncident:116084,train
ITIncident:116088,train
ITIncident:116091,test
ITIncident:116096,train
ITIncident:116101,train
ITIncident:116105,train
ITIncident:116110,test
ITIncident:116129,train
ITIncident:116134,train
ITIncident:116138,train
ITIncident:116149,train
ITIncident:116154,train
ITIncident:116159,train
ITIncident:116165,train
ITIncident:116174,test
ITIncident:116178,train
ITIncident:116181,train
ITIncident:116187,train
ITIncident:116195,train
ITIncident:116203,test
ITIncident:116206,train
ITIncident:116208,train
ITIncident:116213,train
ITIncident:116218,train
ITIncident:116222,train
ITIncident:116226,train
ITIncident:116230,train
ITIncident:116238,test
ITIncident:116244,train
ITIncident:116247,test
ITIncident:116254,train
ITIncident:116258,test
ITIncident:116261,train
ITIncident:116263,train
ITIncident:116271,train
ITIncident:116274,train
ITIncident:116277,train
ITIncident:116280,train
ITIncident:116283,train
ITIncident:116288,train
ITIncident:116292,train
ITIncident:116303,train
ITIncident:116307,train
ITIncident:116313,test
ITIncident:116320,train
ITIncident:116327,train
ITIncident:116332,test
ITIncident:116336,train
ITIncident:116339,train
ITIncident:116345,train
ITIncident:116351,train
ITIncident:116360,train
ITIncident:116381,train
ITIncident:116385,train
ITIncident:116388,train
ITIncident:116395,train
ITIncident:116398,train
ITIncident:116404,train
ITIncident:116411,test
ITIncident:116417,test
ITIncident:116421,train
ITIncident:116424,train
ITIncident:116437,train
ITIncident:116440,train
ITIncident:116443,train
ITIncident:116447,train
ITIncident:116460,train
ITIncident:116463,train
ITIncident:116466,train
ITIncident:116469,train
ITIncident:116472,test
ITIncident:116476,train
ITIncident:116483,train
ITIncident:116487,train
ITIncident:116491,train
ITIncident:116494,train
ITIncident:116499,train
ITIncident:116502,train
ITIncident:116512,train
ITIncident:116515,train
ITIncident:116518,train
ITIncident:116527,train
ITIncident:116538,train
ITIncident:116545,train
ITIncident:116551,train
ITIncident:116558,train
ITIncident:116562,test
ITIncident:116566,train
ITIncident:116573,train
ITIncident:116579,train
ITIncident:116585,train
ITIncident:116588,train
ITIncident:116593,train
ITIncident:116597,train
ITIncident:116600,train
ITIncident:116607,train
ITIncident:116613,train
ITIncident:116616,train
ITIncident:116619,train
ITIncident:116624,train
ITIncident:116627,train
ITIncident:116631,train
ITIncident:116634,train
ITIncident:116639,train
ITIncident:116643,test
ITIncident:116649,train
ITIncident:116656,train
ITIncident:116663,train
ITIncident:116669,test
ITIncident:116680,train
ITIncident:116688,train
ITIncident:116691,train
ITIncident:116695,train
ITIncident:116700,train
ITIncident:116705,train
ITIncident:116713,train
ITIncident:116737,test
ITIncident:116743,train
ITIncident:116747,train
ITIncident:116752,train
ITIncident:116757,train
ITIncident:116760,train
ITIncident:116765,train
ITIncident:116769,train
ITIncident:116772,train
ITIncident:116780,test
ITIncident:116783,train
ITIncident:116790,train
ITIncident:116794,train
ITIncident:116798,train
ITIncident:116803,test
ITIncident:116812,test
ITIncident:116816,train
ITIncident:116822,train
ITIncident:116826,train
ITIncident:116830,train
ITIncident:116836,train
ITIncident:116839,train
ITIncident:116848,train
ITIncident:116851,train
ITIncident:116853,train
ITIncident:116860,train
ITIncident:116867,train
ITIncident:116874,train
ITIncident:116877,test
ITIncident:116881,test
ITIncident:116884,train
ITIncident:116888,train
ITIncident:116891,train
ITIncident:116898,train
ITIncident:116908,train
ITIncident:116919,train
ITIncident:116932,train
ITIncident:116936,train
ITIncident:116941,train
ITIncident:116944,train
ITIncident:116950,test
ITIncident:116961,train
ITIncident:116970,train
ITIncident:116973,train
ITIncident:116985,train
ITIncident:116990,train
ITIncident:116992,train
ITIncident:117001,train
ITIncident:117004,train
ITIncident:117009,test
ITIncident:117013,train
ITIncident:117016,train
ITIncident:117019,train
ITIncident:117024,train
ITIncident:117029,train
ITIncident:117033,train
ITIncident:117041,train
ITIncident:117050,test
ITIncident:117055,train
ITIncident:117060,train
ITIncident:117063,train
ITIncident:117069,train
ITIncident:117077,test
ITIncident:117088,train
ITIncident:117092,test
ITIncident:117095,train
ITIncident:117101,test
ITIncident:117106,train
ITIncident:117109,train
ITIncident:117118,test
ITIncident:117123,train
ITIncident:117126,train
ITIncident:117134,train
ITIncident:117137,train
ITIncident:117140,train
ITIncident:117149,train
ITIncident:117152,train
ITIncident:117155,train
ITIncident:117159,test
ITIncident:117172,train
ITIncident:117175,train
ITIncident:117181,train
ITIncident:117188,train
ITIncident:117193,train
ITIncident:117197,train
ITIncident:117200,test
ITIncident:117202,test
ITIncident:117209,train
ITIncident:117214,train
ITIncident:117217,train
ITIncident:117220,train
ITIncident:117224,train
ITIncident:117227,train
ITIncident:117230,train
ITIncident:117240,train
ITIncident:117243,train
ITIncident:117248,train
ITIncident:117260,train
ITIncident:117267,train
ITIncident:117276,test
ITIncident:117280,train
ITIncident:117285,train
ITIncident:117288,train
ITIncident:117294,train
ITIncident:117301,test
ITIncident:117307,train
ITIncident:117310,train
ITIncident:117316,test
ITIncident:117320,train
ITIncident:117332,train
ITIncident:117336,train
ITIncident:117352,train
ITIncident:117354,train
ITIncident:117359,test
ITIncident:117365,train
ITIncident:117369,train
ITIncident:117374,train
ITIncident:117379,train
ITIncident:117382,train
ITIncident:117386,train
ITIncident:117390,train
ITIncident:117397,train
ITIncident:117405,train
ITIncident:117409,train
ITIncident:117414,train
ITIncident:117420,train
ITIncident:117432,train
ITIncident:117436,test
ITIncident:117444,train
ITIncident:117450,train
ITIncident:117455,train
ITIncident:117460,train
ITIncident:117465,train
ITIncident:117468,train
ITIncident:117474,train
ITIncident:117480,train
ITIncident:117483,train
ITIncident:117494,test
ITIncident:117496,train
ITIncident:117505,train
ITIncident:117508,train
ITIncident:117511,train
ITIncident:117515,train
ITIncident:117522,train
ITIncident:117526,train
ITIncident:117537,train
ITIncident:117547,train
ITIncident:117550,train
ITIncident:117553,test
ITIncident:117556,test
ITIncident:117559,test
ITIncident:117562,test
ITIncident:117565,test
ITIncident:117567,train
ITIncident:117570,test
ITIncident:117573,test
ITIncident:117576,test
ITIncident:117579,test
ITIncident:117582,test
ITIncident:117585,test
ITIncident:117588,test
ITIncident:117591,test
ITIncident:117594,test
ITIncident:117597,test
ITIncident:117600,test
ITIncident:117603,test
ITIncident:117606,test
ITIncident:117609,test
ITIncident:117612,test
ITIncident:117615,test
ITIncident:117621,train
ITIncident:117625,train
ITIncident:117633,train
ITIncident:117637,train
ITIncident:117640,train
ITIncident:117643,train
ITIncident:117650,test
ITIncident:117653,train
ITIncident:117656,train
ITIncident:117663,test
ITIncident:117669,train
ITIncident:117687,train
ITIncident:117690,train
ITIncident:117698,train
ITIncident:117705,train
ITIncident:117717,train
ITIncident:117721,train
ITIncident:117731,train
ITIncident:117735,test
ITIncident:117738,test
ITIncident:117746,train
ITIncident:117750,train
ITIncident:117754,train
ITIncident:117760,train
ITIncident:117767,train
ITIncident:117770,train
ITIncident:117773,train
ITIncident:117776,train
ITIncident:117787,train
ITIncident:117790,train
ITIncident:117795,train
ITIncident:117798,train
ITIncident:117801,train
ITIncident:117804,train
ITIncident:117807,test
ITIncident:117811,train
ITIncident:117820,train
ITIncident:117823,train
ITIncident:117827,train
ITIncident:117830,train
ITIncident:117833,train
ITIncident:117836,train
ITIncident:117843,test
ITIncident:117845,train
ITIncident:117852,test
ITIncident:117855,train
ITIncident:117859,test
ITIncident:117864,train
ITIncident:117866,train
ITIncident:117869,train
ITIncident:117872,train
ITIncident:117875,train
ITIncident:117878,train
ITIncident:117886,train
ITIncident:117890,train
ITIncident:117895,train
ITIncident:117898,train
ITIncident:117901,train
ITIncident:117904,train
ITIncident:117909,train
ITIncident:117912,train
ITIncident:117915,train
ITIncident:117918,train
ITIncident:117921,train
ITIncident:117927,train
ITIncident:117929,train
ITIncident:117932,train
ITIncident:117935,test
ITIncident:117938,train
ITIncident:117942,train
ITIncident:117946,train
ITIncident:117949,train
ITIncident:117952,train
ITIncident:117961,train
ITIncident:117964,train
ITIncident:117969,test
ITIncident:117972,train
ITIncident:117975,train
ITIncident:117978,test
ITIncident:117985,test
ITIncident:117988,train
ITIncident:117991,train
ITIncident:117995,train
ITIncident:117998,train
ITIncident:118001,train
ITIncident:118004,train
ITIncident:118012,train
ITIncident:118018,train
ITIncident:118021,train
ITIncident:118025,train
ITIncident:118031,train
ITIncident:118034,train
ITIncident:118042,train
ITIncident:118045,train
ITIncident:118048,train
ITIncident:118066,train
ITIncident:118069,train
ITIncident:118075,train
ITIncident:118082,test
ITIncident:118085,train
ITIncident:118089,test
ITIncident:118092,train
ITIncident:118097,train
ITIncident:118100,train
ITIncident:118105,train
ITIncident:118110,train
ITIncident:118114,train
ITIncident:118118,train
ITIncident:118120,train
ITIncident:118124,train
ITIncident:118128,train
ITIncident:118132,train
ITIncident:118135,train
ITIncident:118140,train
ITIncident:118144,train
ITIncident:118148,train
ITIncident:118152,train
ITIncident:118156,train
ITIncident:118159,test
ITIncident:118163,train
ITIncident:118167,train
ITIncident:118170,test
ITIncident:118173,train
ITIncident:118176,train
ITIncident:118179,train
ITIncident:118183,train
ITIncident:118185,test
ITIncident:118190,train
ITIncident:118194,train
ITIncident:118197,train
ITIncident:118200,train
ITIncident:118208,test
ITIncident:118222,train
ITIncident:118227,train
ITIncident:118230,test
ITIncident:118233,train
ITIncident:118236,test
ITIncident:118239,test
ITIncident:118246,test
ITIncident:118254,train
ITIncident:118257,train
ITIncident:118262,train
ITIncident:118268,train
ITIncident:118275,train
ITIncident:118280,test
ITIncident:118283,train
ITIncident:118288,train
ITIncident:118291,train
ITIncident:118299,test
ITIncident:118305,train
ITIncident:118309,train
ITIncident:118312,test
ITIncident:118318,train
ITIncident:118321,train
ITIncident:118324,train
ITIncident:118334,train
ITIncident:118337,train
ITIncident:118342,train
ITIncident:118345,train
ITIncident:118348,test
ITIncident:118356,train
ITIncident:118361,train
ITIncident:118364,train
ITIncident:118369,train
ITIncident:118374,train
ITIncident:118381,train
ITIncident:118387,train
ITIncident:118394,train
ITIncident:118397,train
ITIncident:118408,train
ITIncident:118416,train
ITIncident:118419,train
ITIncident:118427,train
ITIncident:118431,train
ITIncident:118438,train
ITIncident:118444,train
ITIncident:118450,test
ITIncident:118453,train
ITIncident:118456,train
ITIncident:118459,train
ITIncident:118464,train
ITIncident:118467,train
ITIncident:118470,train
ITIncident:118476,train
ITIncident:118490,train
ITIncident:118496,test
ITIncident:118504,test
ITIncident:118511,train
ITIncident:118515,train
ITIncident:118523,train
ITIncident:118526,train
ITIncident:118532,train
ITIncident:118535,train
ITIncident:118538,train
ITIncident:118542,train
ITIncident:118547,train
ITIncident:118558,train
ITIncident:118562,train
ITIncident:118567,train
ITIncident:118577,test
ITIncident:118581,train
ITIncident:118584,test
ITIncident:118590,test
ITIncident:118593,train
ITIncident:118597,train
ITIncident:118601,train
ITIncident:118608,train
ITIncident:118611,train
ITIncident:118617,test
ITIncident:118620,train
ITIncident:118644,train
ITIncident:118661,train
ITIncident:118666,train
ITIncident:118673,train
ITIncident:118680,test
ITIncident:118683,train
ITIncident:118689,train
ITIncident:118692,train
ITIncident:118695,train
ITIncident:118700,train
ITIncident:118706,train
ITIncident:118711,test
ITIncident:118715,test
ITIncident:118724,train
ITIncident:118727,train
ITIncident:118730,train
ITIncident:118733,train
ITIncident:118740,train
ITIncident:118743,train
ITIncident:118747,train
ITIncident:118753,train
ITIncident:118757,train
ITIncident:118761,train
ITIncident:118764,train
ITIncident:118768,test
ITIncident:118773,train
ITIncident:118776,train
ITIncident:118779,train
ITIncident:118782,train
ITIncident:118785,train
ITIncident:118796,train
ITIncident:118807,test
ITIncident:118811,train
ITIncident:118813,train
ITIncident:118816,train
ITIncident:118823,train
ITIncident:118828,train
ITIncident:118831,test
ITIncident:118839,train
ITIncident:118846,train
ITIncident:118848,train
ITIncident:118852,train
ITIncident:118855,train
ITIncident:118863,train
ITIncident:118867,test
ITIncident:118870,train
ITIncident:118872,train
ITIncident:118875,train
ITIncident:118878,test
ITIncident:118882,test
ITIncident:118886,train
ITIncident:118890,train
ITIncident:118892,train
ITIncident:118895,train
ITIncident:118898,train
ITIncident:118902,train
ITIncident:118906,train
ITIncident:118918,train
ITIncident:118924,train
ITIncident:118931,train
ITIncident:118936,train
ITIncident:118942,train
ITIncident:118947,train
ITIncident:118953,train
ITIncident:118960,train
ITIncident:118965,test
ITIncident:118973,train
ITIncident:118976,train
ITIncident:119004,train
ITIncident:119015,train
ITIncident:119021,train
ITIncident:119030,train
ITIncident:119033,train
ITIncident:119035,train
ITIncident:119043,train
ITIncident:119046,test
ITIncident:119053,train
ITIncident:119058,train
ITIncident:119061,train
ITIncident:119064,train
ITIncident:119068,test
ITIncident:119072,train
ITIncident:119074,train
ITIncident:119077,train
ITIncident:119080,train
ITIncident:119087,test
ITIncident:119090,train
ITIncident:119093,train
ITIncident:119100,train
ITIncident:119103,train
ITIncident:119109,train
ITIncident:119118,train
ITIncident:119122,train
ITIncident:119125,test
ITIncident:119128,test
ITIncident:119136,train
ITIncident:119139,train
ITIncident:119143,train
ITIncident:119152,train
ITIncident:119155,train
ITIncident:119158,test
ITIncident:119161,test
ITIncident:119164,test
ITIncident:119167,test
ITIncident:119170,test
ITIncident:119173,test
ITIncident:119176,test
ITIncident:119179,test
ITIncident:119182,test
ITIncident:119185,test
ITIncident:119188,test
ITIncident:119191,test
ITIncident:119194,test
ITIncident:119197,test
ITIncident:119200,test
ITIncident:119203,test
ITIncident:119206,test
ITIncident:119209,test
ITIncident:119212,test
ITIncident:119215,test
ITIncident:119218,test
ITIncident:119221,test
ITIncident:119224,test
ITIncident:119227,train
ITIncident:119233,train
ITIncident:119236,test
ITIncident:119244,train
ITIncident:119251,train
ITIncident:119254,train
ITIncident:119258,train
ITIncident:119261,train
ITIncident:119263,train
ITIncident:119269,train
ITIncident:119272,train
ITIncident:119276,train
ITIncident:119284,train
ITIncident:119287,train
ITIncident:119290,train
ITIncident:119293,train
ITIncident:119298,train
ITIncident:119301,train
ITIncident:119310,test
ITIncident:119319,train
ITIncident:119322,train
ITIncident:119326,train
ITIncident:119329,train
ITIncident:119332,test
ITIncident:119339,train
ITIncident:119349,train
ITIncident:119352,train
ITIncident:119354,train
ITIncident:119357,train
ITIncident:119360,train
ITIncident:119364,train
ITIncident:119372,train
ITIncident:119375,train
ITIncident:119378,train
ITIncident:119382,train
ITIncident:119386,train
ITIncident:119397,test
ITIncident:119399,train
ITIncident:119402,test
ITIncident:119407,train
ITIncident:119412,test
ITIncident:119416,train
ITIncident:119424,train
ITIncident:119427,test
ITIncident:119436,train
ITIncident:119439,train
ITIncident:119447,train
ITIncident:119456,train
ITIncident:119459,test
ITIncident:119464,train
ITIncident:119471,train
ITIncident:119477,train
ITIncident:119480,test
ITIncident:119488,train
ITIncident:119493,train
ITIncident:119496,train
ITIncident:119500,train
ITIncident:119503,train
ITIncident:119522,train
ITIncident:119525,train
ITIncident:119529,train
ITIncident:119536,train
ITIncident:119539,train
ITIncident:119542,train
ITIncident:119545,train
ITIncident:119549,test
ITIncident:119552,train
ITIncident:119564,test
ITIncident:119567,train
ITIncident:119575,test
ITIncident:119581,test
ITIncident:119585,train
ITIncident:119589,train
ITIncident:119592,train
ITIncident:119596,train
ITIncident:119599,train
ITIncident:119605,train
ITIncident:119612,train
ITIncident:119615,test
ITIncident:119618,test
ITIncident:119623,train
ITIncident:119632,train
ITIncident:119634,train
ITIncident:119638,train
ITIncident:119641,train
ITIncident:119650,train
ITIncident:119653,train
ITIncident:119665,train
ITIncident:119670,test
ITIncident:119676,test
ITIncident:119679,test
ITIncident:119682,train
ITIncident:119686,train
ITIncident:119692,train
ITIncident:119696,train
ITIncident:119703,test
ITIncident:119706,train
ITIncident:119713,train
ITIncident:119720,train
ITIncident:119726,test
ITIncident:119732,train
ITIncident:119735,train
ITIncident:119740,train
ITIncident:119746,train
ITIncident:119751,train
ITIncident:119757,test
ITIncident:119764,train
ITIncident:119768,test
ITIncident:119774,test
ITIncident:119779,train
ITIncident:119789,train
ITIncident:119797,test
ITIncident:119801,train
ITIncident:119805,train
ITIncident:119808,train
ITIncident:119815,train
ITIncident:119827,train
ITIncident:119835,train
ITIncident:119840,train
ITIncident:119846,train
ITIncident:119850,train
ITIncident:119853,test
ITIncident:119856,train
ITIncident:119861,train
ITIncident:119866,test
ITIncident:119878,test
ITIncident:119885,train
ITIncident:119893,test
ITIncident:119896,train
ITIncident:119902,train
ITIncident:119907,train
ITIncident:119918,train
ITIncident:119922,train
ITIncident:119926,train
ITIncident:119929,train
ITIncident:119932,train
ITIncident:119943,train
ITIncident:119955,train
ITIncident:119959,train
ITIncident:119962,train
ITIncident:119969,train
ITIncident:119972,test
ITIncident:119987,train
ITIncident:119990,train
ITIncident:119994,train
ITIncident:119996,train
ITIncident:120002,train
ITIncident:120005,train
ITIncident:120013,train
ITIncident:120016,train
ITIncident:120021,train
ITIncident:120024,train
ITIncident:120027,train
ITIncident:120039,train
ITIncident:120044,train
ITIncident:120048,train
ITIncident:120054,train
ITIncident:120057,train
ITIncident:120060,test
ITIncident:120063,train
ITIncident:120066,train
ITIncident:120071,test
ITIncident:120074,test
ITIncident:120076,train
ITIncident:120086,train
ITIncident:120089,train
ITIncident:120094,train
ITIncident:120097,train
ITIncident:120102,train
ITIncident:120105,train
ITIncident:120108,train
ITIncident:120111,train
ITIncident:120114,train
ITIncident:120117,train
ITIncident:120122,train
ITIncident:120125,test
ITIncident:120128,train
ITIncident:120134,test
ITIncident:120137,train
ITIncident:120141,train
ITIncident:120149,train
ITIncident:120156,train
ITIncident:120162,train
ITIncident:120169,train
ITIncident:120172,test
ITIncident:120175,train
ITIncident:120179,train
ITIncident:120184,train
ITIncident:120191,test
ITIncident:120196,train
ITIncident:120199,test
ITIncident:120205,train
ITIncident:120209,train
ITIncident:120215,train
ITIncident:120223,train
ITIncident:120230,test
ITIncident:120235,train
ITIncident:120238,train
ITIncident:120245,train
ITIncident:120248,train
ITIncident:120254,train
ITIncident:120257,train
ITIncident:120261,train
ITIncident:120264,test
ITIncident:120270,train
ITIncident:120284,test
ITIncident:120287,train
ITIncident:120290,train
ITIncident:120293,test
ITIncident:120300,train
ITIncident:120304,test
ITIncident:120308,train
ITIncident:120313,train
ITIncident:120316,test
ITIncident:120328,train
ITIncident:120332,train
ITIncident:120338,train
ITIncident:120345,test
ITIncident:120350,train
ITIncident:120357,train
ITIncident:120360,train
ITIncident:120366,train
ITIncident:120372,test
ITIncident:120375,test
ITIncident:120378,train
ITIncident:120382,train
ITIncident:120385,train
ITIncident:120391,train
ITIncident:120395,test
ITIncident:120398,train
ITIncident:120401,train
ITIncident:120408,train
ITIncident:120411,train
ITIncident:120414,train
ITIncident:120417,train
ITIncident:120426,test
ITIncident:120435,train
ITIncident:120441,train
ITIncident:120444,test
ITIncident:120455,train
ITIncident:120459,test
ITIncident:120462,train
ITIncident:120465,train
ITIncident:120468,train
ITIncident:120474,train
ITIncident:120481,train
ITIncident:120487,train
ITIncident:120493,test
ITIncident:120496,train
ITIncident:120500,train
ITIncident:120507,train
ITIncident:120510,train
ITIncident:120513,train
ITIncident:120518,train
ITIncident:120521,train
ITIncident:120526,train
ITIncident:120529,train
ITIncident:120532,test
ITIncident:120540,train
ITIncident:120544,train
ITIncident:120549,train
ITIncident:120553,test
ITIncident:120559,train
ITIncident:120569,train
ITIncident:120577,train
ITIncident:120584,test
ITIncident:120593,train
ITIncident:120600,train
ITIncident:120622,train
ITIncident:120625,train
ITIncident:120647,train
ITIncident:120650,train
ITIncident:120653,train
ITIncident:120656,train
ITIncident:120665,train
ITIncident:120669,test
ITIncident:120674,train
ITIncident:120677,train
ITIncident:120683,train
ITIncident:120686,train
ITIncident:120691,train
ITIncident:120695,train
ITIncident:120698,train
ITIncident:120700,test
ITIncident:120704,test
ITIncident:120708,test
ITIncident:120715,train
ITIncident:120719,train
ITIncident:120722,train
ITIncident:120725,test
ITIncident:120727,train
ITIncident:120730,test
ITIncident:120736,train
ITIncident:120739,test
ITIncident:120742,test
ITIncident:120745,test
ITIncident:120748,test
ITIncident:120752,test
ITIncident:120755,test
ITIncident:120758,test
ITIncident:120761,test
ITIncident:120764,test
ITIncident:120767,test
ITIncident:120770,test
ITIncident:120773,test
ITIncident:120776,test
ITIncident:120779,test
ITIncident:120784,train
ITIncident:120787,train
ITIncident:120790,train
ITIncident:120797,test
ITIncident:120802,train
ITIncident:120806,train
ITIncident:120813,test
ITIncident:120819,train
ITIncident:120829,train
ITIncident:120835,train
ITIncident:120842,test
ITIncident:120845,train
ITIncident:120854,train
ITIncident:120859,train
ITIncident:120863,train
ITIncident:120871,train
ITIncident:120875,train
ITIncident:120884,train
ITIncident:120887,train
ITIncident:120889,test
ITIncident:120901,train
ITIncident:120904,train
ITIncident:120907,train
ITIncident:120910,train
ITIncident:120913,train
ITIncident:120915,train
ITIncident:120925,train
ITIncident:120933,train
ITIncident:120937,train
ITIncident:120940,test
ITIncident:120944,train
ITIncident:120946,train
ITIncident:120951,train
ITIncident:120955,train
ITIncident:120958,train
ITIncident:120961,test
ITIncident:120963,train
ITIncident:120967,train
ITIncident:120974,train
ITIncident:120980,train
ITIncident:120982,train
ITIncident:120988,train
ITIncident:120991,train
ITIncident:120999,train
ITIncident:121003,train
ITIncident:121007,train
ITIncident:121010,train
ITIncident:121015,test
ITIncident:121019,train
ITIncident:121022,test
ITIncident:121027,train
ITIncident:121030,train
ITIncident:121035,test
ITIncident:121039,test
ITIncident:121041,train
ITIncident:121047,train
ITIncident:121051,train
ITIncident:121058,train
ITIncident:121070,train
ITIncident:121074,test
ITIncident:121083,test
ITIncident:121085,train
ITIncident:121088,train
ITIncident:121093,train
ITIncident:121096,train
ITIncident:121102,test
ITIncident:121117,train
ITIncident:121127,train
ITIncident:121130,train
ITIncident:121133,train
ITIncident:121137,test
ITIncident:121142,train
ITIncident:121147,test
ITIncident:121151,train
ITIncident:121156,train
ITIncident:121163,train
ITIncident:121166,test
ITIncident:121169,train
ITIncident:121172,train
ITIncident:121176,train
ITIncident:121179,train
ITIncident:121183,train
ITIncident:121187,test
ITIncident:121197,train
ITIncident:121205,train
ITIncident:121208,train
ITIncident:121212,test
ITIncident:121215,train
ITIncident:121218,train
ITIncident:121222,train
ITIncident:121239,test
ITIncident:121254,train
ITIncident:121257,train
ITIncident:121260,train
ITIncident:121272,train
ITIncident:121276,train
ITIncident:121278,test
ITIncident:121282,test
ITIncident:121288,test
ITIncident:121290,train
ITIncident:121295,train
ITIncident:121297,train
ITIncident:121300,train
ITIncident:121304,train
ITIncident:121318,train
ITIncident:121321,train
ITIncident:121323,train
ITIncident:121326,train
ITIncident:121333,train
ITIncident:121337,test
ITIncident:121341,test
ITIncident:121346,train
ITIncident:121353,test
ITIncident:121360,test
ITIncident:121375,train
ITIncident:121378,test
ITIncident:121385,train
ITIncident:121389,test
ITIncident:121392,train
ITIncident:121395,test
ITIncident:121399,train
ITIncident:121408,train
ITIncident:121411,test
ITIncident:121414,train
ITIncident:121418,train
ITIncident:121421,train
ITIncident:121431,test
ITIncident:121435,train
ITIncident:121438,train
ITIncident:121446,train
ITIncident:121449,train
ITIncident:121456,train
ITIncident:121460,train
ITIncident:121463,test
ITIncident:121466,train
ITIncident:121469,train
ITIncident:121474,train
ITIncident:121477,train
ITIncident:121481,train
ITIncident:121485,train
ITIncident:121488,train
ITIncident:121492,train
ITIncident:121495,train
ITIncident:121498,train
ITIncident:121504,train
ITIncident:121508,train
ITIncident:121511,train
ITIncident:121514,train
ITIncident:121518,train
ITIncident:121521,train
ITIncident:121525,test
ITIncident:121528,test
ITIncident:121531,train
ITIncident:121534,train
ITIncident:121537,train
ITIncident:121540,train
ITIncident:121544,test
ITIncident:121547,train
ITIncident:121550,train
ITIncident:121553,test
ITIncident:121564,train
ITIncident:121567,test
ITIncident:121574,test
ITIncident:121579,train
ITIncident:121587,test
ITIncident:121590,train
ITIncident:121592,test
ITIncident:121595,train
ITIncident:121600,train
ITIncident:121608,train
ITIncident:121611,train
ITIncident:121614,train
ITIncident:121618,train
ITIncident:121623,test
ITIncident:121627,train
ITIncident:121630,train
ITIncident:121633,train
ITIncident:121636,train
ITIncident:121640,train
ITIncident:121649,test
ITIncident:121653,train
ITIncident:121658,train
ITIncident:121661,train
ITIncident:121664,train
ITIncident:121667,train
ITIncident:121671,train
ITIncident:121675,test
ITIncident:121679,test
ITIncident:121684,train
ITIncident:121688,test
ITIncident:121692,train
ITIncident:121695,train
ITIncident:121698,train
ITIncident:121704,train
ITIncident:121714,train
ITIncident:121721,train
ITIncident:121724,train
ITIncident:121728,test
ITIncident:121742,train
ITIncident:121745,train
ITIncident:121757,train
ITIncident:121760,train
ITIncident:121766,train
ITIncident:121771,train
ITIncident:121774,train
ITIncident:121777,test
ITIncident:121783,test
ITIncident:121791,train
ITIncident:121798,train
ITIncident:121801,train
ITIncident:121804,train
ITIncident:121809,train
ITIncident:121816,test
ITIncident:121821,train
ITIncident:121827,train
ITIncident:121830,train
ITIncident:121837,test
ITIncident:121840,test
ITIncident:121846,test
ITIncident:121854,train
ITIncident:121862,train
ITIncident:121870,train
ITIncident:121873,test
ITIncident:121876,train
ITIncident:121880,train
ITIncident:121882,train
ITIncident:121888,train
ITIncident:121894,train
ITIncident:121898,train
ITIncident:121902,train
ITIncident:121905,test
ITIncident:121908,train
ITIncident:121912,train
ITIncident:121915,train
ITIncident:121918,train
ITIncident:121921,train
ITIncident:121924,train
ITIncident:121927,train
ITIncident:121931,test
ITIncident:121934,test
ITIncident:121942,train
ITIncident:121945,train
ITIncident:121948,train
ITIncident:121951,train
ITIncident:121954,train
ITIncident:121958,test
ITIncident:121962,train
ITIncident:121964,train
ITIncident:121972,train
ITIncident:121979,test
ITIncident:121985,train
ITIncident:121988,train
ITIncident:121991,train
ITIncident:121994,train
ITIncident:121997,test
ITIncident:122000,test
ITIncident:122011,train
ITIncident:122016,train
ITIncident:122025,test
ITIncident:122039,train
ITIncident:122042,train
ITIncident:122045,train
ITIncident:122049,train
ITIncident:122061,train
ITIncident:122064,train
ITIncident:122069,test
ITIncident:122073,train
ITIncident:122076,train
ITIncident:122085,train
ITIncident:122088,test
ITIncident:122095,train
ITIncident:122101,train
ITIncident:122104,train
ITIncident:122107,train
ITIncident:122113,test
ITIncident:122119,train
ITIncident:122123,test
ITIncident:122126,train
ITIncident:122136,train
ITIncident:122140,train
ITIncident:122144,test
ITIncident:122147,train
ITIncident:122150,train
ITIncident:122153,test
ITIncident:122156,test
ITIncident:122161,test
ITIncident:122164,train
ITIncident:122168,test
ITIncident:122171,train
ITIncident:122174,train
ITIncident:122179,train
ITIncident:122182,test
ITIncident:122188,train
ITIncident:122192,test
ITIncident:122196,train
ITIncident:122200,train
ITIncident:122212,train
ITIncident:122231,train
ITIncident:122236,train
ITIncident:122241,train
ITIncident:122244,train
ITIncident:122249,train
ITIncident:122253,train
ITIncident:122256,test
ITIncident:122262,train
ITIncident:122271,train
ITIncident:122274,train
ITIncident:122279,test
ITIncident:122283,test
ITIncident:122293,test
ITIncident:122297,train
ITIncident:122300,train
ITIncident:122304,train
ITIncident:122307,train
ITIncident:122310,test
ITIncident:122314,train
ITIncident:122316,train
ITIncident:122319,train
ITIncident:122322,train
ITIncident:122325,train
ITIncident:122328,train
ITIncident:122338,train
ITIncident:122345,train
ITIncident:122349,train
ITIncident:122352,train
ITIncident:122355,train
ITIncident:122358,test
ITIncident:122361,test
ITIncident:122364,train
ITIncident:122374,train
ITIncident:122391,test
ITIncident:122400,test
ITIncident:122403,train
ITIncident:122409,test
ITIncident:122418,train
ITIncident:122421,train
ITIncident:122424,train
ITIncident:122427,train
ITIncident:122434,train
ITIncident:122438,train
ITIncident:122441,train
ITIncident:122444,train
ITIncident:122447,train
ITIncident:122457,train
ITIncident:122460,train
ITIncident:122465,train
ITIncident:122473,train
ITIncident:122476,train
ITIncident:122482,train
ITIncident:122486,train
ITIncident:122490,train
ITIncident:122499,train
ITIncident:122502,train
ITIncident:122510,train
ITIncident:122516,train
ITIncident:122519,train
ITIncident:122525,train
ITIncident:122532,test
ITIncident:122535,train
ITIncident:122540,train
ITIncident:122543,test
ITIncident:122546,train
ITIncident:122550,train
ITIncident:122553,train
ITIncident:122556,test
ITIncident:122559,train
ITIncident:122565,train
ITIncident:122570,test
ITIncident:122577,test
ITIncident:122580,train
ITIncident:122583,train
ITIncident:122590,train
ITIncident:122593,train
ITIncident:122600,test
ITIncident:122605,test
ITIncident:122608,train
ITIncident:122611,train
ITIncident:122620,train
ITIncident:122623,train
ITIncident:122628,test
ITIncident:122631,test
ITIncident:122634,train
ITIncident:122640,train
ITIncident:122644,train
ITIncident:122649,test
ITIncident:122653,test
ITIncident:122656,train
ITIncident:122660,test
ITIncident:122663,test
ITIncident:122667,train
ITIncident:122670,train
ITIncident:122673,train
ITIncident:122676,train
ITIncident:122679,test
ITIncident:122684,test
ITIncident:122687,train
ITIncident:122690,train
ITIncident:122694,test
ITIncident:122701,train
ITIncident:122709,train
ITIncident:122721,train
ITIncident:122728,train
ITIncident:122732,train
ITIncident:122741,train
ITIncident:122746,train
ITIncident:122755,test
ITIncident:122758,train
ITIncident:122761,train
ITIncident:122769,train
ITIncident:122772,train
ITIncident:122780,train
ITIncident:122783,train
ITIncident:122790,test
ITIncident:122793,train
ITIncident:122796,train
ITIncident:122799,train
ITIncident:122803,test
ITIncident:122806,train
ITIncident:122809,train
ITIncident:122815,test
ITIncident:122818,test
ITIncident:122821,test
ITIncident:122828,test
ITIncident:122833,train
ITIncident:122838,train
ITIncident:122841,train
ITIncident:122845,test
ITIncident:122853,train
ITIncident:122858,train
ITIncident:122862,train
ITIncident:122865,train
ITIncident:122868,train
ITIncident:122873,train
ITIncident:122885,train
ITIncident:122891,test
ITIncident:122901,train
ITIncident:122910,train
ITIncident:122915,train
ITIncident:122920,train
ITIncident:122926,train
ITIncident:122932,train
ITIncident:122935,train
ITIncident:122942,test
ITIncident:122951,train
ITIncident:122956,test
ITIncident:122961,train
ITIncident:122967,train
ITIncident:122970,train
ITIncident:122975,train
ITIncident:122988,train
ITIncident:122993,train
ITIncident:122996,train
ITIncident:123001,train
ITIncident:123006,test
ITIncident:123013,train
ITIncident:123017,train
ITIncident:123026,train
ITIncident:123038,test
ITIncident:123043,train
ITIncident:123046,train
ITIncident:123048,train
ITIncident:123052,test
ITIncident:123055,train
ITIncident:123064,test
ITIncident:123073,train
ITIncident:123076,train
ITIncident:123089,train
ITIncident:123091,train
ITIncident:123101,train
ITIncident:123107,train
ITIncident:123110,test
ITIncident:123113,train
ITIncident:123116,train
ITIncident:123125,train
ITIncident:123128,train
ITIncident:123130,train
ITIncident:123137,test
ITIncident:123147,test
ITIncident:123150,train
ITIncident:123152,train
ITIncident:123177,train
ITIncident:123181,train
ITIncident:123197,train
ITIncident:123201,test
ITIncident:123203,train
ITIncident:123208,train
ITIncident:123214,train
ITIncident:123217,train
ITIncident:123229,train
ITIncident:123231,train
ITIncident:123233,train
ITIncident:123241,train
ITIncident:123244,train
ITIncident:123249,train
ITIncident:123252,train
ITIncident:123263,train
ITIncident:123266,train
ITIncident:123271,train
ITIncident:123275,test
ITIncident:123278,train
ITIncident:123285,train
ITIncident:123288,test
ITIncident:123295,test
ITIncident:123299,train
ITIncident:123304,train
ITIncident:123306,train
ITIncident:123309,train
ITIncident:123313,train
ITIncident:123317,train
ITIncident:123321,train
ITIncident:123326,train
ITIncident:123329,train
ITIncident:123339,test
ITIncident:123346,test
ITIncident:123349,test
ITIncident:123356,test
ITIncident:123360,train
ITIncident:123366,train
ITIncident:123375,train
ITIncident:123378,test
ITIncident:123384,train
ITIncident:123387,test
ITIncident:123390,train
ITIncident:123396,train
ITIncident:123399,train
ITIncident:123404,train
ITIncident:123408,train
ITIncident:123413,train
ITIncident:123424,train
ITIncident:123429,test
ITIncident:123433,train
ITIncident:123438,test
ITIncident:123441,test
ITIncident:123448,train
ITIncident:123451,train
ITIncident:123456,test
ITIncident:123459,train
ITIncident:123462,train
ITIncident:123465,train
ITIncident:123473,train
ITIncident:123478,train
ITIncident:123483,train
ITIncident:123489,train
ITIncident:123492,train
ITIncident:123498,train
ITIncident:123501,train
ITIncident:123504,train
ITIncident:123509,train
ITIncident:123518,train
ITIncident:123523,train
ITIncident:123530,train
ITIncident:123539,train
ITIncident:123546,train
ITIncident:123549,train
ITIncident:123554,train
ITIncident:123557,train
ITIncident:123560,test
ITIncident:123568,train
ITIncident:123570,train
ITIncident:123579,test
ITIncident:123582,test
ITIncident:123588,train
ITIncident:123595,train
ITIncident:123598,test
ITIncident:123600,train
ITIncident:123605,test
ITIncident:123609,train
ITIncident:123613,train
ITIncident:123616,train
ITIncident:123619,train
ITIncident:123628,train
ITIncident:123635,train
ITIncident:123646,train
ITIncident:123649,train
ITIncident:123659,train
ITIncident:123663,train
ITIncident:123667,test
ITIncident:123671,train
ITIncident:123674,train
ITIncident:123677,test
ITIncident:123681,train
ITIncident:123685,train
ITIncident:123688,train
ITIncident:123691,train
ITIncident:123694,train
ITIncident:123702,train
ITIncident:123706,train
ITIncident:123712,train
ITIncident:123721,train
ITIncident:123726,train
ITIncident:123728,train
ITIncident:123731,test
ITIncident:123735,train
ITIncident:123737,train
ITIncident:123741,train
ITIncident:123746,train
ITIncident:123752,train
ITIncident:123755,train
ITIncident:123767,train
ITIncident:123770,test
ITIncident:123774,test
ITIncident:123777,test
ITIncident:123785,train
ITIncident:123792,test
ITIncident:123799,test
ITIncident:123807,train
ITIncident:123810,train
ITIncident:123814,train
ITIncident:123818,train
ITIncident:123826,test
ITIncident:123831,train
ITIncident:123839,train
ITIncident:123843,train
ITIncident:123850,train
ITIncident:123855,train
ITIncident:123860,train
ITIncident:123863,train
ITIncident:123869,train
ITIncident:123878,train
ITIncident:123890,train
ITIncident:123898,train
ITIncident:123902,train
ITIncident:123906,train
ITIncident:123911,train
ITIncident:123914,train
ITIncident:123917,train
ITIncident:123927,train
ITIncident:123931,train
ITIncident:123938,train
ITIncident:123943,test
ITIncident:123951,test
ITIncident:123953,train
ITIncident:123957,train
ITIncident:123971,train
ITIncident:123975,train
ITIncident:123983,train
ITIncident:123989,test
ITIncident:123995,train
ITIncident:123998,test
ITIncident:124003,train
ITIncident:124007,train
ITIncident:124010,train
ITIncident:124018,train
ITIncident:124024,train
ITIncident:124027,test
ITIncident:124035,train
ITIncident:124048,train
ITIncident:124051,train
ITIncident:124054,train
ITIncident:124059,test
ITIncident:124074,train
ITIncident:124077,train
ITIncident:124085,train
ITIncident:124098,train
ITIncident:124103,train
ITIncident:124108,train
ITIncident:124115,train
ITIncident:124119,train
ITIncident:124122,train
ITIncident:124125,train
ITIncident:124128,train
ITIncident:124134,train
ITIncident:124137,train
ITIncident:124140,train
ITIncident:124144,train
ITIncident:124147,train
ITIncident:124151,train
ITIncident:124154,train
ITIncident:124159,train
ITIncident:124162,train
ITIncident:124165,train
ITIncident:124173,train
ITIncident:124179,train
ITIncident:124182,train
ITIncident:124185,train
ITIncident:124194,train
ITIncident:124197,test
ITIncident:124200,train
ITIncident:124203,train
ITIncident:124206,test
ITIncident:124211,train
ITIncident:124214,train
ITIncident:124217,train
ITIncident:124226,train
ITIncident:124234,train
ITIncident:124244,train
ITIncident:124247,train
ITIncident:124252,train
ITIncident:124261,train
ITIncident:124272,train
ITIncident:124275,test
ITIncident:124279,test
ITIncident:124282,train
ITIncident:124285,train
ITIncident:124289,train
ITIncident:124292,train
ITIncident:124301,train
ITIncident:124307,train
ITIncident:124310,train
ITIncident:124316,train
ITIncident:124319,train
ITIncident:124324,train
ITIncident:124327,train
ITIncident:124340,train
ITIncident:124343,train
ITIncident:124346,train
ITIncident:124349,train
ITIncident:124355,train
ITIncident:124359,train
ITIncident:124375,train
ITIncident:124378,train
ITIncident:124381,train
ITIncident:124386,train
ITIncident:124392,train
ITIncident:124395,train
ITIncident:124398,train
ITIncident:124405,test
ITIncident:124410,train
ITIncident:124413,train
ITIncident:124416,train
ITIncident:124419,test
ITIncident:124428,train
ITIncident:124435,train
ITIncident:124444,train
ITIncident:124449,train
ITIncident:124454,train
ITIncident:124457,train
ITIncident:124460,test
ITIncident:124464,test
ITIncident:124475,train
ITIncident:124478,train
ITIncident:124482,train
ITIncident:124485,train
ITIncident:124488,train
ITIncident:124496,train
ITIncident:124502,train
ITIncident:124511,train
ITIncident:124523,test
ITIncident:124530,train
ITIncident:124534,test
ITIncident:124540,train
ITIncident:124543,train
ITIncident:124549,train
ITIncident:124552,train
ITIncident:124555,train
ITIncident:124560,train
ITIncident:124567,train
ITIncident:124570,train
ITIncident:124573,train
ITIncident:124576,train
ITIncident:124579,train
ITIncident:124582,train
ITIncident:124589,test
ITIncident:124594,test
ITIncident:124597,train
ITIncident:124600,train
ITIncident:124604,test
ITIncident:124607,train
ITIncident:124611,train
ITIncident:124619,train
ITIncident:124622,train
ITIncident:124629,train
ITIncident:124632,train
ITIncident:124638,test
ITIncident:124641,train
ITIncident:124650,train
ITIncident:124653,train
ITIncident:124656,train
ITIncident:124659,train
ITIncident:124662,train
ITIncident:124665,train
ITIncident:124668,test
ITIncident:124672,test
ITIncident:124676,train
ITIncident:124679,train
ITIncident:124683,train
ITIncident:124686,train
ITIncident:124689,train
ITIncident:124696,test
ITIncident:124701,test
ITIncident:124705,train
ITIncident:124708,train
ITIncident:124712,train
ITIncident:124715,train
ITIncident:124718,train
ITIncident:124726,train
ITIncident:124731,train
ITIncident:124735,train
ITIncident:124740,train
ITIncident:124743,train
ITIncident:124746,train
ITIncident:124754,train
ITIncident:124765,train
ITIncident:124771,train
ITIncident:124782,train
ITIncident:124785,train
ITIncident:124788,test
ITIncident:124794,train
ITIncident:124797,train
ITIncident:124803,train
ITIncident:124806,train
ITIncident:124813,train
ITIncident:124815,train
ITIncident:124820,train
ITIncident:124829,test
ITIncident:124832,train
ITIncident:124843,test
ITIncident:124851,train
ITIncident:124854,test
ITIncident:124856,train
ITIncident:124866,train
ITIncident:124869,test
ITIncident:124873,train
ITIncident:124875,train
ITIncident:124879,train
ITIncident:124883,train
ITIncident:124887,train
ITIncident:124889,train
ITIncident:124896,train
ITIncident:124900,train
ITIncident:124909,train
ITIncident:124914,test
ITIncident:124916,train
ITIncident:124920,train
ITIncident:124928,train
ITIncident:124936,train
ITIncident:124939,train
ITIncident:124943,train
ITIncident:124946,test
ITIncident:124950,train
ITIncident:124954,train
ITIncident:124961,train
ITIncident:124968,train
ITIncident:124970,train
ITIncident:124974,train
ITIncident:124977,train
ITIncident:124984,train
ITIncident:124989,train
ITIncident:124992,train
ITIncident:124995,train
ITIncident:124999,train
ITIncident:125003,train
ITIncident:125006,train
ITIncident:125010,train
ITIncident:125017,test
ITIncident:125021,train
ITIncident:125024,train
ITIncident:125029,test
ITIncident:125036,train
ITIncident:125043,train
ITIncident:125047,train
ITIncident:125050,train
ITIncident:125053,train
ITIncident:125056,train
ITIncident:125061,train
ITIncident:125065,train
ITIncident:125072,train
ITIncident:125081,train
ITIncident:125084,train
ITIncident:125096,train
ITIncident:125104,train
ITIncident:125107,train
ITIncident:125110,train
ITIncident:125113,train
ITIncident:125117,train
ITIncident:125121,train
ITIncident:125124,train
ITIncident:125131,test
ITIncident:125139,train
ITIncident:125145,test
ITIncident:125151,test
ITIncident:125155,train
ITIncident:125163,train
ITIncident:125167,test
ITIncident:125174,train
ITIncident:125182,train
ITIncident:125185,train
ITIncident:125191,test
ITIncident:125196,train
ITIncident:125199,test
ITIncident:125207,train
ITIncident:125210,train
ITIncident:125213,train
ITIncident:125218,train
ITIncident:125225,train
ITIncident:125230,train
ITIncident:125241,train
ITIncident:125244,train
ITIncident:125247,train
ITIncident:125249,train
ITIncident:125262,test
ITIncident:125265,train
ITIncident:125273,train
ITIncident:125277,train
ITIncident:125280,test
ITIncident:125284,train
ITIncident:125290,train
ITIncident:125292,train
ITIncident:125295,train
ITIncident:125298,train
ITIncident:125313,train
ITIncident:125319,test
ITIncident:125323,train
ITIncident:125334,train
ITIncident:125341,train
ITIncident:125347,train
ITIncident:125350,train
ITIncident:125361,test
ITIncident:125365,train
ITIncident:125370,train
ITIncident:125372,test
ITIncident:125386,train
ITIncident:125391,train
ITIncident:125401,test
ITIncident:125405,train
ITIncident:125410,train
ITIncident:125417,train
ITIncident:125424,train
ITIncident:125427,test
ITIncident:125430,train
ITIncident:125439,train
ITIncident:125446,test
ITIncident:125455,train
ITIncident:125463,test
ITIncident:125468,train
ITIncident:125474,test
ITIncident:125484,train
ITIncident:125489,test
ITIncident:125493,train
ITIncident:125496,train
ITIncident:125504,test
ITIncident:125510,train
ITIncident:125517,train
ITIncident:125522,train
ITIncident:125531,train
ITIncident:125540,train
ITIncident:125543,train
ITIncident:125545,train
ITIncident:125548,train
ITIncident:125551,train
ITIncident:125554,train
ITIncident:125559,train
ITIncident:125582,train
ITIncident:125588,test
ITIncident:125595,train
ITIncident:125605,train
ITIncident:125609,train
ITIncident:125612,test
ITIncident:125616,test
ITIncident:125619,train
ITIncident:125623,train
ITIncident:125626,test
ITIncident:125636,train
ITIncident:125641,train
ITIncident:125647,test
ITIncident:125655,train
ITIncident:125659,train
ITIncident:125669,train
ITIncident:125674,test
ITIncident:125677,train
ITIncident:125687,test
ITIncident:125691,test
ITIncident:125700,train
ITIncident:125708,train
ITIncident:125713,train
ITIncident:125716,train
ITIncident:125722,train
ITIncident:125725,test
ITIncident:125728,train
ITIncident:125731,train
ITIncident:125737,test
ITIncident:125741,train
ITIncident:125746,train
ITIncident:125750,train
ITIncident:125759,train
ITIncident:125767,test
ITIncident:125770,train
ITIncident:125775,train
ITIncident:125781,train
ITIncident:125785,train
ITIncident:125790,train
ITIncident:125796,train
ITIncident:125802,train
ITIncident:125807,train
ITIncident:125816,test
ITIncident:125819,train
ITIncident:125825,train
ITIncident:125828,train
ITIncident:125832,train
ITIncident:125835,train
ITIncident:125838,train
ITIncident:125845,train
ITIncident:125849,train
ITIncident:125853,train
ITIncident:125856,train
ITIncident:125864,train
ITIncident:125867,test
ITIncident:125871,train
ITIncident:125879,train
ITIncident:125886,test
ITIncident:125892,train
ITIncident:125895,train
ITIncident:125899,test
ITIncident:125903,test
ITIncident:125905,train
ITIncident:125908,train
ITIncident:125911,train
ITIncident:125914,train
ITIncident:125917,train
ITIncident:125922,train
ITIncident:125924,train
ITIncident:125929,train
ITIncident:125938,train
ITIncident:125944,train
ITIncident:125950,train
ITIncident:125961,train
ITIncident:125966,train
ITIncident:125970,train
ITIncident:125974,train
ITIncident:125977,train
ITIncident:125982,train
ITIncident:125985,train
ITIncident:125988,train
ITIncident:125997,train
ITIncident:126001,train
ITIncident:126004,test
ITIncident:126010,test
ITIncident:126013,train
ITIncident:126016,train
ITIncident:126019,test
ITIncident:126022,train
ITIncident:126031,train
ITIncident:126035,train
ITIncident:126038,test
ITIncident:126043,train
ITIncident:126050,train
ITIncident:126064,train
ITIncident:126068,train
ITIncident:126071,train
ITIncident:126075,train
ITIncident:126078,test
ITIncident:126086,train
ITIncident:126088,train
ITIncident:126091,test
ITIncident:126093,train
ITIncident:126102,train
ITIncident:126109,train
ITIncident:126112,train
ITIncident:126116,train
ITIncident:126121,test
ITIncident:126124,train
ITIncident:126127,train
ITIncident:126136,train
ITIncident:126142,test
ITIncident:126147,train
ITIncident:126151,train
ITIncident:126154,train
ITIncident:126158,test
ITIncident:126162,train
ITIncident:126165,train
ITIncident:126168,train
ITIncident:126172,train
ITIncident:126184,train
ITIncident:126191,train
ITIncident:126194,train
ITIncident:126197,train
ITIncident:126202,test
ITIncident:126205,train
ITIncident:126208,train
ITIncident:126212,train
ITIncident:126216,train
ITIncident:126219,train
ITIncident:126230,train
ITIncident:126233,test
ITIncident:126236,train
ITIncident:126239,train
ITIncident:126244,test
ITIncident:126257,train
ITIncident:126260,train
ITIncident:126263,test
ITIncident:126267,test
ITIncident:126271,train
ITIncident:126280,test
ITIncident:126287,train
ITIncident:126290,train
ITIncident:126295,train
ITIncident:126298,train
ITIncident:126310,test
ITIncident:126320,train
ITIncident:126323,train
ITIncident:126327,test
ITIncident:126330,train
ITIncident:126335,test
ITIncident:126338,train
ITIncident:126341,train
ITIncident:126344,train
ITIncident:126349,train
ITIncident:126352,test
ITIncident:126361,train
ITIncident:126372,train
ITIncident:126376,train
ITIncident:126385,train
ITIncident:126391,test
ITIncident:126397,train
ITIncident:126403,train
ITIncident:126406,train
ITIncident:126409,test
ITIncident:126415,train
ITIncident:126422,train
ITIncident:126426,train
ITIncident:126430,train
ITIncident:126442,train
ITIncident:126445,train
ITIncident:126448,train
ITIncident:126455,test
ITIncident:126458,test
ITIncident:126473,train
ITIncident:126476,train
ITIncident:126482,train
ITIncident:126496,train
ITIncident:126503,test
ITIncident:126507,train
ITIncident:126510,train
ITIncident:126514,train
ITIncident:126521,train
ITIncident:126526,train
ITIncident:126531,test
ITIncident:126534,train
ITIncident:126545,train
ITIncident:126550,test
ITIncident:126555,train
ITIncident:126566,train
ITIncident:126569,train
ITIncident:126574,train
ITIncident:126587,train
ITIncident:126590,train
ITIncident:126595,test
ITIncident:126599,train
ITIncident:126606,train
ITIncident:126609,train
ITIncident:126616,train
ITIncident:126619,train
ITIncident:126622,train
ITIncident:126636,train
ITIncident:126651,train
ITIncident:126655,test
ITIncident:126662,test
ITIncident:126668,train
ITIncident:126673,train
ITIncident:126677,train
ITIncident:126687,test
ITIncident:126690,train
ITIncident:126693,train
ITIncident:126697,test
ITIncident:126706,test
ITIncident:126709,train
ITIncident:126713,train
ITIncident:126719,train
ITIncident:126723,test
ITIncident:126730,train
ITIncident:126733,train
ITIncident:126737,train
ITIncident:126742,train
ITIncident:126752,train
ITIncident:126758,train
ITIncident:126762,test
ITIncident:126765,train
ITIncident:126771,test
ITIncident:126779,train
ITIncident:126782,train
ITIncident:126787,test
ITIncident:126789,train
ITIncident:126800,train
ITIncident:126807,train
ITIncident:126810,test
ITIncident:126813,train
ITIncident:126817,test
ITIncident:126830,train
ITIncident:126832,train
ITIncident:126835,train
ITIncident:126838,test
ITIncident:126841,train
ITIncident:126848,train
ITIncident:126861,train
ITIncident:126868,train
ITIncident:126873,train
ITIncident:126881,train
ITIncident:126891,test
ITIncident:126897,train
ITIncident:126899,train
ITIncident:126904,train
ITIncident:126912,train
ITIncident:126917,train
ITIncident:126926,train
ITIncident:126936,train
ITIncident:126938,train
ITIncident:126943,train
ITIncident:126949,train
ITIncident:126965,test
ITIncident:126973,test
ITIncident:126979,test
ITIncident:126984,train
ITIncident:126989,train
ITIncident:126991,train
ITIncident:126994,train
ITIncident:126997,train
ITIncident:127001,train
ITIncident:127007,train
ITIncident:127017,train
ITIncident:127025,test
ITIncident:127028,train
ITIncident:127031,test
ITIncident:127040,test
ITIncident:127046,train
ITIncident:127051,train
ITIncident:127055,train
ITIncident:127061,test
ITIncident:127064,train
ITIncident:127077,train
ITIncident:127081,test
ITIncident:127091,train
ITIncident:127094,test
ITIncident:127100,test
ITIncident:127105,train
ITIncident:127107,train
ITIncident:127110,train
ITIncident:127114,train
ITIncident:127119,train
ITIncident:127124,train
ITIncident:127131,test
ITIncident:127134,test
ITIncident:127137,train
ITIncident:127144,train
ITIncident:127147,train
ITIncident:127150,train
ITIncident:127155,train
ITIncident:127165,train
ITIncident:127170,train
ITIncident:127173,train
ITIncident:127177,train
ITIncident:127183,train
ITIncident:127186,train
ITIncident:127189,train
ITIncident:127192,train
ITIncident:127195,train
ITIncident:127198,train
ITIncident:127201,train
ITIncident:127207,train
ITIncident:127209,train
ITIncident:127213,train
ITIncident:127221,test
ITIncident:127224,train
ITIncident:127228,train
ITIncident:127231,train
ITIncident:127234,train
ITIncident:127237,test
ITIncident:127240,train
ITIncident:127244,train
ITIncident:127251,train
ITIncident:127254,train
ITIncident:127261,test
ITIncident:127293,train
ITIncident:127296,train
ITIncident:127300,train
ITIncident:127310,train
ITIncident:127314,train
ITIncident:127319,test
ITIncident:127323,train
ITIncident:127326,train
ITIncident:127329,train
ITIncident:127332,train
ITIncident:127335,test
ITIncident:127338,train
ITIncident:127343,train
ITIncident:127346,train
ITIncident:127350,train
ITIncident:127354,train
ITIncident:127357,train
ITIncident:127364,train
ITIncident:127369,train
ITIncident:127373,train
ITIncident:127383,test
ITIncident:127387,train
ITIncident:127391,train
ITIncident:127394,train
ITIncident:127397,train
ITIncident:127403,test
ITIncident:127412,train
ITIncident:127415,train
ITIncident:127418,test
ITIncident:127421,train
ITIncident:127424,train
ITIncident:127428,test
ITIncident:127432,train
ITIncident:127435,train
ITIncident:127438,train
ITIncident:127441,train
ITIncident:127444,test
ITIncident:127449,train
ITIncident:127452,train
ITIncident:127455,test
ITIncident:127465,train
ITIncident:127469,train
ITIncident:127478,train
ITIncident:127483,train
ITIncident:127487,train
ITIncident:127493,train
ITIncident:127504,train
ITIncident:127506,train
ITIncident:127510,train
ITIncident:127516,train
ITIncident:127526,train
ITIncident:127534,train
ITIncident:127543,test
ITIncident:127554,train
ITIncident:127557,train
ITIncident:127564,train
ITIncident:127567,train
ITIncident:127570,train
ITIncident:127577,train
ITIncident:127581,test
ITIncident:127585,train
ITIncident:127588,train
ITIncident:127591,train
ITIncident:127594,train
ITIncident:127597,train
ITIncident:127600,train
ITIncident:127603,train
ITIncident:127607,train
ITIncident:127613,train
ITIncident:127617,train
ITIncident:127621,train
ITIncident:127625,test
ITIncident:127627,train
ITIncident:127634,train
ITIncident:127641,train
ITIncident:127646,test
ITIncident:127653,train
ITIncident:127655,train
ITIncident:127659,train
ITIncident:127662,train
ITIncident:127665,test
ITIncident:127668,train
ITIncident:127675,train
ITIncident:127677,train
ITIncident:127681,train
ITIncident:127689,test
ITIncident:127694,train
ITIncident:127696,train
ITIncident:127699,train
ITIncident:127702,train
ITIncident:127711,train
ITIncident:127716,train
ITIncident:127721,train
ITIncident:127724,train
ITIncident:127727,test
ITIncident:127733,test
ITIncident:127737,test
ITIncident:127740,train
ITIncident:127746,train
ITIncident:127756,train
ITIncident:127770,train
ITIncident:127776,train
ITIncident:127779,test
ITIncident:127783,train
ITIncident:127787,test
ITIncident:127791,train
ITIncident:127794,train
ITIncident:127797,train
ITIncident:127806,train
ITIncident:127812,train
ITIncident:127823,train
ITIncident:127827,train
ITIncident:127830,train
ITIncident:127835,train
ITIncident:127838,train
ITIncident:127845,train
ITIncident:127855,train
ITIncident:127861,train
ITIncident:127866,train
ITIncident:127873,train
ITIncident:127880,train
ITIncident:127883,train
ITIncident:127887,train
ITIncident:127891,train
ITIncident:127900,train
ITIncident:127903,train
ITIncident:127919,train
ITIncident:127922,train
ITIncident:127925,train
ITIncident:127928,train
ITIncident:127932,train
ITIncident:127937,train
ITIncident:127942,train
ITIncident:127945,train
ITIncident:127952,train
ITIncident:127956,train
ITIncident:127961,test
ITIncident:127964,train
ITIncident:127969,train
ITIncident:127973,train
ITIncident:127976,train
ITIncident:127987,train
ITIncident:127994,test
ITIncident:127998,test
ITIncident:128001,train
ITIncident:128004,train
ITIncident:128017,train
ITIncident:128027,train
ITIncident:128031,test
ITIncident:128034,test
ITIncident:128040,train
ITIncident:128043,train
ITIncident:128047,test
ITIncident:128050,train
ITIncident:128053,test
ITIncident:128057,train
ITIncident:128060,test
ITIncident:128068,train
ITIncident:128071,train
ITIncident:128075,train
ITIncident:128084,train
ITIncident:128087,train
ITIncident:128103,train
ITIncident:128110,train
ITIncident:128114,train
ITIncident:128118,train
ITIncident:128123,train
ITIncident:128127,train
ITIncident:128130,test
ITIncident:128134,test
ITIncident:128139,train
ITIncident:128150,train
ITIncident:128154,test
ITIncident:128163,train
ITIncident:128172,train
ITIncident:128177,train
ITIncident:128182,train
ITIncident:128185,test
ITIncident:128189,train
ITIncident:128197,train
ITIncident:128202,train
ITIncident:128205,train
ITIncident:128209,train
ITIncident:128221,train
ITIncident:128225,train
ITIncident:128234,test
ITIncident:128243,train
ITIncident:128246,train
ITIncident:128249,train
ITIncident:128252,train
ITIncident:128258,train
ITIncident:128268,train
ITIncident:128271,test
ITIncident:128274,train
ITIncident:128280,test
ITIncident:128289,train
ITIncident:128297,test
ITIncident:128300,train
ITIncident:128303,train
ITIncident:128306,test
ITIncident:128310,train
ITIncident:128314,train
ITIncident:128316,test
ITIncident:128322,train
ITIncident:128326,train
ITIncident:128329,train
ITIncident:128332,train
ITIncident:128337,train
ITIncident:128340,train
ITIncident:128355,train
ITIncident:128361,test
ITIncident:128368,train
ITIncident:128370,train
ITIncident:128377,train
ITIncident:128383,train
ITIncident:128388,train
ITIncident:128393,train
ITIncident:128398,train
ITIncident:128400,train
ITIncident:128403,train
ITIncident:128408,train
ITIncident:128411,train
ITIncident:128421,train
ITIncident:128427,test
ITIncident:128430,train
ITIncident:128433,train
ITIncident:128435,train
ITIncident:128439,train
ITIncident:128446,train
ITIncident:128450,train
ITIncident:128453,train
ITIncident:128456,train
ITIncident:128459,train
ITIncident:128462,train
ITIncident:128469,train
ITIncident:128475,train
ITIncident:128478,train
ITIncident:128484,test
ITIncident:128487,train
ITIncident:128492,train
ITIncident:128495,train
ITIncident:128498,train
ITIncident:128506,train
ITIncident:128518,train
ITIncident:128525,train
ITIncident:128529,train
ITIncident:128535,train
ITIncident:128540,test
ITIncident:128546,train
ITIncident:128548,train
ITIncident:128555,train
ITIncident:128565,train
ITIncident:128568,test
ITIncident:128573,train
ITIncident:128576,train
ITIncident:128579,train
ITIncident:128583,train
ITIncident:128587,train
ITIncident:128590,train
ITIncident:128605,test
ITIncident:128608,train
ITIncident:128611,test
ITIncident:128619,train
ITIncident:128623,train
ITIncident:128630,test
ITIncident:128635,test
ITIncident:128638,train
ITIncident:128644,train
ITIncident:128653,test
ITIncident:128656,test
ITIncident:128661,train
ITIncident:128665,test
ITIncident:128669,train
ITIncident:128673,train
ITIncident:128680,train
ITIncident:128683,test
ITIncident:128686,train
ITIncident:128694,train
ITIncident:128708,test
ITIncident:128713,train
ITIncident:128716,test
ITIncident:128725,train
ITIncident:128728,train
ITIncident:128733,train
ITIncident:128736,train
ITIncident:128741,train
ITIncident:128744,test
ITIncident:128751,train
ITIncident:128756,train
ITIncident:128759,train
ITIncident:128762,train
ITIncident:128773,train
ITIncident:128775,train
ITIncident:128780,train
ITIncident:128784,train
ITIncident:128789,test
ITIncident:128811,test
ITIncident:128815,train
ITIncident:128818,test
ITIncident:128826,test
ITIncident:128829,train
ITIncident:128836,train
ITIncident:128839,train
ITIncident:128843,train
ITIncident:128850,train
ITIncident:128853,train
ITIncident:128857,train
ITIncident:128866,train
ITIncident:128887,train
ITIncident:128890,train
ITIncident:128896,train
ITIncident:128904,train
ITIncident:128913,train
ITIncident:128924,train
ITIncident:128927,train
ITIncident:128934,train
ITIncident:128937,train
ITIncident:128944,test
ITIncident:128947,train
ITIncident:128952,train
ITIncident:128955,train
ITIncident:128961,train
ITIncident:128964,train
ITIncident:128966,test
ITIncident:128969,train
ITIncident:128975,train
ITIncident:128982,train
ITIncident:128985,train
ITIncident:128992,train
ITIncident:128997,train
ITIncident:129000,train
ITIncident:129003,train
ITIncident:129007,train
ITIncident:129011,train
ITIncident:129014,train
ITIncident:129017,train
ITIncident:129020,train
ITIncident:129023,train
ITIncident:129027,test
ITIncident:129031,test
ITIncident:129035,train
ITIncident:129038,train
ITIncident:129047,train
ITIncident:129051,train
ITIncident:129055,train
ITIncident:129061,train
ITIncident:129064,train
ITIncident:129070,train
ITIncident:129075,train
ITIncident:129082,train
ITIncident:129084,train
ITIncident:129087,train
ITIncident:129091,train
ITIncident:129096,test
ITIncident:129101,train
ITIncident:129104,train
ITIncident:129107,test
ITIncident:129111,train
ITIncident:129118,test
ITIncident:129123,train
ITIncident:129130,train
ITIncident:129133,train
ITIncident:129136,test
ITIncident:129139,train
ITIncident:129145,train
ITIncident:129148,train
ITIncident:129152,test
ITIncident:129156,train
ITIncident:129161,train
ITIncident:129164,test
ITIncident:129167,train
ITIncident:129177,train
ITIncident:129185,train
ITIncident:129189,train
ITIncident:129192,train
ITIncident:129195,train
ITIncident:129205,train
ITIncident:129211,train
ITIncident:129214,train
ITIncident:129217,train
ITIncident:129236,train
ITIncident:129239,train
ITIncident:129244,train
ITIncident:129248,test
ITIncident:129253,train
ITIncident:129261,train
ITIncident:129264,train
ITIncident:129268,test
ITIncident:129271,train
ITIncident:129273,train
ITIncident:129282,train
ITIncident:129289,train
ITIncident:129294,train
ITIncident:129297,train
ITIncident:129304,train
ITIncident:129307,train
ITIncident:129313,test
ITIncident:129320,train
ITIncident:129323,train
ITIncident:129326,train
ITIncident:129329,train
ITIncident:129334,train
ITIncident:129337,train
ITIncident:129340,train
ITIncident:129343,train
ITIncident:129347,train
ITIncident:129350,test
ITIncident:129359,train
ITIncident:129362,train
ITIncident:129366,test
ITIncident:129373,test
ITIncident:129388,train
ITIncident:129394,train
ITIncident:129397,train
ITIncident:129400,train
ITIncident:129403,train
ITIncident:129408,train
ITIncident:129413,train
ITIncident:129418,test
ITIncident:129429,test
ITIncident:129440,train
ITIncident:129450,test
ITIncident:129453,train
ITIncident:129458,test
ITIncident:129461,test
ITIncident:129467,train
ITIncident:129470,train
ITIncident:129473,train
ITIncident:129476,train
ITIncident:129484,train
ITIncident:129487,test
ITIncident:129492,train
ITIncident:129500,train
ITIncident:129507,train
ITIncident:129511,train
ITIncident:129517,train
ITIncident:129520,train
ITIncident:129523,train
ITIncident:129526,train
ITIncident:129530,test
ITIncident:129534,train
ITIncident:129537,train
ITIncident:129541,train
ITIncident:129544,train
ITIncident:129550,train
ITIncident:129555,train
ITIncident:129560,train
ITIncident:129565,train
ITIncident:129570,train
ITIncident:129581,train
ITIncident:129587,train
ITIncident:129590,train
ITIncident:129593,train
ITIncident:129596,train
ITIncident:129601,train
ITIncident:129605,test
ITIncident:129608,train
ITIncident:129611,train
ITIncident:129614,train
ITIncident:129622,train
ITIncident:129625,train
ITIncident:129629,test
ITIncident:129633,train
ITIncident:129646,train
ITIncident:129649,test
ITIncident:129653,train
ITIncident:129656,train
ITIncident:129659,test
ITIncident:129663,train
ITIncident:129666,train
ITIncident:129671,test
ITIncident:129674,train
ITIncident:129677,train
ITIncident:129680,train
ITIncident:129684,train
ITIncident:129687,train
ITIncident:129692,train
ITIncident:129695,train
ITIncident:129698,train
ITIncident:129703,train
ITIncident:129706,train
ITIncident:129710,test
ITIncident:129722,train
ITIncident:129727,test
ITIncident:129733,test
ITIncident:129739,train
ITIncident:129742,train
ITIncident:129745,train
ITIncident:129748,train
ITIncident:129753,train
ITIncident:129758,train
ITIncident:129765,train
ITIncident:129768,train
ITIncident:129772,test
ITIncident:129775,train
ITIncident:129779,train
ITIncident:129782,train
ITIncident:129787,test
ITIncident:129791,train
ITIncident:129797,test
ITIncident:129807,train
ITIncident:129810,test
ITIncident:129814,test
ITIncident:129817,test
ITIncident:129823,train
ITIncident:129826,test
ITIncident:129831,train
ITIncident:129834,train
ITIncident:129837,train
ITIncident:129844,train
ITIncident:129847,train
ITIncident:129858,train
ITIncident:129864,train
ITIncident:129867,train
ITIncident:129881,train
ITIncident:129884,train
ITIncident:129888,train
ITIncident:129894,train
ITIncident:129897,train
ITIncident:129903,train
ITIncident:129905,train
ITIncident:129908,train
ITIncident:129912,test
ITIncident:129918,train
ITIncident:129922,train
ITIncident:129926,test
ITIncident:129929,train
ITIncident:129939,train
ITIncident:129954,train
ITIncident:129959,train
ITIncident:129963,train
ITIncident:129966,train
ITIncident:129969,train
ITIncident:129976,train
ITIncident:129982,train
ITIncident:129986,train
ITIncident:129990,train
ITIncident:129993,test
ITIncident:129996,train
ITIncident:129999,train
ITIncident:130003,test
ITIncident:130006,test
ITIncident:130011,train
ITIncident:130014,train
ITIncident:130019,test
ITIncident:130035,train
ITIncident:130044,train
ITIncident:130047,train
ITIncident:130062,train
ITIncident:130065,train
ITIncident:130068,train
ITIncident:130072,train
ITIncident:130075,test
ITIncident:130078,train
ITIncident:130081,train
ITIncident:130088,train
ITIncident:130091,train
ITIncident:130100,train
ITIncident:130103,train
ITIncident:130106,test
ITIncident:130113,train
ITIncident:130119,test
ITIncident:130128,train
ITIncident:130131,train
ITIncident:130134,train
ITIncident:130137,train
ITIncident:130140,train
ITIncident:130144,train
ITIncident:130148,train
ITIncident:130151,train
ITIncident:130155,test
ITIncident:130158,train
ITIncident:130167,train
ITIncident:130172,train
ITIncident:130175,test
ITIncident:130178,test
ITIncident:130182,train
ITIncident:130185,test
ITIncident:130188,test
ITIncident:130191,train
ITIncident:130194,train
ITIncident:130201,train
ITIncident:130207,train
ITIncident:130213,test
ITIncident:130215,train
ITIncident:130217,train
ITIncident:130219,train
ITIncident:130222,train
ITIncident:130235,test
ITIncident:130238,train
ITIncident:130245,train
ITIncident:130248,test
ITIncident:130251,train
ITIncident:130256,train
ITIncident:130259,train
ITIncident:130262,train
ITIncident:130266,test
ITIncident:130269,train
ITIncident:130279,test
ITIncident:130282,train
ITIncident:130285,train
ITIncident:130288,train
ITIncident:130290,train
ITIncident:130293,test
ITIncident:130296,train
ITIncident:130299,test
ITIncident:130302,test
ITIncident:130306,test
ITIncident:130309,train
ITIncident:130313,train
ITIncident:130321,train
ITIncident:130325,train
ITIncident:130328,test
ITIncident:130331,train
ITIncident:130334,train
ITIncident:130341,train
ITIncident:130345,train
ITIncident:130347,train
ITIncident:130351,train
ITIncident:130354,train
ITIncident:130369,train
ITIncident:130374,train
ITIncident:130385,train
ITIncident:130395,train
ITIncident:130400,train
ITIncident:130411,train
ITIncident:130414,train
ITIncident:130421,train
ITIncident:130425,train
ITIncident:130427,train
ITIncident:130430,train
ITIncident:130436,train
ITIncident:130441,train
ITIncident:130445,train
ITIncident:130453,test
ITIncident:130456,train
ITIncident:130460,test
ITIncident:130463,train
ITIncident:130468,train
ITIncident:130471,train
ITIncident:130478,test
ITIncident:130484,train
ITIncident:130487,train
ITIncident:130490,test
ITIncident:130493,train
ITIncident:130507,train
ITIncident:130511,train
ITIncident:130516,train
ITIncident:130520,test
ITIncident:130526,train
ITIncident:130530,train
ITIncident:130535,train
ITIncident:130540,train
ITIncident:130543,train
ITIncident:130545,test
ITIncident:130548,train
ITIncident:130551,train
ITIncident:130557,train
ITIncident:130561,train
ITIncident:130567,train
ITIncident:130570,train
ITIncident:130573,test
ITIncident:130576,test
ITIncident:130579,train
ITIncident:130584,train
ITIncident:130589,train
ITIncident:130592,train
ITIncident:130594,train
ITIncident:130598,train
ITIncident:130608,train
ITIncident:130614,train
ITIncident:130627,train
ITIncident:130630,train
ITIncident:130634,train
ITIncident:130637,train
ITIncident:130645,test
ITIncident:130651,train
ITIncident:130655,train
ITIncident:130660,test
ITIncident:130670,test
ITIncident:130674,test
ITIncident:130689,train
ITIncident:130694,test
ITIncident:130697,train
ITIncident:130712,train
ITIncident:130717,train
ITIncident:130720,train
ITIncident:130726,train
ITIncident:130729,train
ITIncident:130732,train
ITIncident:130747,train
ITIncident:130752,train
ITIncident:130755,test
ITIncident:130761,train
ITIncident:130766,train
ITIncident:130771,train
ITIncident:130776,train
ITIncident:130779,train
ITIncident:130782,train
ITIncident:130789,test
ITIncident:130795,test
ITIncident:130799,train
ITIncident:130802,train
ITIncident:130805,train
ITIncident:130808,train
ITIncident:130813,test
ITIncident:130817,test
ITIncident:130820,train
ITIncident:130823,train
ITIncident:130833,train
ITIncident:130840,train
ITIncident:130845,test
ITIncident:130858,train
ITIncident:130863,train
ITIncident:130867,train
ITIncident:130876,test
ITIncident:130879,train
ITIncident:130885,train
ITIncident:130889,train
ITIncident:130892,train
ITIncident:130895,train
ITIncident:130900,test
ITIncident:130908,train
ITIncident:130911,train
ITIncident:130915,train
ITIncident:130918,train
ITIncident:130920,train
ITIncident:130926,train
ITIncident:130935,test
ITIncident:130941,train
ITIncident:130945,test
ITIncident:130947,test
ITIncident:130950,train
ITIncident:130958,train
ITIncident:130961,train
ITIncident:130964,test
ITIncident:130967,train
ITIncident:130972,test
ITIncident:130982,train
ITIncident:130992,train
ITIncident:130995,train
ITIncident:131002,train
ITIncident:131012,train
ITIncident:131015,train
ITIncident:131022,train
ITIncident:131025,train
ITIncident:131028,train
ITIncident:131035,train
ITIncident:131041,train
ITIncident:131044,train
ITIncident:131047,train
ITIncident:131057,train
ITIncident:131061,test
ITIncident:131064,test
ITIncident:131070,train
ITIncident:131073,train
ITIncident:131086,train
ITIncident:131089,train
ITIncident:131098,train
ITIncident:131110,test
ITIncident:131113,train
ITIncident:131122,train
ITIncident:131126,train
ITIncident:131129,train
ITIncident:131134,train
ITIncident:131138,train
ITIncident:131145,train
ITIncident:131151,test
ITIncident:131158,train
ITIncident:131161,train
ITIncident:131168,train
ITIncident:131171,train
ITIncident:131178,train
ITIncident:131182,train
ITIncident:131185,train
ITIncident:131188,train
ITIncident:131194,train
ITIncident:131197,test
ITIncident:131201,train
ITIncident:131207,train
ITIncident:131218,train
ITIncident:131221,test
ITIncident:131224,train
ITIncident:131230,test
ITIncident:131233,test
ITIncident:131239,train
ITIncident:131243,train
ITIncident:131250,train
ITIncident:131254,test
ITIncident:131257,train
ITIncident:131260,test
ITIncident:131263,train
ITIncident:131268,train
ITIncident:131271,train
ITIncident:131285,train
ITIncident:131287,train
ITIncident:131290,train
ITIncident:131296,train
ITIncident:131302,train
ITIncident:131306,train
ITIncident:131311,train
ITIncident:131320,test
ITIncident:131326,train
ITIncident:131329,train
ITIncident:131332,train
ITIncident:131336,train
ITIncident:131352,train
ITIncident:131355,train
ITIncident:131358,train
ITIncident:131361,train
ITIncident:131372,train
ITIncident:131381,train
ITIncident:131388,train
ITIncident:131392,test
ITIncident:131396,test
ITIncident:131399,train
ITIncident:131406,train
ITIncident:131413,train
ITIncident:131418,test
ITIncident:131422,test
ITIncident:131432,train
ITIncident:131445,train
ITIncident:131449,train
ITIncident:131454,test
ITIncident:131457,train
ITIncident:131464,train
ITIncident:131470,train
ITIncident:131474,test
ITIncident:131479,train
ITIncident:131486,train
ITIncident:131497,train
ITIncident:131500,train
ITIncident:131503,train
ITIncident:131510,train
ITIncident:131513,train
ITIncident:131520,train
ITIncident:131523,train
ITIncident:131526,train
ITIncident:131532,train
ITIncident:131539,train
ITIncident:131542,train
ITIncident:131545,train
ITIncident:131548,train
ITIncident:131555,train
ITIncident:131558,train
ITIncident:131564,test
ITIncident:131573,train
ITIncident:131577,train
ITIncident:131580,train
ITIncident:131584,train
ITIncident:131587,train
ITIncident:131593,train
ITIncident:131596,train
ITIncident:131599,train
ITIncident:131603,train
ITIncident:131609,train
ITIncident:131612,train
ITIncident:131615,train
ITIncident:131618,train
ITIncident:131629,train
ITIncident:131635,test
ITIncident:131638,train
ITIncident:131643,train
ITIncident:131646,train
ITIncident:131648,train
ITIncident:131653,train
ITIncident:131657,train
ITIncident:131661,train
ITIncident:131666,train
ITIncident:131673,train
ITIncident:131682,train
ITIncident:131687,train
ITIncident:131691,test
ITIncident:131694,train
ITIncident:131697,train
ITIncident:131702,test
ITIncident:131707,train
ITIncident:131710,test
ITIncident:131717,train
ITIncident:131720,train
ITIncident:131729,train
ITIncident:131732,test
ITIncident:131739,train
ITIncident:131743,train
ITIncident:131746,test
ITIncident:131749,train
ITIncident:131757,train
ITIncident:131771,test
ITIncident:131777,test
ITIncident:131780,test
ITIncident:131786,train
ITIncident:131791,test
ITIncident:131796,train
ITIncident:131799,train
ITIncident:131807,train
ITIncident:131815,train
ITIncident:131818,train
ITIncident:131823,train
ITIncident:131827,train
ITIncident:131838,test
ITIncident:131847,train
ITIncident:131872,test
ITIncident:131878,train
ITIncident:131883,train
ITIncident:131886,train
ITIncident:131889,train
ITIncident:131892,train
ITIncident:131895,train
ITIncident:131898,train
ITIncident:131901,train
ITIncident:131904,train
ITIncident:131907,test
ITIncident:131911,train
ITIncident:131916,train
ITIncident:131919,train
ITIncident:131929,train
ITIncident:131935,train
ITIncident:131939,train
ITIncident:131943,train
ITIncident:131946,train
ITIncident:131955,train
ITIncident:131959,train
ITIncident:131966,train
ITIncident:131971,train
ITIncident:131976,train
ITIncident:131982,test
ITIncident:131985,train
ITIncident:131988,train
ITIncident:131992,test
ITIncident:131999,train
ITIncident:132006,test
ITIncident:132010,test
ITIncident:132014,train
ITIncident:132018,train
ITIncident:132025,test
ITIncident:132029,train
ITIncident:132042,train
ITIncident:132045,test
ITIncident:132053,train
ITIncident:132056,train
ITIncident:132062,train
ITIncident:132066,train
ITIncident:132069,train
ITIncident:132077,train
ITIncident:132080,train
ITIncident:132088,train
ITIncident:132091,train
ITIncident:132094,train
ITIncident:132099,test
ITIncident:132106,train
ITIncident:132115,train
ITIncident:132120,train
ITIncident:132123,train
ITIncident:132134,train
ITIncident:132137,train
ITIncident:132140,train
ITIncident:132145,train
ITIncident:132148,train
ITIncident:132152,train
ITIncident:132155,test
ITIncident:132162,train
ITIncident:132167,train
ITIncident:132174,test
ITIncident:132176,train
ITIncident:132179,train
ITIncident:132183,test
ITIncident:132185,train
ITIncident:132190,train
ITIncident:132194,train
ITIncident:132198,train
ITIncident:132202,train
ITIncident:132205,train
ITIncident:132207,train
ITIncident:132212,train
ITIncident:132216,test
ITIncident:132221,train
ITIncident:132226,train
ITIncident:132229,train
ITIncident:132231,train
ITIncident:132236,train
ITIncident:132238,train
ITIncident:132242,train
ITIncident:132245,train
ITIncident:132270,train
ITIncident:132279,train
ITIncident:132291,train
ITIncident:132293,train
ITIncident:132296,train
ITIncident:132302,train
ITIncident:132308,train
ITIncident:132316,train
ITIncident:132329,train
ITIncident:132331,train
ITIncident:132335,train
ITIncident:132342,train
ITIncident:132346,train
ITIncident:132357,train
ITIncident:132365,train
ITIncident:132374,train
ITIncident:132383,train
ITIncident:132398,train
ITIncident:132404,train
ITIncident:132408,test
ITIncident:132417,train
ITIncident:132421,train
ITIncident:132424,test
ITIncident:132428,train
ITIncident:132437,test
ITIncident:132440,test
ITIncident:132452,test
ITIncident:132458,test
ITIncident:132466,train
ITIncident:132469,train
ITIncident:132472,train
ITIncident:132477,train
ITIncident:132481,train
ITIncident:132488,train
ITIncident:132494,train
ITIncident:132497,train
ITIncident:132500,train
ITIncident:132507,train
ITIncident:132511,train
ITIncident:132519,train
ITIncident:132522,train
ITIncident:132529,train
ITIncident:132531,train
ITIncident:132569,test
ITIncident:132573,train
ITIncident:132576,train
ITIncident:132579,train
ITIncident:132582,train
ITIncident:132585,train
ITIncident:132588,train
ITIncident:132590,train
ITIncident:132597,train
ITIncident:132600,train
ITIncident:132603,train
ITIncident:132610,train
ITIncident:132617,train
ITIncident:132621,train
ITIncident:132626,test
ITIncident:132632,train
ITIncident:132637,train
ITIncident:132647,train
ITIncident:132656,train
ITIncident:132659,train
ITIncident:132662,train
ITIncident:132666,train
ITIncident:132670,train
ITIncident:132673,train
ITIncident:132677,train
ITIncident:132680,train
ITIncident:132683,train
ITIncident:132686,train
ITIncident:132689,train
ITIncident:132692,train
ITIncident:132703,train
ITIncident:132707,test
ITIncident:132712,test
ITIncident:132715,train
ITIncident:132721,test
ITIncident:132724,test
ITIncident:132730,test
ITIncident:132733,train
ITIncident:132738,train
ITIncident:132741,train
ITIncident:132746,train
ITIncident:132749,train
ITIncident:132756,test
ITIncident:132760,train
ITIncident:132764,train
ITIncident:132768,train
ITIncident:132771,train
ITIncident:132795,train
ITIncident:132798,train
ITIncident:132805,train
ITIncident:132809,train
ITIncident:132821,test
ITIncident:132824,train
ITIncident:132827,train
ITIncident:132837,train
ITIncident:132841,train
ITIncident:132857,train
ITIncident:132860,test
ITIncident:132872,train
ITIncident:132875,train
ITIncident:132881,train
ITIncident:132887,test
ITIncident:132895,test
ITIncident:132898,train
ITIncident:132901,test
ITIncident:132904,train
ITIncident:132907,train
ITIncident:132910,train
ITIncident:132915,test
ITIncident:132919,train
ITIncident:132922,train
ITIncident:132931,train
ITIncident:132934,train
ITIncident:132937,train
ITIncident:132954,test
ITIncident:132957,train
ITIncident:132960,train
ITIncident:132969,train
ITIncident:132977,train
ITIncident:132980,train
ITIncident:132986,test
ITIncident:132990,train
ITIncident:133000,train
ITIncident:133004,train
ITIncident:133010,train
ITIncident:133013,train
ITIncident:133016,train
ITIncident:133019,train
ITIncident:133024,train
ITIncident:133029,train
ITIncident:133042,train
ITIncident:133048,train
ITIncident:133052,test
ITIncident:133055,train
ITIncident:133062,train
ITIncident:133068,test
ITIncident:133073,test
ITIncident:133075,train
ITIncident:133081,train
ITIncident:133105,train
ITIncident:133113,train
ITIncident:133120,train
ITIncident:133124,train
ITIncident:133129,train
ITIncident:133133,train
ITIncident:133136,train
ITIncident:133142,train
ITIncident:133145,train
ITIncident:133166,train
ITIncident:133170,train
ITIncident:133175,train
ITIncident:133179,test
ITIncident:133188,train
ITIncident:133192,train
ITIncident:133210,train
ITIncident:133213,train
ITIncident:133216,train
ITIncident:133218,test
ITIncident:133221,train
ITIncident:133228,test
ITIncident:133233,train
ITIncident:133236,train
ITIncident:133238,train
ITIncident:133241,test
ITIncident:133245,train
ITIncident:133250,train
ITIncident:133253,test
ITIncident:133260,train
ITIncident:133264,train
ITIncident:133266,test
ITIncident:133272,test
ITIncident:133278,train
ITIncident:133280,train
ITIncident:133286,test
ITIncident:133289,train
ITIncident:133302,test
ITIncident:133314,train
ITIncident:133318,train
ITIncident:133322,train
ITIncident:133327,train
ITIncident:133331,train
ITIncident:133334,train
ITIncident:133337,train
ITIncident:133340,test
ITIncident:133344,train
ITIncident:133351,train
ITIncident:133355,train
ITIncident:133368,train
ITIncident:133372,train
ITIncident:133376,train
ITIncident:133381,test
ITIncident:133390,test
ITIncident:133394,train
ITIncident:133401,train
ITIncident:133405,test
ITIncident:133408,train
ITIncident:133416,train
ITIncident:133427,train
ITIncident:133432,test
ITIncident:133437,train
ITIncident:133445,train
ITIncident:133448,train
ITIncident:133452,train
ITIncident:133455,train
ITIncident:133460,train
ITIncident:133469,train
ITIncident:133472,train
ITIncident:133478,train
ITIncident:133497,test
ITIncident:133504,train
ITIncident:133509,train
ITIncident:133513,train
ITIncident:133517,train
ITIncident:133525,train
ITIncident:133542,train
ITIncident:133554,train
ITIncident:133568,train
ITIncident:133572,train
ITIncident:133579,train
ITIncident:133583,train
ITIncident:133587,train
ITIncident:133598,train
ITIncident:133605,test
ITIncident:133611,train
ITIncident:133615,train
ITIncident:133619,test
ITIncident:133625,train
ITIncident:133628,train
ITIncident:133633,train
ITIncident:133636,train
ITIncident:133640,train
ITIncident:133643,train
ITIncident:133647,train
ITIncident:133651,test
ITIncident:133665,train
ITIncident:133671,test
ITIncident:133678,train
ITIncident:133683,train
ITIncident:133686,train
ITIncident:133694,train
ITIncident:133703,train
ITIncident:133706,train
ITIncident:133709,train
ITIncident:133713,train
ITIncident:133718,test
ITIncident:133722,test
ITIncident:133727,test
ITIncident:133733,train
ITIncident:133735,train
ITIncident:133740,test
ITIncident:133745,train
ITIncident:133748,train
ITIncident:133751,train
ITIncident:133757,train
ITIncident:133759,train
ITIncident:133763,test
ITIncident:133768,train
ITIncident:133771,train
ITIncident:133775,test
ITIncident:133778,test
ITIncident:133780,train
ITIncident:133784,train
ITIncident:133787,train
ITIncident:133790,train
ITIncident:133793,train
ITIncident:133795,test
ITIncident:133798,train
ITIncident:133801,train
ITIncident:133804,train
ITIncident:133806,train
ITIncident:133809,test
ITIncident:133817,train
ITIncident:133820,test
ITIncident:133828,train
ITIncident:133835,test
ITIncident:133838,train
ITIncident:133841,test
ITIncident:133844,test
ITIncident:133848,test
ITIncident:133852,train
ITIncident:133855,train
ITIncident:133858,train
ITIncident:133861,test
ITIncident:133865,train
ITIncident:133871,train
ITIncident:133888,train
ITIncident:133891,train
ITIncident:133896,train
ITIncident:133907,train
ITIncident:133911,train
ITIncident:133915,train
ITIncident:133918,train
ITIncident:133928,train
ITIncident:133931,train
ITIncident:133947,train
ITIncident:133957,train
ITIncident:133960,train
ITIncident:133966,train
ITIncident:133969,test
ITIncident:133975,train
ITIncident:133977,train
ITIncident:133980,train
ITIncident:133983,test
ITIncident:133986,train
ITIncident:133993,test
ITIncident:133997,test
ITIncident:134000,train
ITIncident:134007,test
ITIncident:134011,train
ITIncident:134019,train
ITIncident:134022,train
ITIncident:134025,train
ITIncident:134028,train
ITIncident:134031,test
ITIncident:134034,train
ITIncident:134037,train
ITIncident:134042,test
ITIncident:134045,train
ITIncident:134051,train
ITIncident:134055,test
ITIncident:134058,test
ITIncident:134063,train
ITIncident:134070,train
ITIncident:134075,test
ITIncident:134080,train
ITIncident:134084,train
ITIncident:134089,train
ITIncident:134094,train
ITIncident:134097,test
ITIncident:134102,test
ITIncident:134105,test
ITIncident:134110,train
ITIncident:134115,train
ITIncident:134122,train
ITIncident:134125,train
ITIncident:134128,test
ITIncident:134131,test
ITIncident:134135,test
ITIncident:134139,test
ITIncident:134146,train
ITIncident:134149,test
ITIncident:134155,train
ITIncident:134159,train
ITIncident:134162,test
ITIncident:134166,train
ITIncident:134171,test
ITIncident:134174,test
ITIncident:134182,train
ITIncident:134189,train
ITIncident:134193,train
ITIncident:134195,train
ITIncident:134199,train
ITIncident:134205,train
ITIncident:134213,train
ITIncident:134216,test
ITIncident:134226,train
ITIncident:134231,test
ITIncident:134234,train
ITIncident:134236,train
ITIncident:134242,train
ITIncident:134248,test
ITIncident:134251,test
ITIncident:134254,train
ITIncident:134259,train
ITIncident:134265,train
ITIncident:134272,train
ITIncident:134275,test
ITIncident:134278,train
ITIncident:134283,train
ITIncident:134286,train
ITIncident:134289,test
ITIncident:134299,train
ITIncident:134303,train
ITIncident:134308,train
ITIncident:134311,train
ITIncident:134314,test
ITIncident:134321,train
ITIncident:134324,train
ITIncident:134332,train
ITIncident:134339,train
ITIncident:134342,train
ITIncident:134345,train
ITIncident:134349,test
ITIncident:134352,train
ITIncident:134371,train
ITIncident:134376,train
ITIncident:134381,train
ITIncident:134389,train
ITIncident:134396,test
ITIncident:134399,train
ITIncident:134402,train
ITIncident:134409,train
ITIncident:134417,train
ITIncident:134420,train
ITIncident:134423,train
ITIncident:134426,test
ITIncident:134430,test
ITIncident:134433,train
ITIncident:134438,train
ITIncident:134443,test
ITIncident:134461,train
ITIncident:134463,test
ITIncident:134466,train
ITIncident:134473,train
ITIncident:134479,train
ITIncident:134483,train
ITIncident:134491,train
ITIncident:134494,train
ITIncident:134501,test
ITIncident:134504,train
ITIncident:134509,train
ITIncident:134517,train
ITIncident:134520,train
ITIncident:134530,train
ITIncident:134540,train
ITIncident:134543,train
ITIncident:134546,train
ITIncident:134549,train
ITIncident:134556,test
ITIncident:134559,train
ITIncident:134563,train
ITIncident:134568,train
ITIncident:134572,test
ITIncident:134574,train
ITIncident:134577,train
ITIncident:134588,train
ITIncident:134591,test
ITIncident:134600,test
ITIncident:134603,test
ITIncident:134608,train
ITIncident:134611,train
ITIncident:134617,test
ITIncident:134622,train
ITIncident:134625,train
ITIncident:134630,train
ITIncident:134633,train
ITIncident:134654,train
ITIncident:134660,test
ITIncident:134666,train
ITIncident:134669,test
ITIncident:134685,train
ITIncident:134693,train
ITIncident:134696,test
ITIncident:134709,train
ITIncident:134714,test
ITIncident:134722,test
ITIncident:134729,train
ITIncident:134733,train
ITIncident:134736,test
ITIncident:134739,train
ITIncident:134744,test
ITIncident:134749,test
ITIncident:134752,train
ITIncident:134756,train
ITIncident:134759,test
ITIncident:134762,train
ITIncident:134765,train
ITIncident:134769,train
ITIncident:134776,train
ITIncident:134781,train
ITIncident:134784,train
ITIncident:134793,train
ITIncident:134796,train
ITIncident:134801,train
ITIncident:134804,train
ITIncident:134807,train
ITIncident:134810,train
ITIncident:134815,train
ITIncident:134818,train
ITIncident:134821,train
ITIncident:134824,train
ITIncident:134838,test
ITIncident:134841,train
ITIncident:134844,train
ITIncident:134852,train
ITIncident:134858,train
ITIncident:134861,test
ITIncident:134864,train
ITIncident:134868,train
ITIncident:134873,train
ITIncident:134876,train
ITIncident:134882,train
ITIncident:134887,train
ITIncident:134890,test
ITIncident:134896,train
ITIncident:134902,train
ITIncident:134906,test
ITIncident:134909,train
ITIncident:134912,train
ITIncident:134915,test
ITIncident:134919,train
ITIncident:134923,train
ITIncident:134930,train
ITIncident:134938,train
ITIncident:134941,train
ITIncident:134954,train
ITIncident:134963,train
ITIncident:134966,train
ITIncident:134969,train
ITIncident:134974,test
ITIncident:134994,train
ITIncident:134997,test
ITIncident:135000,train
ITIncident:135010,train
ITIncident:135014,test
ITIncident:135018,test
ITIncident:135020,train
ITIncident:135027,test
ITIncident:135030,test
ITIncident:135035,train
ITIncident:135038,train
ITIncident:135045,train
ITIncident:135054,train
ITIncident:135057,train
ITIncident:135065,train
ITIncident:135068,train
ITIncident:135071,test
ITIncident:135081,train
ITIncident:135088,train
ITIncident:135091,train
ITIncident:135099,train
ITIncident:135102,train
ITIncident:135109,train
ITIncident:135115,train
ITIncident:135126,train
ITIncident:135144,train
ITIncident:135148,test
ITIncident:135153,test
ITIncident:135156,train
ITIncident:135163,train
ITIncident:135172,train
ITIncident:135175,train
ITIncident:135181,train
ITIncident:135184,train
ITIncident:135195,train
ITIncident:135197,train
ITIncident:135200,train
ITIncident:135205,train
ITIncident:135209,train
ITIncident:135215,test
ITIncident:135219,train
ITIncident:135222,train
ITIncident:135228,train
ITIncident:135230,train
ITIncident:135236,test
ITIncident:135240,train
ITIncident:135243,test
ITIncident:135246,train
ITIncident:135250,train
ITIncident:135253,test
ITIncident:135258,train
ITIncident:135260,test
ITIncident:135263,train
ITIncident:135269,train
ITIncident:135274,train
ITIncident:135281,test
ITIncident:135287,test
ITIncident:135291,train
ITIncident:135294,train
ITIncident:135297,train
ITIncident:135303,train
ITIncident:135310,train
ITIncident:135313,train
ITIncident:135315,test
ITIncident:135318,train
ITIncident:135321,train
ITIncident:135324,train
ITIncident:135327,train
ITIncident:135330,train
ITIncident:135333,test
ITIncident:135336,train
ITIncident:135339,train
ITIncident:135346,train
ITIncident:135349,train
ITIncident:135361,train
ITIncident:135369,train
ITIncident:135377,train
ITIncident:135381,train
ITIncident:135384,test
ITIncident:135388,train
ITIncident:135391,train
ITIncident:135393,train
ITIncident:135398,train
ITIncident:135401,train
ITIncident:135404,test
ITIncident:135407,test
ITIncident:135416,test
ITIncident:135419,train
ITIncident:135424,test
ITIncident:135427,train
ITIncident:135430,train
ITIncident:135433,train
ITIncident:135439,test
ITIncident:135442,train
ITIncident:135446,train
ITIncident:135457,test
ITIncident:135460,train
ITIncident:135463,train
ITIncident:135466,train
ITIncident:135471,test
ITIncident:135482,train
ITIncident:135485,test
ITIncident:135491,train
ITIncident:135496,test
ITIncident:135501,train
ITIncident:135506,train
ITIncident:135510,train
ITIncident:135515,train
ITIncident:135530,train
ITIncident:135533,test
ITIncident:135536,train
ITIncident:135540,test
ITIncident:135543,train
ITIncident:135547,test
ITIncident:135557,train
ITIncident:135566,test
ITIncident:135571,train
ITIncident:135576,train
ITIncident:135581,train
ITIncident:135584,train
ITIncident:135588,train
ITIncident:135591,train
ITIncident:135595,train
ITIncident:135598,test
ITIncident:135601,train
ITIncident:135604,train
ITIncident:135609,test
ITIncident:135612,train
ITIncident:135615,train
ITIncident:135618,train
ITIncident:135631,train
ITIncident:135635,train
ITIncident:135642,train
ITIncident:135645,train
ITIncident:135649,train
ITIncident:135653,test
ITIncident:135656,test
ITIncident:135670,test
ITIncident:135676,train
ITIncident:135680,train
ITIncident:135683,train
ITIncident:135687,train
ITIncident:135691,train
ITIncident:135700,train
ITIncident:135704,test
ITIncident:135706,train
ITIncident:135709,train
ITIncident:135713,train
ITIncident:135716,test
ITIncident:135720,train
ITIncident:135723,train
ITIncident:135728,train
ITIncident:135731,train
ITIncident:135735,train
ITIncident:135738,train
ITIncident:135741,train
ITIncident:135747,test
ITIncident:135750,train
ITIncident:135753,train
ITIncident:135757,train
ITIncident:135760,train
ITIncident:135765,train
ITIncident:135774,train
ITIncident:135781,train
ITIncident:135784,train
ITIncident:135787,train
ITIncident:135790,train
ITIncident:135797,train
ITIncident:135805,train
ITIncident:135808,train
ITIncident:135813,train
ITIncident:135820,train
ITIncident:135824,train
ITIncident:135827,test
ITIncident:135830,test
ITIncident:135835,train
ITIncident:135839,train
ITIncident:135844,test
ITIncident:135849,train
ITIncident:135852,train
ITIncident:135855,train
ITIncident:135859,train
ITIncident:135862,train
ITIncident:135868,train
ITIncident:135871,train
ITIncident:135880,train
ITIncident:135883,train
ITIncident:135886,train
ITIncident:135891,train
ITIncident:135904,train
ITIncident:135907,train
ITIncident:135912,train
ITIncident:135916,train
ITIncident:135919,train
ITIncident:135924,train
ITIncident:135929,train
ITIncident:135933,train
ITIncident:135936,train
ITIncident:135939,train
ITIncident:135942,test
ITIncident:135946,train
ITIncident:135949,train
ITIncident:135955,train
ITIncident:135958,train
ITIncident:135961,train
ITIncident:135964,train
ITIncident:135979,train
ITIncident:135984,train
ITIncident:135987,train
ITIncident:135990,test
ITIncident:135996,train
ITIncident:136008,train
ITIncident:136017,train
ITIncident:136019,train
ITIncident:136028,test
ITIncident:136030,test
ITIncident:136033,train
ITIncident:136041,train
ITIncident:136045,test
ITIncident:136049,train
ITIncident:136054,train
ITIncident:136063,test
ITIncident:136066,train
ITIncident:136069,train
ITIncident:136073,train
ITIncident:136076,test
ITIncident:136088,train
ITIncident:136091,test
ITIncident:136100,train
ITIncident:136103,test
ITIncident:136107,train
ITIncident:136117,train
ITIncident:136120,train
ITIncident:136127,train
ITIncident:136131,train
ITIncident:136134,train
ITIncident:136138,test
ITIncident:136142,train
ITIncident:136145,train
ITIncident:136149,train
ITIncident:136160,train
ITIncident:136170,train
ITIncident:136173,train
ITIncident:136180,train
ITIncident:136190,test
ITIncident:136195,train
ITIncident:136198,train
ITIncident:136201,test
ITIncident:136208,train
ITIncident:136211,train
ITIncident:136214,train
ITIncident:136217,train
ITIncident:136224,train
ITIncident:136231,test
ITIncident:136236,train
ITIncident:136239,train
ITIncident:136242,train
ITIncident:136245,test
ITIncident:136248,train
ITIncident:136251,train
ITIncident:136266,train
ITIncident:136277,test
ITIncident:136281,test
ITIncident:136284,train
ITIncident:136292,train
ITIncident:136295,train
ITIncident:136303,train
ITIncident:136322,train
ITIncident:136324,train
ITIncident:136331,train
ITIncident:136334,train
ITIncident:136342,train
ITIncident:136348,train
ITIncident:136351,train
ITIncident:136354,train
ITIncident:136357,train
ITIncident:136363,train
ITIncident:136370,train
ITIncident:136373,test
ITIncident:136375,train
ITIncident:136378,train
ITIncident:136381,train
ITIncident:136384,test
ITIncident:136391,train
ITIncident:136393,test
ITIncident:136396,train
ITIncident:136400,train
ITIncident:136403,train
ITIncident:136406,train
ITIncident:136409,train
ITIncident:136417,train
ITIncident:136420,train
ITIncident:136422,train
ITIncident:136425,train
ITIncident:136434,train
ITIncident:136438,train
ITIncident:136442,train
ITIncident:136445,test
ITIncident:136448,train
ITIncident:136452,train
ITIncident:136456,test
ITIncident:136461,train
ITIncident:136487,train
ITIncident:136499,train
ITIncident:136506,test
ITIncident:136517,test
ITIncident:136523,train
ITIncident:136536,train
ITIncident:136556,test
ITIncident:136559,train
ITIncident:136564,test
ITIncident:136567,test
ITIncident:136571,train
ITIncident:136574,train
ITIncident:136578,train
ITIncident:136582,test
ITIncident:136585,test
ITIncident:136599,train
ITIncident:136604,train
ITIncident:136607,train
ITIncident:136614,train
ITIncident:136623,test
ITIncident:136627,train
ITIncident:136630,train
ITIncident:136637,train
ITIncident:136645,test
ITIncident:136659,test
ITIncident:136662,train
ITIncident:136679,train
ITIncident:136682,train
ITIncident:136686,test
ITIncident:136689,train
ITIncident:136692,train
ITIncident:136699,test
ITIncident:136704,test
ITIncident:136707,train
ITIncident:136710,train
ITIncident:136714,test
ITIncident:136719,train
ITIncident:136722,train
ITIncident:136731,train
ITIncident:136735,test
ITIncident:136740,train
ITIncident:136747,train
ITIncident:136750,train
ITIncident:136753,train
ITIncident:136758,test
ITIncident:136761,train
ITIncident:136766,test
ITIncident:136770,train
ITIncident:136773,train
ITIncident:136776,test
ITIncident:136779,train
ITIncident:136782,train
ITIncident:136789,test
ITIncident:136792,test
ITIncident:136795,test
ITIncident:136802,test
ITIncident:136805,train
ITIncident:136813,train
ITIncident:136818,train
ITIncident:136821,train
ITIncident:136826,train
ITIncident:136838,train
ITIncident:136841,train
ITIncident:136844,train
ITIncident:136850,test
ITIncident:136855,train
ITIncident:136864,test
ITIncident:136891,test
ITIncident:136894,train
ITIncident:136896,test
ITIncident:136898,train
ITIncident:136904,train
ITIncident:136910,train
ITIncident:136915,train
ITIncident:136918,train
ITIncident:136921,train
ITIncident:136924,test
ITIncident:136927,train
ITIncident:136929,train
ITIncident:136932,train
ITIncident:136935,train
ITIncident:136937,train
ITIncident:136941,train
ITIncident:136944,test
ITIncident:136947,train
ITIncident:136952,train
ITIncident:136956,train
ITIncident:136959,train
ITIncident:136971,train
ITIncident:136976,test
ITIncident:136982,test
ITIncident:136986,train
ITIncident:136989,test
ITIncident:136993,train
ITIncident:136996,train
ITIncident:137002,train
ITIncident:137005,train
ITIncident:137009,train
ITIncident:137012,train
ITIncident:137017,train
ITIncident:137021,test
ITIncident:137024,train
ITIncident:137027,train
ITIncident:137033,train
ITIncident:137037,train
ITIncident:137040,train
ITIncident:137045,test
ITIncident:137050,train
ITIncident:137054,train
ITIncident:137058,train
ITIncident:137063,train
ITIncident:137067,train
ITIncident:137070,train
ITIncident:137073,test
ITIncident:137086,train
ITIncident:137091,train
ITIncident:137098,train
ITIncident:137102,train
ITIncident:137105,test
ITIncident:137119,train
ITIncident:137122,train
ITIncident:137126,train
ITIncident:137131,train
ITIncident:137146,train
ITIncident:137153,train
ITIncident:137157,test
ITIncident:137163,train
ITIncident:137167,train
ITIncident:137180,train
ITIncident:137184,train
ITIncident:137187,train
ITIncident:137192,test
ITIncident:137200,train
ITIncident:137203,test
ITIncident:137207,train
ITIncident:137213,test
ITIncident:137216,train
ITIncident:137220,train
ITIncident:137224,test
ITIncident:137227,train
ITIncident:137230,train
ITIncident:137234,train
ITIncident:137241,train
ITIncident:137245,test
ITIncident:137248,train
ITIncident:137259,test
ITIncident:137264,train
ITIncident:137273,train
ITIncident:137276,train
ITIncident:137282,train
ITIncident:137287,test
ITIncident:137290,train
ITIncident:137295,test
ITIncident:137297,train
ITIncident:137300,test
ITIncident:137308,train
ITIncident:137315,train
ITIncident:137319,train
ITIncident:137321,test
ITIncident:137324,train
ITIncident:137327,train
ITIncident:137344,test
ITIncident:137366,train
ITIncident:137372,test
ITIncident:137375,train
ITIncident:137378,train
ITIncident:137382,train
ITIncident:137386,train
ITIncident:137390,train
ITIncident:137395,train
ITIncident:137404,test
ITIncident:137407,train
ITIncident:137411,train
ITIncident:137416,train
ITIncident:137420,train
ITIncident:137423,train
ITIncident:137425,train
ITIncident:137435,train
ITIncident:137461,test
ITIncident:137465,train
ITIncident:137474,test
ITIncident:137478,train
ITIncident:137484,train
ITIncident:137488,train
ITIncident:137492,train
ITIncident:137495,train
ITIncident:137498,train
ITIncident:137501,test
ITIncident:137504,train
ITIncident:137515,train
ITIncident:137520,train
ITIncident:137525,train
ITIncident:137529,train
ITIncident:137532,test
ITIncident:137535,test
ITIncident:137538,train
ITIncident:137541,test
ITIncident:137544,train
ITIncident:137552,test
ITIncident:137563,train
ITIncident:137568,train
ITIncident:137572,train
ITIncident:137577,train
ITIncident:137580,train
ITIncident:137589,train
ITIncident:137594,train
ITIncident:137603,train
ITIncident:137609,test
ITIncident:137613,train
ITIncident:137616,train
ITIncident:137622,test
ITIncident:137626,train
ITIncident:137629,train
ITIncident:137633,train
ITIncident:137637,train
ITIncident:137641,test
ITIncident:137651,train
ITIncident:137655,train
ITIncident:137659,train
ITIncident:137662,train
ITIncident:137665,train
ITIncident:137668,train
ITIncident:137677,train
ITIncident:137680,test
ITIncident:137683,train
ITIncident:137687,train
ITIncident:137694,test
ITIncident:137701,train
ITIncident:137705,train
ITIncident:137710,train
ITIncident:137713,test
ITIncident:137719,train
ITIncident:137722,train
ITIncident:137727,train
ITIncident:137730,test
ITIncident:137733,train
ITIncident:137747,test
ITIncident:137750,train
ITIncident:137757,train
ITIncident:137761,train
ITIncident:137767,train
ITIncident:137770,train
ITIncident:137775,train
ITIncident:137781,train
ITIncident:137801,test
ITIncident:137805,test
ITIncident:137808,train
ITIncident:137811,train
ITIncident:137817,train
ITIncident:137823,train
ITIncident:137826,train
ITIncident:137839,train
ITIncident:137842,train
ITIncident:137845,train
ITIncident:137848,train
ITIncident:137853,train
ITIncident:137856,test
ITIncident:137859,train
ITIncident:137868,test
ITIncident:137871,test
ITIncident:137876,train
ITIncident:137888,train
ITIncident:137893,train
ITIncident:137896,train
ITIncident:137899,train
ITIncident:137902,test
ITIncident:137905,train
ITIncident:137908,train
ITIncident:137914,train
ITIncident:137923,test
ITIncident:137926,train
ITIncident:137930,test
ITIncident:137933,train
ITIncident:137937,train
ITIncident:137947,train
ITIncident:137950,train
ITIncident:137956,train
ITIncident:137959,train
ITIncident:137965,train
ITIncident:137968,train
ITIncident:137980,train
ITIncident:137984,test
ITIncident:137988,train
ITIncident:137993,train
ITIncident:138003,train
ITIncident:138011,train
ITIncident:138015,train
ITIncident:138025,train
ITIncident:138030,test
ITIncident:138037,test
ITIncident:138042,train
ITIncident:138045,train
ITIncident:138049,train
ITIncident:138052,train
ITIncident:138061,test
ITIncident:138067,train
ITIncident:138070,test
ITIncident:138078,train
ITIncident:138081,train
ITIncident:138092,train
ITIncident:138099,train
ITIncident:138102,train
ITIncident:138105,train
ITIncident:138109,train
ITIncident:138114,train
ITIncident:138119,test
ITIncident:138127,train
ITIncident:138130,test
ITIncident:138133,train
ITIncident:138139,train
ITIncident:138144,train
ITIncident:138147,train
ITIncident:138153,train
ITIncident:138158,test
ITIncident:138165,train
ITIncident:138178,train
ITIncident:138185,train
ITIncident:138188,train
ITIncident:138191,train
ITIncident:138194,train
ITIncident:138199,train
ITIncident:138211,train
ITIncident:138219,test
ITIncident:138224,test
ITIncident:138227,test
ITIncident:138233,train
ITIncident:138242,test
ITIncident:138246,train
ITIncident:138249,test
ITIncident:138257,test
ITIncident:138261,train
ITIncident:138265,train
ITIncident:138279,train
ITIncident:138286,train
ITIncident:138292,test
ITIncident:138319,train
ITIncident:138322,train
ITIncident:138345,train
ITIncident:138349,train
ITIncident:138352,test
ITIncident:138359,test
ITIncident:138363,train
ITIncident:138365,train
ITIncident:138372,test
ITIncident:138374,train
ITIncident:138377,train
ITIncident:138379,train
ITIncident:138385,test
ITIncident:138391,train
ITIncident:138396,train
ITIncident:138398,train
ITIncident:138401,train
ITIncident:138403,train
ITIncident:138406,train
ITIncident:138409,train
ITIncident:138414,train
ITIncident:138423,train
ITIncident:138426,train
ITIncident:138433,test
ITIncident:138438,train
ITIncident:138440,train
ITIncident:138443,train
ITIncident:138449,train
ITIncident:138455,train
ITIncident:138460,train
ITIncident:138463,train
ITIncident:138466,test
ITIncident:138469,train
ITIncident:138474,train
ITIncident:138477,test
ITIncident:138483,train
ITIncident:138486,test
ITIncident:138491,train
ITIncident:138499,test
ITIncident:138513,test
ITIncident:138521,test
ITIncident:138530,test
ITIncident:138535,train
ITIncident:138544,train
ITIncident:138547,train
ITIncident:138558,train
ITIncident:138561,train
ITIncident:138564,train
ITIncident:138570,train
ITIncident:138575,train
ITIncident:138579,train
ITIncident:138582,train
ITIncident:138586,train
ITIncident:138590,train
ITIncident:138594,test
ITIncident:138597,test
ITIncident:138601,train
ITIncident:138606,train
ITIncident:138614,train
ITIncident:138619,train
ITIncident:138626,train
ITIncident:138631,train
ITIncident:138638,train
ITIncident:138645,train
ITIncident:138649,train
ITIncident:138654,test
ITIncident:138658,test
ITIncident:138664,train
ITIncident:138682,test
ITIncident:138688,train
ITIncident:138691,test
ITIncident:138694,test
ITIncident:138699,train
ITIncident:138702,train
ITIncident:138711,test
ITIncident:138718,test
ITIncident:138725,train
ITIncident:138727,train
ITIncident:138730,train
ITIncident:138736,train
ITIncident:138742,train
ITIncident:138745,test
ITIncident:138750,test
ITIncident:138755,train
ITIncident:138760,test
ITIncident:138763,test
ITIncident:138768,test
ITIncident:138776,train
ITIncident:138782,train
ITIncident:138787,train
ITIncident:138790,train
ITIncident:138792,train
ITIncident:138796,train
ITIncident:138801,train
ITIncident:138812,train
ITIncident:138821,train
ITIncident:138834,train
ITIncident:138837,test
ITIncident:138841,train
ITIncident:138844,test
ITIncident:138847,train
ITIncident:138856,train
ITIncident:138859,train
ITIncident:138871,test
ITIncident:138875,train
ITIncident:138897,train
ITIncident:138900,train
ITIncident:138904,test
ITIncident:138922,train
ITIncident:138929,train
ITIncident:138934,train
ITIncident:138937,train
ITIncident:138940,train
ITIncident:138945,train
ITIncident:138951,train
ITIncident:138956,test
ITIncident:138959,train
ITIncident:138962,test
ITIncident:138967,test
ITIncident:138971,train
ITIncident:138976,test
ITIncident:138999,train
ITIncident:139002,test
ITIncident:139006,train
ITIncident:139008,train
ITIncident:139012,train
ITIncident:139017,test
ITIncident:139024,train
ITIncident:139027,train
ITIncident:139031,train
ITIncident:139035,train
ITIncident:139041,train
ITIncident:139055,train
ITIncident:139058,train
ITIncident:139064,train
ITIncident:139071,train
ITIncident:139078,train
ITIncident:139083,train
ITIncident:139090,train
ITIncident:139095,train
ITIncident:139099,test
ITIncident:139102,train
ITIncident:139105,test
ITIncident:139109,train
ITIncident:139112,train
ITIncident:139115,train
ITIncident:139125,train
ITIncident:139128,test
ITIncident:139134,train
ITIncident:139137,train
ITIncident:139140,train
ITIncident:139144,test
ITIncident:139147,train
ITIncident:139157,test
ITIncident:139159,train
ITIncident:139162,test
ITIncident:139165,train
ITIncident:139168,test
ITIncident:139177,train
ITIncident:139182,train
ITIncident:139184,train
ITIncident:139188,train
ITIncident:139191,train
ITIncident:139194,train
ITIncident:139203,train
ITIncident:139207,train
ITIncident:139210,train
ITIncident:139214,train
ITIncident:139221,train
ITIncident:139226,train
ITIncident:139229,train
ITIncident:139245,train
ITIncident:139248,test
ITIncident:139253,train
ITIncident:139256,test
ITIncident:139263,train
ITIncident:139273,train
ITIncident:139278,train
ITIncident:139281,train
ITIncident:139286,train
ITIncident:139291,train
ITIncident:139294,test
ITIncident:139297,test
ITIncident:139301,train
ITIncident:139304,train
ITIncident:139307,test
ITIncident:139310,train
ITIncident:139313,test
ITIncident:139316,train
ITIncident:139319,train
ITIncident:139322,train
ITIncident:139332,train
ITIncident:139335,train
ITIncident:139340,test
ITIncident:139345,test
ITIncident:139351,train
ITIncident:139363,train
ITIncident:139370,train
ITIncident:139382,test
ITIncident:139388,train
ITIncident:139391,train
ITIncident:139395,train
ITIncident:139401,train
ITIncident:139405,train
ITIncident:139411,train
ITIncident:139417,train
ITIncident:139423,test
ITIncident:139426,train
ITIncident:139430,test
ITIncident:139434,train
ITIncident:139437,train
ITIncident:139448,train
ITIncident:139451,train
ITIncident:139456,train
ITIncident:139464,test
ITIncident:139467,train
ITIncident:139470,test
ITIncident:139473,test
ITIncident:139476,train
ITIncident:139486,train
ITIncident:139491,train
ITIncident:139504,train
ITIncident:139507,train
ITIncident:139514,train
ITIncident:139517,train
ITIncident:139520,train
ITIncident:139535,train
ITIncident:139539,train
ITIncident:139544,train
ITIncident:139549,train
ITIncident:139557,train
ITIncident:139576,test
ITIncident:139579,train
ITIncident:139582,train
ITIncident:139587,train
ITIncident:139593,train
ITIncident:139600,train
ITIncident:139604,train
ITIncident:139607,train
ITIncident:139611,train
ITIncident:139618,train
ITIncident:139621,train
ITIncident:139625,train
ITIncident:139631,test
ITIncident:139634,train
ITIncident:139639,train
ITIncident:139642,train
ITIncident:139645,train
ITIncident:139650,train
ITIncident:139654,train
ITIncident:139660,train
ITIncident:139671,test
ITIncident:139675,train
ITIncident:139679,train
ITIncident:139685,train
ITIncident:139688,train
ITIncident:139694,train
ITIncident:139697,train
ITIncident:139702,train
ITIncident:139706,train
ITIncident:139712,train
ITIncident:139715,train
ITIncident:139721,train
ITIncident:139728,train
ITIncident:139736,train
ITIncident:139742,train
ITIncident:139748,train
ITIncident:139753,train
ITIncident:139756,train
ITIncident:139759,test
ITIncident:139766,train
ITIncident:139770,train
ITIncident:139773,test
ITIncident:139778,train
ITIncident:139781,test
ITIncident:139790,train
ITIncident:139794,train
ITIncident:139805,train
ITIncident:139810,train
ITIncident:139813,test
ITIncident:139829,train
ITIncident:139832,test
ITIncident:139838,train
ITIncident:139845,train
ITIncident:139848,test
ITIncident:139852,train
ITIncident:139857,train
ITIncident:139860,train
ITIncident:139868,train
ITIncident:139871,train
ITIncident:139875,train
ITIncident:139880,test
ITIncident:139883,train
ITIncident:139889,train
ITIncident:139892,train
ITIncident:139899,train
ITIncident:139903,test
ITIncident:139906,train
ITIncident:139910,train
ITIncident:139917,train
ITIncident:139921,train
ITIncident:139925,test
ITIncident:139932,train
ITIncident:139937,test
ITIncident:139941,train
ITIncident:139945,test
ITIncident:139952,train
ITIncident:139956,train
ITIncident:139959,train
ITIncident:139962,test
ITIncident:139970,train
ITIncident:139983,train
ITIncident:139987,train
ITIncident:139990,train
ITIncident:139997,test
ITIncident:140001,train
ITIncident:140004,train
ITIncident:140006,test
ITIncident:140011,train
ITIncident:140015,train
ITIncident:140022,train
ITIncident:140030,train
ITIncident:140034,train
ITIncident:140039,train
ITIncident:140043,train
ITIncident:140048,train
ITIncident:140050,train
ITIncident:140055,train
ITIncident:140058,train
ITIncident:140061,train
ITIncident:140064,train
ITIncident:140067,train
ITIncident:140070,train
ITIncident:140080,test
ITIncident:140085,train
ITIncident:140091,train
ITIncident:140099,test
ITIncident:140155,train
ITIncident:140161,train
ITIncident:140166,train
ITIncident:140170,train
ITIncident:140175,train
ITIncident:140178,train
ITIncident:140184,train
ITIncident:140187,train
ITIncident:140199,test
ITIncident:140203,train
ITIncident:140211,train
ITIncident:140217,test
ITIncident:140225,train
ITIncident:140232,train
ITIncident:140243,train
ITIncident:140247,train
ITIncident:140255,train
ITIncident:140261,test
ITIncident:140264,train
ITIncident:140274,train
ITIncident:140279,test
ITIncident:140287,test
ITIncident:140297,train
ITIncident:140305,train
ITIncident:140312,train
ITIncident:140319,train
ITIncident:140332,train
ITIncident:140338,train
ITIncident:140341,train
ITIncident:140349,train
ITIncident:140361,train
ITIncident:140369,train
ITIncident:140372,train
ITIncident:140381,train
ITIncident:140388,train
ITIncident:140393,train
ITIncident:140399,train
ITIncident:140410,train
ITIncident:140417,train
ITIncident:140421,train
ITIncident:140429,test
ITIncident:140444,train
ITIncident:140460,train
ITIncident:140466,train
ITIncident:140476,test
ITIncident:140482,train
ITIncident:140486,test
ITIncident:140489,train
ITIncident:140499,train
ITIncident:140505,train
ITIncident:140512,test
ITIncident:140519,train
ITIncident:140538,train
ITIncident:140547,test
ITIncident:140550,train
ITIncident:140556,test
ITIncident:140560,train
ITIncident:140566,train
ITIncident:140571,train
ITIncident:140574,train
ITIncident:140578,train
ITIncident:140587,train
ITIncident:140590,test
ITIncident:140594,train
ITIncident:140597,train
ITIncident:140612,train
ITIncident:140628,train
ITIncident:140632,test
ITIncident:140636,train
ITIncident:140643,train
ITIncident:140648,train
ITIncident:140653,test
ITIncident:140656,train
ITIncident:140661,train
ITIncident:140665,train
ITIncident:140671,train
ITIncident:140675,train
ITIncident:140678,train
ITIncident:140683,train
ITIncident:140689,test
ITIncident:140692,train
ITIncident:140695,train
ITIncident:140698,train
ITIncident:140702,train
ITIncident:140705,test
ITIncident:140710,train
ITIncident:140719,test
ITIncident:140723,train
ITIncident:140728,train
ITIncident:140739,test
ITIncident:140745,train
ITIncident:140750,train
ITIncident:140753,train
ITIncident:140757,train
ITIncident:140761,train
ITIncident:140765,train
ITIncident:140770,train
ITIncident:140774,train
ITIncident:140778,train
ITIncident:140785,train
ITIncident:140794,train
ITIncident:140801,train
ITIncident:140804,train
ITIncident:140807,train
ITIncident:140812,train
ITIncident:140818,train
ITIncident:140821,train
ITIncident:140824,train
ITIncident:140828,train
ITIncident:140831,test
ITIncident:140834,train
ITIncident:140839,train
ITIncident:140846,train
ITIncident:140851,train
ITIncident:140859,train
ITIncident:140864,train
ITIncident:140870,train
ITIncident:140875,train
ITIncident:140882,train
ITIncident:140885,train
ITIncident:140889,test
ITIncident:140892,train
ITIncident:140895,train
ITIncident:140904,train
ITIncident:140911,train
ITIncident:140914,train
ITIncident:140918,train
ITIncident:140921,train
ITIncident:140934,test
ITIncident:140949,train
ITIncident:140952,train
ITIncident:140960,train
ITIncident:140964,test
ITIncident:140977,test
ITIncident:140990,train
ITIncident:140993,train
ITIncident:141000,train
ITIncident:141005,train
ITIncident:141009,test
ITIncident:141012,train
ITIncident:141018,test
ITIncident:141022,train
ITIncident:141035,train
ITIncident:141049,train
ITIncident:141059,train
ITIncident:141062,train
ITIncident:141070,test
ITIncident:141074,train
ITIncident:141077,train
ITIncident:141089,train
ITIncident:141094,train
ITIncident:141098,train
ITIncident:141101,test
ITIncident:141108,test
ITIncident:141118,train
ITIncident:141122,train
ITIncident:141128,train
ITIncident:141137,test
ITIncident:141141,test
ITIncident:141145,train
ITIncident:141158,train
ITIncident:141165,train
ITIncident:141172,test
ITIncident:141176,train
ITIncident:141182,train
ITIncident:141186,test
ITIncident:141195,test
ITIncident:141198,test
ITIncident:141201,train
ITIncident:141204,train
ITIncident:141208,train
ITIncident:141217,test
ITIncident:141220,test
ITIncident:141226,train
ITIncident:141237,train
ITIncident:141241,train
ITIncident:141246,train
ITIncident:141252,train
ITIncident:141260,train
ITIncident:141267,train
ITIncident:141273,train
ITIncident:141278,train
ITIncident:141288,test
ITIncident:141294,train
ITIncident:141300,train
ITIncident:141304,train
ITIncident:141310,train
ITIncident:141315,train
ITIncident:141325,test
ITIncident:141328,train
ITIncident:141336,train
ITIncident:141345,train
ITIncident:141348,test
ITIncident:141354,test
ITIncident:141361,train
ITIncident:141368,train
ITIncident:141372,train
ITIncident:141388,train
ITIncident:141393,train
ITIncident:141403,train
ITIncident:141410,train
ITIncident:141415,train
ITIncident:141418,train
ITIncident:141426,train
ITIncident:141434,train
ITIncident:141439,train
ITIncident:141443,test
ITIncident:141456,train
ITIncident:141472,train
ITIncident:141477,train
ITIncident:141481,train
ITIncident:141488,train
ITIncident:141492,train
ITIncident:141495,train
ITIncident:141498,train
ITIncident:141501,train
ITIncident:141504,train
ITIncident:141507,train
ITIncident:141510,train
ITIncident:141513,train
ITIncident:141519,train
ITIncident:141522,test
ITIncident:141529,train
ITIncident:141532,test
ITIncident:141541,train
ITIncident:141545,train
ITIncident:141551,train
ITIncident:141556,train
ITIncident:141560,train
ITIncident:141564,test
ITIncident:141567,train
ITIncident:141570,train
ITIncident:141573,train
ITIncident:141576,train
ITIncident:141579,train
ITIncident:141583,train
ITIncident:141589,train
ITIncident:141596,test
ITIncident:141607,train
ITIncident:141610,train
ITIncident:141614,train
ITIncident:141617,test
ITIncident:141623,train
ITIncident:141627,train
ITIncident:141631,train
ITIncident:141640,train
ITIncident:141643,train
ITIncident:141646,train
ITIncident:141649,train
ITIncident:141655,train
ITIncident:141659,train
ITIncident:141663,train
ITIncident:141666,train
ITIncident:141669,test
ITIncident:141671,train
ITIncident:141673,train
ITIncident:141680,train
ITIncident:141682,train
ITIncident:141684,train
ITIncident:141686,train
ITIncident:141688,train
ITIncident:141690,train
ITIncident:141692,train
ITIncident:141695,train
ITIncident:141697,train
ITIncident:141703,train
ITIncident:141707,train
ITIncident:141711,train
