dataset,seed,model,class_index,bin,count,mean_confidence,empirical_frequency
GoogleCluster,42,KATS,0,0,7373,8.210354310829431e-05,0.00040689000406890003
GoogleCluster,42,KATS,0,1,4,0.1368495367056398,0.0
GoogleCluster,42,KATS,0,2,0,,
GoogleCluster,42,KATS,0,3,0,,
GoogleCluster,42,KATS,0,4,3,0.436133423398484,0.0
GoogleCluster,42,KATS,0,5,2,0.5874651401810227,1.0
GoogleCluster,42,KATS,0,6,2,0.6473161932410656,1.0
GoogleCluster,42,KATS,0,7,1,0.7824157225915017,1.0
GoogleCluster,42,KATS,0,8,4,0.8825994270849584,1.0
GoogleCluster,42,KATS,0,9,4611,0.9988359016760487,0.9993493819128172
GoogleCluster,42,KATS,1,0,9498,0.00028429241932231326,0.0
GoogleCluster,42,KATS,1,1,0,,
GoogleCluster,42,KATS,1,2,0,,
GoogleCluster,42,KATS,1,3,0,,
GoogleCluster,42,KATS,1,4,1,0.4073609341460799,1.0
GoogleCluster,42,KATS,1,5,0,,
GoogleCluster,42,KATS,1,6,0,,
GoogleCluster,42,KATS,1,7,0,,
GoogleCluster,42,KATS,1,8,0,,
GoogleCluster,42,KATS,1,9,2501,0.9998865482233994,0.9988004798080767
GoogleCluster,42,KATS,2,0,7113,0.0005337260702091192,0.00042176296921130323
GoogleCluster,42,KATS,2,1,4,0.13156951701766012,0.0
GoogleCluster,42,KATS,2,2,1,0.21601699677098682,0.0
GoogleCluster,42,KATS,2,3,3,0.3529568021185214,0.0
GoogleCluster,42,KATS,2,4,2,0.453802491674581,0.5
GoogleCluster,42,KATS,2,5,1,0.5738084160742296,1.0
GoogleCluster,42,KATS,2,6,0,,
GoogleCluster,42,KATS,2,7,0,,
GoogleCluster,42,KATS,2,8,4,0.8475468315936147,1.0
GoogleCluster,42,KATS,2,9,4872,0.9997600874917126,1.0
GoogleCluster,42,LightGBM,0,0,7370,0.00023368990165641406,0.000271370420624152
GoogleCluster,42,LightGBM,0,1,2,0.13279872667748588,0.5
GoogleCluster,42,LightGBM,0,2,1,0.2556196583377028,0.0
GoogleCluster,42,LightGBM,0,3,2,0.3329002635683677,0.0
GoogleCluster,42,LightGBM,0,4,1,0.4779189069290567,0.0
GoogleCluster,42,LightGBM,0,5,2,0.5447714098020433,0.5
GoogleCluster,42,LightGBM,0,6,4,0.6329278594733544,0.5
GoogleCluster,42,LightGBM,0,7,2,0.7780656970518784,1.0
GoogleCluster,42,LightGBM,0,8,4,0.8454279763165155,1.0
GoogleCluster,42,LightGBM,0,9,4612,0.9994619417609515,0.9991326973113617
GoogleCluster,42,LightGBM,1,0,9499,4.8264570100613735e-05,0.00010527423939362039
GoogleCluster,42,LightGBM,1,1,0,,
GoogleCluster,42,LightGBM,1,2,0,,
GoogleCluster,42,LightGBM,1,3,0,,
GoogleCluster,42,LightGBM,1,4,0,,
GoogleCluster,42,LightGBM,1,5,0,,
GoogleCluster,42,LightGBM,1,6,1,0.6445052569802951,1.0
GoogleCluster,42,LightGBM,1,7,0,,
GoogleCluster,42,LightGBM,1,8,1,0.888425965705099,0.0
GoogleCluster,42,LightGBM,1,9,2499,0.9999179807700868,0.9991996798719488
GoogleCluster,42,LightGBM,2,0,7113,0.00029011278371295123,0.00042176296921130323
GoogleCluster,42,LightGBM,2,1,4,0.15399061184577428,0.0
GoogleCluster,42,LightGBM,2,2,2,0.22183026954845825,0.0
GoogleCluster,42,LightGBM,2,3,4,0.3667140606427427,0.5
GoogleCluster,42,LightGBM,2,4,2,0.454685463046191,0.5
GoogleCluster,42,LightGBM,2,5,1,0.5218364058524856,1.0
GoogleCluster,42,LightGBM,2,6,1,0.6894671035858471,1.0
GoogleCluster,42,LightGBM,2,7,1,0.7443337909606754,1.0
GoogleCluster,42,LightGBM,2,8,1,0.8452601769904076,1.0
GoogleCluster,42,LightGBM,2,9,4871,0.9996814711022495,1.0
GoogleCluster,42,XGBoost,0,0,7349,0.0006272015161812305,0.0
GoogleCluster,42,XGBoost,0,1,13,0.14194856584072113,0.07692307692307693
GoogleCluster,42,XGBoost,0,2,9,0.2585946321487427,0.2222222222222222
GoogleCluster,42,XGBoost,0,3,2,0.37446069717407227,0.0
GoogleCluster,42,XGBoost,0,4,1,0.4418928325176239,0.0
GoogleCluster,42,XGBoost,0,5,3,0.5389831066131592,0.6666666666666666
GoogleCluster,42,XGBoost,0,6,6,0.6577855944633484,0.6666666666666666
GoogleCluster,42,XGBoost,0,7,8,0.75848388671875,0.75
GoogleCluster,42,XGBoost,0,8,10,0.8599358797073364,1.0
GoogleCluster,42,XGBoost,0,9,4599,0.9981639981269836,0.9991302457055882
GoogleCluster,42,XGBoost,1,0,9496,0.0002616001875139773,0.00010530749789385004
GoogleCluster,42,XGBoost,1,1,2,0.13057848811149597,0.0
GoogleCluster,42,XGBoost,1,2,2,0.2578485608100891,0.5
GoogleCluster,42,XGBoost,1,3,0,,
GoogleCluster,42,XGBoost,1,4,0,,
GoogleCluster,42,XGBoost,1,5,0,,
GoogleCluster,42,XGBoost,1,6,0,,
GoogleCluster,42,XGBoost,1,7,2,0.7072638273239136,0.0
GoogleCluster,42,XGBoost,1,8,2,0.8685322403907776,0.5
GoogleCluster,42,XGBoost,1,9,2496,0.9993180632591248,1.0
GoogleCluster,42,XGBoost,2,0,7106,0.0009795285295695066,0.00042217844075429216
GoogleCluster,42,XGBoost,2,1,7,0.15895791351795197,0.0
GoogleCluster,42,XGBoost,2,2,4,0.24897348880767822,0.25
GoogleCluster,42,XGBoost,2,3,6,0.34031614661216736,0.3333333333333333
GoogleCluster,42,XGBoost,2,4,3,0.4575319290161133,0.3333333333333333
GoogleCluster,42,XGBoost,2,5,1,0.5482444763183594,1.0
GoogleCluster,42,XGBoost,2,6,2,0.6251296997070312,1.0
GoogleCluster,42,XGBoost,2,7,7,0.7469164133071899,1.0
GoogleCluster,42,XGBoost,2,8,11,0.8542159795761108,1.0
GoogleCluster,42,XGBoost,2,9,4853,0.9993040561676025,1.0
GoogleCluster,42,RandomForest,0,0,7338,0.0012782774597983103,0.0
GoogleCluster,42,RandomForest,0,1,25,0.1306,0.0
GoogleCluster,42,RandomForest,0,2,4,0.24,0.0
GoogleCluster,42,RandomForest,0,3,9,0.36000000000000004,0.1111111111111111
GoogleCluster,42,RandomForest,0,4,4,0.43,0.5
GoogleCluster,42,RandomForest,0,5,6,0.5599999999999999,1.0
GoogleCluster,42,RandomForest,0,6,6,0.6425,0.8333333333333334
GoogleCluster,42,RandomForest,0,7,14,0.7546428571428571,0.9285714285714286
GoogleCluster,42,RandomForest,0,8,33,0.8545454545454546,0.9696969696969697
GoogleCluster,42,RandomForest,0,9,4561,0.9975005481254112,1.0
GoogleCluster,42,RandomForest,1,0,9488,0.0007377740303541315,0.0
GoogleCluster,42,RandomForest,1,1,10,0.12300000000000003,0.0
GoogleCluster,42,RandomForest,1,2,1,0.28,0.0
GoogleCluster,42,RandomForest,1,3,1,0.305,0.0
GoogleCluster,42,RandomForest,1,4,2,0.4475,0.5
GoogleCluster,42,RandomForest,1,5,1,0.595,1.0
GoogleCluster,42,RandomForest,1,6,1,0.62,1.0
GoogleCluster,42,RandomForest,1,7,2,0.78,1.0
GoogleCluster,42,RandomForest,1,8,7,0.8592857142857143,1.0
GoogleCluster,42,RandomForest,1,9,2487,0.9983393646964214,1.0
GoogleCluster,42,RandomForest,2,0,7071,0.001586762834111158,0.0
GoogleCluster,42,RandomForest,2,1,33,0.13454545454545458,0.06060606060606061
GoogleCluster,42,RandomForest,2,2,8,0.240625,0.125
GoogleCluster,42,RandomForest,2,3,5,0.356,0.0
GoogleCluster,42,RandomForest,2,4,4,0.46749999999999997,0.0
GoogleCluster,42,RandomForest,2,5,5,0.5559999999999999,0.8
GoogleCluster,42,RandomForest,2,6,5,0.6300000000000001,1.0
GoogleCluster,42,RandomForest,2,7,3,0.7366666666666667,1.0
GoogleCluster,42,RandomForest,2,8,23,0.8621739130434783,1.0
GoogleCluster,42,RandomForest,2,9,4843,0.9984059467272354,1.0
GoogleCluster,42,BalancedRF,0,0,7320,0.0015812841530054643,0.0
GoogleCluster,42,BalancedRF,0,1,34,0.1438235294117647,0.0
GoogleCluster,42,BalancedRF,0,2,10,0.2385,0.0
GoogleCluster,42,BalancedRF,0,3,6,0.3425,0.0
GoogleCluster,42,BalancedRF,0,4,8,0.43437499999999996,0.375
GoogleCluster,42,BalancedRF,0,5,10,0.5635000000000001,0.8
GoogleCluster,42,BalancedRF,0,6,12,0.65125,0.9166666666666666
GoogleCluster,42,BalancedRF,0,7,14,0.7485714285714288,0.9285714285714286
GoogleCluster,42,BalancedRF,0,8,52,0.8587499999999998,0.9807692307692307
GoogleCluster,42,BalancedRF,0,9,4534,0.9964236876929863,1.0
GoogleCluster,42,BalancedRF,1,0,9477,0.0011074179592698112,0.0
GoogleCluster,42,BalancedRF,1,1,18,0.1227777777777778,0.0
GoogleCluster,42,BalancedRF,1,2,3,0.205,0.0
GoogleCluster,42,BalancedRF,1,3,1,0.395,0.0
GoogleCluster,42,BalancedRF,1,4,1,0.405,0.0
GoogleCluster,42,BalancedRF,1,5,3,0.5366666666666666,0.6666666666666666
GoogleCluster,42,BalancedRF,1,6,1,0.615,1.0
GoogleCluster,42,BalancedRF,1,7,0,,
GoogleCluster,42,BalancedRF,1,8,6,0.8558333333333333,1.0
GoogleCluster,42,BalancedRF,1,9,2490,0.998371485943775,1.0
GoogleCluster,42,BalancedRF,2,0,7058,0.002080617738736186,0.0
GoogleCluster,42,BalancedRF,2,1,43,0.138953488372093,0.046511627906976744
GoogleCluster,42,BalancedRF,2,2,11,0.25181818181818183,0.09090909090909091
GoogleCluster,42,BalancedRF,2,3,6,0.37000000000000005,0.0
GoogleCluster,42,BalancedRF,2,4,8,0.445625,0.625
GoogleCluster,42,BalancedRF,2,5,5,0.5509999999999999,0.8
GoogleCluster,42,BalancedRF,2,6,3,0.6066666666666666,1.0
GoogleCluster,42,BalancedRF,2,7,12,0.7600000000000001,1.0
GoogleCluster,42,BalancedRF,2,8,34,0.8499999999999999,1.0
GoogleCluster,42,BalancedRF,2,9,4820,0.9979284232365145,1.0
GoogleCluster,42,MLP,0,0,7353,0.0005430032291347487,0.0010879912960696314
GoogleCluster,42,MLP,0,1,15,0.13426995684131068,0.26666666666666666
GoogleCluster,42,MLP,0,2,8,0.2582084545942329,0.5
GoogleCluster,42,MLP,0,3,5,0.3426604845731165,0.2
GoogleCluster,42,MLP,0,4,2,0.4315755668585019,1.0
GoogleCluster,42,MLP,0,5,6,0.5409210073296519,0.5
GoogleCluster,42,MLP,0,6,16,0.6440577757665901,0.9375
GoogleCluster,42,MLP,0,7,20,0.7546992660496891,0.85
GoogleCluster,42,MLP,0,8,22,0.8436907984121597,0.9545454545454546
GoogleCluster,42,MLP,0,9,4553,0.9987239233622124,0.9982429167581814
GoogleCluster,42,MLP,1,0,9452,0.00035577914372797486,0.00010579771476936098
GoogleCluster,42,MLP,1,1,15,0.16258377296991003,0.06666666666666667
GoogleCluster,42,MLP,1,2,14,0.23364330876033404,0.0
GoogleCluster,42,MLP,1,3,12,0.3545050823030001,0.0
GoogleCluster,42,MLP,1,4,2,0.4419521304744563,0.0
GoogleCluster,42,MLP,1,5,2,0.5616509254225031,0.0
GoogleCluster,42,MLP,1,6,2,0.656310510294378,1.0
GoogleCluster,42,MLP,1,7,2,0.7650362526524164,0.5
GoogleCluster,42,MLP,1,8,2,0.8612248318482008,1.0
GoogleCluster,42,MLP,1,9,2497,0.9992432002873702,0.9979975971165399
GoogleCluster,42,MLP,2,0,7101,0.0004127492785635745,0.0011266018870581607
GoogleCluster,42,MLP,2,1,6,0.15753475097610517,0.16666666666666666
GoogleCluster,42,MLP,2,2,6,0.2710898429334143,0.5
GoogleCluster,42,MLP,2,3,4,0.3598303470173539,0.25
GoogleCluster,42,MLP,2,4,5,0.45673422914459805,0.8
GoogleCluster,42,MLP,2,5,1,0.5946330866855851,0.0
GoogleCluster,42,MLP,2,6,3,0.6576293312616683,0.6666666666666666
GoogleCluster,42,MLP,2,7,7,0.7399843779791011,0.42857142857142855
GoogleCluster,42,MLP,2,8,13,0.8657855822650684,0.6923076923076923
GoogleCluster,42,MLP,2,9,4854,0.9995298525936064,0.9991759373712402
GoogleCluster,42,LogReg,0,0,5935,0.007375493605811742,0.014827295703454086
GoogleCluster,42,LogReg,0,1,891,0.1410453126338779,0.04938271604938271
GoogleCluster,42,LogReg,0,2,214,0.23971371248469178,0.3037383177570093
GoogleCluster,42,LogReg,0,3,145,0.347415653428045,0.45517241379310347
GoogleCluster,42,LogReg,0,4,218,0.4502393864042398,0.7018348623853211
GoogleCluster,42,LogReg,0,5,498,0.5445741053916823,0.8634538152610441
GoogleCluster,42,LogReg,0,6,339,0.6486017534443771,0.6578171091445427
GoogleCluster,42,LogReg,0,7,411,0.7467354193881459,0.7372262773722628
GoogleCluster,42,LogReg,0,8,507,0.8535478065633112,0.9211045364891519
GoogleCluster,42,LogReg,0,9,2842,0.9730045209539951,0.9785362420830401
GoogleCluster,42,LogReg,1,0,7805,0.003614314525721121,0.004612427930813581
GoogleCluster,42,LogReg,1,1,412,0.14243048136689612,0.04611650485436893
GoogleCluster,42,LogReg,1,2,374,0.25420450739467254,0.1497326203208556
GoogleCluster,42,LogReg,1,3,197,0.34788354829897256,0.1065989847715736
GoogleCluster,42,LogReg,1,4,428,0.437300390719963,0.028037383177570093
GoogleCluster,42,LogReg,1,5,181,0.5469747177484532,0.2430939226519337
GoogleCluster,42,LogReg,1,6,153,0.6495577439777499,0.6470588235294118
GoogleCluster,42,LogReg,1,7,292,0.7588968713213372,0.7054794520547946
GoogleCluster,42,LogReg,1,8,843,0.8581731205059314,0.9383155397390273
GoogleCluster,42,LogReg,1,9,1315,0.9613498658353684,0.9239543726235742
GoogleCluster,42,LogReg,2,0,6455,0.021140428715105842,0.0179705654531371
GoogleCluster,42,LogReg,2,1,679,0.14454488990904613,0.2268041237113402
GoogleCluster,42,LogReg,2,2,292,0.24094411791540232,0.3013698630136986
GoogleCluster,42,LogReg,2,3,83,0.3421361600970085,0.6626506024096386
GoogleCluster,42,LogReg,2,4,43,0.445794433216624,0.5116279069767442
GoogleCluster,42,LogReg,2,5,16,0.5302682162662236,0.875
GoogleCluster,42,LogReg,2,6,5,0.6492289869133517,1.0
GoogleCluster,42,LogReg,2,7,2,0.7750503458694842,1.0
GoogleCluster,42,LogReg,2,8,1,0.8286758708971705,1.0
GoogleCluster,42,LogReg,2,9,4424,0.9997336074245883,1.0
GoogleCluster,42,NaiveBayes,0,0,5965,0.037905135062927586,0.039731768650461026
GoogleCluster,42,NaiveBayes,0,1,421,0.1158044386855802,0.06175771971496437
GoogleCluster,42,NaiveBayes,0,2,62,0.2528840508985631,0.3064516129032258
GoogleCluster,42,NaiveBayes,0,3,55,0.3273310227947848,0.23636363636363636
GoogleCluster,42,NaiveBayes,0,4,1381,0.4375819484359237,0.36350470673425056
GoogleCluster,42,NaiveBayes,0,5,36,0.582566346770067,0.5833333333333334
GoogleCluster,42,NaiveBayes,0,6,365,0.6691085852579263,0.7917808219178082
GoogleCluster,42,NaiveBayes,0,7,55,0.7732990680082829,0.7818181818181819
GoogleCluster,42,NaiveBayes,0,8,336,0.862232112349159,0.8035714285714286
GoogleCluster,42,NaiveBayes,0,9,3324,0.953023598048962,0.9626955475330926
GoogleCluster,42,NaiveBayes,1,0,7940,0.016464450222275967,0.0154911838790932
GoogleCluster,42,NaiveBayes,1,1,380,0.1360070228167579,0.1
GoogleCluster,42,NaiveBayes,1,2,44,0.250215557557739,0.11363636363636363
GoogleCluster,42,NaiveBayes,1,3,225,0.3423915135301476,0.05333333333333334
GoogleCluster,42,NaiveBayes,1,4,1379,0.4548102869718227,0.5018129079042785
GoogleCluster,42,NaiveBayes,1,5,87,0.5678261398936216,0.5402298850574713
GoogleCluster,42,NaiveBayes,1,6,85,0.6468766781828017,0.7294117647058823
GoogleCluster,42,NaiveBayes,1,7,766,0.7718803078152681,0.825065274151436
GoogleCluster,42,NaiveBayes,1,8,317,0.8439794674603216,0.6845425867507886
GoogleCluster,42,NaiveBayes,1,9,777,0.9735669718390261,0.8635778635778636
GoogleCluster,42,NaiveBayes,2,0,4308,0.026107893040457547,0.029944289693593314
GoogleCluster,42,NaiveBayes,2,1,3019,0.12305973015823389,0.11228883736336535
GoogleCluster,42,NaiveBayes,2,2,106,0.23017281911484824,0.19811320754716982
GoogleCluster,42,NaiveBayes,2,3,80,0.34781231462001,0.3875
GoogleCluster,42,NaiveBayes,2,4,40,0.4371904760879996,0.175
GoogleCluster,42,NaiveBayes,2,5,65,0.5742421882934701,0.26153846153846155
GoogleCluster,42,NaiveBayes,2,6,140,0.651689302325595,0.6928571428571428
GoogleCluster,42,NaiveBayes,2,7,18,0.7590572818437512,1.0
GoogleCluster,42,NaiveBayes,2,8,474,0.8841606988867455,0.9957805907172996
GoogleCluster,42,NaiveBayes,2,9,3750,0.9572165368767726,1.0
GoogleCluster,7,KATS,0,0,7372,0.00015223749639567058,0.00040694519804666303
GoogleCluster,7,KATS,0,1,2,0.15178097936644336,0.0
GoogleCluster,7,KATS,0,2,0,,
GoogleCluster,7,KATS,0,3,1,0.3274409815266394,0.0
GoogleCluster,7,KATS,0,4,0,,
GoogleCluster,7,KATS,0,5,0,,
GoogleCluster,7,KATS,0,6,1,0.6640022673237256,0.0
GoogleCluster,7,KATS,0,7,2,0.7390065006522333,1.0
GoogleCluster,7,KATS,0,8,3,0.8706790995322883,1.0
GoogleCluster,7,KATS,0,9,4619,0.9988800478876785,0.9984845204589738
GoogleCluster,7,KATS,1,0,9499,0.00033189260561023094,0.00010527423939362039
GoogleCluster,7,KATS,1,1,0,,
GoogleCluster,7,KATS,1,2,0,,
GoogleCluster,7,KATS,1,3,0,,
GoogleCluster,7,KATS,1,4,0,,
GoogleCluster,7,KATS,1,5,0,,
GoogleCluster,7,KATS,1,6,0,,
GoogleCluster,7,KATS,1,7,0,,
GoogleCluster,7,KATS,1,8,1,0.897180460349554,1.0
GoogleCluster,7,KATS,1,9,2500,0.9997943618577452,0.9988
GoogleCluster,7,KATS,2,0,7120,0.00045936820679208946,0.0008426966292134832
GoogleCluster,7,KATS,2,1,3,0.11430060033209237,0.0
GoogleCluster,7,KATS,2,2,2,0.2441941435053095,0.0
GoogleCluster,7,KATS,2,3,1,0.33421089921642555,1.0
GoogleCluster,7,KATS,2,4,0,,
GoogleCluster,7,KATS,2,5,0,,
GoogleCluster,7,KATS,2,6,1,0.6617409365950722,1.0
GoogleCluster,7,KATS,2,7,1,0.7775492475995607,1.0
GoogleCluster,7,KATS,2,8,2,0.8881718340449537,1.0
GoogleCluster,7,KATS,2,9,4870,0.9996875028826749,1.0
GoogleCluster,7,LightGBM,0,0,7366,0.00027559256466701666,0.0
GoogleCluster,7,LightGBM,0,1,4,0.15593494377567996,0.5
GoogleCluster,7,LightGBM,0,2,0,,
GoogleCluster,7,LightGBM,0,3,4,0.36604172770498944,0.25
GoogleCluster,7,LightGBM,0,4,1,0.4800537433268288,0.0
GoogleCluster,7,LightGBM,0,5,0,,
GoogleCluster,7,LightGBM,0,6,2,0.6906180005832003,0.5
GoogleCluster,7,LightGBM,0,7,2,0.7067099335285896,1.0
GoogleCluster,7,LightGBM,0,8,5,0.873487329968949,1.0
GoogleCluster,7,LightGBM,0,9,4616,0.999414251998861,0.9984835355285961
GoogleCluster,7,LightGBM,1,0,9498,8.326821784976971e-05,0.0001052853232259423
GoogleCluster,7,LightGBM,1,1,1,0.14945267309459762,0.0
GoogleCluster,7,LightGBM,1,2,0,,
GoogleCluster,7,LightGBM,1,3,0,,
GoogleCluster,7,LightGBM,1,4,0,,
GoogleCluster,7,LightGBM,1,5,0,,
GoogleCluster,7,LightGBM,1,6,3,0.6307111496494155,0.6666666666666666
GoogleCluster,7,LightGBM,1,7,1,0.7947457583960366,0.0
GoogleCluster,7,LightGBM,1,8,1,0.8547564251151544,0.0
GoogleCluster,7,LightGBM,1,9,2496,0.999918780958664,1.0
GoogleCluster,7,LightGBM,2,0,7118,0.00029753464813004525,0.0008429334082607474
GoogleCluster,7,LightGBM,2,1,4,0.11485315155814829,0.0
GoogleCluster,7,LightGBM,2,2,2,0.2592338937799539,0.0
GoogleCluster,7,LightGBM,2,3,2,0.30924907489877645,0.5
GoogleCluster,7,LightGBM,2,4,0,,
GoogleCluster,7,LightGBM,2,5,1,0.5199444359346265,1.0
GoogleCluster,7,LightGBM,2,6,1,0.637412805458984,1.0
GoogleCluster,7,LightGBM,2,7,0,,
GoogleCluster,7,LightGBM,2,8,2,0.8493640028877314,1.0
GoogleCluster,7,LightGBM,2,9,4870,0.999608661697523,1.0
GoogleCluster,7,XGBoost,0,0,7354,0.0008110968046821654,0.0
GoogleCluster,7,XGBoost,0,1,12,0.12923450767993927,0.16666666666666666
GoogleCluster,7,XGBoost,0,2,2,0.28613966703414917,0.0
GoogleCluster,7,XGBoost,0,3,4,0.35651105642318726,0.5
GoogleCluster,7,XGBoost,0,4,1,0.44216325879096985,0.0
GoogleCluster,7,XGBoost,0,5,3,0.5412909388542175,0.3333333333333333
GoogleCluster,7,XGBoost,0,6,3,0.6482098698616028,0.6666666666666666
GoogleCluster,7,XGBoost,0,7,9,0.746393620967865,0.8888888888888888
GoogleCluster,7,XGBoost,0,8,11,0.8742837309837341,1.0
GoogleCluster,7,XGBoost,0,9,4601,0.998418390750885,0.9984785916105194
GoogleCluster,7,XGBoost,1,0,9494,0.0002513539220672101,0.00010532968190436065
GoogleCluster,7,XGBoost,1,1,0,,
GoogleCluster,7,XGBoost,1,2,4,0.25713831186294556,0.0
GoogleCluster,7,XGBoost,1,3,1,0.38980749249458313,0.0
GoogleCluster,7,XGBoost,1,4,0,,
GoogleCluster,7,XGBoost,1,5,0,,
GoogleCluster,7,XGBoost,1,6,2,0.6377977728843689,0.5
GoogleCluster,7,XGBoost,1,7,2,0.710297703742981,1.0
GoogleCluster,7,XGBoost,1,8,3,0.8505231738090515,0.3333333333333333
GoogleCluster,7,XGBoost,1,9,2494,0.9993239641189575,1.0
GoogleCluster,7,XGBoost,2,0,7110,0.0008545491728000343,0.0008438818565400844
GoogleCluster,7,XGBoost,2,1,8,0.12927837669849396,0.0
GoogleCluster,7,XGBoost,2,2,6,0.2376127690076828,0.16666666666666666
GoogleCluster,7,XGBoost,2,3,1,0.32765331864356995,1.0
GoogleCluster,7,XGBoost,2,4,3,0.45831480622291565,0.6666666666666666
GoogleCluster,7,XGBoost,2,5,1,0.54779452085495,1.0
GoogleCluster,7,XGBoost,2,6,2,0.6447551250457764,0.5
GoogleCluster,7,XGBoost,2,7,0,,
GoogleCluster,7,XGBoost,2,8,9,0.8703349232673645,1.0
GoogleCluster,7,XGBoost,2,9,4860,0.9990005493164062,1.0
GoogleCluster,7,RandomForest,0,0,7337,0.0012137113261551044,0.0
GoogleCluster,7,RandomForest,0,1,22,0.14454545454545456,0.0
GoogleCluster,7,RandomForest,0,2,6,0.2383333333333333,0.0
GoogleCluster,7,RandomForest,0,3,9,0.35777777777777775,0.2222222222222222
GoogleCluster,7,RandomForest,0,4,2,0.4875,1.0
GoogleCluster,7,RandomForest,0,5,4,0.54125,0.75
GoogleCluster,7,RandomForest,0,6,10,0.6435,0.9
GoogleCluster,7,RandomForest,0,7,17,0.7452941176470588,0.7647058823529411
GoogleCluster,7,RandomForest,0,8,24,0.8579166666666667,0.9166666666666666
GoogleCluster,7,RandomForest,0,9,4569,0.9974513022543225,1.0
GoogleCluster,7,RandomForest,1,0,9485,0.0007743806009488666,0.00010542962572482868
GoogleCluster,7,RandomForest,1,1,9,0.12944444444444445,0.0
GoogleCluster,7,RandomForest,1,2,2,0.23,0.0
GoogleCluster,7,RandomForest,1,3,4,0.36,0.25
GoogleCluster,7,RandomForest,1,4,1,0.48,0.0
GoogleCluster,7,RandomForest,1,5,2,0.5375000000000001,0.0
GoogleCluster,7,RandomForest,1,6,1,0.61,1.0
GoogleCluster,7,RandomForest,1,7,2,0.7475,1.0
GoogleCluster,7,RandomForest,1,8,7,0.852142857142857,1.0
GoogleCluster,7,RandomForest,1,9,2487,0.9983293124246081,1.0
GoogleCluster,7,RandomForest,2,0,7084,0.0015887916431394694,0.0
GoogleCluster,7,RandomForest,2,1,22,0.14181818181818184,0.18181818181818182
GoogleCluster,7,RandomForest,2,2,12,0.24333333333333332,0.16666666666666666
GoogleCluster,7,RandomForest,2,3,6,0.3291666666666667,0.0
GoogleCluster,7,RandomForest,2,4,2,0.43,0.5
GoogleCluster,7,RandomForest,2,5,2,0.56,1.0
GoogleCluster,7,RandomForest,2,6,3,0.655,1.0
GoogleCluster,7,RandomForest,2,7,6,0.7533333333333333,1.0
GoogleCluster,7,RandomForest,2,8,23,0.8528260869565218,1.0
GoogleCluster,7,RandomForest,2,9,4840,0.9985216942148759,1.0
GoogleCluster,7,BalancedRF,0,0,7316,0.001583515582285402,0.0
GoogleCluster,7,BalancedRF,0,1,33,0.14575757575757578,0.0
GoogleCluster,7,BalancedRF,0,2,13,0.24576923076923077,0.07692307692307693
GoogleCluster,7,BalancedRF,0,3,10,0.353,0.2
GoogleCluster,7,BalancedRF,0,4,5,0.469,1.0
GoogleCluster,7,BalancedRF,0,5,4,0.54125,0.25
GoogleCluster,7,BalancedRF,0,6,16,0.651875,0.75
GoogleCluster,7,BalancedRF,0,7,19,0.7573684210526315,0.8947368421052632
GoogleCluster,7,BalancedRF,0,8,49,0.8625510204081631,0.9591836734693877
GoogleCluster,7,BalancedRF,0,9,4535,0.9966703417861079,1.0
GoogleCluster,7,BalancedRF,1,0,9469,0.0011648537332347663,0.0
GoogleCluster,7,BalancedRF,1,1,20,0.1365,0.05
GoogleCluster,7,BalancedRF,1,2,6,0.2125,0.0
GoogleCluster,7,BalancedRF,1,3,0,,
GoogleCluster,7,BalancedRF,1,4,5,0.44699999999999995,0.2
GoogleCluster,7,BalancedRF,1,5,2,0.5475000000000001,0.0
GoogleCluster,7,BalancedRF,1,6,2,0.61,0.5
GoogleCluster,7,BalancedRF,1,7,2,0.76,1.0
GoogleCluster,7,BalancedRF,1,8,7,0.8564285714285714,1.0
GoogleCluster,7,BalancedRF,1,9,2487,0.9985002010454362,1.0
GoogleCluster,7,BalancedRF,2,0,7064,0.002044875424688562,0.0
GoogleCluster,7,BalancedRF,2,1,43,0.13720930232558137,0.09302325581395349
GoogleCluster,7,BalancedRF,2,2,11,0.2559090909090909,0.18181818181818182
GoogleCluster,7,BalancedRF,2,3,7,0.33571428571428574,0.14285714285714285
GoogleCluster,7,BalancedRF,2,4,4,0.43374999999999997,0.75
GoogleCluster,7,BalancedRF,2,5,4,0.55625,1.0
GoogleCluster,7,BalancedRF,2,6,4,0.6725000000000001,1.0
GoogleCluster,7,BalancedRF,2,7,18,0.7494444444444445,1.0
GoogleCluster,7,BalancedRF,2,8,29,0.8517241379310346,1.0
GoogleCluster,7,BalancedRF,2,9,4816,0.9976463870431893,1.0
GoogleCluster,7,MLP,0,0,7332,0.0005085695252297214,0.0009547190398254228
GoogleCluster,7,MLP,0,1,19,0.13722279475676227,0.0
GoogleCluster,7,MLP,0,2,9,0.2446402779685738,0.1111111111111111
GoogleCluster,7,MLP,0,3,3,0.33298262118631555,0.0
GoogleCluster,7,MLP,0,4,6,0.4606161258637799,0.3333333333333333
GoogleCluster,7,MLP,0,5,2,0.5561888017794105,0.0
GoogleCluster,7,MLP,0,6,9,0.6537596314022456,0.5555555555555556
GoogleCluster,7,MLP,0,7,12,0.7405791422204352,0.9166666666666666
GoogleCluster,7,MLP,0,8,28,0.8468579962080568,1.0
GoogleCluster,7,MLP,0,9,4580,0.9990320278110727,0.996943231441048
GoogleCluster,7,MLP,1,0,9462,0.0003158449980344558,0.0002113718030014796
GoogleCluster,7,MLP,1,1,26,0.1477277527135915,0.0
GoogleCluster,7,MLP,1,2,7,0.23578213592087693,0.14285714285714285
GoogleCluster,7,MLP,1,3,3,0.31779139539919327,0.3333333333333333
GoogleCluster,7,MLP,1,4,1,0.4253029521782576,1.0
GoogleCluster,7,MLP,1,5,2,0.5138294398103274,0.5
GoogleCluster,7,MLP,1,6,1,0.617683050495222,0.0
GoogleCluster,7,MLP,1,7,1,0.7095481070079662,0.0
GoogleCluster,7,MLP,1,8,7,0.8568486521984366,1.0
GoogleCluster,7,MLP,1,9,2490,0.9991855384425898,0.9983935742971888
GoogleCluster,7,MLP,2,0,7114,0.00030067176205716815,0.0016868147315153219
GoogleCluster,7,MLP,2,1,4,0.17048981590510912,0.0
GoogleCluster,7,MLP,2,2,8,0.27988597653638897,0.25
GoogleCluster,7,MLP,2,3,5,0.352261067344584,0.4
GoogleCluster,7,MLP,2,4,1,0.46230430985106763,1.0
GoogleCluster,7,MLP,2,5,4,0.5520834878340796,0.75
GoogleCluster,7,MLP,2,6,4,0.6679413687439701,1.0
GoogleCluster,7,MLP,2,7,8,0.7536500435148299,1.0
GoogleCluster,7,MLP,2,8,13,0.8639496460221079,1.0
GoogleCluster,7,MLP,2,9,4839,0.9995722156627399,0.9993800371977681
GoogleCluster,7,LogReg,0,0,5944,0.007799227126691791,0.01648721399730821
GoogleCluster,7,LogReg,0,1,881,0.14145361272432197,0.04199772985244041
GoogleCluster,7,LogReg,0,2,205,0.24387961784392695,0.44390243902439025
GoogleCluster,7,LogReg,0,3,183,0.3474470674297774,0.37158469945355194
GoogleCluster,7,LogReg,0,4,256,0.45498869039084594,0.78515625
GoogleCluster,7,LogReg,0,5,448,0.5487103893908382,0.8638392857142857
GoogleCluster,7,LogReg,0,6,366,0.6526010561644277,0.6284153005464481
GoogleCluster,7,LogReg,0,7,395,0.7456320560278064,0.6734177215189874
GoogleCluster,7,LogReg,0,8,499,0.853753571127217,0.9158316633266533
GoogleCluster,7,LogReg,0,9,2823,0.9743764043341705,0.9865391427559334
GoogleCluster,7,LogReg,1,0,7794,0.003673296284787235,0.0032075955863484734
GoogleCluster,7,LogReg,1,1,399,0.142916938015449,0.07268170426065163
GoogleCluster,7,LogReg,1,2,359,0.2566330359902748,0.17827298050139276
GoogleCluster,7,LogReg,1,3,223,0.3445393082601989,0.1210762331838565
GoogleCluster,7,LogReg,1,4,393,0.43506580827764346,0.043256997455470736
GoogleCluster,7,LogReg,1,5,205,0.5461184847746249,0.18536585365853658
GoogleCluster,7,LogReg,1,6,161,0.6486325991336084,0.6273291925465838
GoogleCluster,7,LogReg,1,7,280,0.759509238387968,0.6642857142857143
GoogleCluster,7,LogReg,1,8,878,0.8586920074683061,0.929384965831435
GoogleCluster,7,LogReg,1,9,1308,0.9618938400384365,0.9143730886850153
GoogleCluster,7,LogReg,2,0,6411,0.019562383983619886,0.018405864919669317
GoogleCluster,7,LogReg,2,1,695,0.14349676211876974,0.2517985611510791
GoogleCluster,7,LogReg,2,2,317,0.23604921645713406,0.23974763406940064
GoogleCluster,7,LogReg,2,3,96,0.3454738848959959,0.59375
GoogleCluster,7,LogReg,2,4,47,0.44478681058734615,0.6595744680851063
GoogleCluster,7,LogReg,2,5,20,0.5338780053287997,0.5
GoogleCluster,7,LogReg,2,6,1,0.6056982413455192,1.0
GoogleCluster,7,LogReg,2,7,2,0.710102186960331,1.0
GoogleCluster,7,LogReg,2,8,0,,
GoogleCluster,7,LogReg,2,9,4411,0.9996824752501163,1.0
GoogleCluster,7,NaiveBayes,0,0,5991,0.03786809429563861,0.04122850943081289
GoogleCluster,7,NaiveBayes,0,1,361,0.12322295034212427,0.09418282548476455
GoogleCluster,7,NaiveBayes,0,2,59,0.2506484743801761,0.2711864406779661
GoogleCluster,7,NaiveBayes,0,3,55,0.33646387132369077,0.32727272727272727
GoogleCluster,7,NaiveBayes,0,4,1414,0.44145713389655383,0.33734087694483733
GoogleCluster,7,NaiveBayes,0,5,32,0.5355557771917261,0.53125
GoogleCluster,7,NaiveBayes,0,6,324,0.6598340078951888,0.7623456790123457
GoogleCluster,7,NaiveBayes,0,7,103,0.7548338077854118,0.8349514563106796
GoogleCluster,7,NaiveBayes,0,8,371,0.8635432765882592,0.816711590296496
GoogleCluster,7,NaiveBayes,0,9,3290,0.9505816734573728,0.9650455927051672
GoogleCluster,7,NaiveBayes,1,0,7860,0.01639298812294817,0.015267175572519083
GoogleCluster,7,NaiveBayes,1,1,398,0.13961244035516154,0.09045226130653267
GoogleCluster,7,NaiveBayes,1,2,59,0.24135927937437593,0.01694915254237288
GoogleCluster,7,NaiveBayes,1,3,208,0.33403408101285476,0.08653846153846154
GoogleCluster,7,NaiveBayes,1,4,1442,0.453679019977964,0.5034674063800277
GoogleCluster,7,NaiveBayes,1,5,79,0.5546824406699594,0.4430379746835443
GoogleCluster,7,NaiveBayes,1,6,87,0.642511060890993,0.6551724137931034
GoogleCluster,7,NaiveBayes,1,7,775,0.7713333884458423,0.8116129032258065
GoogleCluster,7,NaiveBayes,1,8,307,0.8437307621597431,0.6644951140065146
GoogleCluster,7,NaiveBayes,1,9,785,0.9726798993271775,0.8573248407643312
GoogleCluster,7,NaiveBayes,2,0,4803,0.03582247870188049,0.04080782844055798
GoogleCluster,7,NaiveBayes,2,1,2547,0.12287011596780577,0.11503729878288182
GoogleCluster,7,NaiveBayes,2,2,80,0.22288305904427652,0.225
GoogleCluster,7,NaiveBayes,2,3,108,0.33900592001540747,0.4444444444444444
GoogleCluster,7,NaiveBayes,2,4,52,0.4633859998425102,0.17307692307692307
GoogleCluster,7,NaiveBayes,2,5,43,0.5440695850408613,0.5116279069767442
GoogleCluster,7,NaiveBayes,2,6,162,0.6418974110368917,0.5679012345679012
GoogleCluster,7,NaiveBayes,2,7,55,0.7627308421267064,1.0
GoogleCluster,7,NaiveBayes,2,8,492,0.8852873642403755,0.9959349593495935
GoogleCluster,7,NaiveBayes,2,9,3658,0.9578501117442897,1.0
GoogleCluster,13,KATS,0,0,7376,0.00010893666812693659,0.00040672451193058567
GoogleCluster,13,KATS,0,1,3,0.1645516185196633,0.3333333333333333
GoogleCluster,13,KATS,0,2,1,0.26282559260300864,0.0
GoogleCluster,13,KATS,0,3,0,,
GoogleCluster,13,KATS,0,4,2,0.4426442076173507,0.5
GoogleCluster,13,KATS,0,5,2,0.5429934127087812,1.0
GoogleCluster,13,KATS,0,6,0,,
GoogleCluster,13,KATS,0,7,3,0.7417552585932988,0.3333333333333333
GoogleCluster,13,KATS,0,8,3,0.8301154389760231,0.6666666666666666
GoogleCluster,13,KATS,0,9,4610,0.9988165234686865,1.0
GoogleCluster,13,KATS,1,0,9496,0.0002928612964646855,0.00010530749789385004
GoogleCluster,13,KATS,1,1,3,0.13204447615181047,0.3333333333333333
GoogleCluster,13,KATS,1,2,1,0.2053823997063747,1.0
GoogleCluster,13,KATS,1,3,1,0.30708476734082707,0.0
GoogleCluster,13,KATS,1,4,0,,
GoogleCluster,13,KATS,1,5,0,,
GoogleCluster,13,KATS,1,6,0,,
GoogleCluster,13,KATS,1,7,0,,
GoogleCluster,13,KATS,1,8,0,,
GoogleCluster,13,KATS,1,9,2499,0.9997052339141621,0.9987995198079231
GoogleCluster,13,KATS,2,0,7112,0.0005415765451773598,0.00014060742407199101
GoogleCluster,13,KATS,2,1,2,0.11838781348134066,0.0
GoogleCluster,13,KATS,2,2,2,0.24783892772878732,0.0
GoogleCluster,13,KATS,2,3,0,,
GoogleCluster,13,KATS,2,4,2,0.4512507306174396,0.0
GoogleCluster,13,KATS,2,5,1,0.5047192643677103,0.0
GoogleCluster,13,KATS,2,6,0,,
GoogleCluster,13,KATS,2,7,1,0.7347953886008933,1.0
GoogleCluster,13,KATS,2,8,4,0.8485300127463316,0.75
GoogleCluster,13,KATS,2,9,4876,0.9998227377171032,1.0
GoogleCluster,13,LightGBM,0,0,7367,0.00026490295806252327,0.0005429618569295507
GoogleCluster,13,LightGBM,0,1,5,0.11896876290845486,0.0
GoogleCluster,13,LightGBM,0,2,5,0.2507085492403699,0.4
GoogleCluster,13,LightGBM,0,3,2,0.35830727176784527,0.0
GoogleCluster,13,LightGBM,0,4,3,0.4384300456324914,0.3333333333333333
GoogleCluster,13,LightGBM,0,5,1,0.5198683601681579,0.0
GoogleCluster,13,LightGBM,0,6,1,0.6058097369233716,0.0
GoogleCluster,13,LightGBM,0,7,4,0.7444878556201346,0.75
GoogleCluster,13,LightGBM,0,8,3,0.8455850103645405,0.6666666666666666
GoogleCluster,13,LightGBM,0,9,4609,0.9994573128572022,0.999783033195921
GoogleCluster,13,LightGBM,1,0,9499,7.060652139707744e-05,0.00021054847878724077
GoogleCluster,13,LightGBM,1,1,2,0.12731908646308848,0.5
GoogleCluster,13,LightGBM,1,2,0,,
GoogleCluster,13,LightGBM,1,3,0,,
GoogleCluster,13,LightGBM,1,4,0,,
GoogleCluster,13,LightGBM,1,5,1,0.565832079879366,1.0
GoogleCluster,13,LightGBM,1,6,0,,
GoogleCluster,13,LightGBM,1,7,0,,
GoogleCluster,13,LightGBM,1,8,0,,
GoogleCluster,13,LightGBM,1,9,2498,0.9998895551818732,0.9987990392313851
GoogleCluster,13,LightGBM,2,0,7110,0.0002855501048314891,0.00014064697609001407
GoogleCluster,13,LightGBM,2,1,1,0.17264963777596898,0.0
GoogleCluster,13,LightGBM,2,2,4,0.2541317478340051,0.25
GoogleCluster,13,LightGBM,2,3,1,0.3565046502404901,0.0
GoogleCluster,13,LightGBM,2,4,1,0.4801158631581706,1.0
GoogleCluster,13,LightGBM,2,5,2,0.5520201809144538,0.5
GoogleCluster,13,LightGBM,2,6,2,0.6415895578874038,1.0
GoogleCluster,13,LightGBM,2,7,5,0.7401470617699594,0.4
GoogleCluster,13,LightGBM,2,8,5,0.8792887032629938,1.0
GoogleCluster,13,LightGBM,2,9,4869,0.9996453690742984,0.9997946190182789
GoogleCluster,13,XGBoost,0,0,7353,0.0007273430819623172,0.0004079967360261118
GoogleCluster,13,XGBoost,0,1,14,0.13131645321846008,0.07142857142857142
GoogleCluster,13,XGBoost,0,2,2,0.25492390990257263,0.5
GoogleCluster,13,XGBoost,0,3,6,0.3287683427333832,0.16666666666666666
GoogleCluster,13,XGBoost,0,4,6,0.45989349484443665,0.16666666666666666
GoogleCluster,13,XGBoost,0,5,5,0.581786036491394,0.6
GoogleCluster,13,XGBoost,0,6,1,0.6855947971343994,0.0
GoogleCluster,13,XGBoost,0,7,2,0.7338953018188477,0.0
GoogleCluster,13,XGBoost,0,8,9,0.8429036140441895,1.0
GoogleCluster,13,XGBoost,0,9,4602,0.9982720017433167,0.9997827031725337
GoogleCluster,13,XGBoost,1,0,9496,0.0002584228350315243,0.00021061499578770007
GoogleCluster,13,XGBoost,1,1,3,0.16948199272155762,0.0
GoogleCluster,13,XGBoost,1,2,0,,
GoogleCluster,13,XGBoost,1,3,0,,
GoogleCluster,13,XGBoost,1,4,0,,
GoogleCluster,13,XGBoost,1,5,1,0.5111997127532959,1.0
GoogleCluster,13,XGBoost,1,6,1,0.6050457954406738,1.0
GoogleCluster,13,XGBoost,1,7,1,0.7440799474716187,0.0
GoogleCluster,13,XGBoost,1,8,6,0.8575214743614197,1.0
GoogleCluster,13,XGBoost,1,9,2492,0.9993116855621338,0.9987961476725522
GoogleCluster,13,XGBoost,2,0,7106,0.0008983240113593638,0.00014072614691809738
GoogleCluster,13,XGBoost,2,1,6,0.13913580775260925,0.0
GoogleCluster,13,XGBoost,2,2,2,0.26574528217315674,1.0
GoogleCluster,13,XGBoost,2,3,2,0.3568263053894043,1.0
GoogleCluster,13,XGBoost,2,4,5,0.42673173546791077,0.2
GoogleCluster,13,XGBoost,2,5,4,0.5502549409866333,0.75
GoogleCluster,13,XGBoost,2,6,5,0.6603292226791382,0.6
GoogleCluster,13,XGBoost,2,7,2,0.7392135858535767,1.0
GoogleCluster,13,XGBoost,2,8,9,0.8777549266815186,0.8888888888888888
GoogleCluster,13,XGBoost,2,9,4859,0.99920654296875,1.0
GoogleCluster,13,RandomForest,0,0,7340,0.0012935967302452318,0.00013623978201634878
GoogleCluster,13,RandomForest,0,1,17,0.1514705882352941,0.058823529411764705
GoogleCluster,13,RandomForest,0,2,10,0.2525,0.0
GoogleCluster,13,RandomForest,0,3,8,0.334375,0.0
GoogleCluster,13,RandomForest,0,4,5,0.442,0.4
GoogleCluster,13,RandomForest,0,5,6,0.5616666666666666,0.5
GoogleCluster,13,RandomForest,0,6,10,0.658,0.9
GoogleCluster,13,RandomForest,0,7,12,0.7491666666666666,1.0
GoogleCluster,13,RandomForest,0,8,22,0.8572727272727273,1.0
GoogleCluster,13,RandomForest,0,9,4570,0.9976170678336982,1.0
GoogleCluster,13,RandomForest,1,0,9483,0.0006606559105768217,0.0
GoogleCluster,13,RandomForest,1,1,13,0.14961538461538462,0.07692307692307693
GoogleCluster,13,RandomForest,1,2,3,0.25833333333333336,0.3333333333333333
GoogleCluster,13,RandomForest,1,3,0,,
GoogleCluster,13,RandomForest,1,4,2,0.45499999999999996,0.5
GoogleCluster,13,RandomForest,1,5,1,0.5,0.0
GoogleCluster,13,RandomForest,1,6,1,0.605,1.0
GoogleCluster,13,RandomForest,1,7,2,0.7475,1.0
GoogleCluster,13,RandomForest,1,8,12,0.8579166666666667,0.8333333333333334
GoogleCluster,13,RandomForest,1,9,2483,0.9981071284736207,1.0
GoogleCluster,13,RandomForest,2,0,7083,0.0015883100381194409,0.0
GoogleCluster,13,RandomForest,2,1,17,0.12911764705882353,0.058823529411764705
GoogleCluster,13,RandomForest,2,2,16,0.2384375,0.0
GoogleCluster,13,RandomForest,2,3,3,0.34500000000000003,0.0
GoogleCluster,13,RandomForest,2,4,3,0.45166666666666666,0.6666666666666666
GoogleCluster,13,RandomForest,2,5,3,0.5683333333333334,1.0
GoogleCluster,13,RandomForest,2,6,7,0.6521428571428572,1.0
GoogleCluster,13,RandomForest,2,7,9,0.7444444444444444,1.0
GoogleCluster,13,RandomForest,2,8,12,0.84875,1.0
GoogleCluster,13,RandomForest,2,9,4847,0.9984970084588406,1.0
GoogleCluster,13,BalancedRF,0,0,7317,0.0015853491868252018,0.00027333606669400026
GoogleCluster,13,BalancedRF,0,1,31,0.1430645161290323,0.0
GoogleCluster,13,BalancedRF,0,2,12,0.24500000000000002,0.08333333333333333
GoogleCluster,13,BalancedRF,0,3,11,0.3336363636363636,0.0
GoogleCluster,13,BalancedRF,0,4,6,0.45,0.16666666666666666
GoogleCluster,13,BalancedRF,0,5,10,0.558,0.4
GoogleCluster,13,BalancedRF,0,6,11,0.6527272727272727,0.9090909090909091
GoogleCluster,13,BalancedRF,0,7,21,0.7626190476190476,1.0
GoogleCluster,13,BalancedRF,0,8,44,0.8617045454545456,1.0
GoogleCluster,13,BalancedRF,0,9,4537,0.9966784218646684,1.0
GoogleCluster,13,BalancedRF,1,0,9474,0.0011378509605235382,0.0
GoogleCluster,13,BalancedRF,1,1,13,0.1376923076923077,0.0
GoogleCluster,13,BalancedRF,1,2,11,0.24181818181818182,0.18181818181818182
GoogleCluster,13,BalancedRF,1,3,1,0.32,0.0
GoogleCluster,13,BalancedRF,1,4,0,,
GoogleCluster,13,BalancedRF,1,5,2,0.5325,0.5
GoogleCluster,13,BalancedRF,1,6,2,0.63,0.5
GoogleCluster,13,BalancedRF,1,7,3,0.7566666666666667,1.0
GoogleCluster,13,BalancedRF,1,8,13,0.8623076923076922,0.8461538461538461
GoogleCluster,13,BalancedRF,1,9,2481,0.9982224909310763,1.0
GoogleCluster,13,BalancedRF,2,0,7070,0.002081329561527581,0.0
GoogleCluster,13,BalancedRF,2,1,29,0.13724137931034483,0.034482758620689655
GoogleCluster,13,BalancedRF,2,2,14,0.22071428571428572,0.0
GoogleCluster,13,BalancedRF,2,3,7,0.3428571428571429,0.2857142857142857
GoogleCluster,13,BalancedRF,2,4,5,0.421,0.6
GoogleCluster,13,BalancedRF,2,5,6,0.5333333333333333,1.0
GoogleCluster,13,BalancedRF,2,6,13,0.6480769230769231,1.0
GoogleCluster,13,BalancedRF,2,7,6,0.7675,1.0
GoogleCluster,13,BalancedRF,2,8,28,0.8469642857142857,1.0
GoogleCluster,13,BalancedRF,2,9,4822,0.9978961012028204,1.0
GoogleCluster,13,MLP,0,0,7279,0.0008236213123817425,0.001236433576040665
GoogleCluster,13,MLP,0,1,49,0.13278710439706143,0.08163265306122448
GoogleCluster,13,MLP,0,2,19,0.250333435492035,0.15789473684210525
GoogleCluster,13,MLP,0,3,11,0.34615579824562004,0.2727272727272727
GoogleCluster,13,MLP,0,4,8,0.4360522888488163,0.375
GoogleCluster,13,MLP,0,5,38,0.5563854275602804,0.9210526315789473
GoogleCluster,13,MLP,0,6,77,0.6476235853784995,0.7012987012987013
GoogleCluster,13,MLP,0,7,19,0.7431923372069148,0.8947368421052632
GoogleCluster,13,MLP,0,8,12,0.8463518647298606,1.0
GoogleCluster,13,MLP,0,9,4488,0.9980892192044208,0.9982174688057041
GoogleCluster,13,MLP,1,0,9392,0.0002493389596570841,0.00042589437819420784
GoogleCluster,13,MLP,1,1,5,0.15247578974618708,0.0
GoogleCluster,13,MLP,1,2,14,0.26068597865494453,0.07142857142857142
GoogleCluster,13,MLP,1,3,74,0.3522856181763222,0.2972972972972973
GoogleCluster,13,MLP,1,4,33,0.4440692221409555,0.030303030303030304
GoogleCluster,13,MLP,1,5,5,0.5758705654588282,0.6
GoogleCluster,13,MLP,1,6,2,0.603029061493615,0.5
GoogleCluster,13,MLP,1,7,9,0.7494331241214337,0.8888888888888888
GoogleCluster,13,MLP,1,8,36,0.8704542825707176,0.9444444444444444
GoogleCluster,13,MLP,1,9,2430,0.9988454234372249,0.9979423868312757
GoogleCluster,13,MLP,2,0,7095,0.000995389484421282,0.0012684989429175475
GoogleCluster,13,MLP,2,1,7,0.1602594025883358,0.0
GoogleCluster,13,MLP,2,2,5,0.26200432947991414,0.4
GoogleCluster,13,MLP,2,3,3,0.34813599023184055,0.0
GoogleCluster,13,MLP,2,4,6,0.4301517569682467,0.3333333333333333
GoogleCluster,13,MLP,2,5,5,0.5456970399045236,0.6
GoogleCluster,13,MLP,2,6,9,0.6627566713611228,0.7777777777777778
GoogleCluster,13,MLP,2,7,11,0.7445024034068249,0.8181818181818182
GoogleCluster,13,MLP,2,8,14,0.8616028790993815,0.8571428571428571
GoogleCluster,13,MLP,2,9,4845,0.9993461150273693,0.9983488132094943
GoogleCluster,13,LogReg,0,0,5917,0.0071340063392311606,0.014365387865472368
GoogleCluster,13,LogReg,0,1,863,0.14086882734196787,0.03476245654692932
GoogleCluster,13,LogReg,0,2,197,0.24171685963361572,0.3197969543147208
GoogleCluster,13,LogReg,0,3,166,0.3499597048911323,0.42168674698795183
GoogleCluster,13,LogReg,0,4,222,0.4546297523225241,0.7027027027027027
GoogleCluster,13,LogReg,0,5,463,0.5482147304833083,0.8531317494600432
GoogleCluster,13,LogReg,0,6,322,0.6500130240438999,0.5900621118012422
GoogleCluster,13,LogReg,0,7,413,0.750269499183069,0.6828087167070218
GoogleCluster,13,LogReg,0,8,494,0.8538239360452898,0.9230769230769231
GoogleCluster,13,LogReg,0,9,2943,0.9736237929930516,0.983010533469249
GoogleCluster,13,LogReg,1,0,7925,0.0038594455058004523,0.003911671924290221
GoogleCluster,13,LogReg,1,1,405,0.14420497325700168,0.04938271604938271
GoogleCluster,13,LogReg,1,2,380,0.24800748997433858,0.19736842105263158
GoogleCluster,13,LogReg,1,3,193,0.34596167076334017,0.15025906735751296
GoogleCluster,13,LogReg,1,4,375,0.43357796037449664,0.02666666666666667
GoogleCluster,13,LogReg,1,5,174,0.5417277519950955,0.2471264367816092
GoogleCluster,13,LogReg,1,6,166,0.6485480500885087,0.6987951807228916
GoogleCluster,13,LogReg,1,7,274,0.7607886698443664,0.7299270072992701
GoogleCluster,13,LogReg,1,8,845,0.8579021797357465,0.9491124260355029
GoogleCluster,13,LogReg,1,9,1263,0.9619600601183156,0.9287410926365796
GoogleCluster,13,LogReg,2,0,6454,0.020961869874345077,0.015184381778741865
GoogleCluster,13,LogReg,2,1,658,0.14715157886207594,0.22036474164133737
GoogleCluster,13,LogReg,2,2,289,0.2401056417398107,0.328719723183391
GoogleCluster,13,LogReg,2,3,105,0.35080334146726133,0.638095238095238
GoogleCluster,13,LogReg,2,4,32,0.4502454982720582,0.46875
GoogleCluster,13,LogReg,2,5,14,0.5442536422411584,0.9285714285714286
GoogleCluster,13,LogReg,2,6,2,0.6769320184791437,1.0
GoogleCluster,13,LogReg,2,7,0,,
GoogleCluster,13,LogReg,2,8,1,0.8008403530904165,1.0
GoogleCluster,13,LogReg,2,9,4445,0.9997868713198416,1.0
GoogleCluster,13,NaiveBayes,0,0,5848,0.03796038179306682,0.03676470588235294
GoogleCluster,13,NaiveBayes,0,1,489,0.1193156785215192,0.09815950920245399
GoogleCluster,13,NaiveBayes,0,2,47,0.25789666861462834,0.1276595744680851
GoogleCluster,13,NaiveBayes,0,3,83,0.33562799260904,0.42168674698795183
GoogleCluster,13,NaiveBayes,0,4,1344,0.4384813154809215,0.3325892857142857
GoogleCluster,13,NaiveBayes,0,5,41,0.5387146712436076,0.5609756097560976
GoogleCluster,13,NaiveBayes,0,6,308,0.6648206852742421,0.7662337662337663
GoogleCluster,13,NaiveBayes,0,7,71,0.749578970239359,0.7746478873239436
GoogleCluster,13,NaiveBayes,0,8,398,0.8638962208524367,0.8241206030150754
GoogleCluster,13,NaiveBayes,0,9,3371,0.9517012261932195,0.9572827054286562
GoogleCluster,13,NaiveBayes,1,0,8040,0.015774479688016166,0.018159203980099504
GoogleCluster,13,NaiveBayes,1,1,365,0.1336609780825552,0.09315068493150686
GoogleCluster,13,NaiveBayes,1,2,27,0.24341305114573863,0.07407407407407407
GoogleCluster,13,NaiveBayes,1,3,181,0.33657195969423903,0.09392265193370165
GoogleCluster,13,NaiveBayes,1,4,1401,0.45428816745021966,0.49964311206281226
GoogleCluster,13,NaiveBayes,1,5,89,0.5542753260099618,0.4943820224719101
GoogleCluster,13,NaiveBayes,1,6,111,0.6421338961041256,0.7297297297297297
GoogleCluster,13,NaiveBayes,1,7,725,0.7699523937366911,0.8262068965517242
GoogleCluster,13,NaiveBayes,1,8,322,0.8429804595434276,0.6894409937888198
GoogleCluster,13,NaiveBayes,1,9,739,0.9723495357567696,0.8849797023004059
GoogleCluster,13,NaiveBayes,2,0,4400,0.03031921586981876,0.02431818181818182
GoogleCluster,13,NaiveBayes,2,1,2867,0.12039235150506776,0.11614928496686432
GoogleCluster,13,NaiveBayes,2,2,148,0.2350391466676381,0.20270270270270271
GoogleCluster,13,NaiveBayes,2,3,107,0.3599206093745649,0.4672897196261682
GoogleCluster,13,NaiveBayes,2,4,32,0.44069374756680835,0.15625
GoogleCluster,13,NaiveBayes,2,5,51,0.5500485437060021,0.21568627450980393
GoogleCluster,13,NaiveBayes,2,6,133,0.646231786263893,0.6541353383458647
GoogleCluster,13,NaiveBayes,2,7,53,0.7648425948048063,1.0
GoogleCluster,13,NaiveBayes,2,8,497,0.8813630977633039,0.993963782696177
GoogleCluster,13,NaiveBayes,2,9,3712,0.9567192283774169,0.9997306034482759
GoogleCluster,99,KATS,0,0,7371,0.00017919963472719718,0.0
GoogleCluster,99,KATS,0,1,1,0.10448716615698445,1.0
GoogleCluster,99,KATS,0,2,4,0.22901406482629405,0.5
GoogleCluster,99,KATS,0,3,1,0.34170006758450716,1.0
GoogleCluster,99,KATS,0,4,1,0.44944476932269567,0.0
GoogleCluster,99,KATS,0,5,2,0.5763817047679418,0.0
GoogleCluster,99,KATS,0,6,2,0.6299411272376034,1.0
GoogleCluster,99,KATS,0,7,1,0.786181258889642,1.0
GoogleCluster,99,KATS,0,8,7,0.8838529562425796,0.7142857142857143
GoogleCluster,99,KATS,0,9,4610,0.9988961868215637,0.9995661605206074
GoogleCluster,99,KATS,1,0,9499,0.00028135583675510954,0.00010527423939362039
GoogleCluster,99,KATS,1,1,1,0.10239869059693187,0.0
GoogleCluster,99,KATS,1,2,0,,
GoogleCluster,99,KATS,1,3,1,0.3711215570440373,1.0
GoogleCluster,99,KATS,1,4,0,,
GoogleCluster,99,KATS,1,5,0,,
GoogleCluster,99,KATS,1,6,0,,
GoogleCluster,99,KATS,1,7,2,0.7488417307713351,0.5
GoogleCluster,99,KATS,1,8,1,0.8949456829279542,0.0
GoogleCluster,99,KATS,1,9,2496,0.9996705506028712,1.0
GoogleCluster,99,KATS,2,0,7113,0.0005727280432632875,0.0002811753128075355
GoogleCluster,99,KATS,2,1,4,0.12091959509931237,0.25
GoogleCluster,99,KATS,2,2,2,0.2358492622036885,0.0
GoogleCluster,99,KATS,2,3,1,0.382498221378802,0.0
GoogleCluster,99,KATS,2,4,1,0.4038923288675495,1.0
GoogleCluster,99,KATS,2,5,1,0.5200754729368869,1.0
GoogleCluster,99,KATS,2,6,2,0.6756030127622643,0.0
GoogleCluster,99,KATS,2,7,1,0.7877000441827396,1.0
GoogleCluster,99,KATS,2,8,0,,
GoogleCluster,99,KATS,2,9,4875,0.9996675294372115,1.0
GoogleCluster,99,LightGBM,0,0,7365,0.00030983985064875436,0.00013577732518669383
GoogleCluster,99,LightGBM,0,1,9,0.1326503989159772,0.2222222222222222
GoogleCluster,99,LightGBM,0,2,1,0.2403517103531285,0.0
GoogleCluster,99,LightGBM,0,3,0,,
GoogleCluster,99,LightGBM,0,4,2,0.4684398655998048,0.0
GoogleCluster,99,LightGBM,0,5,0,,
GoogleCluster,99,LightGBM,0,6,0,,
GoogleCluster,99,LightGBM,0,7,7,0.7594089170405238,0.5714285714285714
GoogleCluster,99,LightGBM,0,8,5,0.8724756288367763,1.0
GoogleCluster,99,LightGBM,0,9,4611,0.9993881635409748,0.9993493819128172
GoogleCluster,99,LightGBM,1,0,9498,7.519316047747878e-05,0.0001052853232259423
GoogleCluster,99,LightGBM,1,1,1,0.13542728324685685,0.0
GoogleCluster,99,LightGBM,1,2,3,0.22731359460539544,0.3333333333333333
GoogleCluster,99,LightGBM,1,3,0,,
GoogleCluster,99,LightGBM,1,4,0,,
GoogleCluster,99,LightGBM,1,5,0,,
GoogleCluster,99,LightGBM,1,6,0,,
GoogleCluster,99,LightGBM,1,7,0,,
GoogleCluster,99,LightGBM,1,8,0,,
GoogleCluster,99,LightGBM,1,9,2498,0.999889398488813,0.999599679743795
GoogleCluster,99,LightGBM,2,0,7113,0.00031518758446276787,0.0002811753128075355
GoogleCluster,99,LightGBM,2,1,4,0.1250921744671737,0.0
GoogleCluster,99,LightGBM,2,2,4,0.24235382201750086,0.5
GoogleCluster,99,LightGBM,2,3,0,,
GoogleCluster,99,LightGBM,2,4,0,,
GoogleCluster,99,LightGBM,2,5,2,0.5304453185058379,1.0
GoogleCluster,99,LightGBM,2,6,0,,
GoogleCluster,99,LightGBM,2,7,1,0.7594962794716458,1.0
GoogleCluster,99,LightGBM,2,8,11,0.8723307725523263,0.8181818181818182
GoogleCluster,99,LightGBM,2,9,4865,0.9996108680366206,1.0
GoogleCluster,99,XGBoost,0,0,7345,0.0005820555379614234,0.00013614703880190606
GoogleCluster,99,XGBoost,0,1,24,0.14252309501171112,0.125
GoogleCluster,99,XGBoost,0,2,4,0.24132472276687622,0.0
GoogleCluster,99,XGBoost,0,3,1,0.3002556264400482,0.0
GoogleCluster,99,XGBoost,0,4,5,0.4513016641139984,0.2
GoogleCluster,99,XGBoost,0,5,3,0.551607072353363,0.3333333333333333
GoogleCluster,99,XGBoost,0,6,2,0.6620099544525146,0.5
GoogleCluster,99,XGBoost,0,7,5,0.7723919153213501,1.0
GoogleCluster,99,XGBoost,0,8,10,0.8573579788208008,1.0
GoogleCluster,99,XGBoost,0,9,4601,0.9984183311462402,0.9993479678330798
GoogleCluster,99,XGBoost,1,0,9494,0.00024989628582261503,0.00010532968190436065
GoogleCluster,99,XGBoost,1,1,3,0.12987634539604187,0.0
GoogleCluster,99,XGBoost,1,2,1,0.20543888211250305,0.0
GoogleCluster,99,XGBoost,1,3,1,0.37199345231056213,0.0
GoogleCluster,99,XGBoost,1,4,2,0.4468603730201721,0.5
GoogleCluster,99,XGBoost,1,5,2,0.5643082857131958,1.0
GoogleCluster,99,XGBoost,1,6,0,,
GoogleCluster,99,XGBoost,1,7,1,0.7966017127037048,0.0
GoogleCluster,99,XGBoost,1,8,3,0.8439502716064453,0.6666666666666666
GoogleCluster,99,XGBoost,1,9,2493,0.9994553327560425,1.0
GoogleCluster,99,XGBoost,2,0,7107,0.0008411615272052586,0.0002814126917123962
GoogleCluster,99,XGBoost,2,1,7,0.14019981026649475,0.0
GoogleCluster,99,XGBoost,2,2,4,0.2264963686466217,0.0
GoogleCluster,99,XGBoost,2,3,1,0.3019980192184448,1.0
GoogleCluster,99,XGBoost,2,4,2,0.4509364664554596,1.0
GoogleCluster,99,XGBoost,2,5,2,0.5405169725418091,0.5
GoogleCluster,99,XGBoost,2,6,1,0.6995450258255005,1.0
GoogleCluster,99,XGBoost,2,7,6,0.7583408355712891,1.0
GoogleCluster,99,XGBoost,2,8,19,0.8522140383720398,0.9473684210526315
GoogleCluster,99,XGBoost,2,9,4851,0.9993239045143127,0.9997938569367141
GoogleCluster,99,RandomForest,0,0,7337,0.0011673708600245334,0.0
GoogleCluster,99,RandomForest,0,1,16,0.14437499999999998,0.0
GoogleCluster,99,RandomForest,0,2,13,0.2457692307692307,0.0
GoogleCluster,99,RandomForest,0,3,6,0.33,0.16666666666666666
GoogleCluster,99,RandomForest,0,4,9,0.4516666666666666,0.4444444444444444
GoogleCluster,99,RandomForest,0,5,5,0.5660000000000001,0.8
GoogleCluster,99,RandomForest,0,6,10,0.6430000000000001,0.9
GoogleCluster,99,RandomForest,0,7,8,0.7675000000000001,0.875
GoogleCluster,99,RandomForest,0,8,43,0.855,0.9767441860465116
GoogleCluster,99,RandomForest,0,9,4553,0.9976411157478586,1.0
GoogleCluster,99,RandomForest,1,0,9480,0.0007389240506329115,0.0
GoogleCluster,99,RandomForest,1,1,15,0.13533333333333333,0.06666666666666667
GoogleCluster,99,RandomForest,1,2,3,0.24666666666666667,0.0
GoogleCluster,99,RandomForest,1,3,2,0.3875,0.0
GoogleCluster,99,RandomForest,1,4,3,0.48,0.3333333333333333
GoogleCluster,99,RandomForest,1,5,1,0.505,1.0
GoogleCluster,99,RandomForest,1,6,0,,
GoogleCluster,99,RandomForest,1,7,2,0.76,1.0
GoogleCluster,99,RandomForest,1,8,12,0.8608333333333332,1.0
GoogleCluster,99,RandomForest,1,9,2482,0.998434730056406,1.0
GoogleCluster,99,RandomForest,2,0,7077,0.0015712872686166456,0.0
GoogleCluster,99,RandomForest,2,1,29,0.13155172413793104,0.06896551724137931
GoogleCluster,99,RandomForest,2,2,5,0.25,0.0
GoogleCluster,99,RandomForest,2,3,9,0.34611111111111115,0.2222222222222222
GoogleCluster,99,RandomForest,2,4,1,0.44,0.0
GoogleCluster,99,RandomForest,2,5,5,0.545,0.6
GoogleCluster,99,RandomForest,2,6,8,0.66625,1.0
GoogleCluster,99,RandomForest,2,7,10,0.7455,1.0
GoogleCluster,99,RandomForest,2,8,13,0.8661538461538462,1.0
GoogleCluster,99,RandomForest,2,9,4843,0.9986557918645467,1.0
GoogleCluster,99,BalancedRF,0,0,7312,0.0014469365426695842,0.0
GoogleCluster,99,BalancedRF,0,1,33,0.13257575757575757,0.0
GoogleCluster,99,BalancedRF,0,2,11,0.2672727272727273,0.09090909090909091
GoogleCluster,99,BalancedRF,0,3,13,0.3376923076923077,0.0
GoogleCluster,99,BalancedRF,0,4,15,0.4533333333333333,0.5333333333333333
GoogleCluster,99,BalancedRF,0,5,7,0.5607142857142857,0.5714285714285714
GoogleCluster,99,BalancedRF,0,6,10,0.655,1.0
GoogleCluster,99,BalancedRF,0,7,21,0.7576190476190475,0.9047619047619048
GoogleCluster,99,BalancedRF,0,8,47,0.8601063829787233,1.0
GoogleCluster,99,BalancedRF,0,9,4531,0.9966662988302804,1.0
GoogleCluster,99,BalancedRF,1,0,9465,0.0011405176967776017,0.0
GoogleCluster,99,BalancedRF,1,1,23,0.12152173913043478,0.043478260869565216
GoogleCluster,99,BalancedRF,1,2,8,0.24437499999999998,0.0
GoogleCluster,99,BalancedRF,1,3,2,0.3075,0.0
GoogleCluster,99,BalancedRF,1,4,3,0.4466666666666667,0.3333333333333333
GoogleCluster,99,BalancedRF,1,5,2,0.5425,0.5
GoogleCluster,99,BalancedRF,1,6,1,0.675,0.0
GoogleCluster,99,BalancedRF,1,7,2,0.77,1.0
GoogleCluster,99,BalancedRF,1,8,12,0.86,1.0
GoogleCluster,99,BalancedRF,1,9,2482,0.9984206285253827,1.0
GoogleCluster,99,BalancedRF,2,0,7061,0.0020322900439031302,0.0
GoogleCluster,99,BalancedRF,2,1,41,0.1379268292682927,0.04878048780487805
GoogleCluster,99,BalancedRF,2,2,7,0.2507142857142857,0.0
GoogleCluster,99,BalancedRF,2,3,9,0.3433333333333333,0.1111111111111111
GoogleCluster,99,BalancedRF,2,4,7,0.4478571428571429,0.5714285714285714
GoogleCluster,99,BalancedRF,2,5,11,0.5572727272727274,0.9090909090909091
GoogleCluster,99,BalancedRF,2,6,11,0.6554545454545454,1.0
GoogleCluster,99,BalancedRF,2,7,6,0.7458333333333332,1.0
GoogleCluster,99,BalancedRF,2,8,29,0.8556896551724137,1.0
GoogleCluster,99,BalancedRF,2,9,4818,0.9980064342050644,1.0
GoogleCluster,99,MLP,0,0,7342,0.0004446610972913507,0.001770634704440207
GoogleCluster,99,MLP,0,1,15,0.142675330061839,0.6
GoogleCluster,99,MLP,0,2,7,0.24846950327823056,0.14285714285714285
GoogleCluster,99,MLP,0,3,28,0.3379846623628115,0.07142857142857142
GoogleCluster,99,MLP,0,4,3,0.4651723148422949,1.0
GoogleCluster,99,MLP,0,5,3,0.5312502991324086,1.0
GoogleCluster,99,MLP,0,6,2,0.6205843303245435,0.0
GoogleCluster,99,MLP,0,7,8,0.7528947796269736,0.875
GoogleCluster,99,MLP,0,8,12,0.8515834832609417,1.0
GoogleCluster,99,MLP,0,9,4580,0.998663801490768,0.9978165938864629
GoogleCluster,99,MLP,1,0,9481,0.00036157806776346843,0.00042189642442780296
GoogleCluster,99,MLP,1,1,7,0.13794673764868742,0.0
GoogleCluster,99,MLP,1,2,2,0.2698138326809993,0.0
GoogleCluster,99,MLP,1,3,1,0.3671133042323358,0.0
GoogleCluster,99,MLP,1,4,0,,
GoogleCluster,99,MLP,1,5,2,0.5366812960250801,0.0
GoogleCluster,99,MLP,1,6,26,0.6591376775115341,0.9615384615384616
GoogleCluster,99,MLP,1,7,5,0.7426099600916876,1.0
GoogleCluster,99,MLP,1,8,10,0.8514353816848471,0.4
GoogleCluster,99,MLP,1,9,2466,0.9991540644381441,0.9979724249797243
GoogleCluster,99,MLP,2,0,7099,0.0004424308186323557,0.0012677841949570363
GoogleCluster,99,MLP,2,1,6,0.16684886678343638,0.0
GoogleCluster,99,MLP,2,2,5,0.2449801321459742,0.2
GoogleCluster,99,MLP,2,3,1,0.3860752042982984,1.0
GoogleCluster,99,MLP,2,4,3,0.46874538788889847,0.0
GoogleCluster,99,MLP,2,5,1,0.5311060547698633,0.0
GoogleCluster,99,MLP,2,6,2,0.6901688191409672,0.5
GoogleCluster,99,MLP,2,7,3,0.7590824504385981,0.3333333333333333
GoogleCluster,99,MLP,2,8,4,0.8723761622620145,0.5
GoogleCluster,99,MLP,2,9,4876,0.9997025077953675,0.9979491386382281
GoogleCluster,99,LogReg,0,0,6023,0.0073234494173326165,0.015772870662460567
GoogleCluster,99,LogReg,0,1,878,0.1414165299528783,0.05125284738041002
GoogleCluster,99,LogReg,0,2,217,0.24453803719163877,0.43317972350230416
GoogleCluster,99,LogReg,0,3,140,0.34381789874255586,0.4928571428571429
GoogleCluster,99,LogReg,0,4,240,0.4524163265409545,0.7333333333333333
GoogleCluster,99,LogReg,0,5,489,0.5560529415673868,0.852760736196319
GoogleCluster,99,LogReg,0,6,366,0.6505301333714261,0.6885245901639344
GoogleCluster,99,LogReg,0,7,298,0.742829309165587,0.6644295302013423
GoogleCluster,99,LogReg,0,8,510,0.8520807453269063,0.9411764705882353
GoogleCluster,99,LogReg,0,9,2839,0.9740243645829921,0.9841493483620993
GoogleCluster,99,LogReg,1,0,7828,0.003433465162951005,0.003832396525293817
GoogleCluster,99,LogReg,1,1,413,0.14119012958234337,0.048426150121065374
GoogleCluster,99,LogReg,1,2,292,0.25723990066551655,0.1678082191780822
GoogleCluster,99,LogReg,1,3,275,0.35137809977078605,0.09818181818181818
GoogleCluster,99,LogReg,1,4,380,0.4282618422920013,0.05
GoogleCluster,99,LogReg,1,5,195,0.546510227278239,0.18974358974358974
GoogleCluster,99,LogReg,1,6,149,0.6483962963291386,0.6308724832214765
GoogleCluster,99,LogReg,1,7,274,0.7593444186572413,0.7043795620437956
GoogleCluster,99,LogReg,1,8,866,0.8577063852138578,0.930715935334873
GoogleCluster,99,LogReg,1,9,1328,0.962098935993418,0.9216867469879518
GoogleCluster,99,LogReg,2,0,6410,0.020158403244041896,0.01419656786271451
GoogleCluster,99,LogReg,2,1,657,0.1452530433899092,0.228310502283105
GoogleCluster,99,LogReg,2,2,293,0.24067740577692193,0.2150170648464164
GoogleCluster,99,LogReg,2,3,103,0.3409368663096226,0.5922330097087378
GoogleCluster,99,LogReg,2,4,33,0.4443527943897381,0.5454545454545454
GoogleCluster,99,LogReg,2,5,15,0.5344379793079577,0.6
GoogleCluster,99,LogReg,2,6,2,0.6578538011311811,1.0
GoogleCluster,99,LogReg,2,7,2,0.7546310796325644,1.0
GoogleCluster,99,LogReg,2,8,1,0.8024304781235377,1.0
GoogleCluster,99,LogReg,2,9,4484,0.9997373147623779,1.0
GoogleCluster,99,NaiveBayes,0,0,5969,0.03811410628309392,0.04020773998994807
GoogleCluster,99,NaiveBayes,0,1,420,0.12147413467210734,0.08333333333333333
GoogleCluster,99,NaiveBayes,0,2,92,0.2486035610042636,0.2826086956521739
GoogleCluster,99,NaiveBayes,0,3,40,0.36258170029672165,0.45
GoogleCluster,99,NaiveBayes,0,4,1356,0.44309559156321787,0.32595870206489674
GoogleCluster,99,NaiveBayes,0,5,44,0.5447239567059582,0.5909090909090909
GoogleCluster,99,NaiveBayes,0,6,358,0.6683631916642738,0.8296089385474861
GoogleCluster,99,NaiveBayes,0,7,48,0.7684984907672262,0.7083333333333334
GoogleCluster,99,NaiveBayes,0,8,435,0.865467517641735,0.8505747126436781
GoogleCluster,99,NaiveBayes,0,9,3238,0.9525728775777239,0.9672637430512662
GoogleCluster,99,NaiveBayes,1,0,8016,0.01703823030023898,0.013223552894211578
GoogleCluster,99,NaiveBayes,1,1,376,0.13404850161299367,0.10638297872340426
GoogleCluster,99,NaiveBayes,1,2,28,0.2574881061641168,0.0
GoogleCluster,99,NaiveBayes,1,3,172,0.3276520930383362,0.08139534883720931
GoogleCluster,99,NaiveBayes,1,4,1408,0.4443558640614022,0.5149147727272727
GoogleCluster,99,NaiveBayes,1,5,38,0.5429865608747214,0.3157894736842105
GoogleCluster,99,NaiveBayes,1,6,131,0.640116861334816,0.5801526717557252
GoogleCluster,99,NaiveBayes,1,7,792,0.7686899556312413,0.8358585858585859
GoogleCluster,99,NaiveBayes,1,8,272,0.843813775938601,0.6838235294117647
GoogleCluster,99,NaiveBayes,1,9,767,0.9751523722929497,0.8839634941329857
GoogleCluster,99,NaiveBayes,2,0,4212,0.025514901808214464,0.022792022792022793
GoogleCluster,99,NaiveBayes,2,1,3042,0.12461441097802001,0.10059171597633136
GoogleCluster,99,NaiveBayes,2,2,114,0.2256384155084172,0.21052631578947367
GoogleCluster,99,NaiveBayes,2,3,111,0.3451730892045702,0.3783783783783784
GoogleCluster,99,NaiveBayes,2,4,38,0.4599703106632127,0.10526315789473684
GoogleCluster,99,NaiveBayes,2,5,47,0.5520509138037822,0.3829787234042553
GoogleCluster,99,NaiveBayes,2,6,127,0.6539726207969585,0.6850393700787402
GoogleCluster,99,NaiveBayes,2,7,41,0.7559706559560714,1.0
GoogleCluster,99,NaiveBayes,2,8,458,0.8833162731558848,0.9890829694323144
GoogleCluster,99,NaiveBayes,2,9,3810,0.9560787204348423,1.0
GoogleCluster,2026,KATS,0,0,7374,0.00012268361652748667,0.0
GoogleCluster,2026,KATS,0,1,2,0.12394559088600454,0.5
GoogleCluster,2026,KATS,0,2,0,,
GoogleCluster,2026,KATS,0,3,1,0.3870337509084381,1.0
GoogleCluster,2026,KATS,0,4,0,,
GoogleCluster,2026,KATS,0,5,2,0.533157788355729,0.5
GoogleCluster,2026,KATS,0,6,2,0.6868048679741072,0.5
GoogleCluster,2026,KATS,0,7,2,0.73108208273353,0.5
GoogleCluster,2026,KATS,0,8,5,0.8480156839727039,1.0
GoogleCluster,2026,KATS,0,9,4612,0.9988667110520733,0.9995663486556808
GoogleCluster,2026,KATS,1,0,9498,0.00034903885605918846,0.0001052853232259423
GoogleCluster,2026,KATS,1,1,3,0.1481231493704081,0.0
GoogleCluster,2026,KATS,1,2,1,0.20807852460533402,1.0
GoogleCluster,2026,KATS,1,3,0,,
GoogleCluster,2026,KATS,1,4,0,,
GoogleCluster,2026,KATS,1,5,0,,
GoogleCluster,2026,KATS,1,6,1,0.610833519460194,0.0
GoogleCluster,2026,KATS,1,7,0,,
GoogleCluster,2026,KATS,1,8,1,0.8929053441927978,1.0
GoogleCluster,2026,KATS,1,9,2496,0.9996457054381136,1.0
GoogleCluster,2026,KATS,2,0,7113,0.00047505858682378964,0.00014058765640376775
GoogleCluster,2026,KATS,2,1,3,0.1458821571652795,0.0
GoogleCluster,2026,KATS,2,2,4,0.26185102855429765,0.5
GoogleCluster,2026,KATS,2,3,0,,
GoogleCluster,2026,KATS,2,4,1,0.48169066030300195,0.0
GoogleCluster,2026,KATS,2,5,0,,
GoogleCluster,2026,KATS,2,6,0,,
GoogleCluster,2026,KATS,2,7,0,,
GoogleCluster,2026,KATS,2,8,2,0.8658746576619343,0.5
GoogleCluster,2026,KATS,2,9,4877,0.9997704215408498,1.0
GoogleCluster,2026,LightGBM,0,0,7371,0.0001975305835365146,0.0
GoogleCluster,2026,LightGBM,0,1,2,0.14672066047762908,0.5
GoogleCluster,2026,LightGBM,0,2,2,0.2932936676881132,0.0
GoogleCluster,2026,LightGBM,0,3,0,,
GoogleCluster,2026,LightGBM,0,4,4,0.45453767336454387,0.5
GoogleCluster,2026,LightGBM,0,5,4,0.5573293218495546,0.75
GoogleCluster,2026,LightGBM,0,6,2,0.6728514035869415,0.5
GoogleCluster,2026,LightGBM,0,7,1,0.7700178908104511,1.0
GoogleCluster,2026,LightGBM,0,8,6,0.8642859982760606,1.0
GoogleCluster,2026,LightGBM,0,9,4608,0.9994878353704166,0.9995659722222222
GoogleCluster,2026,LightGBM,1,0,9500,6.868362582776535e-05,0.00010526315789473685
GoogleCluster,2026,LightGBM,1,1,1,0.14738816809823393,1.0
GoogleCluster,2026,LightGBM,1,2,0,,
GoogleCluster,2026,LightGBM,1,3,1,0.31484389234865634,0.0
GoogleCluster,2026,LightGBM,1,4,1,0.46620985339235327,0.0
GoogleCluster,2026,LightGBM,1,5,0,,
GoogleCluster,2026,LightGBM,1,6,0,,
GoogleCluster,2026,LightGBM,1,7,0,,
GoogleCluster,2026,LightGBM,1,8,0,,
GoogleCluster,2026,LightGBM,1,9,2497,0.9999393935547162,1.0
GoogleCluster,2026,LightGBM,2,0,7108,0.0002783697852390261,0.00014068655036578504
GoogleCluster,2026,LightGBM,2,1,5,0.12225587827625528,0.0
GoogleCluster,2026,LightGBM,2,2,1,0.228421508851811,0.0
GoogleCluster,2026,LightGBM,2,3,1,0.33900690294248786,1.0
GoogleCluster,2026,LightGBM,2,4,4,0.42600887908635643,0.25
GoogleCluster,2026,LightGBM,2,5,3,0.538842047204435,0.3333333333333333
GoogleCluster,2026,LightGBM,2,6,0,,
GoogleCluster,2026,LightGBM,2,7,2,0.7054579938509024,1.0
GoogleCluster,2026,LightGBM,2,8,2,0.8529641298683175,0.5
GoogleCluster,2026,LightGBM,2,9,4874,0.999723175040965,1.0
GoogleCluster,2026,XGBoost,0,0,7364,0.0007699885754846036,0.00013579576317218902
GoogleCluster,2026,XGBoost,0,1,8,0.13219717144966125,0.125
GoogleCluster,2026,XGBoost,0,2,2,0.2571215033531189,0.5
GoogleCluster,2026,XGBoost,0,3,0,,
GoogleCluster,2026,XGBoost,0,4,5,0.44514766335487366,0.4
GoogleCluster,2026,XGBoost,0,5,2,0.5292685031890869,0.5
GoogleCluster,2026,XGBoost,0,6,4,0.6586719155311584,0.5
GoogleCluster,2026,XGBoost,0,7,7,0.7622185945510864,0.8571428571428571
GoogleCluster,2026,XGBoost,0,8,12,0.8640103340148926,1.0
GoogleCluster,2026,XGBoost,0,9,4596,0.9984733462333679,0.9995648389904265
GoogleCluster,2026,XGBoost,1,0,9493,0.0001997240906348452,0.00021068155482987464
GoogleCluster,2026,XGBoost,1,1,7,0.13922026753425598,0.0
GoogleCluster,2026,XGBoost,1,2,1,0.2638489305973053,0.0
GoogleCluster,2026,XGBoost,1,3,0,,
GoogleCluster,2026,XGBoost,1,4,0,,
GoogleCluster,2026,XGBoost,1,5,0,,
GoogleCluster,2026,XGBoost,1,6,0,,
GoogleCluster,2026,XGBoost,1,7,1,0.7620792388916016,0.0
GoogleCluster,2026,XGBoost,1,8,2,0.8857321739196777,1.0
GoogleCluster,2026,XGBoost,1,9,2496,0.9991878867149353,0.9995993589743589
GoogleCluster,2026,XGBoost,2,0,7102,0.0008351204451173544,0.000140805406927626
GoogleCluster,2026,XGBoost,2,1,7,0.13363812863826752,0.0
GoogleCluster,2026,XGBoost,2,2,5,0.23748381435871124,0.2
GoogleCluster,2026,XGBoost,2,3,5,0.33416253328323364,0.4
GoogleCluster,2026,XGBoost,2,4,3,0.4757859706878662,0.3333333333333333
GoogleCluster,2026,XGBoost,2,5,3,0.5643411874771118,0.6666666666666666
GoogleCluster,2026,XGBoost,2,6,0,,
GoogleCluster,2026,XGBoost,2,7,1,0.713960587978363,1.0
GoogleCluster,2026,XGBoost,2,8,9,0.8715004324913025,0.8888888888888888
GoogleCluster,2026,XGBoost,2,9,4865,0.9992001056671143,1.0
GoogleCluster,2026,RandomForest,0,0,7339,0.0012869600763046737,0.0
GoogleCluster,2026,RandomForest,0,1,23,0.13652173913043478,0.0
GoogleCluster,2026,RandomForest,0,2,8,0.25,0.0
GoogleCluster,2026,RandomForest,0,3,6,0.3558333333333333,0.16666666666666666
GoogleCluster,2026,RandomForest,0,4,2,0.475,0.5
GoogleCluster,2026,RandomForest,0,5,8,0.536875,0.625
GoogleCluster,2026,RandomForest,0,6,13,0.6638461538461538,0.9230769230769231
GoogleCluster,2026,RandomForest,0,7,7,0.7535714285714287,1.0
GoogleCluster,2026,RandomForest,0,8,32,0.8556250000000001,1.0
GoogleCluster,2026,RandomForest,0,9,4562,0.9973158702323542,1.0
GoogleCluster,2026,RandomForest,1,0,9482,0.0007408774520143429,0.0
GoogleCluster,2026,RandomForest,1,1,14,0.14285714285714285,0.0
GoogleCluster,2026,RandomForest,1,2,1,0.29,1.0
GoogleCluster,2026,RandomForest,1,3,4,0.32999999999999996,0.25
GoogleCluster,2026,RandomForest,1,4,1,0.485,0.0
GoogleCluster,2026,RandomForest,1,5,2,0.55,0.5
GoogleCluster,2026,RandomForest,1,6,1,0.69,1.0
GoogleCluster,2026,RandomForest,1,7,4,0.7650000000000001,1.0
GoogleCluster,2026,RandomForest,1,8,9,0.8716666666666666,1.0
GoogleCluster,2026,RandomForest,1,9,2482,0.998148670427075,1.0
GoogleCluster,2026,RandomForest,2,0,7077,0.0017775893740285434,0.0
GoogleCluster,2026,RandomForest,2,1,25,0.1234,0.0
GoogleCluster,2026,RandomForest,2,2,10,0.252,0.0
GoogleCluster,2026,RandomForest,2,3,5,0.32399999999999995,0.2
GoogleCluster,2026,RandomForest,2,4,4,0.43125,0.5
GoogleCluster,2026,RandomForest,2,5,3,0.535,0.6666666666666666
GoogleCluster,2026,RandomForest,2,6,5,0.665,1.0
GoogleCluster,2026,RandomForest,2,7,5,0.757,1.0
GoogleCluster,2026,RandomForest,2,8,22,0.8629545454545454,1.0
GoogleCluster,2026,RandomForest,2,9,4844,0.9984609826589596,1.0
GoogleCluster,2026,BalancedRF,0,0,7325,0.0015187713310580205,0.0
GoogleCluster,2026,BalancedRF,0,1,29,0.1510344827586207,0.0
GoogleCluster,2026,BalancedRF,0,2,13,0.23615384615384613,0.0
GoogleCluster,2026,BalancedRF,0,3,7,0.36,0.14285714285714285
GoogleCluster,2026,BalancedRF,0,4,6,0.45916666666666667,0.5
GoogleCluster,2026,BalancedRF,0,5,6,0.5499999999999999,0.5
GoogleCluster,2026,BalancedRF,0,6,13,0.6484615384615385,0.9230769230769231
GoogleCluster,2026,BalancedRF,0,7,20,0.7585,1.0
GoogleCluster,2026,BalancedRF,0,8,53,0.8625471698113208,1.0
GoogleCluster,2026,BalancedRF,0,9,4528,0.9967667844522969,1.0
GoogleCluster,2026,BalancedRF,1,0,9476,0.0011850991979738285,0.0
GoogleCluster,2026,BalancedRF,1,1,14,0.1407142857142857,0.0
GoogleCluster,2026,BalancedRF,1,2,7,0.23500000000000001,0.14285714285714285
GoogleCluster,2026,BalancedRF,1,3,3,0.355,0.3333333333333333
GoogleCluster,2026,BalancedRF,1,4,2,0.49,0.0
GoogleCluster,2026,BalancedRF,1,5,2,0.56,0.5
GoogleCluster,2026,BalancedRF,1,6,1,0.695,1.0
GoogleCluster,2026,BalancedRF,1,7,2,0.775,1.0
GoogleCluster,2026,BalancedRF,1,8,4,0.84875,1.0
GoogleCluster,2026,BalancedRF,1,9,2489,0.9981558858979509,1.0
GoogleCluster,2026,BalancedRF,2,0,7063,0.00211666430695172,0.0
GoogleCluster,2026,BalancedRF,2,1,37,0.13000000000000003,0.0
GoogleCluster,2026,BalancedRF,2,2,11,0.23909090909090908,0.0
GoogleCluster,2026,BalancedRF,2,3,7,0.3292857142857143,0.14285714285714285
GoogleCluster,2026,BalancedRF,2,4,4,0.455,0.75
GoogleCluster,2026,BalancedRF,2,5,8,0.54125,0.875
GoogleCluster,2026,BalancedRF,2,6,1,0.675,1.0
GoogleCluster,2026,BalancedRF,2,7,18,0.7713888888888888,1.0
GoogleCluster,2026,BalancedRF,2,8,22,0.8440909090909089,1.0
GoogleCluster,2026,BalancedRF,2,9,4829,0.997751087181611,1.0
GoogleCluster,2026,MLP,0,0,7308,0.0010808996941612894,0.0019157088122605363
GoogleCluster,2026,MLP,0,1,28,0.12955318781750094,0.03571428571428571
GoogleCluster,2026,MLP,0,2,13,0.2577282312652263,0.46153846153846156
GoogleCluster,2026,MLP,0,3,20,0.3295854690547835,0.15
GoogleCluster,2026,MLP,0,4,25,0.4440228553104423,0.28
GoogleCluster,2026,MLP,0,5,23,0.5657458565902909,0.782608695652174
GoogleCluster,2026,MLP,0,6,29,0.6417540444529977,0.9655172413793104
GoogleCluster,2026,MLP,0,7,52,0.7479452959722546,0.9615384615384616
GoogleCluster,2026,MLP,0,8,37,0.8532371370646349,0.918918918918919
GoogleCluster,2026,MLP,0,9,4465,0.9973151588747394,0.9986562150055991
GoogleCluster,2026,MLP,1,0,9402,0.0003358088758360249,0.0003190810465858328
GoogleCluster,2026,MLP,1,1,8,0.13247714321810544,0.375
GoogleCluster,2026,MLP,1,2,40,0.2549855888417036,0.025
GoogleCluster,2026,MLP,1,3,22,0.3563637408986542,0.0
GoogleCluster,2026,MLP,1,4,18,0.4321871429043973,0.05555555555555555
GoogleCluster,2026,MLP,1,5,20,0.5542432875937602,0.8
GoogleCluster,2026,MLP,1,6,15,0.6702448372860288,0.8666666666666667
GoogleCluster,2026,MLP,1,7,7,0.7412737509617958,0.2857142857142857
GoogleCluster,2026,MLP,1,8,11,0.8605607606692893,0.9090909090909091
GoogleCluster,2026,MLP,1,9,2457,0.9982026894733101,0.9971509971509972
GoogleCluster,2026,MLP,2,0,7053,0.0013872341820544774,0.0008507018290089324
GoogleCluster,2026,MLP,2,1,35,0.14720175881648725,0.02857142857142857
GoogleCluster,2026,MLP,2,2,14,0.24788019234945555,0.21428571428571427
GoogleCluster,2026,MLP,2,3,10,0.3620055333213111,0.3
GoogleCluster,2026,MLP,2,4,6,0.43878227705413236,0.6666666666666666
GoogleCluster,2026,MLP,2,5,5,0.551485236215664,0.4
GoogleCluster,2026,MLP,2,6,6,0.6639150393016854,0.6666666666666666
GoogleCluster,2026,MLP,2,7,8,0.7438266282433346,0.625
GoogleCluster,2026,MLP,2,8,23,0.8768272987483556,1.0
GoogleCluster,2026,MLP,2,9,4840,0.9992564134994132,0.9979338842975206
GoogleCluster,2026,LogReg,0,0,5960,0.007553115786617277,0.016778523489932886
GoogleCluster,2026,LogReg,0,1,852,0.14185996883372848,0.03990610328638498
GoogleCluster,2026,LogReg,0,2,211,0.24464472321932618,0.3696682464454976
GoogleCluster,2026,LogReg,0,3,145,0.3473865788470499,0.3793103448275862
GoogleCluster,2026,LogReg,0,4,236,0.45243075289556756,0.7584745762711864
GoogleCluster,2026,LogReg,0,5,457,0.5538827459053522,0.862144420131291
GoogleCluster,2026,LogReg,0,6,325,0.6489272331831344,0.6215384615384615
GoogleCluster,2026,LogReg,0,7,379,0.7481848614578464,0.6886543535620053
GoogleCluster,2026,LogReg,0,8,496,0.8519271311288795,0.8770161290322581
GoogleCluster,2026,LogReg,0,9,2939,0.973763269273411,0.9806056481796529
GoogleCluster,2026,LogReg,1,0,7896,0.003795240701241222,0.004432624113475178
GoogleCluster,2026,LogReg,1,1,417,0.145074261782036,0.09352517985611511
GoogleCluster,2026,LogReg,1,2,340,0.2538044902401261,0.16470588235294117
GoogleCluster,2026,LogReg,1,3,185,0.34925494154570214,0.1837837837837838
GoogleCluster,2026,LogReg,1,4,393,0.42838926170824476,0.03307888040712468
GoogleCluster,2026,LogReg,1,5,202,0.5468190497757953,0.2376237623762376
GoogleCluster,2026,LogReg,1,6,143,0.6514521348290256,0.6713286713286714
GoogleCluster,2026,LogReg,1,7,268,0.7555557872021255,0.6865671641791045
GoogleCluster,2026,LogReg,1,8,839,0.857567961415796,0.9344457687723481
GoogleCluster,2026,LogReg,1,9,1317,0.960635588516135,0.9187547456340167
GoogleCluster,2026,LogReg,2,0,6482,0.02049774249694999,0.01959271829682197
GoogleCluster,2026,LogReg,2,1,636,0.1462027871817785,0.24213836477987422
GoogleCluster,2026,LogReg,2,2,280,0.24177033867033026,0.25
GoogleCluster,2026,LogReg,2,3,100,0.3426254729128846,0.59
GoogleCluster,2026,LogReg,2,4,50,0.4419677609032116,0.48
GoogleCluster,2026,LogReg,2,5,14,0.5267605989708801,0.6428571428571429
GoogleCluster,2026,LogReg,2,6,3,0.6321438020025291,1.0
GoogleCluster,2026,LogReg,2,7,0,,
GoogleCluster,2026,LogReg,2,8,2,0.8956933233881763,1.0
GoogleCluster,2026,LogReg,2,9,4433,0.9997435407345507,1.0
GoogleCluster,2026,NaiveBayes,0,0,5971,0.038167252374548925,0.04588846089432256
GoogleCluster,2026,NaiveBayes,0,1,418,0.11768205367445424,0.05263157894736842
GoogleCluster,2026,NaiveBayes,0,2,57,0.275134902134933,0.3684210526315789
GoogleCluster,2026,NaiveBayes,0,3,78,0.33538692898262557,0.11538461538461539
GoogleCluster,2026,NaiveBayes,0,4,1309,0.44368402225983156,0.3300229182582124
GoogleCluster,2026,NaiveBayes,0,5,75,0.5369431321194743,0.6
GoogleCluster,2026,NaiveBayes,0,6,293,0.665003608799827,0.7849829351535836
GoogleCluster,2026,NaiveBayes,0,7,81,0.7444956697455779,0.8641975308641975
GoogleCluster,2026,NaiveBayes,0,8,385,0.8641622831659088,0.8493506493506493
GoogleCluster,2026,NaiveBayes,0,9,3333,0.9530361730165645,0.9570957095709571
GoogleCluster,2026,NaiveBayes,1,0,7988,0.015912487756506347,0.017526289434151226
GoogleCluster,2026,NaiveBayes,1,1,366,0.13608835025333743,0.08743169398907104
GoogleCluster,2026,NaiveBayes,1,2,37,0.23430479107066954,0.0
GoogleCluster,2026,NaiveBayes,1,3,246,0.3342297947878297,0.0975609756097561
GoogleCluster,2026,NaiveBayes,1,4,1351,0.44771553894247057,0.5099925980754997
GoogleCluster,2026,NaiveBayes,1,5,116,0.5610292438779915,0.5431034482758621
GoogleCluster,2026,NaiveBayes,1,6,78,0.6435780865613218,0.7435897435897436
GoogleCluster,2026,NaiveBayes,1,7,734,0.7691055585520761,0.8514986376021798
GoogleCluster,2026,NaiveBayes,1,8,355,0.8390328355672494,0.6563380281690141
GoogleCluster,2026,NaiveBayes,1,9,729,0.9720753809787489,0.8710562414266118
GoogleCluster,2026,NaiveBayes,2,0,4317,0.027804867571406218,0.027333796618021773
GoogleCluster,2026,NaiveBayes,2,1,2878,0.12059209434952138,0.11362056984016679
GoogleCluster,2026,NaiveBayes,2,2,174,0.229917424787876,0.16091954022988506
GoogleCluster,2026,NaiveBayes,2,3,89,0.3560693122500853,0.3146067415730337
GoogleCluster,2026,NaiveBayes,2,4,37,0.4368463184795316,0.5405405405405406
GoogleCluster,2026,NaiveBayes,2,5,96,0.5596624016314542,0.20833333333333334
GoogleCluster,2026,NaiveBayes,2,6,148,0.6521437744543231,0.6756756756756757
GoogleCluster,2026,NaiveBayes,2,7,45,0.7388378802481602,0.6444444444444445
GoogleCluster,2026,NaiveBayes,2,8,440,0.8806636435143815,0.990909090909091
GoogleCluster,2026,NaiveBayes,2,9,3776,0.9562447787240859,0.9997351694915254
ITIncident,42,KATS,0,0,3,0.08266877083380694,0.0
ITIncident,42,KATS,0,1,533,0.17415374916161885,0.0
ITIncident,42,KATS,0,2,781,0.24296417838759005,0.0
ITIncident,42,KATS,0,3,707,0.35081200317972216,0.007072135785007072
ITIncident,42,KATS,0,4,637,0.44820945173884996,0.015698587127158554
ITIncident,42,KATS,0,5,449,0.5458873831301003,0.013363028953229399
ITIncident,42,KATS,0,6,380,0.6493958176492187,0.03684210526315789
ITIncident,42,KATS,0,7,408,0.7506192265213809,0.02696078431372549
ITIncident,42,KATS,0,8,598,0.8518039349917863,0.03678929765886288
ITIncident,42,KATS,0,9,488,0.9467480203191951,0.13934426229508196
ITIncident,42,KATS,1,0,1445,0.05044926227565937,0.021453287197231833
ITIncident,42,KATS,1,1,1375,0.1500062338774443,0.016727272727272726
ITIncident,42,KATS,1,2,1097,0.25022248579503603,0.02187784867821331
ITIncident,42,KATS,1,3,444,0.3378386810189966,0.04054054054054054
ITIncident,42,KATS,1,4,222,0.4665722070661698,0.04504504504504504
ITIncident,42,KATS,1,5,100,0.5432434729904668,0.1
ITIncident,42,KATS,1,6,230,0.6321629465832838,0.05217391304347826
ITIncident,42,KATS,1,7,70,0.739502716271385,0.38571428571428573
ITIncident,42,KATS,1,8,1,0.8091410255183795,0.0
ITIncident,42,KATS,1,9,0,,
ITIncident,42,KATS,2,0,961,0.051925081830172866,0.8699271592091571
ITIncident,42,KATS,2,1,1028,0.14850203684645727,0.914396887159533
ITIncident,42,KATS,2,2,819,0.2450044970936193,0.960927960927961
ITIncident,42,KATS,2,3,631,0.3534376884975778,0.9873217115689382
ITIncident,42,KATS,2,4,1337,0.45340811379186297,0.9738219895287958
ITIncident,42,KATS,2,5,206,0.5093293165388342,0.9854368932038835
ITIncident,42,KATS,2,6,2,0.6137027165547865,1.0
ITIncident,42,KATS,2,7,0,,
ITIncident,42,KATS,2,8,0,,
ITIncident,42,KATS,2,9,0,,
ITIncident,42,LightGBM,0,0,2706,0.02056740799020622,0.004804138950480414
ITIncident,42,LightGBM,0,1,507,0.14387002459375509,0.01972386587771203
ITIncident,42,LightGBM,0,2,350,0.2492366846955691,0.022857142857142857
ITIncident,42,LightGBM,0,3,242,0.3532003850418945,0.01652892561983471
ITIncident,42,LightGBM,0,4,190,0.4481683086322963,0.03684210526315789
ITIncident,42,LightGBM,0,5,185,0.552726991546887,0.02702702702702703
ITIncident,42,LightGBM,0,6,186,0.6511707577134157,0.053763440860215055
ITIncident,42,LightGBM,0,7,168,0.7482497324530636,0.06547619047619048
ITIncident,42,LightGBM,0,8,195,0.8522047382738848,0.08717948717948718
ITIncident,42,LightGBM,0,9,255,0.9460631351150052,0.2
ITIncident,42,LightGBM,1,0,2250,0.03704880389960287,0.010666666666666666
ITIncident,42,LightGBM,1,1,744,0.14558920755154445,0.0228494623655914
ITIncident,42,LightGBM,1,2,481,0.247365823072803,0.02079002079002079
ITIncident,42,LightGBM,1,3,435,0.34836532226059713,0.03218390804597701
ITIncident,42,LightGBM,1,4,371,0.4449007737782093,0.04851752021563342
ITIncident,42,LightGBM,1,5,413,0.5524756100830036,0.04600484261501211
ITIncident,42,LightGBM,1,6,152,0.6437190416520422,0.07894736842105263
ITIncident,42,LightGBM,1,7,64,0.7360843412947395,0.109375
ITIncident,42,LightGBM,1,8,26,0.8490431519192198,0.19230769230769232
ITIncident,42,LightGBM,1,9,48,0.9495155907350193,0.6041666666666666
ITIncident,42,LightGBM,2,0,418,0.05122585780240786,0.7559808612440191
ITIncident,42,LightGBM,2,1,302,0.14609381540926145,0.8741721854304636
ITIncident,42,LightGBM,2,2,361,0.25352078899996566,0.9168975069252078
ITIncident,42,LightGBM,2,3,437,0.35355302079236034,0.9359267734553776
ITIncident,42,LightGBM,2,4,626,0.4469855265952319,0.9648562300319489
ITIncident,42,LightGBM,2,5,515,0.5507110268681226,0.9572815533980582
ITIncident,42,LightGBM,2,6,566,0.6498427154016838,0.9770318021201413
ITIncident,42,LightGBM,2,7,471,0.7535742055276716,0.9745222929936306
ITIncident,42,LightGBM,2,8,519,0.8501114201216939,0.9749518304431599
ITIncident,42,LightGBM,2,9,769,0.9545694752094223,0.9856957087126138
ITIncident,42,XGBoost,0,0,4672,0.013345517218112946,0.014768835616438356
ITIncident,42,XGBoost,0,1,205,0.13916230201721191,0.14146341463414633
ITIncident,42,XGBoost,0,2,61,0.23192395269870758,0.13114754098360656
ITIncident,42,XGBoost,0,3,16,0.3598407804965973,0.4375
ITIncident,42,XGBoost,0,4,11,0.4345685839653015,0.6363636363636364
ITIncident,42,XGBoost,0,5,14,0.5457162261009216,0.8571428571428571
ITIncident,42,XGBoost,0,6,1,0.6400277018547058,1.0
ITIncident,42,XGBoost,0,7,2,0.7737292051315308,1.0
ITIncident,42,XGBoost,0,8,2,0.8570956587791443,0.5
ITIncident,42,XGBoost,0,9,0,,
ITIncident,42,XGBoost,1,0,4820,0.020699700340628624,0.022614107883817427
ITIncident,42,XGBoost,1,1,88,0.13618117570877075,0.11363636363636363
ITIncident,42,XGBoost,1,2,29,0.2436268925666809,0.10344827586206896
ITIncident,42,XGBoost,1,3,9,0.3506438434123993,0.4444444444444444
ITIncident,42,XGBoost,1,4,12,0.45197176933288574,0.5
ITIncident,42,XGBoost,1,5,3,0.5314881205558777,0.3333333333333333
ITIncident,42,XGBoost,1,6,0,,
ITIncident,42,XGBoost,1,7,1,0.7741667628288269,1.0
ITIncident,42,XGBoost,1,8,16,0.827315092086792,0.9375
ITIncident,42,XGBoost,1,9,6,0.936181366443634,1.0
ITIncident,42,XGBoost,2,0,6,0.05951329693198204,0.0
ITIncident,42,XGBoost,2,1,19,0.16319586336612701,0.10526315789473684
ITIncident,42,XGBoost,2,2,2,0.2210696041584015,0.0
ITIncident,42,XGBoost,2,3,14,0.3962137699127197,0.21428571428571427
ITIncident,42,XGBoost,2,4,6,0.47563275694847107,0.16666666666666666
ITIncident,42,XGBoost,2,5,34,0.5523781776428223,0.47058823529411764
ITIncident,42,XGBoost,2,6,29,0.6569942235946655,0.6896551724137931
ITIncident,42,XGBoost,2,7,120,0.7642223238945007,0.825
ITIncident,42,XGBoost,2,8,355,0.86114501953125,0.8676056338028169
ITIncident,42,XGBoost,2,9,4399,0.9685662984848022,0.964764719254376
ITIncident,42,RandomForest,0,0,4611,0.009969564230643792,0.015614834092387769
ITIncident,42,RandomForest,0,1,207,0.14285129112413408,0.10628019323671498
ITIncident,42,RandomForest,0,2,65,0.2357476988521438,0.16923076923076924
ITIncident,42,RandomForest,0,3,28,0.33544311569610147,0.17857142857142858
ITIncident,42,RandomForest,0,4,19,0.45441458043883043,0.05263157894736842
ITIncident,42,RandomForest,0,5,17,0.5588849305446507,0.23529411764705882
ITIncident,42,RandomForest,0,6,17,0.6454954640841348,0.29411764705882354
ITIncident,42,RandomForest,0,7,3,0.7794510585477111,0.3333333333333333
ITIncident,42,RandomForest,0,8,3,0.8401991961955849,1.0
ITIncident,42,RandomForest,0,9,14,0.9837835744012893,0.8571428571428571
ITIncident,42,RandomForest,1,0,4122,0.010301444330947715,0.019893255701115962
ITIncident,42,RandomForest,1,1,185,0.14533302999968783,0.05405405405405406
ITIncident,42,RandomForest,1,2,79,0.2472223567748692,0.06329113924050633
ITIncident,42,RandomForest,1,3,122,0.3605657025359769,0.06557377049180328
ITIncident,42,RandomForest,1,4,142,0.45526539529909793,0.035211267605633804
ITIncident,42,RandomForest,1,5,115,0.5530435608204473,0.02608695652173913
ITIncident,42,RandomForest,1,6,109,0.6323227103750914,0.07339449541284404
ITIncident,42,RandomForest,1,7,52,0.7534089049736662,0.11538461538461539
ITIncident,42,RandomForest,1,8,17,0.8393052953091085,0.11764705882352941
ITIncident,42,RandomForest,1,9,41,0.9609388582241373,0.6341463414634146
ITIncident,42,RandomForest,2,0,56,0.0341838602459029,0.30357142857142855
ITIncident,42,RandomForest,2,1,20,0.1598106195579197,0.75
ITIncident,42,RandomForest,2,2,57,0.24599537682539727,0.8596491228070176
ITIncident,42,RandomForest,2,3,126,0.3653735494456463,0.8809523809523809
ITIncident,42,RandomForest,2,4,135,0.44608318023866755,0.9629629629629629
ITIncident,42,RandomForest,2,5,167,0.5457751315499594,0.9520958083832335
ITIncident,42,RandomForest,2,6,163,0.6429201914716774,0.9141104294478528
ITIncident,42,RandomForest,2,7,157,0.7572547827801251,0.8662420382165605
ITIncident,42,RandomForest,2,8,426,0.8546814335073601,0.9014084507042254
ITIncident,42,RandomForest,2,9,3677,0.9814539067734198,0.9635572477563231
ITIncident,42,BalancedRF,0,0,2215,0.022927070780789448,0.002257336343115124
ITIncident,42,BalancedRF,0,1,832,0.1478839826261701,0.015625
ITIncident,42,BalancedRF,0,2,679,0.2452326446947019,0.01914580265095729
ITIncident,42,BalancedRF,0,3,430,0.34529758563266827,0.04186046511627907
ITIncident,42,BalancedRF,0,4,303,0.44780812200894266,0.036303630363036306
ITIncident,42,BalancedRF,0,5,185,0.5449113011080117,0.07027027027027027
ITIncident,42,BalancedRF,0,6,153,0.6492437265015337,0.12418300653594772
ITIncident,42,BalancedRF,0,7,98,0.7444648627308065,0.14285714285714285
ITIncident,42,BalancedRF,0,8,58,0.8394770114942529,0.1896551724137931
ITIncident,42,BalancedRF,0,9,31,0.9552412760542845,0.6129032258064516
ITIncident,42,BalancedRF,1,0,936,0.05406969268947722,0.008547008547008548
ITIncident,42,BalancedRF,1,1,1392,0.14796113727492252,0.014367816091954023
ITIncident,42,BalancedRF,1,2,924,0.24564256536486648,0.01948051948051948
ITIncident,42,BalancedRF,1,3,592,0.34756616571242116,0.03209459459459459
ITIncident,42,BalancedRF,1,4,454,0.4467777283923003,0.048458149779735685
ITIncident,42,BalancedRF,1,5,309,0.5472050148914575,0.05177993527508091
ITIncident,42,BalancedRF,1,6,215,0.653671207584785,0.046511627906976744
ITIncident,42,BalancedRF,1,7,64,0.7471253247875491,0.109375
ITIncident,42,BalancedRF,1,8,51,0.8541681463960876,0.17647058823529413
ITIncident,42,BalancedRF,1,9,47,0.9576413032724159,0.5531914893617021
ITIncident,42,BalancedRF,2,0,95,0.04679258794926619,0.43157894736842106
ITIncident,42,BalancedRF,2,1,194,0.1525654225261184,0.8247422680412371
ITIncident,42,BalancedRF,2,2,425,0.2541834387288739,0.8776470588235294
ITIncident,42,BalancedRF,2,3,703,0.3496485733716778,0.9288762446657184
ITIncident,42,BalancedRF,2,4,825,0.4484388029448009,0.9563636363636364
ITIncident,42,BalancedRF,2,5,821,0.5464359579698987,0.9683313032886723
ITIncident,42,BalancedRF,2,6,585,0.648357541472653,0.9777777777777777
ITIncident,42,BalancedRF,2,7,643,0.7510768366624825,0.9766718506998445
ITIncident,42,BalancedRF,2,8,514,0.8418031342199479,0.980544747081712
ITIncident,42,BalancedRF,2,9,179,0.9417036990011849,0.994413407821229
ITIncident,42,MLP,0,0,4966,0.028298284881301244,0.02698348771647201
ITIncident,42,MLP,0,1,18,0.10903506614490682,0.1111111111111111
ITIncident,42,MLP,0,2,0,,
ITIncident,42,MLP,0,3,0,,
ITIncident,42,MLP,0,4,0,,
ITIncident,42,MLP,0,5,0,,
ITIncident,42,MLP,0,6,0,,
ITIncident,42,MLP,0,7,0,,
ITIncident,42,MLP,0,8,0,,
ITIncident,42,MLP,0,9,0,,
ITIncident,42,MLP,1,0,4923,0.031446116610148754,0.029453585212268943
ITIncident,42,MLP,1,1,61,0.11693726046902074,0.16393442622950818
ITIncident,42,MLP,1,2,0,,
ITIncident,42,MLP,1,3,0,,
ITIncident,42,MLP,1,4,0,,
ITIncident,42,MLP,1,5,0,,
ITIncident,42,MLP,1,6,0,,
ITIncident,42,MLP,1,7,0,,
ITIncident,42,MLP,1,8,0,,
ITIncident,42,MLP,1,9,0,,
ITIncident,42,MLP,2,0,0,,
ITIncident,42,MLP,2,1,0,,
ITIncident,42,MLP,2,2,0,,
ITIncident,42,MLP,2,3,0,,
ITIncident,42,MLP,2,4,0,,
ITIncident,42,MLP,2,5,0,,
ITIncident,42,MLP,2,6,0,,
ITIncident,42,MLP,2,7,35,0.7767296731333836,0.6571428571428571
ITIncident,42,MLP,2,8,582,0.8713428405465945,0.9209621993127147
ITIncident,42,MLP,2,9,4367,0.9492234049394758,0.9466452942523471
ITIncident,42,LogReg,0,0,11,0.060491952954697975,0.0
ITIncident,42,LogReg,0,1,286,0.16797059705482933,0.03146853146853147
ITIncident,42,LogReg,0,2,1979,0.2542342006571192,0.01616978271854472
ITIncident,42,LogReg,0,3,1730,0.3483282084325439,0.029479768786127167
ITIncident,42,LogReg,0,4,672,0.44070521137045854,0.03869047619047619
ITIncident,42,LogReg,0,5,229,0.5418469191323241,0.0611353711790393
ITIncident,42,LogReg,0,6,56,0.6434070613542546,0.07142857142857142
ITIncident,42,LogReg,0,7,16,0.7357271106969145,0.0
ITIncident,42,LogReg,0,8,5,0.8386762150332873,0.0
ITIncident,42,LogReg,0,9,0,,
ITIncident,42,LogReg,1,0,35,0.07335752914909675,0.0
ITIncident,42,LogReg,1,1,825,0.1728445832474559,0.01090909090909091
ITIncident,42,LogReg,1,2,1241,0.24614929762148566,0.019339242546333603
ITIncident,42,LogReg,1,3,1777,0.3512845301279299,0.026449071468767585
ITIncident,42,LogReg,1,4,750,0.42724776294699335,0.06533333333333333
ITIncident,42,LogReg,1,5,207,0.5523985310217476,0.0821256038647343
ITIncident,42,LogReg,1,6,138,0.6371231817746285,0.06521739130434782
ITIncident,42,LogReg,1,7,10,0.714106450229336,0.0
ITIncident,42,LogReg,1,8,0,,
ITIncident,42,LogReg,1,9,1,0.9079081994827002,0.0
ITIncident,42,LogReg,2,0,18,0.07124415014857642,0.7222222222222222
ITIncident,42,LogReg,2,1,207,0.1720277581311881,0.9130434782608695
ITIncident,42,LogReg,2,2,813,0.26055089029684086,0.9089790897908979
ITIncident,42,LogReg,2,3,2761,0.3560310037831045,0.9445852951829048
ITIncident,42,LogReg,2,4,1130,0.4310811294419013,0.9654867256637168
ITIncident,42,LogReg,2,5,28,0.5350374445895976,0.9285714285714286
ITIncident,42,LogReg,2,6,22,0.6472060893264303,1.0
ITIncident,42,LogReg,2,7,4,0.708157056161706,1.0
ITIncident,42,LogReg,2,8,1,0.807081463286409,1.0
ITIncident,42,LogReg,2,9,0,,
ITIncident,42,NaiveBayes,0,0,4984,0.02700194455875104,0.027287319422150885
ITIncident,42,NaiveBayes,0,1,0,,
ITIncident,42,NaiveBayes,0,2,0,,
ITIncident,42,NaiveBayes,0,3,0,,
ITIncident,42,NaiveBayes,0,4,0,,
ITIncident,42,NaiveBayes,0,5,0,,
ITIncident,42,NaiveBayes,0,6,0,,
ITIncident,42,NaiveBayes,0,7,0,,
ITIncident,42,NaiveBayes,0,8,0,,
ITIncident,42,NaiveBayes,0,9,0,,
ITIncident,42,NaiveBayes,1,0,4980,0.03062068624438287,0.030522088353413655
ITIncident,42,NaiveBayes,1,1,2,0.15957570616353875,0.5
ITIncident,42,NaiveBayes,1,2,2,0.25136921791232664,1.0
ITIncident,42,NaiveBayes,1,3,0,,
ITIncident,42,NaiveBayes,1,4,0,,
ITIncident,42,NaiveBayes,1,5,0,,
ITIncident,42,NaiveBayes,1,6,0,,
ITIncident,42,NaiveBayes,1,7,0,,
ITIncident,42,NaiveBayes,1,8,0,,
ITIncident,42,NaiveBayes,1,9,0,,
ITIncident,42,NaiveBayes,2,0,0,,
ITIncident,42,NaiveBayes,2,1,0,,
ITIncident,42,NaiveBayes,2,2,0,,
ITIncident,42,NaiveBayes,2,3,0,,
ITIncident,42,NaiveBayes,2,4,0,,
ITIncident,42,NaiveBayes,2,5,0,,
ITIncident,42,NaiveBayes,2,6,0,,
ITIncident,42,NaiveBayes,2,7,3,0.7602584809417001,0.3333333333333333
ITIncident,42,NaiveBayes,2,8,31,0.8981671168967308,0.8387096774193549
ITIncident,42,NaiveBayes,2,9,4950,0.9426233222035116,0.9426262626262626
ITIncident,7,KATS,0,0,0,,
ITIncident,7,KATS,0,1,886,0.16268094986500736,0.004514672686230248
ITIncident,7,KATS,0,2,569,0.2521058010979951,0.0035149384885764497
ITIncident,7,KATS,0,3,615,0.3520782092076893,0.011382113821138212
ITIncident,7,KATS,0,4,708,0.45306004510031533,0.011299435028248588
ITIncident,7,KATS,0,5,493,0.5478370958452178,0.012170385395537525
ITIncident,7,KATS,0,6,450,0.6516346209662849,0.017777777777777778
ITIncident,7,KATS,0,7,431,0.7506986052737694,0.037122969837587005
ITIncident,7,KATS,0,8,475,0.8513867212217812,0.061052631578947365
ITIncident,7,KATS,0,9,357,0.950157095848634,0.1568627450980392
ITIncident,7,KATS,1,0,1257,0.055912028139405906,0.021479713603818614
ITIncident,7,KATS,1,1,1650,0.14840871552930357,0.011515151515151515
ITIncident,7,KATS,1,2,999,0.24881504299588808,0.03003003003003003
ITIncident,7,KATS,1,3,381,0.3392887114474467,0.04461942257217848
ITIncident,7,KATS,1,4,160,0.4461797165532004,0.04375
ITIncident,7,KATS,1,5,177,0.5471612325053875,0.05649717514124294
ITIncident,7,KATS,1,6,236,0.6403305139999186,0.05508474576271186
ITIncident,7,KATS,1,7,121,0.7381053251873099,0.2644628099173554
ITIncident,7,KATS,1,8,3,0.816711655707298,0.0
ITIncident,7,KATS,1,9,0,,
ITIncident,7,KATS,2,0,770,0.05097983238198391,0.8467532467532467
ITIncident,7,KATS,2,1,1047,0.1511279971932222,0.9159503342884432
ITIncident,7,KATS,2,2,839,0.24705866909528681,0.9702026221692491
ITIncident,7,KATS,2,3,705,0.3537045367302361,0.9744680851063829
ITIncident,7,KATS,2,4,1124,0.45190035279353996,0.9795373665480427
ITIncident,7,KATS,2,5,498,0.525777364177573,0.9618473895582329
ITIncident,7,KATS,2,6,1,0.627994552018516,1.0
ITIncident,7,KATS,2,7,0,,
ITIncident,7,KATS,2,8,0,,
ITIncident,7,KATS,2,9,0,,
ITIncident,7,LightGBM,0,0,2863,0.01849876235969529,0.005588543485853999
ITIncident,7,LightGBM,0,1,472,0.1459939698920865,0.014830508474576272
ITIncident,7,LightGBM,0,2,342,0.2475309462196252,0.02046783625730994
ITIncident,7,LightGBM,0,3,247,0.3483242096935178,0.02834008097165992
ITIncident,7,LightGBM,0,4,202,0.4521454078605873,0.034653465346534656
ITIncident,7,LightGBM,0,5,152,0.549256877784719,0.039473684210526314
ITIncident,7,LightGBM,0,6,148,0.6535180994713077,0.07432432432432433
ITIncident,7,LightGBM,0,7,146,0.7530727890788409,0.0410958904109589
ITIncident,7,LightGBM,0,8,180,0.8512761911034914,0.12777777777777777
ITIncident,7,LightGBM,0,9,232,0.9477490031618809,0.19827586206896552
ITIncident,7,LightGBM,1,0,2088,0.03540411006262771,0.011494252873563218
ITIncident,7,LightGBM,1,1,789,0.14603112984860725,0.015209125475285171
ITIncident,7,LightGBM,1,2,561,0.24687359627877975,0.030303030303030304
ITIncident,7,LightGBM,1,3,485,0.35136468314528846,0.030927835051546393
ITIncident,7,LightGBM,1,4,363,0.44553686236799755,0.05509641873278237
ITIncident,7,LightGBM,1,5,380,0.5509508469883592,0.06578947368421052
ITIncident,7,LightGBM,1,6,154,0.6370874915469101,0.05844155844155844
ITIncident,7,LightGBM,1,7,75,0.7336551085193245,0.08
ITIncident,7,LightGBM,1,8,37,0.8469790641014718,0.08108108108108109
ITIncident,7,LightGBM,1,9,52,0.9508622064262364,0.46153846153846156
ITIncident,7,LightGBM,2,0,419,0.05227106995548587,0.7565632458233891
ITIncident,7,LightGBM,2,1,289,0.14956600885501933,0.903114186851211
ITIncident,7,LightGBM,2,2,303,0.2521660620384384,0.9240924092409241
ITIncident,7,LightGBM,2,3,375,0.35461006909378956,0.9253333333333333
ITIncident,7,LightGBM,2,4,590,0.44749295618764184,0.9491525423728814
ITIncident,7,LightGBM,2,5,518,0.55380514509497,0.9594594594594594
ITIncident,7,LightGBM,2,6,645,0.6508974984332323,0.9612403100775194
ITIncident,7,LightGBM,2,7,617,0.7498954284192172,0.9773095623987034
ITIncident,7,LightGBM,2,8,478,0.8552691825549347,0.9811715481171548
ITIncident,7,LightGBM,2,9,750,0.9560582071896012,0.9853333333333333
ITIncident,7,XGBoost,0,0,4689,0.012698904611170292,0.016634676903390915
ITIncident,7,XGBoost,0,1,191,0.13795983791351318,0.13089005235602094
ITIncident,7,XGBoost,0,2,48,0.23447483777999878,0.16666666666666666
ITIncident,7,XGBoost,0,3,24,0.3525984287261963,0.375
ITIncident,7,XGBoost,0,4,12,0.44586992263793945,0.3333333333333333
ITIncident,7,XGBoost,0,5,6,0.5558895468711853,0.5
ITIncident,7,XGBoost,0,6,11,0.6289963126182556,0.6363636363636364
ITIncident,7,XGBoost,0,7,1,0.7132041454315186,1.0
ITIncident,7,XGBoost,0,8,2,0.801190972328186,0.5
ITIncident,7,XGBoost,0,9,0,,
ITIncident,7,XGBoost,1,0,4773,0.02070213481783867,0.023046302116069558
ITIncident,7,XGBoost,1,1,131,0.13336478173732758,0.0916030534351145
ITIncident,7,XGBoost,1,2,38,0.2548608183860779,0.18421052631578946
ITIncident,7,XGBoost,1,3,7,0.3462681770324707,0.2857142857142857
ITIncident,7,XGBoost,1,4,6,0.45008566975593567,0.5
ITIncident,7,XGBoost,1,5,13,0.5093207955360413,0.46153846153846156
ITIncident,7,XGBoost,1,6,0,,
ITIncident,7,XGBoost,1,7,1,0.7748969197273254,1.0
ITIncident,7,XGBoost,1,8,11,0.8823942542076111,0.9090909090909091
ITIncident,7,XGBoost,1,9,4,0.9392808079719543,1.0
ITIncident,7,XGBoost,2,0,4,0.0599919930100441,0.0
ITIncident,7,XGBoost,2,1,14,0.13086333870887756,0.14285714285714285
ITIncident,7,XGBoost,2,2,3,0.28188347816467285,0.3333333333333333
ITIncident,7,XGBoost,2,3,12,0.3631325662136078,0.3333333333333333
ITIncident,7,XGBoost,2,4,23,0.4758093059062958,0.5652173913043478
ITIncident,7,XGBoost,2,5,21,0.5617612600326538,0.42857142857142855
ITIncident,7,XGBoost,2,6,34,0.6526672840118408,0.7058823529411765
ITIncident,7,XGBoost,2,7,110,0.7514209151268005,0.7909090909090909
ITIncident,7,XGBoost,2,8,417,0.8614863753318787,0.86810551558753
ITIncident,7,XGBoost,2,9,4346,0.9697225093841553,0.9643350207086977
ITIncident,7,RandomForest,0,0,4632,0.009336334439869537,0.01683937823834197
ITIncident,7,RandomForest,0,1,180,0.14053189092647475,0.1
ITIncident,7,RandomForest,0,2,67,0.24518534472442563,0.208955223880597
ITIncident,7,RandomForest,0,3,25,0.3414728708021222,0.08
ITIncident,7,RandomForest,0,4,24,0.4421468899529109,0.16666666666666666
ITIncident,7,RandomForest,0,5,16,0.5393263774786639,0.3125
ITIncident,7,RandomForest,0,6,22,0.655916759642235,0.22727272727272727
ITIncident,7,RandomForest,0,7,4,0.7443825072205947,0.25
ITIncident,7,RandomForest,0,8,3,0.8168555033827509,0.0
ITIncident,7,RandomForest,0,9,11,0.9891005682276746,0.8181818181818182
ITIncident,7,RandomForest,1,0,4121,0.010635813172720143,0.021111380732831836
ITIncident,7,RandomForest,1,1,163,0.13508334606312838,0.06748466257668712
ITIncident,7,RandomForest,1,2,91,0.26094527243609605,0.02197802197802198
ITIncident,7,RandomForest,1,3,59,0.3553022176755024,0.06779661016949153
ITIncident,7,RandomForest,1,4,184,0.45121059341702574,0.043478260869565216
ITIncident,7,RandomForest,1,5,208,0.5481099529352875,0.04326923076923077
ITIncident,7,RandomForest,1,6,33,0.6339294128461979,0.06060606060606061
ITIncident,7,RandomForest,1,7,59,0.740456198586302,0.0847457627118644
ITIncident,7,RandomForest,1,8,19,0.8543852177263203,0.21052631578947367
ITIncident,7,RandomForest,1,9,47,0.9519766667115171,0.48936170212765956
ITIncident,7,RandomForest,2,0,58,0.04098259334576371,0.4482758620689655
ITIncident,7,RandomForest,2,1,24,0.15337625889123316,0.8333333333333334
ITIncident,7,RandomForest,2,2,66,0.2617000334409075,0.8636363636363636
ITIncident,7,RandomForest,2,3,51,0.3615005270741557,0.8431372549019608
ITIncident,7,RandomForest,2,4,224,0.4524662963539438,0.9464285714285714
ITIncident,7,RandomForest,2,5,209,0.549253538856381,0.9330143540669856
ITIncident,7,RandomForest,2,6,93,0.6485546590682105,0.9139784946236559
ITIncident,7,RandomForest,2,7,181,0.7458364365873601,0.8674033149171271
ITIncident,7,RandomForest,2,8,390,0.8582849820364683,0.8923076923076924
ITIncident,7,RandomForest,2,9,3688,0.9813960516192695,0.9625813449023861
ITIncident,7,BalancedRF,0,0,2263,0.02039246728239793,0.004860804242156429
ITIncident,7,BalancedRF,0,1,924,0.1454332550423451,0.012987012987012988
ITIncident,7,BalancedRF,0,2,618,0.24679679643726582,0.025889967637540454
ITIncident,7,BalancedRF,0,3,408,0.34564157729811756,0.024509803921568627
ITIncident,7,BalancedRF,0,4,270,0.44533973524121634,0.06296296296296296
ITIncident,7,BalancedRF,0,5,194,0.543665998260647,0.08247422680412371
ITIncident,7,BalancedRF,0,6,128,0.6532121377156064,0.0859375
ITIncident,7,BalancedRF,0,7,91,0.7481166928309787,0.16483516483516483
ITIncident,7,BalancedRF,0,8,60,0.8408450396825398,0.25
ITIncident,7,BalancedRF,0,9,28,0.9543176424649381,0.4642857142857143
ITIncident,7,BalancedRF,1,0,905,0.05489588526586319,0.011049723756906077
ITIncident,7,BalancedRF,1,1,1347,0.14804757482191172,0.014105419450631032
ITIncident,7,BalancedRF,1,2,913,0.2461510774435401,0.02190580503833516
ITIncident,7,BalancedRF,1,3,612,0.34579747703180497,0.032679738562091505
ITIncident,7,BalancedRF,1,4,432,0.45152204498536325,0.034722222222222224
ITIncident,7,BalancedRF,1,5,438,0.5510923998143985,0.045662100456621
ITIncident,7,BalancedRF,1,6,147,0.6372331010653031,0.08843537414965986
ITIncident,7,BalancedRF,1,7,100,0.7533052140996257,0.09
ITIncident,7,BalancedRF,1,8,35,0.847704351919887,0.05714285714285714
ITIncident,7,BalancedRF,1,9,55,0.9498065043949397,0.4909090909090909
ITIncident,7,BalancedRF,2,0,101,0.05052060992666711,0.5247524752475248
ITIncident,7,BalancedRF,2,1,171,0.15832553025518512,0.8245614035087719
ITIncident,7,BalancedRF,2,2,475,0.2561216488358952,0.8821052631578947
ITIncident,7,BalancedRF,2,3,588,0.3537324165593466,0.9302721088435374
ITIncident,7,BalancedRF,2,4,893,0.4473401878964783,0.9518477043673013
ITIncident,7,BalancedRF,2,5,763,0.5455875099938935,0.9606815203145478
ITIncident,7,BalancedRF,2,6,706,0.6508653919076965,0.9674220963172805
ITIncident,7,BalancedRF,2,7,618,0.7511734750015857,0.9870550161812298
ITIncident,7,BalancedRF,2,8,506,0.8453973888192705,0.9822134387351779
ITIncident,7,BalancedRF,2,9,163,0.9413950345805223,0.9815950920245399
ITIncident,7,MLP,0,0,4955,0.028187375182767392,0.026639757820383452
ITIncident,7,MLP,0,1,29,0.1105248814638429,0.13793103448275862
ITIncident,7,MLP,0,2,0,,
ITIncident,7,MLP,0,3,0,,
ITIncident,7,MLP,0,4,0,,
ITIncident,7,MLP,0,5,0,,
ITIncident,7,MLP,0,6,0,,
ITIncident,7,MLP,0,7,0,,
ITIncident,7,MLP,0,8,0,,
ITIncident,7,MLP,0,9,0,,
ITIncident,7,MLP,1,0,4898,0.03037001673503139,0.02939975500204165
ITIncident,7,MLP,1,1,86,0.12155399447817827,0.12790697674418605
ITIncident,7,MLP,1,2,0,,
ITIncident,7,MLP,1,3,0,,
ITIncident,7,MLP,1,4,0,,
ITIncident,7,MLP,1,5,0,,
ITIncident,7,MLP,1,6,0,,
ITIncident,7,MLP,1,7,0,,
ITIncident,7,MLP,1,8,0,,
ITIncident,7,MLP,1,9,0,,
ITIncident,7,MLP,2,0,0,,
ITIncident,7,MLP,2,1,0,,
ITIncident,7,MLP,2,2,0,,
ITIncident,7,MLP,2,3,0,,
ITIncident,7,MLP,2,4,0,,
ITIncident,7,MLP,2,5,0,,
ITIncident,7,MLP,2,6,0,,
ITIncident,7,MLP,2,7,35,0.7685681898004972,0.8285714285714286
ITIncident,7,MLP,2,8,591,0.8704833852105885,0.8815566835871405
ITIncident,7,MLP,2,9,4358,0.9501066502090763,0.9506654428636989
ITIncident,7,LogReg,0,0,22,0.05730797582257125,0.0
ITIncident,7,LogReg,0,1,245,0.1678029636428206,0.0326530612244898
ITIncident,7,LogReg,0,2,1993,0.25717444101789694,0.015554440541896638
ITIncident,7,LogReg,0,3,1718,0.3477002219243716,0.029685681024447033
ITIncident,7,LogReg,0,4,707,0.44166052316273163,0.04667609618104668
ITIncident,7,LogReg,0,5,221,0.5385265462700242,0.04524886877828054
ITIncident,7,LogReg,0,6,57,0.6411383478236927,0.03508771929824561
ITIncident,7,LogReg,0,7,18,0.7430428201952368,0.05555555555555555
ITIncident,7,LogReg,0,8,3,0.8276153565531371,0.0
ITIncident,7,LogReg,0,9,0,,
ITIncident,7,LogReg,1,0,72,0.06052098386097346,0.0
ITIncident,7,LogReg,1,1,807,0.17127008181645606,0.01486988847583643
ITIncident,7,LogReg,1,2,1234,0.24430079534474364,0.02025931928687196
ITIncident,7,LogReg,1,3,1874,0.3510662147517352,0.0336179295624333
ITIncident,7,LogReg,1,4,583,0.43006316806630435,0.051457975986277875
ITIncident,7,LogReg,1,5,209,0.5492990945981371,0.07177033492822966
ITIncident,7,LogReg,1,6,181,0.6348012235168466,0.049723756906077346
ITIncident,7,LogReg,1,7,20,0.7260764318114781,0.05
ITIncident,7,LogReg,1,8,2,0.8415932463311975,0.0
ITIncident,7,LogReg,1,9,2,0.9265651433010134,0.0
ITIncident,7,LogReg,2,0,12,0.0766861151354855,0.8333333333333334
ITIncident,7,LogReg,2,1,254,0.16973371905638898,0.9133858267716536
ITIncident,7,LogReg,2,2,689,0.25134256101527586,0.9158200290275762
ITIncident,7,LogReg,2,3,2914,0.35814945801475506,0.9416609471516816
ITIncident,7,LogReg,2,4,1072,0.4301602009288677,0.9645522388059702
ITIncident,7,LogReg,2,5,22,0.535455511696827,0.9545454545454546
ITIncident,7,LogReg,2,6,20,0.6575068784054013,1.0
ITIncident,7,LogReg,2,7,1,0.7170201364233317,1.0
ITIncident,7,LogReg,2,8,0,,
ITIncident,7,LogReg,2,9,0,,
ITIncident,7,NaiveBayes,0,0,4984,0.02673117266755186,0.027287319422150885
ITIncident,7,NaiveBayes,0,1,0,,
ITIncident,7,NaiveBayes,0,2,0,,
ITIncident,7,NaiveBayes,0,3,0,,
ITIncident,7,NaiveBayes,0,4,0,,
ITIncident,7,NaiveBayes,0,5,0,,
ITIncident,7,NaiveBayes,0,6,0,,
ITIncident,7,NaiveBayes,0,7,0,,
ITIncident,7,NaiveBayes,0,8,0,,
ITIncident,7,NaiveBayes,0,9,0,,
ITIncident,7,NaiveBayes,1,0,4981,0.031005781254893616,0.03111824934752058
ITIncident,7,NaiveBayes,1,1,1,0.14335102309472794,0.0
ITIncident,7,NaiveBayes,1,2,2,0.22623195491268336,0.0
ITIncident,7,NaiveBayes,1,3,0,,
ITIncident,7,NaiveBayes,1,4,0,,
ITIncident,7,NaiveBayes,1,5,0,,
ITIncident,7,NaiveBayes,1,6,0,,
ITIncident,7,NaiveBayes,1,7,0,,
ITIncident,7,NaiveBayes,1,8,0,,
ITIncident,7,NaiveBayes,1,9,0,,
ITIncident,7,NaiveBayes,2,0,0,,
ITIncident,7,NaiveBayes,2,1,0,,
ITIncident,7,NaiveBayes,2,2,0,,
ITIncident,7,NaiveBayes,2,3,0,,
ITIncident,7,NaiveBayes,2,4,0,,
ITIncident,7,NaiveBayes,2,5,0,,
ITIncident,7,NaiveBayes,2,6,0,,
ITIncident,7,NaiveBayes,2,7,2,0.7641522704663893,1.0
ITIncident,7,NaiveBayes,2,8,102,0.8948183544374354,0.9215686274509803
ITIncident,7,NaiveBayes,2,9,4880,0.943224681837669,0.9420081967213115
ITIncident,13,KATS,0,0,20,0.03406755447999159,0.1
ITIncident,13,KATS,0,1,351,0.16198097895891014,0.005698005698005698
ITIncident,13,KATS,0,2,767,0.24693774271790334,0.0
ITIncident,13,KATS,0,3,664,0.34858225936238935,0.0030120481927710845
ITIncident,13,KATS,0,4,721,0.45079397907780727,0.012482662968099861
ITIncident,13,KATS,0,5,574,0.549504461936503,0.008710801393728223
ITIncident,13,KATS,0,6,442,0.6509876073537119,0.01583710407239819
ITIncident,13,KATS,0,7,525,0.7552911361580001,0.0380952380952381
ITIncident,13,KATS,0,8,491,0.8463033834703668,0.06924643584521385
ITIncident,13,KATS,0,9,429,0.9489367789108524,0.1282051282051282
ITIncident,13,KATS,1,0,1356,0.05678991310897938,0.016224188790560472
ITIncident,13,KATS,1,1,1845,0.145519166558871,0.01842818428184282
ITIncident,13,KATS,1,2,918,0.24253519482254693,0.03594771241830065
ITIncident,13,KATS,1,3,224,0.3406501733448251,0.044642857142857144
ITIncident,13,KATS,1,4,186,0.4579386419251067,0.04838709677419355
ITIncident,13,KATS,1,5,130,0.5489204606076479,0.07692307692307693
ITIncident,13,KATS,1,6,234,0.632698960050189,0.05982905982905983
ITIncident,13,KATS,1,7,80,0.7473479650961646,0.225
ITIncident,13,KATS,1,8,11,0.832579276421339,0.45454545454545453
ITIncident,13,KATS,1,9,0,,
ITIncident,13,KATS,2,0,903,0.05220597599247423,0.867109634551495
ITIncident,13,KATS,2,1,1072,0.14692953845733459,0.9235074626865671
ITIncident,13,KATS,2,2,808,0.2469753229950194,0.9579207920792079
ITIncident,13,KATS,2,3,765,0.34964206162098027,0.9738562091503268
ITIncident,13,KATS,2,4,1135,0.4518163426226361,0.9788546255506608
ITIncident,13,KATS,2,5,294,0.5141869375024605,0.9625850340136054
ITIncident,13,KATS,2,6,6,0.6444008775954307,1.0
ITIncident,13,KATS,2,7,1,0.7636692120674794,1.0
ITIncident,13,KATS,2,8,0,,
ITIncident,13,KATS,2,9,0,,
ITIncident,13,LightGBM,0,0,2547,0.021063358282177928,0.005496662740478995
ITIncident,13,LightGBM,0,1,527,0.14711783921179838,0.009487666034155597
ITIncident,13,LightGBM,0,2,355,0.24625463817472526,0.014084507042253521
ITIncident,13,LightGBM,0,3,303,0.3484057099196311,0.0231023102310231
ITIncident,13,LightGBM,0,4,225,0.4489547282226629,0.022222222222222223
ITIncident,13,LightGBM,0,5,208,0.551227795909385,0.038461538461538464
ITIncident,13,LightGBM,0,6,178,0.6499125446139781,0.0449438202247191
ITIncident,13,LightGBM,0,7,193,0.7481274066753498,0.09844559585492228
ITIncident,13,LightGBM,0,8,199,0.8504647355270624,0.09547738693467336
ITIncident,13,LightGBM,0,9,249,0.9465423471998471,0.18473895582329317
ITIncident,13,LightGBM,1,0,2179,0.03652205971956598,0.014685635612666361
ITIncident,13,LightGBM,1,1,867,0.14461157033082814,0.02191464821222607
ITIncident,13,LightGBM,1,2,489,0.2454883803236339,0.03067484662576687
ITIncident,13,LightGBM,1,3,421,0.34941735836083987,0.035629453681710214
ITIncident,13,LightGBM,1,4,399,0.4494571630426698,0.03508771929824561
ITIncident,13,LightGBM,1,5,374,0.5492315847926841,0.045454545454545456
ITIncident,13,LightGBM,1,6,118,0.6529304233931295,0.0847457627118644
ITIncident,13,LightGBM,1,7,50,0.7362735778532826,0.08
ITIncident,13,LightGBM,1,8,32,0.8476161839339575,0.125
ITIncident,13,LightGBM,1,9,55,0.9505249906363391,0.45454545454545453
ITIncident,13,LightGBM,2,0,427,0.05088111069502056,0.7845433255269321
ITIncident,13,LightGBM,2,1,336,0.1445135892915773,0.8928571428571429
ITIncident,13,LightGBM,2,2,347,0.2506217876426344,0.9106628242074928
ITIncident,13,LightGBM,2,3,453,0.34955936363140944,0.9426048565121413
ITIncident,13,LightGBM,2,4,559,0.44713674351080596,0.9516994633273703
ITIncident,13,LightGBM,2,5,608,0.5449062601872212,0.96875
ITIncident,13,LightGBM,2,6,566,0.6470266334288182,0.9646643109540636
ITIncident,13,LightGBM,2,7,461,0.7507905169518351,0.9761388286334056
ITIncident,13,LightGBM,2,8,508,0.8508938853332906,0.9665354330708661
ITIncident,13,LightGBM,2,9,719,0.9563352597081411,0.9833101529902643
ITIncident,13,XGBoost,0,0,4682,0.013801278546452522,0.016659547202050404
ITIncident,13,XGBoost,0,1,199,0.14035142958164215,0.09547738693467336
ITIncident,13,XGBoost,0,2,54,0.24199225008487701,0.2777777777777778
ITIncident,13,XGBoost,0,3,20,0.34188535809516907,0.25
ITIncident,13,XGBoost,0,4,13,0.46694695949554443,0.6153846153846154
ITIncident,13,XGBoost,0,5,4,0.5350571274757385,0.75
ITIncident,13,XGBoost,0,6,10,0.6263620257377625,0.7
ITIncident,13,XGBoost,0,7,2,0.7657678723335266,0.5
ITIncident,13,XGBoost,0,8,0,,
ITIncident,13,XGBoost,0,9,0,,
ITIncident,13,XGBoost,1,0,4826,0.0205533429980278,0.024450891007045172
ITIncident,13,XGBoost,1,1,75,0.13889651000499725,0.08
ITIncident,13,XGBoost,1,2,16,0.2427402138710022,0.0625
ITIncident,13,XGBoost,1,3,31,0.32349735498428345,0.1935483870967742
ITIncident,13,XGBoost,1,4,13,0.4707178473472595,0.46153846153846156
ITIncident,13,XGBoost,1,5,5,0.544683039188385,0.2
ITIncident,13,XGBoost,1,6,1,0.622494637966156,1.0
ITIncident,13,XGBoost,1,7,5,0.7499644160270691,0.8
ITIncident,13,XGBoost,1,8,6,0.8579784035682678,1.0
ITIncident,13,XGBoost,1,9,6,0.9332920908927917,1.0
ITIncident,13,XGBoost,2,0,6,0.06305130571126938,0.0
ITIncident,13,XGBoost,2,1,7,0.14905592799186707,0.14285714285714285
ITIncident,13,XGBoost,2,2,8,0.25081151723861694,0.25
ITIncident,13,XGBoost,2,3,11,0.3650303781032562,0.18181818181818182
ITIncident,13,XGBoost,2,4,19,0.4579145014286041,0.5263157894736842
ITIncident,13,XGBoost,2,5,22,0.5367465615272522,0.5454545454545454
ITIncident,13,XGBoost,2,6,61,0.6701245903968811,0.7704918032786885
ITIncident,13,XGBoost,2,7,98,0.7621051073074341,0.7857142857142857
ITIncident,13,XGBoost,2,8,364,0.8619934916496277,0.8928571428571429
ITIncident,13,XGBoost,2,9,4388,0.9687276482582092,0.9610300820419325
ITIncident,13,RandomForest,0,0,4588,0.00983811908769193,0.015693112467306015
ITIncident,13,RandomForest,0,1,209,0.13854117140858385,0.10526315789473684
ITIncident,13,RandomForest,0,2,71,0.24101117769049826,0.18309859154929578
ITIncident,13,RandomForest,0,3,38,0.3454366190863204,0.18421052631578946
ITIncident,13,RandomForest,0,4,17,0.4346621849662574,0.17647058823529413
ITIncident,13,RandomForest,0,5,30,0.5626722257945009,0.3
ITIncident,13,RandomForest,0,6,16,0.6430575585353078,0.0625
ITIncident,13,RandomForest,0,7,4,0.7554387160614443,0.0
ITIncident,13,RandomForest,0,8,2,0.8827908776448657,1.0
ITIncident,13,RandomForest,0,9,9,0.9718011757634056,0.7777777777777778
ITIncident,13,RandomForest,1,0,4155,0.00979907318593267,0.02190132370637786
ITIncident,13,RandomForest,1,1,128,0.13418565929997633,0.0546875
ITIncident,13,RandomForest,1,2,87,0.26160230438285426,0.034482758620689655
ITIncident,13,RandomForest,1,3,104,0.3546361694927125,0.0673076923076923
ITIncident,13,RandomForest,1,4,166,0.4608502702978313,0.030120481927710843
ITIncident,13,RandomForest,1,5,155,0.5354419540408589,0.03870967741935484
ITIncident,13,RandomForest,1,6,95,0.6446231917904841,0.07368421052631578
ITIncident,13,RandomForest,1,7,18,0.7453079199201823,0.1111111111111111
ITIncident,13,RandomForest,1,8,24,0.8334794787795486,0.125
ITIncident,13,RandomForest,1,9,52,0.9480310630570628,0.46153846153846156
ITIncident,13,RandomForest,2,0,61,0.04723236293708406,0.4918032786885246
ITIncident,13,RandomForest,2,1,27,0.16396706433336372,0.8148148148148148
ITIncident,13,RandomForest,2,2,23,0.2581149086805775,0.8695652173913043
ITIncident,13,RandomForest,2,3,117,0.35737514113439334,0.9316239316239316
ITIncident,13,RandomForest,2,4,186,0.4596065277753722,0.9247311827956989
ITIncident,13,RandomForest,2,5,189,0.5410351321130977,0.9470899470899471
ITIncident,13,RandomForest,2,6,151,0.6473325622768891,0.8675496688741722
ITIncident,13,RandomForest,2,7,172,0.7516447637787205,0.9011627906976745
ITIncident,13,RandomForest,2,8,340,0.8583347899350058,0.8852941176470588
ITIncident,13,RandomForest,2,9,3718,0.9814228395501194,0.9612694997310381
ITIncident,13,BalancedRF,0,0,2086,0.023131659889514107,0.0009587727708533077
ITIncident,13,BalancedRF,0,1,869,0.14669873296208435,0.009205983889528193
ITIncident,13,BalancedRF,0,2,697,0.2438377165155004,0.027259684361549498
ITIncident,13,BalancedRF,0,3,471,0.34784800735789756,0.03184713375796178
ITIncident,13,BalancedRF,0,4,309,0.44603921447301426,0.06472491909385113
ITIncident,13,BalancedRF,0,5,213,0.5474966942508023,0.06103286384976526
ITIncident,13,BalancedRF,0,6,160,0.6453989674707602,0.125
ITIncident,13,BalancedRF,0,7,108,0.7445640205156137,0.1388888888888889
ITIncident,13,BalancedRF,0,8,52,0.8439511217948716,0.25
ITIncident,13,BalancedRF,0,9,19,0.9520697758366043,0.5789473684210527
ITIncident,13,BalancedRF,1,0,964,0.05773845478692354,0.008298755186721992
ITIncident,13,BalancedRF,1,1,1386,0.14657058301434098,0.015873015873015872
ITIncident,13,BalancedRF,1,2,963,0.2477258652800279,0.024922118380062305
ITIncident,13,BalancedRF,1,3,612,0.34914102670310343,0.032679738562091505
ITIncident,13,BalancedRF,1,4,357,0.44651723240020474,0.05322128851540616
ITIncident,13,BalancedRF,1,5,358,0.5430569435055311,0.03910614525139665
ITIncident,13,BalancedRF,1,6,178,0.6486421498192593,0.05056179775280899
ITIncident,13,BalancedRF,1,7,67,0.7357714666686351,0.1044776119402985
ITIncident,13,BalancedRF,1,8,42,0.8445006459625419,0.11904761904761904
ITIncident,13,BalancedRF,1,9,57,0.9467670127528376,0.47368421052631576
ITIncident,13,BalancedRF,2,0,93,0.05225757561497604,0.5053763440860215
ITIncident,13,BalancedRF,2,1,190,0.15548349968379574,0.8473684210526315
ITIncident,13,BalancedRF,2,2,426,0.25636038021067,0.8661971830985915
ITIncident,13,BalancedRF,2,3,680,0.3517075125154481,0.9352941176470588
ITIncident,13,BalancedRF,2,4,887,0.45075037871957957,0.9537767756482526
ITIncident,13,BalancedRF,2,5,777,0.5479868978104353,0.9523809523809523
ITIncident,13,BalancedRF,2,6,694,0.6475040003802833,0.9755043227665706
ITIncident,13,BalancedRF,2,7,609,0.7467792726572924,0.9819376026272578
ITIncident,13,BalancedRF,2,8,489,0.8438689164586944,0.9856850715746421
ITIncident,13,BalancedRF,2,9,139,0.9363058479685296,0.9856115107913669
ITIncident,13,MLP,0,0,4951,0.028593917813268678,0.027267218743688145
ITIncident,13,MLP,0,1,33,0.10979162232073533,0.030303030303030304
ITIncident,13,MLP,0,2,0,,
ITIncident,13,MLP,0,3,0,,
ITIncident,13,MLP,0,4,0,,
ITIncident,13,MLP,0,5,0,,
ITIncident,13,MLP,0,6,0,,
ITIncident,13,MLP,0,7,0,,
ITIncident,13,MLP,0,8,0,,
ITIncident,13,MLP,0,9,0,,
ITIncident,13,MLP,1,0,4965,0.035416135123322465,0.030614300100704935
ITIncident,13,MLP,1,1,19,0.11157450750924444,0.15789473684210525
ITIncident,13,MLP,1,2,0,,
ITIncident,13,MLP,1,3,0,,
ITIncident,13,MLP,1,4,0,,
ITIncident,13,MLP,1,5,0,,
ITIncident,13,MLP,1,6,0,,
ITIncident,13,MLP,1,7,0,,
ITIncident,13,MLP,1,8,0,,
ITIncident,13,MLP,1,9,0,,
ITIncident,13,MLP,2,0,0,,
ITIncident,13,MLP,2,1,0,,
ITIncident,13,MLP,2,2,0,,
ITIncident,13,MLP,2,3,0,,
ITIncident,13,MLP,2,4,0,,
ITIncident,13,MLP,2,5,0,,
ITIncident,13,MLP,2,6,0,,
ITIncident,13,MLP,2,7,21,0.7867355578254239,0.9047619047619048
ITIncident,13,MLP,2,8,782,0.8710879676505715,0.9232736572890026
ITIncident,13,MLP,2,9,4181,0.9478916827129563,0.945228414254963
ITIncident,13,LogReg,0,0,26,0.021080582266844387,0.11538461538461539
ITIncident,13,LogReg,0,1,195,0.17536052796945187,0.015384615384615385
ITIncident,13,LogReg,0,2,2067,0.2577761357769431,0.014997581035316884
ITIncident,13,LogReg,0,3,1745,0.3487335325748405,0.03037249283667622
ITIncident,13,LogReg,0,4,664,0.44098133366290476,0.03765060240963856
ITIncident,13,LogReg,0,5,190,0.5376128701056861,0.08947368421052632
ITIncident,13,LogReg,0,6,60,0.6465326005486173,0.05
ITIncident,13,LogReg,0,7,30,0.7314518330438673,0.03333333333333333
ITIncident,13,LogReg,0,8,7,0.8479395299980143,0.0
ITIncident,13,LogReg,0,9,0,,
ITIncident,13,LogReg,1,0,65,0.06821823129648907,0.0
ITIncident,13,LogReg,1,1,767,0.17222458069835514,0.01564537157757497
ITIncident,13,LogReg,1,2,1280,0.2467907306768249,0.01484375
ITIncident,13,LogReg,1,3,1918,0.350802667714788,0.0370177267987487
ITIncident,13,LogReg,1,4,594,0.4302792874291475,0.04713804713804714
ITIncident,13,LogReg,1,5,211,0.5500557030735829,0.052132701421800945
ITIncident,13,LogReg,1,6,135,0.6340244717711515,0.1037037037037037
ITIncident,13,LogReg,1,7,8,0.7298096592015553,0.0
ITIncident,13,LogReg,1,8,5,0.8232381214093831,0.0
ITIncident,13,LogReg,1,9,1,0.9480057741655381,0.0
ITIncident,13,LogReg,2,0,32,0.06531298938697994,0.875
ITIncident,13,LogReg,2,1,225,0.16958478030469706,0.9111111111111111
ITIncident,13,LogReg,2,2,672,0.2509886592187214,0.9092261904761905
ITIncident,13,LogReg,2,3,2914,0.3594673440543819,0.9454358270418668
ITIncident,13,LogReg,2,4,1100,0.4289601840361027,0.9590909090909091
ITIncident,13,LogReg,2,5,20,0.5439094786348158,0.95
ITIncident,13,LogReg,2,6,19,0.6467805713905953,0.9473684210526315
ITIncident,13,LogReg,2,7,2,0.7182124203563587,1.0
ITIncident,13,LogReg,2,8,0,,
ITIncident,13,LogReg,2,9,0,,
ITIncident,13,NaiveBayes,0,0,4982,0.027055897996869454,0.02729827378562826
ITIncident,13,NaiveBayes,0,1,2,0.1789712617838221,0.0
ITIncident,13,NaiveBayes,0,2,0,,
ITIncident,13,NaiveBayes,0,3,0,,
ITIncident,13,NaiveBayes,0,4,0,,
ITIncident,13,NaiveBayes,0,5,0,,
ITIncident,13,NaiveBayes,0,6,0,,
ITIncident,13,NaiveBayes,0,7,0,,
ITIncident,13,NaiveBayes,0,8,0,,
ITIncident,13,NaiveBayes,0,9,0,,
ITIncident,13,NaiveBayes,1,0,4977,0.030817098569087504,0.030540486236688768
ITIncident,13,NaiveBayes,1,1,5,0.18495268917507207,0.4
ITIncident,13,NaiveBayes,1,2,2,0.2401222851764246,0.5
ITIncident,13,NaiveBayes,1,3,0,,
ITIncident,13,NaiveBayes,1,4,0,,
ITIncident,13,NaiveBayes,1,5,0,,
ITIncident,13,NaiveBayes,1,6,0,,
ITIncident,13,NaiveBayes,1,7,0,,
ITIncident,13,NaiveBayes,1,8,0,,
ITIncident,13,NaiveBayes,1,9,0,,
ITIncident,13,NaiveBayes,2,0,0,,
ITIncident,13,NaiveBayes,2,1,0,,
ITIncident,13,NaiveBayes,2,2,0,,
ITIncident,13,NaiveBayes,2,3,0,,
ITIncident,13,NaiveBayes,2,4,0,,
ITIncident,13,NaiveBayes,2,5,0,,
ITIncident,13,NaiveBayes,2,6,0,,
ITIncident,13,NaiveBayes,2,7,2,0.754974853622173,0.5
ITIncident,13,NaiveBayes,2,8,9,0.8257320286674827,0.6666666666666666
ITIncident,13,NaiveBayes,2,9,4973,0.9421126740591595,0.9422883571284939
ITIncident,99,KATS,0,0,0,,
ITIncident,99,KATS,0,1,186,0.18859430945825018,0.0
ITIncident,99,KATS,0,2,942,0.24203386496196697,0.0010615711252653928
ITIncident,99,KATS,0,3,768,0.34700331693936093,0.006510416666666667
ITIncident,99,KATS,0,4,665,0.44657673995088626,0.0015037593984962407
ITIncident,99,KATS,0,5,471,0.5495654201429477,0.014861995753715499
ITIncident,99,KATS,0,6,459,0.6485506165454796,0.030501089324618737
ITIncident,99,KATS,0,7,545,0.7536043056571261,0.027522935779816515
ITIncident,99,KATS,0,8,512,0.8495449530029331,0.0625
ITIncident,99,KATS,0,9,436,0.9470305843009217,0.13990825688073394
ITIncident,99,KATS,1,0,1337,0.055137853502389804,0.02169035153328347
ITIncident,99,KATS,1,1,1826,0.15091690330130203,0.018072289156626505
ITIncident,99,KATS,1,2,869,0.24697250292888195,0.028768699654775604
ITIncident,99,KATS,1,3,349,0.33369813935749687,0.04871060171919771
ITIncident,99,KATS,1,4,118,0.44214803639124783,0.0423728813559322
ITIncident,99,KATS,1,5,253,0.5457755715642562,0.05533596837944664
ITIncident,99,KATS,1,6,203,0.6438602826134681,0.08374384236453201
ITIncident,99,KATS,1,7,29,0.7206675262691186,0.5172413793103449
ITIncident,99,KATS,1,8,0,,
ITIncident,99,KATS,1,9,0,,
ITIncident,99,KATS,2,0,928,0.05299733306407571,0.8512931034482759
ITIncident,99,KATS,2,1,1188,0.1494947342461449,0.9292929292929293
ITIncident,99,KATS,2,2,799,0.24615897525918978,0.9649561952440551
ITIncident,99,KATS,2,3,593,0.3546515809415521,0.9831365935919055
ITIncident,99,KATS,2,4,1197,0.45402952722959117,0.9791144527986633
ITIncident,99,KATS,2,5,278,0.511550093383048,0.9784172661870504
ITIncident,99,KATS,2,6,1,0.6507720855597419,1.0
ITIncident,99,KATS,2,7,0,,
ITIncident,99,KATS,2,8,0,,
ITIncident,99,KATS,2,9,0,,
ITIncident,99,LightGBM,0,0,2592,0.020621957596426186,0.003472222222222222
ITIncident,99,LightGBM,0,1,544,0.14739818390858953,0.01838235294117647
ITIncident,99,LightGBM,0,2,323,0.24782980533892293,0.02786377708978328
ITIncident,99,LightGBM,0,3,285,0.3460561386950403,0.017543859649122806
ITIncident,99,LightGBM,0,4,212,0.45033812447639054,0.0047169811320754715
ITIncident,99,LightGBM,0,5,185,0.553188623430667,0.021621621621621623
ITIncident,99,LightGBM,0,6,166,0.6456863071221645,0.04216867469879518
ITIncident,99,LightGBM,0,7,170,0.7502895924810762,0.047058823529411764
ITIncident,99,LightGBM,0,8,220,0.8503000733310805,0.10909090909090909
ITIncident,99,LightGBM,0,9,287,0.9468166208175168,0.20557491289198607
ITIncident,99,LightGBM,1,0,2174,0.03631578654572999,0.01609935602575897
ITIncident,99,LightGBM,1,1,798,0.14502801101964857,0.02756892230576441
ITIncident,99,LightGBM,1,2,488,0.24673832108045507,0.022540983606557378
ITIncident,99,LightGBM,1,3,455,0.3463942621640569,0.03956043956043956
ITIncident,99,LightGBM,1,4,352,0.4466693534136645,0.017045454545454544
ITIncident,99,LightGBM,1,5,444,0.5546324663277177,0.04954954954954955
ITIncident,99,LightGBM,1,6,151,0.6434627575188174,0.06622516556291391
ITIncident,99,LightGBM,1,7,48,0.7458168344740846,0.020833333333333332
ITIncident,99,LightGBM,1,8,30,0.8357041672723665,0.2
ITIncident,99,LightGBM,1,9,44,0.9478272125983207,0.5454545454545454
ITIncident,99,LightGBM,2,0,470,0.05106850521993617,0.7680851063829788
ITIncident,99,LightGBM,2,1,344,0.15133372266279277,0.8837209302325582
ITIncident,99,LightGBM,2,2,316,0.25315862862698324,0.9335443037974683
ITIncident,99,LightGBM,2,3,430,0.35691258820122834,0.9558139534883721
ITIncident,99,LightGBM,2,4,635,0.44581120945693364,0.9559055118110236
ITIncident,99,LightGBM,2,5,599,0.549560442113518,0.9716193656093489
ITIncident,99,LightGBM,2,6,538,0.6489994012474539,0.9628252788104089
ITIncident,99,LightGBM,2,7,456,0.7495526146108357,0.9649122807017544
ITIncident,99,LightGBM,2,8,482,0.8506656506490712,0.975103734439834
ITIncident,99,LightGBM,2,9,714,0.9546661824882654,0.9873949579831933
ITIncident,99,XGBoost,0,0,4649,0.013838711194694042,0.01484190148419015
ITIncident,99,XGBoost,0,1,229,0.13870647549629211,0.12663755458515283
ITIncident,99,XGBoost,0,2,55,0.2371852695941925,0.18181818181818182
ITIncident,99,XGBoost,0,3,17,0.3468722701072693,0.5882352941176471
ITIncident,99,XGBoost,0,4,11,0.44254156947135925,0.5454545454545454
ITIncident,99,XGBoost,0,5,6,0.5613563656806946,0.6666666666666666
ITIncident,99,XGBoost,0,6,2,0.6129970550537109,1.0
ITIncident,99,XGBoost,0,7,14,0.746983528137207,0.42857142857142855
ITIncident,99,XGBoost,0,8,1,0.8966044783592224,0.0
ITIncident,99,XGBoost,0,9,0,,
ITIncident,99,XGBoost,1,0,4806,0.020889218896627426,0.024760715771951727
ITIncident,99,XGBoost,1,1,113,0.12801975011825562,0.05309734513274336
ITIncident,99,XGBoost,1,2,26,0.24836212396621704,0.19230769230769232
ITIncident,99,XGBoost,1,3,5,0.3178897202014923,0.4
ITIncident,99,XGBoost,1,4,18,0.4707530736923218,0.5555555555555556
ITIncident,99,XGBoost,1,5,0,,
ITIncident,99,XGBoost,1,6,2,0.6275904178619385,0.5
ITIncident,99,XGBoost,1,7,1,0.7788771986961365,1.0
ITIncident,99,XGBoost,1,8,11,0.8850288987159729,0.8181818181818182
ITIncident,99,XGBoost,1,9,2,0.9464858770370483,1.0
ITIncident,99,XGBoost,2,0,3,0.059635430574417114,0.3333333333333333
ITIncident,99,XGBoost,2,1,12,0.11564719676971436,0.16666666666666666
ITIncident,99,XGBoost,2,2,16,0.22913648188114166,0.5625
ITIncident,99,XGBoost,2,3,6,0.3599170446395874,0.3333333333333333
ITIncident,99,XGBoost,2,4,5,0.4533759653568268,0.4
ITIncident,99,XGBoost,2,5,30,0.5324743986129761,0.36666666666666664
ITIncident,99,XGBoost,2,6,27,0.6524260640144348,0.5555555555555556
ITIncident,99,XGBoost,2,7,114,0.7612749338150024,0.7894736842105263
ITIncident,99,XGBoost,2,8,424,0.8611411452293396,0.8773584905660378
ITIncident,99,XGBoost,2,9,4347,0.9680103063583374,0.9636530940878767
ITIncident,99,RandomForest,0,0,4623,0.00996593581228445,0.01708847069002812
ITIncident,99,RandomForest,0,1,186,0.13764801470695698,0.0913978494623656
ITIncident,99,RandomForest,0,2,61,0.23913087480473988,0.19672131147540983
ITIncident,99,RandomForest,0,3,28,0.3468925743329684,0.10714285714285714
ITIncident,99,RandomForest,0,4,18,0.4421405767467319,0.3888888888888889
ITIncident,99,RandomForest,0,5,28,0.5470259352874242,0.25
ITIncident,99,RandomForest,0,6,15,0.6537364814881955,0.2
ITIncident,99,RandomForest,0,7,7,0.7289290393858608,0.14285714285714285
ITIncident,99,RandomForest,0,8,4,0.8469634676563305,0.0
ITIncident,99,RandomForest,0,9,14,0.9929813761789579,0.5
ITIncident,99,RandomForest,1,0,4092,0.010484097573597717,0.022238514173998046
ITIncident,99,RandomForest,1,1,140,0.13571208750774363,0.05714285714285714
ITIncident,99,RandomForest,1,2,122,0.2464442585461434,0.05737704918032787
ITIncident,99,RandomForest,1,3,63,0.34045365261681393,0.031746031746031744
ITIncident,99,RandomForest,1,4,210,0.45435628658973715,0.05714285714285714
ITIncident,99,RandomForest,1,5,154,0.5371774744130251,0.012987012987012988
ITIncident,99,RandomForest,1,6,92,0.6279738447432976,0.05434782608695652
ITIncident,99,RandomForest,1,7,45,0.7562420508880601,0.022222222222222223
ITIncident,99,RandomForest,1,8,21,0.8374015955058198,0.19047619047619047
ITIncident,99,RandomForest,1,9,45,0.9479145335020098,0.5111111111111111
ITIncident,99,RandomForest,2,0,59,0.04105265637125711,0.4745762711864407
ITIncident,99,RandomForest,2,1,25,0.1582865078584845,0.84
ITIncident,99,RandomForest,2,2,53,0.24691706479879802,0.9622641509433962
ITIncident,99,RandomForest,2,3,108,0.36880728127066553,0.9166666666666666
ITIncident,99,RandomForest,2,4,182,0.46101870857921784,0.9505494505494505
ITIncident,99,RandomForest,2,5,231,0.5465354189807168,0.9177489177489178
ITIncident,99,RandomForest,2,6,100,0.6573043032433512,0.89
ITIncident,99,RandomForest,2,7,206,0.7539171602634447,0.8640776699029126
ITIncident,99,RandomForest,2,8,368,0.861262862437727,0.8858695652173914
ITIncident,99,RandomForest,2,9,3652,0.9806998090681623,0.9627601314348302
ITIncident,99,BalancedRF,0,0,2142,0.02194506691565515,0.0018674136321195146
ITIncident,99,BalancedRF,0,1,856,0.14877091245069105,0.011682242990654205
ITIncident,99,BalancedRF,0,2,659,0.24767009859943234,0.01669195751138088
ITIncident,99,BalancedRF,0,3,448,0.3487764773261278,0.044642857142857144
ITIncident,99,BalancedRF,0,4,295,0.44553706969509826,0.04745762711864407
ITIncident,99,BalancedRF,0,5,221,0.5464051096821995,0.07239819004524888
ITIncident,99,BalancedRF,0,6,174,0.64869695972472,0.10919540229885058
ITIncident,99,BalancedRF,0,7,109,0.7461558540847533,0.13761467889908258
ITIncident,99,BalancedRF,0,8,50,0.8445704761904761,0.3
ITIncident,99,BalancedRF,0,9,30,0.9610428119386162,0.4
ITIncident,99,BalancedRF,1,0,922,0.05539728333397132,0.01193058568329718
ITIncident,99,BalancedRF,1,1,1334,0.14825440400453668,0.017241379310344827
ITIncident,99,BalancedRF,1,2,856,0.2448626065787363,0.02453271028037383
ITIncident,99,BalancedRF,1,3,678,0.34341702137102914,0.032448377581120944
ITIncident,99,BalancedRF,1,4,440,0.44965041195823724,0.038636363636363635
ITIncident,99,BalancedRF,1,5,360,0.5448521073796504,0.05
ITIncident,99,BalancedRF,1,6,212,0.6398783902354105,0.03773584905660377
ITIncident,99,BalancedRF,1,7,90,0.7492499078559708,0.05555555555555555
ITIncident,99,BalancedRF,1,8,45,0.8356086420768772,0.13333333333333333
ITIncident,99,BalancedRF,1,9,47,0.9517558898873631,0.5106382978723404
ITIncident,99,BalancedRF,2,0,95,0.046796998337798684,0.5578947368421052
ITIncident,99,BalancedRF,2,1,181,0.1629026573346688,0.8066298342541437
ITIncident,99,BalancedRF,2,2,500,0.25313464171578187,0.864
ITIncident,99,BalancedRF,2,3,721,0.3533539420076698,0.9403606102635229
ITIncident,99,BalancedRF,2,4,888,0.4499049399997319,0.9594594594594594
ITIncident,99,BalancedRF,2,5,781,0.5454144061342205,0.9577464788732394
ITIncident,99,BalancedRF,2,6,718,0.6526581280483226,0.9777158774373259
ITIncident,99,BalancedRF,2,7,541,0.7524340318383851,0.977818853974122
ITIncident,99,BalancedRF,2,8,411,0.8414458140951774,0.9902676399026764
ITIncident,99,BalancedRF,2,9,148,0.9443546299493878,0.9864864864864865
ITIncident,99,MLP,0,0,4689,0.021788368816723743,0.021326508850501174
ITIncident,99,MLP,0,1,283,0.12769759192929037,0.1166077738515901
ITIncident,99,MLP,0,2,12,0.21803639555524615,0.25
ITIncident,99,MLP,0,3,0,,
ITIncident,99,MLP,0,4,0,,
ITIncident,99,MLP,0,5,0,,
ITIncident,99,MLP,0,6,0,,
ITIncident,99,MLP,0,7,0,,
ITIncident,99,MLP,0,8,0,,
ITIncident,99,MLP,0,9,0,,
ITIncident,99,MLP,1,0,4837,0.025117365392885626,0.025222245193301632
ITIncident,99,MLP,1,1,124,0.13943877641443014,0.20967741935483872
ITIncident,99,MLP,1,2,13,0.24262576644244377,0.15384615384615385
ITIncident,99,MLP,1,3,6,0.33218550144603215,0.3333333333333333
ITIncident,99,MLP,1,4,2,0.40605431693363,0.5
ITIncident,99,MLP,1,5,0,,
ITIncident,99,MLP,1,6,1,0.6510326917396084,1.0
ITIncident,99,MLP,1,7,0,,
ITIncident,99,MLP,1,8,1,0.8798812853096101,1.0
ITIncident,99,MLP,1,9,0,,
ITIncident,99,MLP,2,0,0,,
ITIncident,99,MLP,2,1,1,0.11686880221583944,0.0
ITIncident,99,MLP,2,2,0,,
ITIncident,99,MLP,2,3,1,0.33919542881810744,0.0
ITIncident,99,MLP,2,4,0,,
ITIncident,99,MLP,2,5,4,0.5387147839285142,0.25
ITIncident,99,MLP,2,6,14,0.6490469858912545,0.7857142857142857
ITIncident,99,MLP,2,7,63,0.7648811077502243,0.7936507936507936
ITIncident,99,MLP,2,8,687,0.8652223550483894,0.86608442503639
ITIncident,99,MLP,2,9,4214,0.9593054720493297,0.9577598481252966
ITIncident,99,LogReg,0,0,18,0.05529354568690889,0.0
ITIncident,99,LogReg,0,1,280,0.1705533607570783,0.039285714285714285
ITIncident,99,LogReg,0,2,1915,0.2568845686044495,0.015665796344647518
ITIncident,99,LogReg,0,3,1767,0.34886396617232335,0.025466893039049237
ITIncident,99,LogReg,0,4,677,0.4407320834856187,0.04874446085672083
ITIncident,99,LogReg,0,5,230,0.5422318998241418,0.05652173913043478
ITIncident,99,LogReg,0,6,61,0.6425984674665235,0.04918032786885246
ITIncident,99,LogReg,0,7,26,0.7369041962999335,0.038461538461538464
ITIncident,99,LogReg,0,8,10,0.8569012313339087,0.0
ITIncident,99,LogReg,0,9,0,,
ITIncident,99,LogReg,1,0,57,0.07220641675857295,0.0
ITIncident,99,LogReg,1,1,554,0.17020067349683135,0.01444043321299639
ITIncident,99,LogReg,1,2,1514,0.24514018631937365,0.013210039630118891
ITIncident,99,LogReg,1,3,1964,0.3525795020222139,0.037169042769857434
ITIncident,99,LogReg,1,4,511,0.43512170706667014,0.05870841487279843
ITIncident,99,LogReg,1,5,220,0.5518680556084081,0.06363636363636363
ITIncident,99,LogReg,1,6,144,0.6319343002908694,0.0625
ITIncident,99,LogReg,1,7,13,0.7276098878619485,0.07692307692307693
ITIncident,99,LogReg,1,8,6,0.8407678902131591,0.0
ITIncident,99,LogReg,1,9,1,0.9359317047154688,0.0
ITIncident,99,LogReg,2,0,22,0.07388103063276344,0.8636363636363636
ITIncident,99,LogReg,2,1,190,0.17397713543623589,0.9
ITIncident,99,LogReg,2,2,816,0.25434234277238005,0.9044117647058824
ITIncident,99,LogReg,2,3,3104,0.3587872048605474,0.9436211340206185
ITIncident,99,LogReg,2,4,818,0.4255370948866848,0.980440097799511
ITIncident,99,LogReg,2,5,15,0.553084244583094,1.0
ITIncident,99,LogReg,2,6,19,0.6505387926746463,1.0
ITIncident,99,LogReg,2,7,0,,
ITIncident,99,LogReg,2,8,0,,
ITIncident,99,LogReg,2,9,0,,
ITIncident,99,NaiveBayes,0,0,4984,0.026856981937505842,0.027287319422150885
ITIncident,99,NaiveBayes,0,1,0,,
ITIncident,99,NaiveBayes,0,2,0,,
ITIncident,99,NaiveBayes,0,3,0,,
ITIncident,99,NaiveBayes,0,4,0,,
ITIncident,99,NaiveBayes,0,5,0,,
ITIncident,99,NaiveBayes,0,6,0,,
ITIncident,99,NaiveBayes,0,7,0,,
ITIncident,99,NaiveBayes,0,8,0,,
ITIncident,99,NaiveBayes,0,9,0,,
ITIncident,99,NaiveBayes,1,0,4977,0.031344721959168376,0.03074141048824593
ITIncident,99,NaiveBayes,1,1,6,0.13118052833806526,0.3333333333333333
ITIncident,99,NaiveBayes,1,2,1,0.27555067016030615,0.0
ITIncident,99,NaiveBayes,1,3,0,,
ITIncident,99,NaiveBayes,1,4,0,,
ITIncident,99,NaiveBayes,1,5,0,,
ITIncident,99,NaiveBayes,1,6,0,,
ITIncident,99,NaiveBayes,1,7,0,,
ITIncident,99,NaiveBayes,1,8,0,,
ITIncident,99,NaiveBayes,1,9,0,,
ITIncident,99,NaiveBayes,2,0,0,,
ITIncident,99,NaiveBayes,2,1,0,,
ITIncident,99,NaiveBayes,2,2,0,,
ITIncident,99,NaiveBayes,2,3,0,,
ITIncident,99,NaiveBayes,2,4,0,,
ITIncident,99,NaiveBayes,2,5,0,,
ITIncident,99,NaiveBayes,2,6,0,,
ITIncident,99,NaiveBayes,2,7,1,0.716514657244606,1.0
ITIncident,99,NaiveBayes,2,8,219,0.8904809279365438,0.8949771689497716
ITIncident,99,NaiveBayes,2,9,4764,0.9440276341555737,0.943744752308984
ITIncident,2026,KATS,0,0,62,0.09108480448834683,0.0
ITIncident,2026,KATS,0,1,430,0.1410810520267052,0.002325581395348837
ITIncident,2026,KATS,0,2,587,0.25534172913387604,0.005110732538330494
ITIncident,2026,KATS,0,3,759,0.3476203285890435,0.005270092226613966
ITIncident,2026,KATS,0,4,764,0.45137272310982657,0.007853403141361256
ITIncident,2026,KATS,0,5,513,0.549916264566325,0.015594541910331383
ITIncident,2026,KATS,0,6,462,0.6457250437718944,0.025974025974025976
ITIncident,2026,KATS,0,7,461,0.7538010474194172,0.02386117136659436
ITIncident,2026,KATS,0,8,516,0.8495356059278633,0.05232558139534884
ITIncident,2026,KATS,0,9,430,0.949128222201491,0.14883720930232558
ITIncident,2026,KATS,1,0,1327,0.05124953413273619,0.02110022607385079
ITIncident,2026,KATS,1,1,1554,0.15026262792854492,0.017374517374517374
ITIncident,2026,KATS,1,2,1251,0.24488999101922515,0.02238209432454037
ITIncident,2026,KATS,1,3,221,0.3404443480377695,0.058823529411764705
ITIncident,2026,KATS,1,4,103,0.4355501183430997,0.0970873786407767
ITIncident,2026,KATS,1,5,107,0.5553264208351637,0.06542056074766354
ITIncident,2026,KATS,1,6,264,0.6514887700782328,0.022727272727272728
ITIncident,2026,KATS,1,7,137,0.7403999594534975,0.17518248175182483
ITIncident,2026,KATS,1,8,20,0.8073185159002572,0.6
ITIncident,2026,KATS,1,9,0,,
ITIncident,2026,KATS,2,0,808,0.05247372296578834,0.849009900990099
ITIncident,2026,KATS,2,1,1113,0.1486969759487782,0.917340521114106
ITIncident,2026,KATS,2,2,984,0.24395363014466878,0.959349593495935
ITIncident,2026,KATS,2,3,789,0.3577271348750117,0.9797211660329531
ITIncident,2026,KATS,2,4,1286,0.4473842168561879,0.9836702954898912
ITIncident,2026,KATS,2,5,3,0.5228284248210965,1.0
ITIncident,2026,KATS,2,6,1,0.6221033061592717,1.0
ITIncident,2026,KATS,2,7,0,,
ITIncident,2026,KATS,2,8,0,,
ITIncident,2026,KATS,2,9,0,,
ITIncident,2026,LightGBM,0,0,2675,0.018730116019052147,0.005607476635514018
ITIncident,2026,LightGBM,0,1,525,0.14423621020952992,0.022857142857142857
ITIncident,2026,LightGBM,0,2,348,0.24796747503473124,0.022988505747126436
ITIncident,2026,LightGBM,0,3,208,0.34606287277630066,0.03365384615384615
ITIncident,2026,LightGBM,0,4,238,0.44944740662462046,0.01680672268907563
ITIncident,2026,LightGBM,0,5,178,0.5494473597954058,0.016853932584269662
ITIncident,2026,LightGBM,0,6,161,0.6497796633341504,0.031055900621118012
ITIncident,2026,LightGBM,0,7,191,0.7525456680862475,0.05235602094240838
ITIncident,2026,LightGBM,0,8,213,0.8497929521084826,0.056338028169014086
ITIncident,2026,LightGBM,0,9,247,0.9437271841088356,0.242914979757085
ITIncident,2026,LightGBM,1,0,2182,0.035378207029901874,0.013290559120073327
ITIncident,2026,LightGBM,1,1,728,0.1444937594898752,0.0260989010989011
ITIncident,2026,LightGBM,1,2,490,0.24472035631222888,0.030612244897959183
ITIncident,2026,LightGBM,1,3,388,0.34555399228153577,0.020618556701030927
ITIncident,2026,LightGBM,1,4,450,0.45361100045130204,0.028888888888888888
ITIncident,2026,LightGBM,1,5,435,0.55083726671118,0.052873563218390804
ITIncident,2026,LightGBM,1,6,167,0.6570921938993838,0.03592814371257485
ITIncident,2026,LightGBM,1,7,72,0.743962036162185,0.1111111111111111
ITIncident,2026,LightGBM,1,8,13,0.8339074322833806,0.23076923076923078
ITIncident,2026,LightGBM,1,9,59,0.9447319334852712,0.5254237288135594
ITIncident,2026,LightGBM,2,0,424,0.055083731227231834,0.7429245283018868
ITIncident,2026,LightGBM,2,1,320,0.14616847095001712,0.915625
ITIncident,2026,LightGBM,2,2,338,0.2519812983253586,0.8994082840236687
ITIncident,2026,LightGBM,2,3,422,0.3449622508899808,0.9478672985781991
ITIncident,2026,LightGBM,2,4,656,0.4486060809049084,0.9603658536585366
ITIncident,2026,LightGBM,2,5,686,0.5506237326935238,0.9766763848396501
ITIncident,2026,LightGBM,2,6,465,0.6507643111556859,0.9634408602150538
ITIncident,2026,LightGBM,2,7,497,0.7472913402946809,0.9698189134808853
ITIncident,2026,LightGBM,2,8,447,0.8496745622465741,0.9753914988814317
ITIncident,2026,LightGBM,2,9,729,0.954702334021797,0.9807956104252401
ITIncident,2026,XGBoost,0,0,4701,0.014083007350564003,0.015528610933843863
ITIncident,2026,XGBoost,0,1,203,0.13842757046222687,0.1477832512315271
ITIncident,2026,XGBoost,0,2,40,0.24664592742919922,0.175
ITIncident,2026,XGBoost,0,3,17,0.34064042568206787,0.5882352941176471
ITIncident,2026,XGBoost,0,4,5,0.40828847885131836,0.6
ITIncident,2026,XGBoost,0,5,6,0.5629248023033142,0.3333333333333333
ITIncident,2026,XGBoost,0,6,10,0.6395388841629028,0.9
ITIncident,2026,XGBoost,0,7,2,0.7535892724990845,1.0
ITIncident,2026,XGBoost,0,8,0,,
ITIncident,2026,XGBoost,0,9,0,,
ITIncident,2026,XGBoost,1,0,4824,0.021252242848277092,0.02321724709784411
ITIncident,2026,XGBoost,1,1,73,0.13737520575523376,0.1095890410958904
ITIncident,2026,XGBoost,1,2,46,0.2400776445865631,0.2391304347826087
ITIncident,2026,XGBoost,1,3,6,0.34321317076683044,0.0
ITIncident,2026,XGBoost,1,4,19,0.4815409779548645,0.47368421052631576
ITIncident,2026,XGBoost,1,5,0,,
ITIncident,2026,XGBoost,1,6,2,0.6610617637634277,1.0
ITIncident,2026,XGBoost,1,7,0,,
ITIncident,2026,XGBoost,1,8,2,0.8608427047729492,1.0
ITIncident,2026,XGBoost,1,9,12,0.9152706265449524,0.9166666666666666
ITIncident,2026,XGBoost,2,0,12,0.08454648405313492,0.08333333333333333
ITIncident,2026,XGBoost,2,1,2,0.13881447911262512,0.0
ITIncident,2026,XGBoost,2,2,6,0.2708533704280853,0.0
ITIncident,2026,XGBoost,2,3,12,0.36147692799568176,0.3333333333333333
ITIncident,2026,XGBoost,2,4,6,0.45427027344703674,0.5
ITIncident,2026,XGBoost,2,5,26,0.5288333296775818,0.5
ITIncident,2026,XGBoost,2,6,28,0.6546289324760437,0.5
ITIncident,2026,XGBoost,2,7,117,0.761598527431488,0.8461538461538461
ITIncident,2026,XGBoost,2,8,372,0.8623026609420776,0.8360215053763441
ITIncident,2026,XGBoost,2,9,4403,0.9675096273422241,0.9647967295026119
ITIncident,2026,RandomForest,0,0,4647,0.00999389459200612,0.016785022595222725
ITIncident,2026,RandomForest,0,1,185,0.13577593395643378,0.11351351351351352
ITIncident,2026,RandomForest,0,2,69,0.24337157048021307,0.11594202898550725
ITIncident,2026,RandomForest,0,3,19,0.3465572628918565,0.15789473684210525
ITIncident,2026,RandomForest,0,4,17,0.445072881432402,0.4117647058823529
ITIncident,2026,RandomForest,0,5,15,0.5503794732166655,0.13333333333333333
ITIncident,2026,RandomForest,0,6,15,0.6466514449900806,0.3333333333333333
ITIncident,2026,RandomForest,0,7,3,0.793412094962575,0.0
ITIncident,2026,RandomForest,0,8,2,0.8344952320225353,0.5
ITIncident,2026,RandomForest,0,9,12,0.9766369335453017,0.9166666666666666
ITIncident,2026,RandomForest,1,0,4077,0.010335556392515422,0.021829776796664212
ITIncident,2026,RandomForest,1,1,193,0.14526957679523017,0.06735751295336788
ITIncident,2026,RandomForest,1,2,64,0.2577310022391961,0.109375
ITIncident,2026,RandomForest,1,3,97,0.3512663541795601,0.020618556701030927
ITIncident,2026,RandomForest,1,4,131,0.46786980054017513,0.007633587786259542
ITIncident,2026,RandomForest,1,5,185,0.5505431522136749,0.021621621621621623
ITIncident,2026,RandomForest,1,6,145,0.6219299322222116,0.041379310344827586
ITIncident,2026,RandomForest,1,7,18,0.740755865530493,0.1111111111111111
ITIncident,2026,RandomForest,1,8,46,0.8642846552700467,0.1956521739130435
ITIncident,2026,RandomForest,1,9,28,0.983005755022331,0.7857142857142857
ITIncident,2026,RandomForest,2,0,40,0.018654891420777725,0.175
ITIncident,2026,RandomForest,2,1,49,0.13764992258474734,0.7755102040816326
ITIncident,2026,RandomForest,2,2,21,0.2546098181979942,0.9047619047619048
ITIncident,2026,RandomForest,2,3,160,0.3750753514482644,0.925
ITIncident,2026,RandomForest,2,4,212,0.447695546318101,0.9669811320754716
ITIncident,2026,RandomForest,2,5,150,0.5342223733286451,0.9533333333333334
ITIncident,2026,RandomForest,2,6,122,0.6475208929367102,0.9180327868852459
ITIncident,2026,RandomForest,2,7,138,0.7544472164557394,0.8478260869565217
ITIncident,2026,RandomForest,2,8,425,0.8565268404897659,0.8823529411764706
ITIncident,2026,RandomForest,2,9,3667,0.9812007899020941,0.9623670575402237
ITIncident,2026,BalancedRF,0,0,2103,0.02079110718625697,0.0028530670470756064
ITIncident,2026,BalancedRF,0,1,949,0.14869716153962728,0.01053740779768177
ITIncident,2026,BalancedRF,0,2,691,0.24443608215303655,0.02604920405209841
ITIncident,2026,BalancedRF,0,3,388,0.34552822499665287,0.03608247422680412
ITIncident,2026,BalancedRF,0,4,306,0.44709016096040316,0.026143790849673203
ITIncident,2026,BalancedRF,0,5,232,0.5489271006342921,0.07327586206896551
ITIncident,2026,BalancedRF,0,6,143,0.6513267259237615,0.08391608391608392
ITIncident,2026,BalancedRF,0,7,101,0.7432318410101879,0.21782178217821782
ITIncident,2026,BalancedRF,0,8,45,0.8438876984126984,0.3333333333333333
ITIncident,2026,BalancedRF,0,9,26,0.9591724505756946,0.5384615384615384
ITIncident,2026,BalancedRF,1,0,910,0.05591173684219552,0.008791208791208791
ITIncident,2026,BalancedRF,1,1,1346,0.14865127369196057,0.010401188707280832
ITIncident,2026,BalancedRF,1,2,873,0.2463416497968478,0.0286368843069874
ITIncident,2026,BalancedRF,1,3,630,0.34859730812569406,0.03015873015873016
ITIncident,2026,BalancedRF,1,4,437,0.4441722884908717,0.057208237986270026
ITIncident,2026,BalancedRF,1,5,365,0.5536772585102231,0.043835616438356165
ITIncident,2026,BalancedRF,1,6,246,0.6362167643553872,0.044715447154471545
ITIncident,2026,BalancedRF,1,7,76,0.7301442099996666,0.039473684210526314
ITIncident,2026,BalancedRF,1,8,39,0.8414354556917559,0.07692307692307693
ITIncident,2026,BalancedRF,1,9,62,0.9448559960233476,0.5
ITIncident,2026,BalancedRF,2,0,106,0.05322971031593526,0.5
ITIncident,2026,BalancedRF,2,1,167,0.1581727792382241,0.8083832335329342
ITIncident,2026,BalancedRF,2,2,445,0.25940891989207643,0.8831460674157303
ITIncident,2026,BalancedRF,2,3,745,0.35637002541480806,0.912751677852349
ITIncident,2026,BalancedRF,2,4,908,0.44735885671100906,0.9592511013215859
ITIncident,2026,BalancedRF,2,5,793,0.5509951852969117,0.9709962168978562
ITIncident,2026,BalancedRF,2,6,713,0.6448049068283594,0.9719495091164095
ITIncident,2026,BalancedRF,2,7,483,0.7493873792233996,0.9917184265010351
ITIncident,2026,BalancedRF,2,8,515,0.8443304489751589,0.9902912621359223
ITIncident,2026,BalancedRF,2,9,109,0.9451507336954585,1.0
ITIncident,2026,MLP,0,0,4967,0.029058055604908883,0.02677672639420173
ITIncident,2026,MLP,0,1,17,0.10694241661813521,0.17647058823529413
ITIncident,2026,MLP,0,2,0,,
ITIncident,2026,MLP,0,3,0,,
ITIncident,2026,MLP,0,4,0,,
ITIncident,2026,MLP,0,5,0,,
ITIncident,2026,MLP,0,6,0,,
ITIncident,2026,MLP,0,7,0,,
ITIncident,2026,MLP,0,8,0,,
ITIncident,2026,MLP,0,9,0,,
ITIncident,2026,MLP,1,0,4789,0.03823785393635483,0.028607224890373772
ITIncident,2026,MLP,1,1,195,0.11910621516803144,0.09230769230769231
ITIncident,2026,MLP,1,2,0,,
ITIncident,2026,MLP,1,3,0,,
ITIncident,2026,MLP,1,4,0,,
ITIncident,2026,MLP,1,5,0,,
ITIncident,2026,MLP,1,6,0,,
ITIncident,2026,MLP,1,7,0,,
ITIncident,2026,MLP,1,8,0,,
ITIncident,2026,MLP,1,9,0,,
ITIncident,2026,MLP,2,0,0,,
ITIncident,2026,MLP,2,1,0,,
ITIncident,2026,MLP,2,2,0,,
ITIncident,2026,MLP,2,3,0,,
ITIncident,2026,MLP,2,4,0,,
ITIncident,2026,MLP,2,5,0,,
ITIncident,2026,MLP,2,6,0,,
ITIncident,2026,MLP,2,7,44,0.78136608119116,0.7727272727272727
ITIncident,2026,MLP,2,8,959,0.8655374805343353,0.899895724713243
ITIncident,2026,MLP,2,9,3981,0.9462630672856321,0.953529264004019
ITIncident,2026,LogReg,0,0,20,0.0443063189863911,0.0
ITIncident,2026,LogReg,0,1,261,0.16497283739620772,0.05363984674329502
ITIncident,2026,LogReg,0,2,2030,0.2559998964742553,0.014285714285714285
ITIncident,2026,LogReg,0,3,1565,0.35087055339063156,0.02875399361022364
ITIncident,2026,LogReg,0,4,786,0.441129227402189,0.04071246819338423
ITIncident,2026,LogReg,0,5,241,0.5356911124560909,0.04979253112033195
ITIncident,2026,LogReg,0,6,57,0.6354524089374803,0.07017543859649122
ITIncident,2026,LogReg,0,7,20,0.7469458124038728,0.0
ITIncident,2026,LogReg,0,8,4,0.8265349393694208,0.0
ITIncident,2026,LogReg,0,9,0,,
ITIncident,2026,LogReg,1,0,63,0.06285733760531041,0.015873015873015872
ITIncident,2026,LogReg,1,1,836,0.17020549560021078,0.009569377990430622
ITIncident,2026,LogReg,1,2,1138,0.24285265225560368,0.015817223198594025
ITIncident,2026,LogReg,1,3,1846,0.35582698558313525,0.03358613217768147
ITIncident,2026,LogReg,1,4,743,0.42699839100012427,0.04979811574697174
ITIncident,2026,LogReg,1,5,164,0.5497551079003934,0.07317073170731707
ITIncident,2026,LogReg,1,6,175,0.6364803618848481,0.09142857142857143
ITIncident,2026,LogReg,1,7,9,0.7373925089645156,0.1111111111111111
ITIncident,2026,LogReg,1,8,8,0.8338245950260286,0.0
ITIncident,2026,LogReg,1,9,2,0.9394653094112558,0.0
ITIncident,2026,LogReg,2,0,13,0.07942664932094522,0.9230769230769231
ITIncident,2026,LogReg,2,1,169,0.16975365650886337,0.8816568047337278
ITIncident,2026,LogReg,2,2,742,0.25537746631258795,0.894878706199461
ITIncident,2026,LogReg,2,3,3275,0.35672238123141725,0.9450381679389313
ITIncident,2026,LogReg,2,4,749,0.42487055003715424,0.9853137516688919
ITIncident,2026,LogReg,2,5,18,0.5629423168061545,0.9444444444444444
ITIncident,2026,LogReg,2,6,17,0.640505802273795,1.0
ITIncident,2026,LogReg,2,7,1,0.7778820161876911,1.0
ITIncident,2026,LogReg,2,8,0,,
ITIncident,2026,LogReg,2,9,0,,
ITIncident,2026,NaiveBayes,0,0,4984,0.026984108981088755,0.027287319422150885
ITIncident,2026,NaiveBayes,0,1,0,,
ITIncident,2026,NaiveBayes,0,2,0,,
ITIncident,2026,NaiveBayes,0,3,0,,
ITIncident,2026,NaiveBayes,0,4,0,,
ITIncident,2026,NaiveBayes,0,5,0,,
ITIncident,2026,NaiveBayes,0,6,0,,
ITIncident,2026,NaiveBayes,0,7,0,,
ITIncident,2026,NaiveBayes,0,8,0,,
ITIncident,2026,NaiveBayes,0,9,0,,
ITIncident,2026,NaiveBayes,1,0,4983,0.031060748215593233,0.031105759582580775
ITIncident,2026,NaiveBayes,1,1,0,,
ITIncident,2026,NaiveBayes,1,2,1,0.25977175992474943,0.0
ITIncident,2026,NaiveBayes,1,3,0,,
ITIncident,2026,NaiveBayes,1,4,0,,
ITIncident,2026,NaiveBayes,1,5,0,,
ITIncident,2026,NaiveBayes,1,6,0,,
ITIncident,2026,NaiveBayes,1,7,0,,
ITIncident,2026,NaiveBayes,1,8,0,,
ITIncident,2026,NaiveBayes,1,9,0,,
ITIncident,2026,NaiveBayes,2,0,0,,
ITIncident,2026,NaiveBayes,2,1,0,,
ITIncident,2026,NaiveBayes,2,2,0,,
ITIncident,2026,NaiveBayes,2,3,0,,
ITIncident,2026,NaiveBayes,2,4,0,,
ITIncident,2026,NaiveBayes,2,5,0,,
ITIncident,2026,NaiveBayes,2,6,0,,
ITIncident,2026,NaiveBayes,2,7,1,0.7357761019373853,1.0
ITIncident,2026,NaiveBayes,2,8,58,0.8949969707578023,0.8620689655172413
ITIncident,2026,NaiveBayes,2,9,4925,0.942503577728759,0.9425380710659899
MultiCloud,42,KATS,0,0,1,0.0860720708537553,0.0
MultiCloud,42,KATS,0,1,3,0.14501499098813597,0.0
MultiCloud,42,KATS,0,2,57,0.26779787617885986,0.3508771929824561
MultiCloud,42,KATS,0,3,111,0.3462831655710764,0.3333333333333333
MultiCloud,42,KATS,0,4,25,0.43549322308220545,0.36
MultiCloud,42,KATS,0,5,3,0.5149555762203678,0.3333333333333333
MultiCloud,42,KATS,0,6,0,,
MultiCloud,42,KATS,0,7,0,,
MultiCloud,42,KATS,0,8,0,,
MultiCloud,42,KATS,0,9,0,,
MultiCloud,42,KATS,1,0,0,,
MultiCloud,42,KATS,1,1,0,,
MultiCloud,42,KATS,1,2,74,0.26860925991968276,0.33783783783783783
MultiCloud,42,KATS,1,3,108,0.3461651711609917,0.3055555555555556
MultiCloud,42,KATS,1,4,14,0.43124622714142913,0.42857142857142855
MultiCloud,42,KATS,1,5,2,0.5462387134279636,1.0
MultiCloud,42,KATS,1,6,2,0.6256826807341469,0.5
MultiCloud,42,KATS,1,7,0,,
MultiCloud,42,KATS,1,8,0,,
MultiCloud,42,KATS,1,9,0,,
MultiCloud,42,KATS,2,0,0,,
MultiCloud,42,KATS,2,1,3,0.19452347679417756,0.3333333333333333
MultiCloud,42,KATS,2,2,57,0.2680059732148014,0.3157894736842105
MultiCloud,42,KATS,2,3,106,0.3500624431397369,0.3113207547169811
MultiCloud,42,KATS,2,4,32,0.4287774893564004,0.4375
MultiCloud,42,KATS,2,5,2,0.5065760531450537,0.0
MultiCloud,42,KATS,2,6,0,,
MultiCloud,42,KATS,2,7,0,,
MultiCloud,42,KATS,2,8,0,,
MultiCloud,42,KATS,2,9,0,,
MultiCloud,42,LightGBM,0,0,25,0.05714163653393998,0.16
MultiCloud,42,LightGBM,0,1,31,0.1487410636428713,0.3870967741935484
MultiCloud,42,LightGBM,0,2,38,0.24387108390755344,0.4473684210526316
MultiCloud,42,LightGBM,0,3,31,0.34312866139906006,0.4838709677419355
MultiCloud,42,LightGBM,0,4,26,0.44770002640234957,0.23076923076923078
MultiCloud,42,LightGBM,0,5,25,0.5526712044809003,0.28
MultiCloud,42,LightGBM,0,6,12,0.660150600406168,0.16666666666666666
MultiCloud,42,LightGBM,0,7,9,0.7357382841868971,0.3333333333333333
MultiCloud,42,LightGBM,0,8,3,0.8399169088714494,0.3333333333333333
MultiCloud,42,LightGBM,0,9,0,,
MultiCloud,42,LightGBM,1,0,15,0.06225361591389613,0.3333333333333333
MultiCloud,42,LightGBM,1,1,53,0.14873811293150688,0.3584905660377358
MultiCloud,42,LightGBM,1,2,34,0.24697702042414688,0.35294117647058826
MultiCloud,42,LightGBM,1,3,33,0.35765768567173356,0.3333333333333333
MultiCloud,42,LightGBM,1,4,20,0.45667546116730956,0.25
MultiCloud,42,LightGBM,1,5,21,0.5479429947007608,0.42857142857142855
MultiCloud,42,LightGBM,1,6,16,0.65402144590686,0.3125
MultiCloud,42,LightGBM,1,7,5,0.7319307880655106,0.2
MultiCloud,42,LightGBM,1,8,3,0.8405118902859724,0.0
MultiCloud,42,LightGBM,1,9,0,,
MultiCloud,42,LightGBM,2,0,28,0.064576706639226,0.5714285714285714
MultiCloud,42,LightGBM,2,1,44,0.15728293245822675,0.25
MultiCloud,42,LightGBM,2,2,40,0.25583161132635546,0.35
MultiCloud,42,LightGBM,2,3,20,0.3427150717347883,0.35
MultiCloud,42,LightGBM,2,4,24,0.4427763104931546,0.25
MultiCloud,42,LightGBM,2,5,18,0.5486204791115941,0.1111111111111111
MultiCloud,42,LightGBM,2,6,9,0.6318491504683333,0.1111111111111111
MultiCloud,42,LightGBM,2,7,12,0.7393480257105852,0.5833333333333334
MultiCloud,42,LightGBM,2,8,3,0.8354497363884105,0.0
MultiCloud,42,LightGBM,2,9,2,0.9251955406123552,1.0
MultiCloud,42,XGBoost,0,0,29,0.05935947224497795,0.3103448275862069
MultiCloud,42,XGBoost,0,1,31,0.15148895978927612,0.45161290322580644
MultiCloud,42,XGBoost,0,2,30,0.2533250153064728,0.4
MultiCloud,42,XGBoost,0,3,35,0.3491809666156769,0.3142857142857143
MultiCloud,42,XGBoost,0,4,27,0.44947564601898193,0.25925925925925924
MultiCloud,42,XGBoost,0,5,20,0.5397325754165649,0.35
MultiCloud,42,XGBoost,0,6,16,0.6348158121109009,0.1875
MultiCloud,42,XGBoost,0,7,10,0.7382508516311646,0.4
MultiCloud,42,XGBoost,0,8,1,0.8068464398384094,0.0
MultiCloud,42,XGBoost,0,9,1,0.9361594319343567,0.0
MultiCloud,42,XGBoost,1,0,22,0.06586000323295593,0.22727272727272727
MultiCloud,42,XGBoost,1,1,39,0.156788632273674,0.3333333333333333
MultiCloud,42,XGBoost,1,2,40,0.2518905997276306,0.325
MultiCloud,42,XGBoost,1,3,35,0.34797677397727966,0.4857142857142857
MultiCloud,42,XGBoost,1,4,21,0.4597421884536743,0.2857142857142857
MultiCloud,42,XGBoost,1,5,19,0.5412381291389465,0.3157894736842105
MultiCloud,42,XGBoost,1,6,11,0.6466557383537292,0.2727272727272727
MultiCloud,42,XGBoost,1,7,9,0.7519696354866028,0.4444444444444444
MultiCloud,42,XGBoost,1,8,3,0.8601329922676086,0.0
MultiCloud,42,XGBoost,1,9,1,0.9218241572380066,0.0
MultiCloud,42,XGBoost,2,0,23,0.06557731330394745,0.5652173913043478
MultiCloud,42,XGBoost,2,1,45,0.1521380990743637,0.4
MultiCloud,42,XGBoost,2,2,41,0.24558858573436737,0.24390243902439024
MultiCloud,42,XGBoost,2,3,34,0.34886470437049866,0.2647058823529412
MultiCloud,42,XGBoost,2,4,22,0.4539697766304016,0.22727272727272727
MultiCloud,42,XGBoost,2,5,9,0.5540854334831238,0.1111111111111111
MultiCloud,42,XGBoost,2,6,10,0.6357247829437256,0.3
MultiCloud,42,XGBoost,2,7,9,0.7472767233848572,0.2222222222222222
MultiCloud,42,XGBoost,2,8,6,0.8520485758781433,0.6666666666666666
MultiCloud,42,XGBoost,2,9,1,0.9543548226356506,1.0
MultiCloud,42,RandomForest,0,0,3,0.06666666666666667,0.3333333333333333
MultiCloud,42,RandomForest,0,1,18,0.16166666666666665,0.3333333333333333
MultiCloud,42,RandomForest,0,2,58,0.25551724137931037,0.3793103448275862
MultiCloud,42,RandomForest,0,3,61,0.34721311475409833,0.3770491803278688
MultiCloud,42,RandomForest,0,4,41,0.44048780487804884,0.21951219512195122
MultiCloud,42,RandomForest,0,5,17,0.5332352941176471,0.29411764705882354
MultiCloud,42,RandomForest,0,6,2,0.615,0.5
MultiCloud,42,RandomForest,0,7,0,,
MultiCloud,42,RandomForest,0,8,0,,
MultiCloud,42,RandomForest,0,9,0,,
MultiCloud,42,RandomForest,1,0,0,,
MultiCloud,42,RandomForest,1,1,18,0.17305555555555555,0.2777777777777778
MultiCloud,42,RandomForest,1,2,66,0.2503787878787879,0.3787878787878788
MultiCloud,42,RandomForest,1,3,71,0.34457746478873236,0.352112676056338
MultiCloud,42,RandomForest,1,4,28,0.4382142857142856,0.25
MultiCloud,42,RandomForest,1,5,14,0.5421428571428571,0.21428571428571427
MultiCloud,42,RandomForest,1,6,3,0.6350000000000001,0.6666666666666666
MultiCloud,42,RandomForest,1,7,0,,
MultiCloud,42,RandomForest,1,8,0,,
MultiCloud,42,RandomForest,1,9,0,,
MultiCloud,42,RandomForest,2,0,0,,
MultiCloud,42,RandomForest,2,1,18,0.16000000000000003,0.5555555555555556
MultiCloud,42,RandomForest,2,2,64,0.253203125,0.25
MultiCloud,42,RandomForest,2,3,66,0.3524242424242425,0.3787878787878788
MultiCloud,42,RandomForest,2,4,41,0.445,0.3170731707317073
MultiCloud,42,RandomForest,2,5,8,0.52,0.25
MultiCloud,42,RandomForest,2,6,3,0.6383333333333333,0.0
MultiCloud,42,RandomForest,2,7,0,,
MultiCloud,42,RandomForest,2,8,0,,
MultiCloud,42,RandomForest,2,9,0,,
MultiCloud,42,BalancedRF,0,0,4,0.0575,0.25
MultiCloud,42,BalancedRF,0,1,17,0.1585294117647059,0.35294117647058826
MultiCloud,42,BalancedRF,0,2,49,0.25673469387755105,0.40816326530612246
MultiCloud,42,BalancedRF,0,3,73,0.3498630136986301,0.3013698630136986
MultiCloud,42,BalancedRF,0,4,41,0.43792682926829274,0.3170731707317073
MultiCloud,42,BalancedRF,0,5,15,0.5336666666666667,0.26666666666666666
MultiCloud,42,BalancedRF,0,6,1,0.66,1.0
MultiCloud,42,BalancedRF,0,7,0,,
MultiCloud,42,BalancedRF,0,8,0,,
MultiCloud,42,BalancedRF,0,9,0,,
MultiCloud,42,BalancedRF,1,0,0,,
MultiCloud,42,BalancedRF,1,1,20,0.17149999999999996,0.3
MultiCloud,42,BalancedRF,1,2,60,0.2614166666666667,0.3
MultiCloud,42,BalancedRF,1,3,74,0.3430405405405405,0.40540540540540543
MultiCloud,42,BalancedRF,1,4,29,0.43672413793103443,0.3103448275862069
MultiCloud,42,BalancedRF,1,5,13,0.5461538461538461,0.15384615384615385
MultiCloud,42,BalancedRF,1,6,4,0.62625,0.5
MultiCloud,42,BalancedRF,1,7,0,,
MultiCloud,42,BalancedRF,1,8,0,,
MultiCloud,42,BalancedRF,1,9,0,,
MultiCloud,42,BalancedRF,2,0,0,,
MultiCloud,42,BalancedRF,2,1,21,0.1638095238095238,0.47619047619047616
MultiCloud,42,BalancedRF,2,2,66,0.25499999999999995,0.2878787878787879
MultiCloud,42,BalancedRF,2,3,64,0.350859375,0.3125
MultiCloud,42,BalancedRF,2,4,39,0.4442307692307692,0.358974358974359
MultiCloud,42,BalancedRF,2,5,8,0.53,0.25
MultiCloud,42,BalancedRF,2,6,2,0.6375,0.5
MultiCloud,42,BalancedRF,2,7,0,,
MultiCloud,42,BalancedRF,2,8,0,,
MultiCloud,42,BalancedRF,2,9,0,,
MultiCloud,42,MLP,0,0,0,,
MultiCloud,42,MLP,0,1,4,0.15488684506475792,0.0
MultiCloud,42,MLP,0,2,36,0.26970074809527605,0.2777777777777778
MultiCloud,42,MLP,0,3,156,0.34872686574032447,0.358974358974359
MultiCloud,42,MLP,0,4,4,0.40555831484659427,0.25
MultiCloud,42,MLP,0,5,0,,
MultiCloud,42,MLP,0,6,0,,
MultiCloud,42,MLP,0,7,0,,
MultiCloud,42,MLP,0,8,0,,
MultiCloud,42,MLP,0,9,0,,
MultiCloud,42,MLP,1,0,0,,
MultiCloud,42,MLP,1,1,0,,
MultiCloud,42,MLP,1,2,55,0.2815350173039952,0.34545454545454546
MultiCloud,42,MLP,1,3,132,0.3357288910913128,0.3106060606060606
MultiCloud,42,MLP,1,4,9,0.4270841272511766,0.4444444444444444
MultiCloud,42,MLP,1,5,4,0.5628175045698987,0.75
MultiCloud,42,MLP,1,6,0,,
MultiCloud,42,MLP,1,7,0,,
MultiCloud,42,MLP,1,8,0,,
MultiCloud,42,MLP,1,9,0,,
MultiCloud,42,MLP,2,0,0,,
MultiCloud,42,MLP,2,1,0,,
MultiCloud,42,MLP,2,2,24,0.28722457507447147,0.2916666666666667
MultiCloud,42,MLP,2,3,166,0.34181928540282425,0.3373493975903614
MultiCloud,42,MLP,2,4,10,0.41165434554646785,0.3
MultiCloud,42,MLP,2,5,0,,
MultiCloud,42,MLP,2,6,0,,
MultiCloud,42,MLP,2,7,0,,
MultiCloud,42,MLP,2,8,0,,
MultiCloud,42,MLP,2,9,0,,
MultiCloud,42,LogReg,0,0,4,0.05985832797082938,0.0
MultiCloud,42,LogReg,0,1,0,,
MultiCloud,42,LogReg,0,2,54,0.2756403745543889,0.37037037037037035
MultiCloud,42,LogReg,0,3,112,0.3482771288944497,0.3482142857142857
MultiCloud,42,LogReg,0,4,30,0.430700265585574,0.26666666666666666
MultiCloud,42,LogReg,0,5,0,,
MultiCloud,42,LogReg,0,6,0,,
MultiCloud,42,LogReg,0,7,0,,
MultiCloud,42,LogReg,0,8,0,,
MultiCloud,42,LogReg,0,9,0,,
MultiCloud,42,LogReg,1,0,0,,
MultiCloud,42,LogReg,1,1,0,,
MultiCloud,42,LogReg,1,2,72,0.2660830669492151,0.3194444444444444
MultiCloud,42,LogReg,1,3,112,0.3448049223478379,0.3392857142857143
MultiCloud,42,LogReg,1,4,12,0.4219032006588002,0.25
MultiCloud,42,LogReg,1,5,0,,
MultiCloud,42,LogReg,1,6,4,0.6258944712318173,0.75
MultiCloud,42,LogReg,1,7,0,,
MultiCloud,42,LogReg,1,8,0,,
MultiCloud,42,LogReg,1,9,0,,
MultiCloud,42,LogReg,2,0,0,,
MultiCloud,42,LogReg,2,1,0,,
MultiCloud,42,LogReg,2,2,30,0.28633547698504125,0.4
MultiCloud,42,LogReg,2,3,160,0.34324208389513167,0.31875
MultiCloud,42,LogReg,2,4,10,0.4096593909527585,0.3
MultiCloud,42,LogReg,2,5,0,,
MultiCloud,42,LogReg,2,6,0,,
MultiCloud,42,LogReg,2,7,0,,
MultiCloud,42,LogReg,2,8,0,,
MultiCloud,42,LogReg,2,9,0,,
MultiCloud,42,NaiveBayes,0,0,4,0.059876272625979415,0.0
MultiCloud,42,NaiveBayes,0,1,1,0.19776363222491425,0.0
MultiCloud,42,NaiveBayes,0,2,52,0.26788567043605443,0.36538461538461536
MultiCloud,42,NaiveBayes,0,3,115,0.35440953850179246,0.3391304347826087
MultiCloud,42,NaiveBayes,0,4,28,0.4178089341557879,0.32142857142857145
MultiCloud,42,NaiveBayes,0,5,0,,
MultiCloud,42,NaiveBayes,0,6,0,,
MultiCloud,42,NaiveBayes,0,7,0,,
MultiCloud,42,NaiveBayes,0,8,0,,
MultiCloud,42,NaiveBayes,0,9,0,,
MultiCloud,42,NaiveBayes,1,0,0,,
MultiCloud,42,NaiveBayes,1,1,1,0.1761303249368551,0.0
MultiCloud,42,NaiveBayes,1,2,62,0.2822225531518056,0.2903225806451613
MultiCloud,42,NaiveBayes,1,3,130,0.3356737862282151,0.35384615384615387
MultiCloud,42,NaiveBayes,1,4,3,0.40338439409874005,0.0
MultiCloud,42,NaiveBayes,1,5,0,,
MultiCloud,42,NaiveBayes,1,6,2,0.6601249621641997,1.0
MultiCloud,42,NaiveBayes,1,7,1,0.7272432118164945,1.0
MultiCloud,42,NaiveBayes,1,8,1,0.8196329564159726,0.0
MultiCloud,42,NaiveBayes,1,9,0,,
MultiCloud,42,NaiveBayes,2,0,0,,
MultiCloud,42,NaiveBayes,2,1,1,0.11905626134301271,1.0
MultiCloud,42,NaiveBayes,2,2,3,0.25242190822876126,0.0
MultiCloud,42,NaiveBayes,2,3,183,0.3357404141182913,0.33879781420765026
MultiCloud,42,NaiveBayes,2,4,13,0.4208701119982821,0.23076923076923078
MultiCloud,42,NaiveBayes,2,5,0,,
MultiCloud,42,NaiveBayes,2,6,0,,
MultiCloud,42,NaiveBayes,2,7,0,,
MultiCloud,42,NaiveBayes,2,8,0,,
MultiCloud,42,NaiveBayes,2,9,0,,
MultiCloud,7,KATS,0,0,0,,
MultiCloud,7,KATS,0,1,4,0.18943256872051012,0.0
MultiCloud,7,KATS,0,2,61,0.27281889463834397,0.2459016393442623
MultiCloud,7,KATS,0,3,125,0.3473933045236332,0.384
MultiCloud,7,KATS,0,4,10,0.41810485801359676,0.3
MultiCloud,7,KATS,0,5,0,,
MultiCloud,7,KATS,0,6,0,,
MultiCloud,7,KATS,0,7,0,,
MultiCloud,7,KATS,0,8,0,,
MultiCloud,7,KATS,0,9,0,,
MultiCloud,7,KATS,1,0,0,,
MultiCloud,7,KATS,1,1,0,,
MultiCloud,7,KATS,1,2,43,0.27617467318755756,0.2558139534883721
MultiCloud,7,KATS,1,3,136,0.3437405531847869,0.35294117647058826
MultiCloud,7,KATS,1,4,21,0.4194595679443477,0.38095238095238093
MultiCloud,7,KATS,1,5,0,,
MultiCloud,7,KATS,1,6,0,,
MultiCloud,7,KATS,1,7,0,,
MultiCloud,7,KATS,1,8,0,,
MultiCloud,7,KATS,1,9,0,,
MultiCloud,7,KATS,2,0,0,,
MultiCloud,7,KATS,2,1,0,,
MultiCloud,7,KATS,2,2,53,0.26940046731039163,0.4339622641509434
MultiCloud,7,KATS,2,3,116,0.344801195807673,0.3017241379310345
MultiCloud,7,KATS,2,4,31,0.42861499736841074,0.2903225806451613
MultiCloud,7,KATS,2,5,0,,
MultiCloud,7,KATS,2,6,0,,
MultiCloud,7,KATS,2,7,0,,
MultiCloud,7,KATS,2,8,0,,
MultiCloud,7,KATS,2,9,0,,
MultiCloud,7,LightGBM,0,0,28,0.06254704370313673,0.2857142857142857
MultiCloud,7,LightGBM,0,1,36,0.1567969006244331,0.4166666666666667
MultiCloud,7,LightGBM,0,2,34,0.24773592546298204,0.23529411764705882
MultiCloud,7,LightGBM,0,3,22,0.3531376291897611,0.5909090909090909
MultiCloud,7,LightGBM,0,4,30,0.4411202680869343,0.3
MultiCloud,7,LightGBM,0,5,24,0.5511119318732262,0.20833333333333334
MultiCloud,7,LightGBM,0,6,14,0.6487574193994285,0.35714285714285715
MultiCloud,7,LightGBM,0,7,9,0.7362255188292792,0.3333333333333333
MultiCloud,7,LightGBM,0,8,2,0.8484744489386135,0.0
MultiCloud,7,LightGBM,0,9,1,0.9109121057441909,0.0
MultiCloud,7,LightGBM,1,0,24,0.05998324343958037,0.20833333333333334
MultiCloud,7,LightGBM,1,1,41,0.1522891881282195,0.34146341463414637
MultiCloud,7,LightGBM,1,2,34,0.24948966777102247,0.4117647058823529
MultiCloud,7,LightGBM,1,3,36,0.34784321779345667,0.3333333333333333
MultiCloud,7,LightGBM,1,4,23,0.4556396800396884,0.34782608695652173
MultiCloud,7,LightGBM,1,5,17,0.554154741628021,0.35294117647058826
MultiCloud,7,LightGBM,1,6,11,0.6514072097525004,0.36363636363636365
MultiCloud,7,LightGBM,1,7,8,0.7319587332391726,0.25
MultiCloud,7,LightGBM,1,8,5,0.8434985637855755,0.4
MultiCloud,7,LightGBM,1,9,1,0.9039424220035407,0.0
MultiCloud,7,LightGBM,2,0,30,0.06483569196001754,0.43333333333333335
MultiCloud,7,LightGBM,2,1,40,0.15031401010149953,0.275
MultiCloud,7,LightGBM,2,2,34,0.24488306033048812,0.23529411764705882
MultiCloud,7,LightGBM,2,3,31,0.34270835503847985,0.3870967741935484
MultiCloud,7,LightGBM,2,4,18,0.4525189140753427,0.3888888888888889
MultiCloud,7,LightGBM,2,5,22,0.5505840861932465,0.36363636363636365
MultiCloud,7,LightGBM,2,6,14,0.6549155940957585,0.21428571428571427
MultiCloud,7,LightGBM,2,7,8,0.7320150145559755,0.375
MultiCloud,7,LightGBM,2,8,1,0.8208978803610925,1.0
MultiCloud,7,LightGBM,2,9,2,0.9460642231646722,0.5
MultiCloud,7,XGBoost,0,0,33,0.0606117770075798,0.30303030303030304
MultiCloud,7,XGBoost,0,1,23,0.1516466587781906,0.34782608695652173
MultiCloud,7,XGBoost,0,2,34,0.2478448897600174,0.3235294117647059
MultiCloud,7,XGBoost,0,3,38,0.35385647416114807,0.39473684210526316
MultiCloud,7,XGBoost,0,4,23,0.4574124813079834,0.34782608695652173
MultiCloud,7,XGBoost,0,5,25,0.5467276573181152,0.32
MultiCloud,7,XGBoost,0,6,11,0.6427313089370728,0.45454545454545453
MultiCloud,7,XGBoost,0,7,5,0.7430602312088013,0.2
MultiCloud,7,XGBoost,0,8,6,0.8303520679473877,0.0
MultiCloud,7,XGBoost,0,9,2,0.932065486907959,0.0
MultiCloud,7,XGBoost,1,0,25,0.06633909046649933,0.28
MultiCloud,7,XGBoost,1,1,34,0.1501876711845398,0.35294117647058826
MultiCloud,7,XGBoost,1,2,43,0.24989615380764008,0.27906976744186046
MultiCloud,7,XGBoost,1,3,33,0.34430742263793945,0.36363636363636365
MultiCloud,7,XGBoost,1,4,20,0.45122021436691284,0.45
MultiCloud,7,XGBoost,1,5,19,0.5398319363594055,0.2631578947368421
MultiCloud,7,XGBoost,1,6,14,0.6524319052696228,0.35714285714285715
MultiCloud,7,XGBoost,1,7,8,0.7452815175056458,0.375
MultiCloud,7,XGBoost,1,8,3,0.8528940677642822,0.6666666666666666
MultiCloud,7,XGBoost,1,9,1,0.9174323678016663,0.0
MultiCloud,7,XGBoost,2,0,35,0.06136317923665047,0.45714285714285713
MultiCloud,7,XGBoost,2,1,39,0.15437868237495422,0.23076923076923078
MultiCloud,7,XGBoost,2,2,30,0.23853924870491028,0.23333333333333334
MultiCloud,7,XGBoost,2,3,32,0.35304880142211914,0.3125
MultiCloud,7,XGBoost,2,4,23,0.44081881642341614,0.4782608695652174
MultiCloud,7,XGBoost,2,5,15,0.535688042640686,0.26666666666666666
MultiCloud,7,XGBoost,2,6,10,0.6418481469154358,0.6
MultiCloud,7,XGBoost,2,7,8,0.7553920149803162,0.25
MultiCloud,7,XGBoost,2,8,6,0.83147794008255,0.16666666666666666
MultiCloud,7,XGBoost,2,9,2,0.9226865172386169,0.5
MultiCloud,7,RandomForest,0,0,1,0.07,0.0
MultiCloud,7,RandomForest,0,1,16,0.171875,0.25
MultiCloud,7,RandomForest,0,2,67,0.25350746268656715,0.23880597014925373
MultiCloud,7,RandomForest,0,3,70,0.35357142857142854,0.44285714285714284
MultiCloud,7,RandomForest,0,4,32,0.4365625,0.34375
MultiCloud,7,RandomForest,0,5,13,0.5307692307692308,0.3076923076923077
MultiCloud,7,RandomForest,0,6,1,0.605,0.0
MultiCloud,7,RandomForest,0,7,0,,
MultiCloud,7,RandomForest,0,8,0,,
MultiCloud,7,RandomForest,0,9,0,,
MultiCloud,7,RandomForest,1,0,0,,
MultiCloud,7,RandomForest,1,1,16,0.169375,0.1875
MultiCloud,7,RandomForest,1,2,69,0.25666666666666665,0.30434782608695654
MultiCloud,7,RandomForest,1,3,57,0.34824561403508775,0.40350877192982454
MultiCloud,7,RandomForest,1,4,48,0.4421875,0.3125
MultiCloud,7,RandomForest,1,5,9,0.535,0.4444444444444444
MultiCloud,7,RandomForest,1,6,1,0.665,1.0
MultiCloud,7,RandomForest,1,7,0,,
MultiCloud,7,RandomForest,1,8,0,,
MultiCloud,7,RandomForest,1,9,0,,
MultiCloud,7,RandomForest,2,0,1,0.075,1.0
MultiCloud,7,RandomForest,2,1,22,0.17659090909090908,0.3181818181818182
MultiCloud,7,RandomForest,2,2,52,0.2596153846153846,0.3076923076923077
MultiCloud,7,RandomForest,2,3,73,0.34500000000000003,0.3698630136986301
MultiCloud,7,RandomForest,2,4,39,0.4423076923076923,0.28205128205128205
MultiCloud,7,RandomForest,2,5,11,0.5340909090909091,0.36363636363636365
MultiCloud,7,RandomForest,2,6,2,0.6125,0.5
MultiCloud,7,RandomForest,2,7,0,,
MultiCloud,7,RandomForest,2,8,0,,
MultiCloud,7,RandomForest,2,9,0,,
MultiCloud,7,BalancedRF,0,0,2,0.08,0.0
MultiCloud,7,BalancedRF,0,1,15,0.173,0.06666666666666667
MultiCloud,7,BalancedRF,0,2,74,0.25689189189189193,0.36486486486486486
MultiCloud,7,BalancedRF,0,3,57,0.34719298245614033,0.42105263157894735
MultiCloud,7,BalancedRF,0,4,37,0.43459459459459465,0.2702702702702703
MultiCloud,7,BalancedRF,0,5,14,0.5349999999999999,0.2857142857142857
MultiCloud,7,BalancedRF,0,6,1,0.66,0.0
MultiCloud,7,BalancedRF,0,7,0,,
MultiCloud,7,BalancedRF,0,8,0,,
MultiCloud,7,BalancedRF,0,9,0,,
MultiCloud,7,BalancedRF,1,0,0,,
MultiCloud,7,BalancedRF,1,1,15,0.16266666666666665,0.13333333333333333
MultiCloud,7,BalancedRF,1,2,61,0.2579508196721312,0.3770491803278688
MultiCloud,7,BalancedRF,1,3,70,0.3464285714285713,0.3142857142857143
MultiCloud,7,BalancedRF,1,4,42,0.4370238095238094,0.40476190476190477
MultiCloud,7,BalancedRF,1,5,11,0.5340909090909091,0.18181818181818182
MultiCloud,7,BalancedRF,1,6,1,0.65,1.0
MultiCloud,7,BalancedRF,1,7,0,,
MultiCloud,7,BalancedRF,1,8,0,,
MultiCloud,7,BalancedRF,1,9,0,,
MultiCloud,7,BalancedRF,2,0,1,0.085,1.0
MultiCloud,7,BalancedRF,2,1,20,0.16174999999999998,0.45
MultiCloud,7,BalancedRF,2,2,58,0.253448275862069,0.29310344827586204
MultiCloud,7,BalancedRF,2,3,62,0.3425806451612902,0.3225806451612903
MultiCloud,7,BalancedRF,2,4,43,0.43930232558139537,0.3023255813953488
MultiCloud,7,BalancedRF,2,5,14,0.5378571428571428,0.42857142857142855
MultiCloud,7,BalancedRF,2,6,2,0.615,0.5
MultiCloud,7,BalancedRF,2,7,0,,
MultiCloud,7,BalancedRF,2,8,0,,
MultiCloud,7,BalancedRF,2,9,0,,
MultiCloud,7,MLP,0,0,9,0.08376567795069917,0.0
MultiCloud,7,MLP,0,1,0,,
MultiCloud,7,MLP,0,2,58,0.2805571513496816,0.3448275862068966
MultiCloud,7,MLP,0,3,109,0.34319492024610515,0.3486238532110092
MultiCloud,7,MLP,0,4,24,0.42275245889830354,0.3333333333333333
MultiCloud,7,MLP,0,5,0,,
MultiCloud,7,MLP,0,6,0,,
MultiCloud,7,MLP,0,7,0,,
MultiCloud,7,MLP,0,8,0,,
MultiCloud,7,MLP,0,9,0,,
MultiCloud,7,MLP,1,0,0,,
MultiCloud,7,MLP,1,1,0,,
MultiCloud,7,MLP,1,2,51,0.26366834672434475,0.19607843137254902
MultiCloud,7,MLP,1,3,119,0.35028320289627507,0.3277310924369748
MultiCloud,7,MLP,1,4,23,0.4203419640669228,0.4782608695652174
MultiCloud,7,MLP,1,5,7,0.5497426515168272,1.0
MultiCloud,7,MLP,1,6,0,,
MultiCloud,7,MLP,1,7,0,,
MultiCloud,7,MLP,1,8,0,,
MultiCloud,7,MLP,1,9,0,,
MultiCloud,7,MLP,2,0,0,,
MultiCloud,7,MLP,2,1,0,,
MultiCloud,7,MLP,2,2,60,0.27251175646390796,0.4
MultiCloud,7,MLP,2,3,110,0.33976177827794946,0.3090909090909091
MultiCloud,7,MLP,2,4,30,0.43493790798710597,0.3
MultiCloud,7,MLP,2,5,0,,
MultiCloud,7,MLP,2,6,0,,
MultiCloud,7,MLP,2,7,0,,
MultiCloud,7,MLP,2,8,0,,
MultiCloud,7,MLP,2,9,0,,
MultiCloud,7,LogReg,0,0,9,0.06172831596368991,0.0
MultiCloud,7,LogReg,0,1,0,,
MultiCloud,7,LogReg,0,2,40,0.28261037573064923,0.35
MultiCloud,7,LogReg,0,3,132,0.3468929823818354,0.3409090909090909
MultiCloud,7,LogReg,0,4,19,0.41244281480582023,0.3684210526315789
MultiCloud,7,LogReg,0,5,0,,
MultiCloud,7,LogReg,0,6,0,,
MultiCloud,7,LogReg,0,7,0,,
MultiCloud,7,LogReg,0,8,0,,
MultiCloud,7,LogReg,0,9,0,,
MultiCloud,7,LogReg,1,0,0,,
MultiCloud,7,LogReg,1,1,0,,
MultiCloud,7,LogReg,1,2,55,0.2753949255948341,0.23636363636363636
MultiCloud,7,LogReg,1,3,120,0.3421936929968761,0.325
MultiCloud,7,LogReg,1,4,20,0.431489454355127,0.5
MultiCloud,7,LogReg,1,5,5,0.539194860007523,1.0
MultiCloud,7,LogReg,1,6,0,,
MultiCloud,7,LogReg,1,7,0,,
MultiCloud,7,LogReg,1,8,0,,
MultiCloud,7,LogReg,1,9,0,,
MultiCloud,7,LogReg,2,0,0,,
MultiCloud,7,LogReg,2,1,0,,
MultiCloud,7,LogReg,2,2,33,0.2824161560600843,0.3939393939393939
MultiCloud,7,LogReg,2,3,158,0.3404300288210245,0.3291139240506329
MultiCloud,7,LogReg,2,4,9,0.4300375348002373,0.2222222222222222
MultiCloud,7,LogReg,2,5,0,,
MultiCloud,7,LogReg,2,6,0,,
MultiCloud,7,LogReg,2,7,0,,
MultiCloud,7,LogReg,2,8,0,,
MultiCloud,7,LogReg,2,9,0,,
MultiCloud,7,NaiveBayes,0,0,9,0.06833100377223886,0.0
MultiCloud,7,NaiveBayes,0,1,1,0.19259322157714864,0.0
MultiCloud,7,NaiveBayes,0,2,27,0.28503674714783933,0.14814814814814814
MultiCloud,7,NaiveBayes,0,3,149,0.3447039571954094,0.38926174496644295
MultiCloud,7,NaiveBayes,0,4,14,0.4237944681581321,0.2857142857142857
MultiCloud,7,NaiveBayes,0,5,0,,
MultiCloud,7,NaiveBayes,0,6,0,,
MultiCloud,7,NaiveBayes,0,7,0,,
MultiCloud,7,NaiveBayes,0,8,0,,
MultiCloud,7,NaiveBayes,0,9,0,,
MultiCloud,7,NaiveBayes,1,0,0,,
MultiCloud,7,NaiveBayes,1,1,4,0.189048641562523,0.0
MultiCloud,7,NaiveBayes,1,2,25,0.25570678996332596,0.2
MultiCloud,7,NaiveBayes,1,3,163,0.34266967338090937,0.34355828220858897
MultiCloud,7,NaiveBayes,1,4,3,0.41708790703270315,0.3333333333333333
MultiCloud,7,NaiveBayes,1,5,5,0.5773550078490277,1.0
MultiCloud,7,NaiveBayes,1,6,0,,
MultiCloud,7,NaiveBayes,1,7,0,,
MultiCloud,7,NaiveBayes,1,8,0,,
MultiCloud,7,NaiveBayes,1,9,0,,
MultiCloud,7,NaiveBayes,2,0,0,,
MultiCloud,7,NaiveBayes,2,1,1,0.19274111688912823,1.0
MultiCloud,7,NaiveBayes,2,2,35,0.2823294852560649,0.2857142857142857
MultiCloud,7,NaiveBayes,2,3,155,0.3405156939045146,0.34838709677419355
MultiCloud,7,NaiveBayes,2,4,5,0.4089104944719543,0.4
MultiCloud,7,NaiveBayes,2,5,4,0.5404013574938873,0.0
MultiCloud,7,NaiveBayes,2,6,0,,
MultiCloud,7,NaiveBayes,2,7,0,,
MultiCloud,7,NaiveBayes,2,8,0,,
MultiCloud,7,NaiveBayes,2,9,0,,
MultiCloud,13,KATS,0,0,1,0.08238241208927229,0.0
MultiCloud,13,KATS,0,1,3,0.13546443765447444,0.0
MultiCloud,13,KATS,0,2,46,0.26469336855278325,0.32608695652173914
MultiCloud,13,KATS,0,3,104,0.34739033422000476,0.33653846153846156
MultiCloud,13,KATS,0,4,43,0.43640346582138123,0.32558139534883723
MultiCloud,13,KATS,0,5,3,0.5201934833711968,1.0
MultiCloud,13,KATS,0,6,0,,
MultiCloud,13,KATS,0,7,0,,
MultiCloud,13,KATS,0,8,0,,
MultiCloud,13,KATS,0,9,0,,
MultiCloud,13,KATS,1,0,0,,
MultiCloud,13,KATS,1,1,7,0.18375710571818446,0.0
MultiCloud,13,KATS,1,2,63,0.26267641731169866,0.30158730158730157
MultiCloud,13,KATS,1,3,104,0.34554596227024076,0.3557692307692308
MultiCloud,13,KATS,1,4,22,0.4176566154485709,0.3181818181818182
MultiCloud,13,KATS,1,5,4,0.5414926865694656,1.0
MultiCloud,13,KATS,1,6,0,,
MultiCloud,13,KATS,1,7,0,,
MultiCloud,13,KATS,1,8,0,,
MultiCloud,13,KATS,1,9,0,,
MultiCloud,13,KATS,2,0,0,,
MultiCloud,13,KATS,2,1,0,,
MultiCloud,13,KATS,2,2,36,0.2827925955842499,0.2222222222222222
MultiCloud,13,KATS,2,3,160,0.3370908626795429,0.35625
MultiCloud,13,KATS,2,4,4,0.4099058048825442,0.25
MultiCloud,13,KATS,2,5,0,,
MultiCloud,13,KATS,2,6,0,,
MultiCloud,13,KATS,2,7,0,,
MultiCloud,13,KATS,2,8,0,,
MultiCloud,13,KATS,2,9,0,,
MultiCloud,13,LightGBM,0,0,23,0.05818815849449042,0.5217391304347826
MultiCloud,13,LightGBM,0,1,43,0.1464675721256543,0.23255813953488372
MultiCloud,13,LightGBM,0,2,29,0.25069068870582145,0.3448275862068966
MultiCloud,13,LightGBM,0,3,29,0.34734202773384704,0.3448275862068966
MultiCloud,13,LightGBM,0,4,32,0.45313116599133546,0.375
MultiCloud,13,LightGBM,0,5,20,0.5288531154498661,0.35
MultiCloud,13,LightGBM,0,6,15,0.6396657407698308,0.2
MultiCloud,13,LightGBM,0,7,7,0.7545876579949752,0.42857142857142855
MultiCloud,13,LightGBM,0,8,2,0.8161989177588028,0.0
MultiCloud,13,LightGBM,0,9,0,,
MultiCloud,13,LightGBM,1,0,28,0.06089198877310132,0.17857142857142858
MultiCloud,13,LightGBM,1,1,35,0.15850502098289032,0.5142857142857142
MultiCloud,13,LightGBM,1,2,39,0.24097900055923796,0.3076923076923077
MultiCloud,13,LightGBM,1,3,30,0.35683411343180965,0.36666666666666664
MultiCloud,13,LightGBM,1,4,27,0.45440575439424447,0.18518518518518517
MultiCloud,13,LightGBM,1,5,13,0.5587810474448728,0.3076923076923077
MultiCloud,13,LightGBM,1,6,9,0.6380366220105957,0.5555555555555556
MultiCloud,13,LightGBM,1,7,16,0.7364034170855092,0.375
MultiCloud,13,LightGBM,1,8,3,0.8188001476029969,0.3333333333333333
MultiCloud,13,LightGBM,1,9,0,,
MultiCloud,13,LightGBM,2,0,30,0.06484519943696875,0.4666666666666667
MultiCloud,13,LightGBM,2,1,39,0.1520597747236637,0.23076923076923078
MultiCloud,13,LightGBM,2,2,36,0.24951340852193216,0.4166666666666667
MultiCloud,13,LightGBM,2,3,28,0.355113348114834,0.21428571428571427
MultiCloud,13,LightGBM,2,4,24,0.45628667626252933,0.5416666666666666
MultiCloud,13,LightGBM,2,5,14,0.5420753723450538,0.21428571428571427
MultiCloud,13,LightGBM,2,6,12,0.6456761269184418,0.25
MultiCloud,13,LightGBM,2,7,10,0.7427451802037334,0.2
MultiCloud,13,LightGBM,2,8,5,0.839759070426686,0.2
MultiCloud,13,LightGBM,2,9,2,0.924035743274926,0.0
MultiCloud,13,XGBoost,0,0,21,0.06028366833925247,0.42857142857142855
MultiCloud,13,XGBoost,0,1,33,0.15420041978359222,0.3939393939393939
MultiCloud,13,XGBoost,0,2,37,0.25007164478302,0.2972972972972973
MultiCloud,13,XGBoost,0,3,43,0.3459366261959076,0.37209302325581395
MultiCloud,13,XGBoost,0,4,27,0.45100128650665283,0.2962962962962963
MultiCloud,13,XGBoost,0,5,14,0.5573780536651611,0.35714285714285715
MultiCloud,13,XGBoost,0,6,15,0.6386063098907471,0.3333333333333333
MultiCloud,13,XGBoost,0,7,7,0.7645750045776367,0.0
MultiCloud,13,XGBoost,0,8,3,0.832581102848053,0.0
MultiCloud,13,XGBoost,0,9,0,,
MultiCloud,13,XGBoost,1,0,28,0.055977970361709595,0.2857142857142857
MultiCloud,13,XGBoost,1,1,38,0.14246776700019836,0.4473684210526316
MultiCloud,13,XGBoost,1,2,27,0.26301491260528564,0.25925925925925924
MultiCloud,13,XGBoost,1,3,33,0.35633325576782227,0.2727272727272727
MultiCloud,13,XGBoost,1,4,26,0.4511076509952545,0.4230769230769231
MultiCloud,13,XGBoost,1,5,18,0.5596645474433899,0.2777777777777778
MultiCloud,13,XGBoost,1,6,18,0.6442388892173767,0.2777777777777778
MultiCloud,13,XGBoost,1,7,10,0.7582855820655823,0.3
MultiCloud,13,XGBoost,1,8,2,0.8605604767799377,1.0
MultiCloud,13,XGBoost,1,9,0,,
MultiCloud,13,XGBoost,2,0,22,0.06419002264738083,0.36363636363636365
MultiCloud,13,XGBoost,2,1,49,0.1539972573518753,0.3673469387755102
MultiCloud,13,XGBoost,2,2,48,0.24718131124973297,0.375
MultiCloud,13,XGBoost,2,3,23,0.3611690402030945,0.2608695652173913
MultiCloud,13,XGBoost,2,4,20,0.45123451948165894,0.35
MultiCloud,13,XGBoost,2,5,9,0.5389481782913208,0.3333333333333333
MultiCloud,13,XGBoost,2,6,15,0.6439462304115295,0.26666666666666666
MultiCloud,13,XGBoost,2,7,10,0.760424017906189,0.2
MultiCloud,13,XGBoost,2,8,4,0.8238562941551208,0.0
MultiCloud,13,XGBoost,2,9,0,,
MultiCloud,13,RandomForest,0,0,2,0.0625,0.0
MultiCloud,13,RandomForest,0,1,10,0.16549999999999998,0.2
MultiCloud,13,RandomForest,0,2,72,0.25826388888888885,0.3194444444444444
MultiCloud,13,RandomForest,0,3,68,0.3519852941176471,0.38235294117647056
MultiCloud,13,RandomForest,0,4,32,0.44953125,0.375
MultiCloud,13,RandomForest,0,5,16,0.530625,0.25
MultiCloud,13,RandomForest,0,6,0,,
MultiCloud,13,RandomForest,0,7,0,,
MultiCloud,13,RandomForest,0,8,0,,
MultiCloud,13,RandomForest,0,9,0,,
MultiCloud,13,RandomForest,1,0,1,0.055,0.0
MultiCloud,13,RandomForest,1,1,21,0.175,0.2857142857142857
MultiCloud,13,RandomForest,1,2,62,0.2532258064516129,0.3870967741935484
MultiCloud,13,RandomForest,1,3,65,0.3533076923076923,0.27692307692307694
MultiCloud,13,RandomForest,1,4,39,0.4402564102564104,0.3333333333333333
MultiCloud,13,RandomForest,1,5,9,0.5383333333333333,0.4444444444444444
MultiCloud,13,RandomForest,1,6,2,0.635,0.5
MultiCloud,13,RandomForest,1,7,1,0.735,1.0
MultiCloud,13,RandomForest,1,8,0,,
MultiCloud,13,RandomForest,1,9,0,,
MultiCloud,13,RandomForest,2,0,0,,
MultiCloud,13,RandomForest,2,1,17,0.16676470588235293,0.23529411764705882
MultiCloud,13,RandomForest,2,2,72,0.2538194444444445,0.3611111111111111
MultiCloud,13,RandomForest,2,3,52,0.34538461538461546,0.40384615384615385
MultiCloud,13,RandomForest,2,4,44,0.4301136363636363,0.2727272727272727
MultiCloud,13,RandomForest,2,5,12,0.5304166666666666,0.25
MultiCloud,13,RandomForest,2,6,2,0.65,0.0
MultiCloud,13,RandomForest,2,7,1,0.74,0.0
MultiCloud,13,RandomForest,2,8,0,,
MultiCloud,13,RandomForest,2,9,0,,
MultiCloud,13,BalancedRF,0,0,3,0.07833333333333332,0.0
MultiCloud,13,BalancedRF,0,1,12,0.1695833333333333,0.25
MultiCloud,13,BalancedRF,0,2,67,0.2546268656716418,0.2835820895522388
MultiCloud,13,BalancedRF,0,3,63,0.3523809523809524,0.42857142857142855
MultiCloud,13,BalancedRF,0,4,42,0.4364285714285715,0.3333333333333333
MultiCloud,13,BalancedRF,0,5,13,0.5369230769230768,0.3076923076923077
MultiCloud,13,BalancedRF,0,6,0,,
MultiCloud,13,BalancedRF,0,7,0,,
MultiCloud,13,BalancedRF,0,8,0,,
MultiCloud,13,BalancedRF,0,9,0,,
MultiCloud,13,BalancedRF,1,0,1,0.075,0.0
MultiCloud,13,BalancedRF,1,1,16,0.16312500000000002,0.1875
MultiCloud,13,BalancedRF,1,2,69,0.25855072463768114,0.391304347826087
MultiCloud,13,BalancedRF,1,3,70,0.3530714285714286,0.2857142857142857
MultiCloud,13,BalancedRF,1,4,31,0.4393548387096774,0.3225806451612903
MultiCloud,13,BalancedRF,1,5,11,0.5272727272727273,0.45454545454545453
MultiCloud,13,BalancedRF,1,6,1,0.605,1.0
MultiCloud,13,BalancedRF,1,7,1,0.705,1.0
MultiCloud,13,BalancedRF,1,8,0,,
MultiCloud,13,BalancedRF,1,9,0,,
MultiCloud,13,BalancedRF,2,0,0,,
MultiCloud,13,BalancedRF,2,1,18,0.16333333333333333,0.16666666666666666
MultiCloud,13,BalancedRF,2,2,64,0.25242187499999996,0.40625
MultiCloud,13,BalancedRF,2,3,60,0.34424999999999994,0.38333333333333336
MultiCloud,13,BalancedRF,2,4,41,0.4343902439024391,0.2926829268292683
MultiCloud,13,BalancedRF,2,5,13,0.5361538461538462,0.15384615384615385
MultiCloud,13,BalancedRF,2,6,3,0.65,0.0
MultiCloud,13,BalancedRF,2,7,1,0.71,0.0
MultiCloud,13,BalancedRF,2,8,0,,
MultiCloud,13,BalancedRF,2,9,0,,
MultiCloud,13,MLP,0,0,1,0.09641380624772498,0.0
MultiCloud,13,MLP,0,1,5,0.11101783040108988,0.0
MultiCloud,13,MLP,0,2,26,0.2746761118701457,0.2692307692307692
MultiCloud,13,MLP,0,3,154,0.35440282279754803,0.35064935064935066
MultiCloud,13,MLP,0,4,14,0.4197790075827247,0.42857142857142855
MultiCloud,13,MLP,0,5,0,,
MultiCloud,13,MLP,0,6,0,,
MultiCloud,13,MLP,0,7,0,,
MultiCloud,13,MLP,0,8,0,,
MultiCloud,13,MLP,0,9,0,,
MultiCloud,13,MLP,1,0,0,,
MultiCloud,13,MLP,1,1,0,,
MultiCloud,13,MLP,1,2,28,0.29049553537794537,0.25
MultiCloud,13,MLP,1,3,164,0.3311110526400756,0.32926829268292684
MultiCloud,13,MLP,1,4,4,0.454582961275872,0.5
MultiCloud,13,MLP,1,5,4,0.5436506434042462,1.0
MultiCloud,13,MLP,1,6,0,,
MultiCloud,13,MLP,1,7,0,,
MultiCloud,13,MLP,1,8,0,,
MultiCloud,13,MLP,1,9,0,,
MultiCloud,13,MLP,2,0,0,,
MultiCloud,13,MLP,2,1,0,,
MultiCloud,13,MLP,2,2,34,0.28540523983087107,0.38235294117647056
MultiCloud,13,MLP,2,3,159,0.33145585325949206,0.3270440251572327
MultiCloud,13,MLP,2,4,7,0.4168137787654697,0.14285714285714285
MultiCloud,13,MLP,2,5,0,,
MultiCloud,13,MLP,2,6,0,,
MultiCloud,13,MLP,2,7,0,,
MultiCloud,13,MLP,2,8,0,,
MultiCloud,13,MLP,2,9,0,,
MultiCloud,13,LogReg,0,0,6,0.06190080410431503,0.0
MultiCloud,13,LogReg,0,1,0,,
MultiCloud,13,LogReg,0,2,20,0.28538106010330455,0.35
MultiCloud,13,LogReg,0,3,143,0.3487105909141764,0.32167832167832167
MultiCloud,13,LogReg,0,4,31,0.41856531468301045,0.45161290322580644
MultiCloud,13,LogReg,0,5,0,,
MultiCloud,13,LogReg,0,6,0,,
MultiCloud,13,LogReg,0,7,0,,
MultiCloud,13,LogReg,0,8,0,,
MultiCloud,13,LogReg,0,9,0,,
MultiCloud,13,LogReg,1,0,0,,
MultiCloud,13,LogReg,1,1,0,,
MultiCloud,13,LogReg,1,2,67,0.2715544231691532,0.208955223880597
MultiCloud,13,LogReg,1,3,126,0.3434935060741585,0.373015873015873
MultiCloud,13,LogReg,1,4,1,0.41350406410131046,0.0
MultiCloud,13,LogReg,1,5,4,0.5559392499550544,1.0
MultiCloud,13,LogReg,1,6,2,0.6129746981601272,1.0
MultiCloud,13,LogReg,1,7,0,,
MultiCloud,13,LogReg,1,8,0,,
MultiCloud,13,LogReg,1,9,0,,
MultiCloud,13,LogReg,2,0,0,,
MultiCloud,13,LogReg,2,1,0,,
MultiCloud,13,LogReg,2,2,36,0.2867051490572636,0.3055555555555556
MultiCloud,13,LogReg,2,3,160,0.3360690009744083,0.3375
MultiCloud,13,LogReg,2,4,4,0.4124676543804081,0.25
MultiCloud,13,LogReg,2,5,0,,
MultiCloud,13,LogReg,2,6,0,,
MultiCloud,13,LogReg,2,7,0,,
MultiCloud,13,LogReg,2,8,0,,
MultiCloud,13,LogReg,2,9,0,,
MultiCloud,13,NaiveBayes,0,0,6,0.05297864622975205,0.0
MultiCloud,13,NaiveBayes,0,1,0,,
MultiCloud,13,NaiveBayes,0,2,10,0.265555070390289,0.6
MultiCloud,13,NaiveBayes,0,3,175,0.34783443796349894,0.3314285714285714
MultiCloud,13,NaiveBayes,0,4,9,0.4201686651815707,0.3333333333333333
MultiCloud,13,NaiveBayes,0,5,0,,
MultiCloud,13,NaiveBayes,0,6,0,,
MultiCloud,13,NaiveBayes,0,7,0,,
MultiCloud,13,NaiveBayes,0,8,0,,
MultiCloud,13,NaiveBayes,0,9,0,,
MultiCloud,13,NaiveBayes,1,0,0,,
MultiCloud,13,NaiveBayes,1,1,0,,
MultiCloud,13,NaiveBayes,1,2,28,0.2757946784303867,0.21428571428571427
MultiCloud,13,NaiveBayes,1,3,166,0.32708382644457207,0.3313253012048193
MultiCloud,13,NaiveBayes,1,4,0,,
MultiCloud,13,NaiveBayes,1,5,0,,
MultiCloud,13,NaiveBayes,1,6,6,0.632401070104853,1.0
MultiCloud,13,NaiveBayes,1,7,0,,
MultiCloud,13,NaiveBayes,1,8,0,,
MultiCloud,13,NaiveBayes,1,9,0,,
MultiCloud,13,NaiveBayes,2,0,0,,
MultiCloud,13,NaiveBayes,2,1,0,,
MultiCloud,13,NaiveBayes,2,2,12,0.28974343006391584,0.25
MultiCloud,13,NaiveBayes,2,3,183,0.3324190005515984,0.33879781420765026
MultiCloud,13,NaiveBayes,2,4,4,0.4337285442840867,0.25
MultiCloud,13,NaiveBayes,2,5,1,0.5169477431474017,0.0
MultiCloud,13,NaiveBayes,2,6,0,,
MultiCloud,13,NaiveBayes,2,7,0,,
MultiCloud,13,NaiveBayes,2,8,0,,
MultiCloud,13,NaiveBayes,2,9,0,,
MultiCloud,99,KATS,0,0,0,,
MultiCloud,99,KATS,0,1,6,0.136378175422575,0.0
MultiCloud,99,KATS,0,2,41,0.278111439371437,0.21951219512195122
MultiCloud,99,KATS,0,3,114,0.35226527879917413,0.34210526315789475
MultiCloud,99,KATS,0,4,37,0.4265530341272377,0.4864864864864865
MultiCloud,99,KATS,0,5,2,0.5177646101971609,0.0
MultiCloud,99,KATS,0,6,0,,
MultiCloud,99,KATS,0,7,0,,
MultiCloud,99,KATS,0,8,0,,
MultiCloud,99,KATS,0,9,0,,
MultiCloud,99,KATS,1,0,0,,
MultiCloud,99,KATS,1,1,0,,
MultiCloud,99,KATS,1,2,66,0.27074123820025076,0.22727272727272727
MultiCloud,99,KATS,1,3,121,0.3393050872319074,0.371900826446281
MultiCloud,99,KATS,1,4,7,0.4123193174751183,0.42857142857142855
MultiCloud,99,KATS,1,5,3,0.5706923103275188,0.6666666666666666
MultiCloud,99,KATS,1,6,3,0.6207927718065007,0.6666666666666666
MultiCloud,99,KATS,1,7,0,,
MultiCloud,99,KATS,1,8,0,,
MultiCloud,99,KATS,1,9,0,,
MultiCloud,99,KATS,2,0,0,,
MultiCloud,99,KATS,2,1,0,,
MultiCloud,99,KATS,2,2,60,0.2737342213332165,0.25
MultiCloud,99,KATS,2,3,128,0.34357411561308493,0.375
MultiCloud,99,KATS,2,4,12,0.41798840362954787,0.3333333333333333
MultiCloud,99,KATS,2,5,0,,
MultiCloud,99,KATS,2,6,0,,
MultiCloud,99,KATS,2,7,0,,
MultiCloud,99,KATS,2,8,0,,
MultiCloud,99,KATS,2,9,0,,
MultiCloud,99,LightGBM,0,0,29,0.05540729754880225,0.3103448275862069
MultiCloud,99,LightGBM,0,1,39,0.15285866204793241,0.3076923076923077
MultiCloud,99,LightGBM,0,2,33,0.24422187141941437,0.3939393939393939
MultiCloud,99,LightGBM,0,3,27,0.34919737022500913,0.2962962962962963
MultiCloud,99,LightGBM,0,4,19,0.45311202805453854,0.21052631578947367
MultiCloud,99,LightGBM,0,5,26,0.5469952205726712,0.34615384615384615
MultiCloud,99,LightGBM,0,6,15,0.6457252483615912,0.4
MultiCloud,99,LightGBM,0,7,5,0.7285969789735093,0.6
MultiCloud,99,LightGBM,0,8,6,0.8416705864937845,0.16666666666666666
MultiCloud,99,LightGBM,0,9,1,0.9065577399695514,1.0
MultiCloud,99,LightGBM,1,0,31,0.0644090117012224,0.3870967741935484
MultiCloud,99,LightGBM,1,1,50,0.15902523354654446,0.32
MultiCloud,99,LightGBM,1,2,27,0.24212712886505539,0.37037037037037035
MultiCloud,99,LightGBM,1,3,34,0.3535852174115621,0.3235294117647059
MultiCloud,99,LightGBM,1,4,22,0.44851885300840344,0.36363636363636365
MultiCloud,99,LightGBM,1,5,19,0.5410121595778478,0.42105263157894735
MultiCloud,99,LightGBM,1,6,10,0.6523193902305826,0.2
MultiCloud,99,LightGBM,1,7,6,0.7520081405445498,0.0
MultiCloud,99,LightGBM,1,8,1,0.8830568995756751,0.0
MultiCloud,99,LightGBM,1,9,0,,
MultiCloud,99,LightGBM,2,0,22,0.06277975305349599,0.4090909090909091
MultiCloud,99,LightGBM,2,1,25,0.1471182895834276,0.36
MultiCloud,99,LightGBM,2,2,44,0.24968295992291328,0.2727272727272727
MultiCloud,99,LightGBM,2,3,35,0.3485363283785839,0.34285714285714286
MultiCloud,99,LightGBM,2,4,19,0.44319625825182846,0.42105263157894735
MultiCloud,99,LightGBM,2,5,23,0.544043841968884,0.30434782608695654
MultiCloud,99,LightGBM,2,6,12,0.6389433264434389,0.25
MultiCloud,99,LightGBM,2,7,17,0.7516472610390155,0.35294117647058826
MultiCloud,99,LightGBM,2,8,2,0.8544534327205069,0.5
MultiCloud,99,LightGBM,2,9,1,0.9234832673067518,0.0
MultiCloud,99,XGBoost,0,0,28,0.052271850407123566,0.21428571428571427
MultiCloud,99,XGBoost,0,1,43,0.14993780851364136,0.37209302325581395
MultiCloud,99,XGBoost,0,2,28,0.2517203986644745,0.21428571428571427
MultiCloud,99,XGBoost,0,3,32,0.3401604890823364,0.46875
MultiCloud,99,XGBoost,0,4,21,0.45590740442276,0.38095238095238093
MultiCloud,99,XGBoost,0,5,18,0.5465044379234314,0.3333333333333333
MultiCloud,99,XGBoost,0,6,11,0.6464490294456482,0.2727272727272727
MultiCloud,99,XGBoost,0,7,9,0.7515966892242432,0.5555555555555556
MultiCloud,99,XGBoost,0,8,9,0.850086510181427,0.1111111111111111
MultiCloud,99,XGBoost,0,9,1,0.941820502281189,0.0
MultiCloud,99,XGBoost,1,0,32,0.056889861822128296,0.40625
MultiCloud,99,XGBoost,1,1,40,0.14641320705413818,0.275
MultiCloud,99,XGBoost,1,2,40,0.25322094559669495,0.375
MultiCloud,99,XGBoost,1,3,26,0.3503310978412628,0.19230769230769232
MultiCloud,99,XGBoost,1,4,28,0.44805124402046204,0.4642857142857143
MultiCloud,99,XGBoost,1,5,16,0.5410751700401306,0.4375
MultiCloud,99,XGBoost,1,6,10,0.6505549550056458,0.2
MultiCloud,99,XGBoost,1,7,8,0.7630466222763062,0.125
MultiCloud,99,XGBoost,1,8,0,,
MultiCloud,99,XGBoost,1,9,0,,
MultiCloud,99,XGBoost,2,0,19,0.07294533401727676,0.5263157894736842
MultiCloud,99,XGBoost,2,1,33,0.14993686974048615,0.3333333333333333
MultiCloud,99,XGBoost,2,2,40,0.247944638133049,0.25
MultiCloud,99,XGBoost,2,3,30,0.3398769199848175,0.3333333333333333
MultiCloud,99,XGBoost,2,4,23,0.44520530104637146,0.391304347826087
MultiCloud,99,XGBoost,2,5,24,0.5416905879974365,0.25
MultiCloud,99,XGBoost,2,6,16,0.6385600566864014,0.4375
MultiCloud,99,XGBoost,2,7,12,0.7589354515075684,0.25
MultiCloud,99,XGBoost,2,8,3,0.8457490801811218,0.3333333333333333
MultiCloud,99,XGBoost,2,9,0,,
MultiCloud,99,RandomForest,0,0,4,0.05500000000000001,0.0
MultiCloud,99,RandomForest,0,1,15,0.16599999999999998,0.2
MultiCloud,99,RandomForest,0,2,69,0.2517391304347826,0.4057971014492754
MultiCloud,99,RandomForest,0,3,59,0.351864406779661,0.3389830508474576
MultiCloud,99,RandomForest,0,4,40,0.43900000000000006,0.275
MultiCloud,99,RandomForest,0,5,12,0.5495833333333334,0.3333333333333333
MultiCloud,99,RandomForest,0,6,1,0.665,0.0
MultiCloud,99,RandomForest,0,7,0,,
MultiCloud,99,RandomForest,0,8,0,,
MultiCloud,99,RandomForest,0,9,0,,
MultiCloud,99,RandomForest,1,0,0,,
MultiCloud,99,RandomForest,1,1,22,0.1697727272727273,0.3181818181818182
MultiCloud,99,RandomForest,1,2,57,0.25947368421052636,0.2807017543859649
MultiCloud,99,RandomForest,1,3,77,0.34577922077922074,0.36363636363636365
MultiCloud,99,RandomForest,1,4,35,0.447,0.37142857142857144
MultiCloud,99,RandomForest,1,5,5,0.534,0.2
MultiCloud,99,RandomForest,1,6,3,0.6633333333333334,0.3333333333333333
MultiCloud,99,RandomForest,1,7,1,0.74,1.0
MultiCloud,99,RandomForest,1,8,0,,
MultiCloud,99,RandomForest,1,9,0,,
MultiCloud,99,RandomForest,2,0,1,0.085,0.0
MultiCloud,99,RandomForest,2,1,17,0.16823529411764707,0.35294117647058826
MultiCloud,99,RandomForest,2,2,54,0.25666666666666665,0.35185185185185186
MultiCloud,99,RandomForest,2,3,71,0.34535211267605626,0.36619718309859156
MultiCloud,99,RandomForest,2,4,41,0.4373170731707317,0.3170731707317073
MultiCloud,99,RandomForest,2,5,13,0.5357692307692309,0.23076923076923078
MultiCloud,99,RandomForest,2,6,3,0.6416666666666666,0.0
MultiCloud,99,RandomForest,2,7,0,,
MultiCloud,99,RandomForest,2,8,0,,
MultiCloud,99,RandomForest,2,9,0,,
MultiCloud,99,BalancedRF,0,0,4,0.08875000000000001,0.0
MultiCloud,99,BalancedRF,0,1,16,0.16125,0.3125
MultiCloud,99,BalancedRF,0,2,67,0.255,0.373134328358209
MultiCloud,99,BalancedRF,0,3,65,0.34715384615384615,0.35384615384615387
MultiCloud,99,BalancedRF,0,4,35,0.43285714285714283,0.2571428571428571
MultiCloud,99,BalancedRF,0,5,11,0.5395454545454546,0.2727272727272727
MultiCloud,99,BalancedRF,0,6,2,0.62,0.5
MultiCloud,99,BalancedRF,0,7,0,,
MultiCloud,99,BalancedRF,0,8,0,,
MultiCloud,99,BalancedRF,0,9,0,,
MultiCloud,99,BalancedRF,1,0,0,,
MultiCloud,99,BalancedRF,1,1,17,0.16647058823529412,0.29411764705882354
MultiCloud,99,BalancedRF,1,2,61,0.25377049180327865,0.32786885245901637
MultiCloud,99,BalancedRF,1,3,78,0.3508974358974359,0.34615384615384615
MultiCloud,99,BalancedRF,1,4,28,0.43089285714285713,0.39285714285714285
MultiCloud,99,BalancedRF,1,5,12,0.5283333333333333,0.16666666666666666
MultiCloud,99,BalancedRF,1,6,4,0.6612500000000001,0.5
MultiCloud,99,BalancedRF,1,7,0,,
MultiCloud,99,BalancedRF,1,8,0,,
MultiCloud,99,BalancedRF,1,9,0,,
MultiCloud,99,BalancedRF,2,0,2,0.095,0.5
MultiCloud,99,BalancedRF,2,1,16,0.1628125,0.375
MultiCloud,99,BalancedRF,2,2,56,0.2578571428571429,0.32142857142857145
MultiCloud,99,BalancedRF,2,3,66,0.34810606060606064,0.4090909090909091
MultiCloud,99,BalancedRF,2,4,45,0.44511111111111107,0.26666666666666666
MultiCloud,99,BalancedRF,2,5,15,0.5413333333333333,0.2
MultiCloud,99,BalancedRF,2,6,0,,
MultiCloud,99,BalancedRF,2,7,0,,
MultiCloud,99,BalancedRF,2,8,0,,
MultiCloud,99,BalancedRF,2,9,0,,
MultiCloud,99,MLP,0,0,0,,
MultiCloud,99,MLP,0,1,0,,
MultiCloud,99,MLP,0,2,30,0.27707074175223645,0.3
MultiCloud,99,MLP,0,3,169,0.3349291901718892,0.33727810650887574
MultiCloud,99,MLP,0,4,1,0.4037995745094918,0.0
MultiCloud,99,MLP,0,5,0,,
MultiCloud,99,MLP,0,6,0,,
MultiCloud,99,MLP,0,7,0,,
MultiCloud,99,MLP,0,8,0,,
MultiCloud,99,MLP,0,9,0,,
MultiCloud,99,MLP,1,0,0,,
MultiCloud,99,MLP,1,1,0,,
MultiCloud,99,MLP,1,2,34,0.28778200672090415,0.29411764705882354
MultiCloud,99,MLP,1,3,157,0.34003576130834434,0.3375796178343949
MultiCloud,99,MLP,1,4,8,0.450673935957971,0.5
MultiCloud,99,MLP,1,5,1,0.5036013084232736,0.0
MultiCloud,99,MLP,1,6,0,,
MultiCloud,99,MLP,1,7,0,,
MultiCloud,99,MLP,1,8,0,,
MultiCloud,99,MLP,1,9,0,,
MultiCloud,99,MLP,2,0,0,,
MultiCloud,99,MLP,2,1,0,,
MultiCloud,99,MLP,2,2,22,0.28274047190931006,0.3181818181818182
MultiCloud,99,MLP,2,3,178,0.3437166241677611,0.33707865168539325
MultiCloud,99,MLP,2,4,0,,
MultiCloud,99,MLP,2,5,0,,
MultiCloud,99,MLP,2,6,0,,
MultiCloud,99,MLP,2,7,0,,
MultiCloud,99,MLP,2,8,0,,
MultiCloud,99,MLP,2,9,0,,
MultiCloud,99,LogReg,0,0,6,0.056342513557724606,0.0
MultiCloud,99,LogReg,0,1,0,,
MultiCloud,99,LogReg,0,2,19,0.28590110724422874,0.2631578947368421
MultiCloud,99,LogReg,0,3,151,0.34912470342162555,0.33112582781456956
MultiCloud,99,LogReg,0,4,24,0.4129961105342246,0.4583333333333333
MultiCloud,99,LogReg,0,5,0,,
MultiCloud,99,LogReg,0,6,0,,
MultiCloud,99,LogReg,0,7,0,,
MultiCloud,99,LogReg,0,8,0,,
MultiCloud,99,LogReg,0,9,0,,
MultiCloud,99,LogReg,1,0,0,,
MultiCloud,99,LogReg,1,1,0,,
MultiCloud,99,LogReg,1,2,65,0.2759151942634406,0.2153846153846154
MultiCloud,99,LogReg,1,3,125,0.3357659707861145,0.376
MultiCloud,99,LogReg,1,4,4,0.4117163877347431,0.5
MultiCloud,99,LogReg,1,5,1,0.5821230722292972,1.0
MultiCloud,99,LogReg,1,6,5,0.6373649347986516,0.6
MultiCloud,99,LogReg,1,7,0,,
MultiCloud,99,LogReg,1,8,0,,
MultiCloud,99,LogReg,1,9,0,,
MultiCloud,99,LogReg,2,0,0,,
MultiCloud,99,LogReg,2,1,0,,
MultiCloud,99,LogReg,2,2,25,0.2905176822360584,0.4
MultiCloud,99,LogReg,2,3,172,0.33612321406448403,0.31976744186046513
MultiCloud,99,LogReg,2,4,3,0.40096828799475753,0.6666666666666666
MultiCloud,99,LogReg,2,5,0,,
MultiCloud,99,LogReg,2,6,0,,
MultiCloud,99,LogReg,2,7,0,,
MultiCloud,99,LogReg,2,8,0,,
MultiCloud,99,LogReg,2,9,0,,
MultiCloud,99,NaiveBayes,0,0,6,0.049822788087628266,0.0
MultiCloud,99,NaiveBayes,0,1,2,0.16878752248570894,0.0
MultiCloud,99,NaiveBayes,0,2,18,0.27596929291628297,0.3888888888888889
MultiCloud,99,NaiveBayes,0,3,145,0.3457864651339329,0.3310344827586207
MultiCloud,99,NaiveBayes,0,4,24,0.42897224035793213,0.4166666666666667
MultiCloud,99,NaiveBayes,0,5,5,0.5223613418156086,0.2
MultiCloud,99,NaiveBayes,0,6,0,,
MultiCloud,99,NaiveBayes,0,7,0,,
MultiCloud,99,NaiveBayes,0,8,0,,
MultiCloud,99,NaiveBayes,0,9,0,,
MultiCloud,99,NaiveBayes,1,0,1,0.09022147131367708,0.0
MultiCloud,99,NaiveBayes,1,1,8,0.14813057396120383,0.375
MultiCloud,99,NaiveBayes,1,2,41,0.2571517070150994,0.2682926829268293
MultiCloud,99,NaiveBayes,1,3,143,0.33942734117791146,0.3356643356643357
MultiCloud,99,NaiveBayes,1,4,1,0.41516533208966044,1.0
MultiCloud,99,NaiveBayes,1,5,0,,
MultiCloud,99,NaiveBayes,1,6,6,0.6679952985049229,0.6666666666666666
MultiCloud,99,NaiveBayes,1,7,0,,
MultiCloud,99,NaiveBayes,1,8,0,,
MultiCloud,99,NaiveBayes,1,9,0,,
MultiCloud,99,NaiveBayes,2,0,0,,
MultiCloud,99,NaiveBayes,2,1,0,,
MultiCloud,99,NaiveBayes,2,2,24,0.28854820050221913,0.25
MultiCloud,99,NaiveBayes,2,3,167,0.33275865624662815,0.3413173652694611
MultiCloud,99,NaiveBayes,2,4,8,0.44151740562270214,0.5
MultiCloud,99,NaiveBayes,2,5,1,0.5421384195163391,0.0
MultiCloud,99,NaiveBayes,2,6,0,,
MultiCloud,99,NaiveBayes,2,7,0,,
MultiCloud,99,NaiveBayes,2,8,0,,
MultiCloud,99,NaiveBayes,2,9,0,,
MultiCloud,2026,KATS,0,0,0,,
MultiCloud,2026,KATS,0,1,8,0.16348296809863433,0.0
MultiCloud,2026,KATS,0,2,62,0.257893305170325,0.2903225806451613
MultiCloud,2026,KATS,0,3,95,0.3497395664844241,0.3684210526315789
MultiCloud,2026,KATS,0,4,28,0.43343725307778463,0.39285714285714285
MultiCloud,2026,KATS,0,5,7,0.5387789173308873,0.2857142857142857
MultiCloud,2026,KATS,0,6,0,,
MultiCloud,2026,KATS,0,7,0,,
MultiCloud,2026,KATS,0,8,0,,
MultiCloud,2026,KATS,0,9,0,,
MultiCloud,2026,KATS,1,0,0,,
MultiCloud,2026,KATS,1,1,0,,
MultiCloud,2026,KATS,1,2,63,0.2668464149000463,0.3492063492063492
MultiCloud,2026,KATS,1,3,109,0.34327796505028035,0.30275229357798167
MultiCloud,2026,KATS,1,4,18,0.42444344603770173,0.3333333333333333
MultiCloud,2026,KATS,1,5,8,0.5422756615674598,0.75
MultiCloud,2026,KATS,1,6,2,0.6026773438502471,0.0
MultiCloud,2026,KATS,1,7,0,,
MultiCloud,2026,KATS,1,8,0,,
MultiCloud,2026,KATS,1,9,0,,
MultiCloud,2026,KATS,2,0,0,,
MultiCloud,2026,KATS,2,1,1,0.19616027253131726,1.0
MultiCloud,2026,KATS,2,2,50,0.26161730033319214,0.3
MultiCloud,2026,KATS,2,3,131,0.3456265807747446,0.3511450381679389
MultiCloud,2026,KATS,2,4,18,0.4224180723528648,0.2777777777777778
MultiCloud,2026,KATS,2,5,0,,
MultiCloud,2026,KATS,2,6,0,,
MultiCloud,2026,KATS,2,7,0,,
MultiCloud,2026,KATS,2,8,0,,
MultiCloud,2026,KATS,2,9,0,,
MultiCloud,2026,LightGBM,0,0,27,0.0591911931131218,0.25925925925925924
MultiCloud,2026,LightGBM,0,1,44,0.15113401349089017,0.45454545454545453
MultiCloud,2026,LightGBM,0,2,37,0.2567501136527439,0.2702702702702703
MultiCloud,2026,LightGBM,0,3,25,0.34082217219052835,0.2
MultiCloud,2026,LightGBM,0,4,18,0.46168184480892627,0.3333333333333333
MultiCloud,2026,LightGBM,0,5,20,0.533837691317957,0.3
MultiCloud,2026,LightGBM,0,6,21,0.6432999004771818,0.42857142857142855
MultiCloud,2026,LightGBM,0,7,6,0.7514484944889291,0.3333333333333333
MultiCloud,2026,LightGBM,0,8,2,0.8637528103581547,0.5
MultiCloud,2026,LightGBM,0,9,0,,
MultiCloud,2026,LightGBM,1,0,26,0.05929669721166269,0.2692307692307692
MultiCloud,2026,LightGBM,1,1,42,0.14876482086609083,0.38095238095238093
MultiCloud,2026,LightGBM,1,2,35,0.25210715982995396,0.34285714285714286
MultiCloud,2026,LightGBM,1,3,28,0.3451743489259938,0.32142857142857145
MultiCloud,2026,LightGBM,1,4,29,0.4578642190788808,0.3793103448275862
MultiCloud,2026,LightGBM,1,5,12,0.5623921032964331,0.16666666666666666
MultiCloud,2026,LightGBM,1,6,13,0.6433357447628756,0.38461538461538464
MultiCloud,2026,LightGBM,1,7,8,0.7497071028018074,0.375
MultiCloud,2026,LightGBM,1,8,7,0.8332304292650622,0.2857142857142857
MultiCloud,2026,LightGBM,1,9,0,,
MultiCloud,2026,LightGBM,2,0,14,0.07294779761463877,0.5714285714285714
MultiCloud,2026,LightGBM,2,1,54,0.14464649111499203,0.35185185185185186
MultiCloud,2026,LightGBM,2,2,33,0.24841606284535692,0.24242424242424243
MultiCloud,2026,LightGBM,2,3,26,0.3442471573807246,0.4230769230769231
MultiCloud,2026,LightGBM,2,4,25,0.44940579936453934,0.2
MultiCloud,2026,LightGBM,2,5,21,0.5505036705735092,0.42857142857142855
MultiCloud,2026,LightGBM,2,6,11,0.6657258697532346,0.2727272727272727
MultiCloud,2026,LightGBM,2,7,12,0.7545092626679661,0.25
MultiCloud,2026,LightGBM,2,8,4,0.8367716109713845,0.25
MultiCloud,2026,LightGBM,2,9,0,,
MultiCloud,2026,XGBoost,0,0,29,0.05576218664646149,0.2413793103448276
MultiCloud,2026,XGBoost,0,1,31,0.1456300914287567,0.45161290322580644
MultiCloud,2026,XGBoost,0,2,35,0.24376043677330017,0.37142857142857144
MultiCloud,2026,XGBoost,0,3,36,0.3451053500175476,0.25
MultiCloud,2026,XGBoost,0,4,23,0.44483184814453125,0.391304347826087
MultiCloud,2026,XGBoost,0,5,27,0.5381619334220886,0.37037037037037035
MultiCloud,2026,XGBoost,0,6,7,0.6503597497940063,0.2857142857142857
MultiCloud,2026,XGBoost,0,7,8,0.7681068778038025,0.25
MultiCloud,2026,XGBoost,0,8,4,0.8387181162834167,0.0
MultiCloud,2026,XGBoost,0,9,0,,
MultiCloud,2026,XGBoost,1,0,29,0.06299326568841934,0.3793103448275862
MultiCloud,2026,XGBoost,1,1,38,0.15198808908462524,0.2631578947368421
MultiCloud,2026,XGBoost,1,2,30,0.2568637728691101,0.4
MultiCloud,2026,XGBoost,1,3,36,0.345580130815506,0.3333333333333333
MultiCloud,2026,XGBoost,1,4,27,0.44944262504577637,0.3333333333333333
MultiCloud,2026,XGBoost,1,5,17,0.5501190423965454,0.17647058823529413
MultiCloud,2026,XGBoost,1,6,6,0.6405026316642761,0.3333333333333333
MultiCloud,2026,XGBoost,1,7,9,0.7463402152061462,0.6666666666666666
MultiCloud,2026,XGBoost,1,8,6,0.8225901126861572,0.3333333333333333
MultiCloud,2026,XGBoost,1,9,2,0.9285241961479187,0.0
MultiCloud,2026,XGBoost,2,0,19,0.06478896737098694,0.47368421052631576
MultiCloud,2026,XGBoost,2,1,46,0.1525266468524933,0.30434782608695654
MultiCloud,2026,XGBoost,2,2,24,0.2409367561340332,0.375
MultiCloud,2026,XGBoost,2,3,41,0.340712308883667,0.2682926829268293
MultiCloud,2026,XGBoost,2,4,29,0.4396795928478241,0.3448275862068966
MultiCloud,2026,XGBoost,2,5,14,0.5445987582206726,0.35714285714285715
MultiCloud,2026,XGBoost,2,6,13,0.6438141465187073,0.38461538461538464
MultiCloud,2026,XGBoost,2,7,10,0.7405363917350769,0.3
MultiCloud,2026,XGBoost,2,8,4,0.8403668403625488,0.25
MultiCloud,2026,XGBoost,2,9,0,,
MultiCloud,2026,RandomForest,0,0,2,0.075,0.0
MultiCloud,2026,RandomForest,0,1,20,0.15975,0.2
MultiCloud,2026,RandomForest,0,2,57,0.2585087719298246,0.3684210526315789
MultiCloud,2026,RandomForest,0,3,57,0.35096491228070176,0.3157894736842105
MultiCloud,2026,RandomForest,0,4,51,0.43813725490196076,0.35294117647058826
MultiCloud,2026,RandomForest,0,5,11,0.5386363636363637,0.36363636363636365
MultiCloud,2026,RandomForest,0,6,2,0.6375,0.5
MultiCloud,2026,RandomForest,0,7,0,,
MultiCloud,2026,RandomForest,0,8,0,,
MultiCloud,2026,RandomForest,0,9,0,,
MultiCloud,2026,RandomForest,1,0,1,0.095,0.0
MultiCloud,2026,RandomForest,1,1,21,0.1661904761904762,0.2857142857142857
MultiCloud,2026,RandomForest,1,2,74,0.2518918918918919,0.33783783783783783
MultiCloud,2026,RandomForest,1,3,55,0.3453636363636363,0.32727272727272727
MultiCloud,2026,RandomForest,1,4,33,0.4489393939393939,0.3333333333333333
MultiCloud,2026,RandomForest,1,5,9,0.5233333333333334,0.3333333333333333
MultiCloud,2026,RandomForest,1,6,4,0.635,0.5
MultiCloud,2026,RandomForest,1,7,3,0.7166666666666667,0.6666666666666666
MultiCloud,2026,RandomForest,1,8,0,,
MultiCloud,2026,RandomForest,1,9,0,,
MultiCloud,2026,RandomForest,2,0,0,,
MultiCloud,2026,RandomForest,2,1,15,0.15733333333333333,0.4
MultiCloud,2026,RandomForest,2,2,63,0.25452380952380954,0.3492063492063492
MultiCloud,2026,RandomForest,2,3,73,0.3513013698630137,0.3013698630136986
MultiCloud,2026,RandomForest,2,4,33,0.4371212121212121,0.3333333333333333
MultiCloud,2026,RandomForest,2,5,16,0.5293749999999999,0.375
MultiCloud,2026,RandomForest,2,6,0,,
MultiCloud,2026,RandomForest,2,7,0,,
MultiCloud,2026,RandomForest,2,8,0,,
MultiCloud,2026,RandomForest,2,9,0,,
MultiCloud,2026,BalancedRF,0,0,0,,
MultiCloud,2026,BalancedRF,0,1,18,0.15249999999999997,0.16666666666666666
MultiCloud,2026,BalancedRF,0,2,66,0.25287878787878787,0.3484848484848485
MultiCloud,2026,BalancedRF,0,3,58,0.3501724137931035,0.3620689655172414
MultiCloud,2026,BalancedRF,0,4,41,0.4395121951219512,0.3170731707317073
MultiCloud,2026,BalancedRF,0,5,16,0.5387500000000001,0.375
MultiCloud,2026,BalancedRF,0,6,1,0.65,0.0
MultiCloud,2026,BalancedRF,0,7,0,,
MultiCloud,2026,BalancedRF,0,8,0,,
MultiCloud,2026,BalancedRF,0,9,0,,
MultiCloud,2026,BalancedRF,1,0,0,,
MultiCloud,2026,BalancedRF,1,1,21,0.17095238095238094,0.2857142857142857
MultiCloud,2026,BalancedRF,1,2,70,0.24871428571428572,0.3
MultiCloud,2026,BalancedRF,1,3,68,0.34566176470588234,0.38235294117647056
MultiCloud,2026,BalancedRF,1,4,25,0.4477999999999999,0.32
MultiCloud,2026,BalancedRF,1,5,9,0.546111111111111,0.2222222222222222
MultiCloud,2026,BalancedRF,1,6,5,0.6460000000000001,0.6
MultiCloud,2026,BalancedRF,1,7,2,0.745,0.5
MultiCloud,2026,BalancedRF,1,8,0,,
MultiCloud,2026,BalancedRF,1,9,0,,
MultiCloud,2026,BalancedRF,2,0,0,,
MultiCloud,2026,BalancedRF,2,1,19,0.1694736842105263,0.5263157894736842
MultiCloud,2026,BalancedRF,2,2,56,0.25285714285714284,0.2857142857142857
MultiCloud,2026,BalancedRF,2,3,67,0.35134328358208955,0.3283582089552239
MultiCloud,2026,BalancedRF,2,4,47,0.4423404255319149,0.3404255319148936
MultiCloud,2026,BalancedRF,2,5,10,0.5309999999999999,0.2
MultiCloud,2026,BalancedRF,2,6,1,0.61,1.0
MultiCloud,2026,BalancedRF,2,7,0,,
MultiCloud,2026,BalancedRF,2,8,0,,
MultiCloud,2026,BalancedRF,2,9,0,,
MultiCloud,2026,MLP,0,0,0,,
MultiCloud,2026,MLP,0,1,0,,
MultiCloud,2026,MLP,0,2,40,0.27462640480187994,0.3
MultiCloud,2026,MLP,0,3,153,0.3467036658521153,0.3333333333333333
MultiCloud,2026,MLP,0,4,7,0.4140990324902717,0.42857142857142855
MultiCloud,2026,MLP,0,5,0,,
MultiCloud,2026,MLP,0,6,0,,
MultiCloud,2026,MLP,0,7,0,,
MultiCloud,2026,MLP,0,8,0,,
MultiCloud,2026,MLP,0,9,0,,
MultiCloud,2026,MLP,1,0,0,,
MultiCloud,2026,MLP,1,1,0,,
MultiCloud,2026,MLP,1,2,17,0.28453359546910706,0.29411764705882354
MultiCloud,2026,MLP,1,3,173,0.34893623776662863,0.3236994219653179
MultiCloud,2026,MLP,1,4,10,0.42856411079802575,0.6
MultiCloud,2026,MLP,1,5,0,,
MultiCloud,2026,MLP,1,6,0,,
MultiCloud,2026,MLP,1,7,0,,
MultiCloud,2026,MLP,1,8,0,,
MultiCloud,2026,MLP,1,9,0,,
MultiCloud,2026,MLP,2,0,0,,
MultiCloud,2026,MLP,2,1,0,,
MultiCloud,2026,MLP,2,2,61,0.27782047152010375,0.32786885245901637
MultiCloud,2026,MLP,2,3,138,0.33497202468586307,0.34057971014492755
MultiCloud,2026,MLP,2,4,1,0.40872017116199993,0.0
MultiCloud,2026,MLP,2,5,0,,
MultiCloud,2026,MLP,2,6,0,,
MultiCloud,2026,MLP,2,7,0,,
MultiCloud,2026,MLP,2,8,0,,
MultiCloud,2026,MLP,2,9,0,,
MultiCloud,2026,LogReg,0,0,10,0.06780203871678323,0.0
MultiCloud,2026,LogReg,0,1,0,,
MultiCloud,2026,LogReg,0,2,45,0.26625193287268345,0.3333333333333333
MultiCloud,2026,LogReg,0,3,112,0.35045683936252603,0.35714285714285715
MultiCloud,2026,LogReg,0,4,33,0.42695665155948626,0.3333333333333333
MultiCloud,2026,LogReg,0,5,0,,
MultiCloud,2026,LogReg,0,6,0,,
MultiCloud,2026,LogReg,0,7,0,,
MultiCloud,2026,LogReg,0,8,0,,
MultiCloud,2026,LogReg,0,9,0,,
MultiCloud,2026,LogReg,1,0,0,,
MultiCloud,2026,LogReg,1,1,0,,
MultiCloud,2026,LogReg,1,2,69,0.26401157173403855,0.3188405797101449
MultiCloud,2026,LogReg,1,3,106,0.3425327634503176,0.3113207547169811
MultiCloud,2026,LogReg,1,4,15,0.42653365854705927,0.4
MultiCloud,2026,LogReg,1,5,0,,
MultiCloud,2026,LogReg,1,6,10,0.6599063163169212,0.6
MultiCloud,2026,LogReg,1,7,0,,
MultiCloud,2026,LogReg,1,8,0,,
MultiCloud,2026,LogReg,1,9,0,,
MultiCloud,2026,LogReg,2,0,0,,
MultiCloud,2026,LogReg,2,1,0,,
MultiCloud,2026,LogReg,2,2,26,0.2819635040022821,0.23076923076923078
MultiCloud,2026,LogReg,2,3,174,0.33992250921079714,0.3505747126436782
MultiCloud,2026,LogReg,2,4,0,,
MultiCloud,2026,LogReg,2,5,0,,
MultiCloud,2026,LogReg,2,6,0,,
MultiCloud,2026,LogReg,2,7,0,,
MultiCloud,2026,LogReg,2,8,0,,
MultiCloud,2026,LogReg,2,9,0,,
MultiCloud,2026,NaiveBayes,0,0,10,0.07114747685376065,0.0
MultiCloud,2026,NaiveBayes,0,1,0,,
MultiCloud,2026,NaiveBayes,0,2,18,0.2853593461036954,0.3333333333333333
MultiCloud,2026,NaiveBayes,0,3,153,0.3428056055958661,0.35294117647058826
MultiCloud,2026,NaiveBayes,0,4,19,0.4217973402470272,0.3157894736842105
MultiCloud,2026,NaiveBayes,0,5,0,,
MultiCloud,2026,NaiveBayes,0,6,0,,
MultiCloud,2026,NaiveBayes,0,7,0,,
MultiCloud,2026,NaiveBayes,0,8,0,,
MultiCloud,2026,NaiveBayes,0,9,0,,
MultiCloud,2026,NaiveBayes,1,0,0,,
MultiCloud,2026,NaiveBayes,1,1,3,0.15169937602638903,0.0
MultiCloud,2026,NaiveBayes,1,2,35,0.26506383403081546,0.2857142857142857
MultiCloud,2026,NaiveBayes,1,3,151,0.33431888454161374,0.33774834437086093
MultiCloud,2026,NaiveBayes,1,4,1,0.40429715472312827,0.0
MultiCloud,2026,NaiveBayes,1,5,2,0.5977256775260698,0.5
MultiCloud,2026,NaiveBayes,1,6,2,0.6074211040759601,1.0
MultiCloud,2026,NaiveBayes,1,7,3,0.7288427385941278,1.0
MultiCloud,2026,NaiveBayes,1,8,3,0.8539886039886039,0.0
MultiCloud,2026,NaiveBayes,1,9,0,,
MultiCloud,2026,NaiveBayes,2,0,3,0.08333333333333333,1.0
MultiCloud,2026,NaiveBayes,2,1,1,0.1929714159184416,0.0
MultiCloud,2026,NaiveBayes,2,2,2,0.20613631967373286,0.0
MultiCloud,2026,NaiveBayes,2,3,191,0.3340750989215245,0.3298429319371728
MultiCloud,2026,NaiveBayes,2,4,3,0.4158311002803317,0.3333333333333333
MultiCloud,2026,NaiveBayes,2,5,0,,
MultiCloud,2026,NaiveBayes,2,6,0,,
MultiCloud,2026,NaiveBayes,2,7,0,,
MultiCloud,2026,NaiveBayes,2,8,0,,
MultiCloud,2026,NaiveBayes,2,9,0,,
CICIDS2017,42,KATS,0,0,3437,0.016680627204902772,0.002036659877800407
CICIDS2017,42,KATS,0,1,347,0.14696908067935072,0.008645533141210375
CICIDS2017,42,KATS,0,2,368,0.2530399125921323,0.010869565217391304
CICIDS2017,42,KATS,0,3,581,0.35127409507499213,0.11359724612736662
CICIDS2017,42,KATS,0,4,2979,0.4768760440031866,0.008392077878482713
CICIDS2017,42,KATS,0,5,2179,0.5160200914190236,0.01101422670949977
CICIDS2017,42,KATS,0,6,265,0.6444296685579056,0.09811320754716982
CICIDS2017,42,KATS,0,7,230,0.7511711616698908,0.21304347826086956
CICIDS2017,42,KATS,0,8,174,0.8450550257542835,0.1896551724137931
CICIDS2017,42,KATS,0,9,1440,0.9925239347395324,0.9125
CICIDS2017,42,KATS,1,0,2029,0.012902190128347493,0.21241991128634796
CICIDS2017,42,KATS,1,1,409,0.15472382580732602,0.7188264058679706
CICIDS2017,42,KATS,1,2,442,0.2492577797058859,0.7307692307692307
CICIDS2017,42,KATS,1,3,597,0.3537937585487464,0.8056951423785594
CICIDS2017,42,KATS,1,4,3586,0.4825807273492541,0.9852203011712214
CICIDS2017,42,KATS,1,5,1842,0.5298274796425063,0.994028230184582
CICIDS2017,42,KATS,1,6,416,0.6480668399435926,0.9855769230769231
CICIDS2017,42,KATS,1,7,418,0.7466380781215218,0.9880382775119617
CICIDS2017,42,KATS,1,8,343,0.8518844584296041,0.9970845481049563
CICIDS2017,42,KATS,1,9,1918,0.9801468259686841,0.9989572471324296
CICIDS2017,42,KATS,2,0,9895,0.0043141908909852915,0.0003031834259727135
CICIDS2017,42,KATS,2,1,332,0.14689486841860724,0.0
CICIDS2017,42,KATS,2,2,257,0.25394069246543055,0.027237354085603113
CICIDS2017,42,KATS,2,3,210,0.33607752211606534,0.05238095238095238
CICIDS2017,42,KATS,2,4,117,0.4496890949244737,0.08547008547008547
CICIDS2017,42,KATS,2,5,150,0.5535947741945354,0.28
CICIDS2017,42,KATS,2,6,175,0.6539515161778114,0.26857142857142857
CICIDS2017,42,KATS,2,7,178,0.7424236699079471,0.29213483146067415
CICIDS2017,42,KATS,2,8,139,0.8451401267615993,0.20863309352517986
CICIDS2017,42,KATS,2,9,547,0.9716138620803271,0.5009140767824497
CICIDS2017,42,LightGBM,0,0,10434,0.00020263904453762842,0.0002875215641173088
CICIDS2017,42,LightGBM,0,1,6,0.13088909077455654,0.16666666666666666
CICIDS2017,42,LightGBM,0,2,2,0.21898697364663564,1.0
CICIDS2017,42,LightGBM,0,3,0,,
CICIDS2017,42,LightGBM,0,4,2,0.4249420300600624,0.5
CICIDS2017,42,LightGBM,0,5,2,0.5534463533996118,0.0
CICIDS2017,42,LightGBM,0,6,0,,
CICIDS2017,42,LightGBM,0,7,0,,
CICIDS2017,42,LightGBM,0,8,4,0.8606862962980303,0.5
CICIDS2017,42,LightGBM,0,9,1550,0.9996231608895616,0.9948387096774194
CICIDS2017,42,LightGBM,1,0,2025,0.00038435406631873284,0.0049382716049382715
CICIDS2017,42,LightGBM,1,1,4,0.13925431996242826,0.5
CICIDS2017,42,LightGBM,1,2,0,,
CICIDS2017,42,LightGBM,1,3,1,0.38515928823510637,1.0
CICIDS2017,42,LightGBM,1,4,2,0.44651546788929497,1.0
CICIDS2017,42,LightGBM,1,5,2,0.574887530778348,0.5
CICIDS2017,42,LightGBM,1,6,1,0.6442387350035267,0.0
CICIDS2017,42,LightGBM,1,7,2,0.7806369213411433,0.0
CICIDS2017,42,LightGBM,1,8,6,0.8689430877352068,0.6666666666666666
CICIDS2017,42,LightGBM,1,9,9957,0.9997718246471844,0.9996987044290448
CICIDS2017,42,LightGBM,2,0,11523,1.4666944424291448e-05,0.0002603488674824265
CICIDS2017,42,LightGBM,2,1,0,,
CICIDS2017,42,LightGBM,2,2,0,,
CICIDS2017,42,LightGBM,2,3,1,0.35197683128061497,1.0
CICIDS2017,42,LightGBM,2,4,0,,
CICIDS2017,42,LightGBM,2,5,0,,
CICIDS2017,42,LightGBM,2,6,1,0.6127361191459131,0.0
CICIDS2017,42,LightGBM,2,7,0,,
CICIDS2017,42,LightGBM,2,8,0,,
CICIDS2017,42,LightGBM,2,9,475,0.9995846011990895,0.991578947368421
CICIDS2017,42,XGBoost,0,0,10439,0.00027815744397230446,0.0001915892326851231
CICIDS2017,42,XGBoost,0,1,4,0.14080661535263062,0.25
CICIDS2017,42,XGBoost,0,2,1,0.2764349579811096,1.0
CICIDS2017,42,XGBoost,0,3,1,0.34703561663627625,1.0
CICIDS2017,42,XGBoost,0,4,7,0.4439394772052765,0.5714285714285714
CICIDS2017,42,XGBoost,0,5,4,0.5800375938415527,0.5
CICIDS2017,42,XGBoost,0,6,4,0.6431353688240051,0.5
CICIDS2017,42,XGBoost,0,7,5,0.7611284852027893,1.0
CICIDS2017,42,XGBoost,0,8,1,0.8570229411125183,1.0
CICIDS2017,42,XGBoost,0,9,1534,0.9986494183540344,0.9986962190352021
CICIDS2017,42,XGBoost,1,0,2002,0.002159228315576911,0.001998001998001998
CICIDS2017,42,XGBoost,1,1,6,0.14932213723659515,0.0
CICIDS2017,42,XGBoost,1,2,6,0.23752234876155853,0.0
CICIDS2017,42,XGBoost,1,3,6,0.36506354808807373,0.5
CICIDS2017,42,XGBoost,1,4,5,0.4211406707763672,0.4
CICIDS2017,42,XGBoost,1,5,7,0.5544911026954651,0.42857142857142855
CICIDS2017,42,XGBoost,1,6,1,0.6521909832954407,0.0
CICIDS2017,42,XGBoost,1,7,2,0.7354146242141724,0.0
CICIDS2017,42,XGBoost,1,8,4,0.8584468960762024,0.75
CICIDS2017,42,XGBoost,1,9,9961,0.999680757522583,0.9997992169460898
CICIDS2017,42,XGBoost,2,0,11522,3.7213332689134404e-05,0.00017358097552508245
CICIDS2017,42,XGBoost,2,1,0,,
CICIDS2017,42,XGBoost,2,2,1,0.2348068505525589,1.0
CICIDS2017,42,XGBoost,2,3,0,,
CICIDS2017,42,XGBoost,2,4,0,,
CICIDS2017,42,XGBoost,2,5,1,0.5694181323051453,1.0
CICIDS2017,42,XGBoost,2,6,2,0.6150022745132446,0.5
CICIDS2017,42,XGBoost,2,7,1,0.7677205801010132,1.0
CICIDS2017,42,XGBoost,2,8,5,0.8473731875419617,1.0
CICIDS2017,42,XGBoost,2,9,468,0.9949830770492554,0.9914529914529915
CICIDS2017,42,RandomForest,0,0,10397,0.0010806455625660258,0.00028854477253053765
CICIDS2017,42,RandomForest,0,1,35,0.14223694853249277,0.17142857142857143
CICIDS2017,42,RandomForest,0,2,17,0.25352941176470584,0.29411764705882354
CICIDS2017,42,RandomForest,0,3,8,0.3525,0.625
CICIDS2017,42,RandomForest,0,4,5,0.45706321062657096,0.4
CICIDS2017,42,RandomForest,0,5,10,0.5456779521221607,0.7
CICIDS2017,42,RandomForest,0,6,5,0.6599999999999999,0.6
CICIDS2017,42,RandomForest,0,7,7,0.7428571428571429,1.0
CICIDS2017,42,RandomForest,0,8,21,0.8511904761904762,0.9047619047619048
CICIDS2017,42,RandomForest,0,9,1495,0.9981768073524473,0.9993311036789297
CICIDS2017,42,RandomForest,1,0,1956,0.0017650376274224516,0.0015337423312883436
CICIDS2017,42,RandomForest,1,1,29,0.13879310344827583,0.034482758620689655
CICIDS2017,42,RandomForest,1,2,8,0.249375,0.0
CICIDS2017,42,RandomForest,1,3,7,0.3457142857142857,0.2857142857142857
CICIDS2017,42,RandomForest,1,4,10,0.4568220478778393,0.3
CICIDS2017,42,RandomForest,1,5,9,0.5488537718741272,0.5555555555555556
CICIDS2017,42,RandomForest,1,6,13,0.6638461538461539,0.38461538461538464
CICIDS2017,42,RandomForest,1,7,15,0.756,0.7333333333333333
CICIDS2017,42,RandomForest,1,8,38,0.8564922842463882,0.8421052631578947
CICIDS2017,42,RandomForest,1,9,9915,0.9987664677847706,0.999697428139183
CICIDS2017,42,RandomForest,2,0,11519,0.00015626356454553347,0.00017362618282837052
CICIDS2017,42,RandomForest,2,1,4,0.15125,0.25
CICIDS2017,42,RandomForest,2,2,0,,
CICIDS2017,42,RandomForest,2,3,2,0.355,0.5
CICIDS2017,42,RandomForest,2,4,3,0.41333333333333333,0.6666666666666666
CICIDS2017,42,RandomForest,2,5,1,0.54,1.0
CICIDS2017,42,RandomForest,2,6,1,0.655,1.0
CICIDS2017,42,RandomForest,2,7,0,,
CICIDS2017,42,RandomForest,2,8,6,0.8641666666666666,1.0
CICIDS2017,42,RandomForest,2,9,464,0.9975070245880452,0.9935344827586207
CICIDS2017,42,BalancedRF,0,0,10002,0.0070528394321135775,0.0001999600079984003
CICIDS2017,42,BalancedRF,0,1,297,0.1392676767676768,0.0
CICIDS2017,42,BalancedRF,0,2,85,0.23970588235294119,0.07058823529411765
CICIDS2017,42,BalancedRF,0,3,41,0.34402439024390247,0.12195121951219512
CICIDS2017,42,BalancedRF,0,4,23,0.4479347826086957,0.13043478260869565
CICIDS2017,42,BalancedRF,0,5,11,0.5513636363636365,0.5454545454545454
CICIDS2017,42,BalancedRF,0,6,11,0.6431818181818182,0.8181818181818182
CICIDS2017,42,BalancedRF,0,7,24,0.7633333333333333,0.7083333333333334
CICIDS2017,42,BalancedRF,0,8,20,0.8605,0.9
CICIDS2017,42,BalancedRF,0,9,1486,0.9977288021534321,0.9993270524899058
CICIDS2017,42,BalancedRF,1,0,1958,0.0019094739530132788,0.0020429009193054137
CICIDS2017,42,BalancedRF,1,1,24,0.13645833333333335,0.041666666666666664
CICIDS2017,42,BalancedRF,1,2,25,0.24139999999999998,0.28
CICIDS2017,42,BalancedRF,1,3,11,0.35818181818181816,0.18181818181818182
CICIDS2017,42,BalancedRF,1,4,13,0.45038461538461544,0.6153846153846154
CICIDS2017,42,BalancedRF,1,5,35,0.5526428571428571,0.8857142857142857
CICIDS2017,42,BalancedRF,1,6,49,0.6554081632653062,0.8775510204081632
CICIDS2017,42,BalancedRF,1,7,99,0.7622222222222221,0.9494949494949495
CICIDS2017,42,BalancedRF,1,8,325,0.8551461538461539,1.0
CICIDS2017,42,BalancedRF,1,9,9461,0.9913098509671281,0.9997886058556178
CICIDS2017,42,BalancedRF,2,0,11469,0.0018384340395849682,0.0001743831197140117
CICIDS2017,42,BalancedRF,2,1,40,0.1335,0.0
CICIDS2017,42,BalancedRF,2,2,8,0.2525,0.125
CICIDS2017,42,BalancedRF,2,3,5,0.353,0.0
CICIDS2017,42,BalancedRF,2,4,2,0.435,0.0
CICIDS2017,42,BalancedRF,2,5,1,0.535,1.0
CICIDS2017,42,BalancedRF,2,6,1,0.685,1.0
CICIDS2017,42,BalancedRF,2,7,0,,
CICIDS2017,42,BalancedRF,2,8,0,,
CICIDS2017,42,BalancedRF,2,9,474,0.9984203586497891,0.9915611814345991
CICIDS2017,42,MLP,0,0,10396,0.0032859895488934437,0.005098114659484417
CICIDS2017,42,MLP,0,1,33,0.14663106695507913,0.2727272727272727
CICIDS2017,42,MLP,0,2,80,0.25578182161759594,0.325
CICIDS2017,42,MLP,0,3,4,0.37589072285696157,0.25
CICIDS2017,42,MLP,0,4,7,0.4517547474762487,0.42857142857142855
CICIDS2017,42,MLP,0,5,58,0.5361142064242937,0.7586206896551724
CICIDS2017,42,MLP,0,6,13,0.6455341115016714,1.0
CICIDS2017,42,MLP,0,7,8,0.7632633583250259,0.75
CICIDS2017,42,MLP,0,8,39,0.8358294362718982,0.9743589743589743
CICIDS2017,42,MLP,0,9,1362,0.9944271507793676,0.9970631424375918
CICIDS2017,42,MLP,1,0,1682,0.006162233493764998,0.0077288941736028535
CICIDS2017,42,MLP,1,1,90,0.15813683614961208,0.25555555555555554
CICIDS2017,42,MLP,1,2,63,0.2525382728003481,0.4126984126984127
CICIDS2017,42,MLP,1,3,65,0.3489217620013973,0.26153846153846155
CICIDS2017,42,MLP,1,4,109,0.4571257785660394,0.3577981651376147
CICIDS2017,42,MLP,1,5,77,0.5489522638361269,0.6103896103896104
CICIDS2017,42,MLP,1,6,25,0.6461403130668125,0.68
CICIDS2017,42,MLP,1,7,96,0.7492238929060792,0.6770833333333334
CICIDS2017,42,MLP,1,8,45,0.8616466929254034,0.7333333333333333
CICIDS2017,42,MLP,1,9,9748,0.996241565848976,0.9944604021337711
CICIDS2017,42,MLP,2,0,11361,0.0005071367114109015,0.0003520816829504445
CICIDS2017,42,MLP,2,1,15,0.15725691564381333,0.2
CICIDS2017,42,MLP,2,2,4,0.2500679943075792,1.0
CICIDS2017,42,MLP,2,3,24,0.34954659313552483,0.3333333333333333
CICIDS2017,42,MLP,2,4,70,0.45199001522297433,0.37142857142857144
CICIDS2017,42,MLP,2,5,49,0.5427152694876437,0.5102040816326531
CICIDS2017,42,MLP,2,6,52,0.6511501383083522,0.6730769230769231
CICIDS2017,42,MLP,2,7,55,0.7460169180933107,0.5636363636363636
CICIDS2017,42,MLP,2,8,50,0.8455017886702437,0.56
CICIDS2017,42,MLP,2,9,320,0.9902027965526141,0.971875
CICIDS2017,42,LogReg,0,0,9013,0.006511023233348489,0.0018861644291578831
CICIDS2017,42,LogReg,0,1,420,0.1450583974397002,0.009523809523809525
CICIDS2017,42,LogReg,0,2,222,0.2403191976297974,0.0945945945945946
CICIDS2017,42,LogReg,0,3,168,0.350927916222293,0.07738095238095238
CICIDS2017,42,LogReg,0,4,361,0.4490926798624739,0.11911357340720222
CICIDS2017,42,LogReg,0,5,255,0.5477547996267981,0.054901960784313725
CICIDS2017,42,LogReg,0,6,89,0.649929281482645,0.5955056179775281
CICIDS2017,42,LogReg,0,7,116,0.7537605284999317,0.6293103448275862
CICIDS2017,42,LogReg,0,8,104,0.8621850287703219,0.8942307692307693
CICIDS2017,42,LogReg,0,9,1252,0.9942316519505863,0.9744408945686901
CICIDS2017,42,LogReg,1,0,1907,0.011681381445785958,0.1274252753015207
CICIDS2017,42,LogReg,1,1,146,0.13671215929563116,0.21232876712328766
CICIDS2017,42,LogReg,1,2,127,0.2450904515234998,0.41732283464566927
CICIDS2017,42,LogReg,1,3,363,0.3540698854458223,0.7245179063360881
CICIDS2017,42,LogReg,1,4,312,0.4429900993726426,0.9262820512820513
CICIDS2017,42,LogReg,1,5,179,0.5439124346201991,0.9385474860335196
CICIDS2017,42,LogReg,1,6,188,0.6504090884853345,0.9840425531914894
CICIDS2017,42,LogReg,1,7,240,0.7609674565661062,0.9166666666666666
CICIDS2017,42,LogReg,1,8,505,0.8604450855684563,0.9920792079207921
CICIDS2017,42,LogReg,1,9,8033,0.9899172507683888,0.9985061620814142
CICIDS2017,42,LogReg,2,0,10651,0.004576507927120027,0.0
CICIDS2017,42,LogReg,2,1,352,0.14832914175542805,0.028409090909090908
CICIDS2017,42,LogReg,2,2,220,0.22338290308659178,0.013636363636363636
CICIDS2017,42,LogReg,2,3,40,0.3458605685427171,0.0
CICIDS2017,42,LogReg,2,4,19,0.4297454426973205,0.0
CICIDS2017,42,LogReg,2,5,7,0.5635538280879896,0.0
CICIDS2017,42,LogReg,2,6,6,0.6519981866201365,0.0
CICIDS2017,42,LogReg,2,7,12,0.7402372952803065,0.0
CICIDS2017,42,LogReg,2,8,48,0.8663211363613126,0.5625
CICIDS2017,42,LogReg,2,9,645,0.972455718137019,0.6744186046511628
CICIDS2017,42,NaiveBayes,0,0,9052,0.028749633257190363,0.02861246133451171
CICIDS2017,42,NaiveBayes,0,1,1300,0.11277236297891814,0.1176923076923077
CICIDS2017,42,NaiveBayes,0,2,74,0.2395067878121472,0.28378378378378377
CICIDS2017,42,NaiveBayes,0,3,25,0.3440204981383582,0.16
CICIDS2017,42,NaiveBayes,0,4,1549,0.4912631150946568,0.7191736604260813
CICIDS2017,42,NaiveBayes,0,5,0,,
CICIDS2017,42,NaiveBayes,0,6,0,,
CICIDS2017,42,NaiveBayes,0,7,0,,
CICIDS2017,42,NaiveBayes,0,8,0,,
CICIDS2017,42,NaiveBayes,0,9,0,,
CICIDS2017,42,NaiveBayes,1,0,0,,
CICIDS2017,42,NaiveBayes,1,1,0,,
CICIDS2017,42,NaiveBayes,1,2,0,,
CICIDS2017,42,NaiveBayes,1,3,0,,
CICIDS2017,42,NaiveBayes,1,4,0,,
CICIDS2017,42,NaiveBayes,1,5,1549,0.5086822981135041,0.28082633957391867
CICIDS2017,42,NaiveBayes,1,6,25,0.6559158762414207,0.84
CICIDS2017,42,NaiveBayes,1,7,74,0.7604203870627415,0.7162162162162162
CICIDS2017,42,NaiveBayes,1,8,6787,0.8784450671968402,0.8828642993959039
CICIDS2017,42,NaiveBayes,1,9,3565,0.9635017098668867,0.9741935483870968
CICIDS2017,42,NaiveBayes,2,0,12000,0.04569629298193629,0.03958333333333333
CICIDS2017,42,NaiveBayes,2,1,0,,
CICIDS2017,42,NaiveBayes,2,2,0,,
CICIDS2017,42,NaiveBayes,2,3,0,,
CICIDS2017,42,NaiveBayes,2,4,0,,
CICIDS2017,42,NaiveBayes,2,5,0,,
CICIDS2017,42,NaiveBayes,2,6,0,,
CICIDS2017,42,NaiveBayes,2,7,0,,
CICIDS2017,42,NaiveBayes,2,8,0,,
CICIDS2017,42,NaiveBayes,2,9,0,,
CICIDS2017,7,KATS,0,0,2858,0.037006639886563775,0.0013995801259622112
CICIDS2017,7,KATS,0,1,656,0.13978069794883236,0.001524390243902439
CICIDS2017,7,KATS,0,2,316,0.24903621286992608,0.015822784810126583
CICIDS2017,7,KATS,0,3,710,0.3553454831269339,0.10985915492957747
CICIDS2017,7,KATS,0,4,3674,0.46823332557091524,0.004082743603701687
CICIDS2017,7,KATS,0,5,1552,0.5198908243873639,0.00902061855670103
CICIDS2017,7,KATS,0,6,318,0.6444421008016779,0.12264150943396226
CICIDS2017,7,KATS,0,7,301,0.7527880936740929,0.15282392026578073
CICIDS2017,7,KATS,0,8,205,0.8408211956718169,0.22439024390243903
CICIDS2017,7,KATS,0,9,1410,0.992021297745338,0.9241134751773049
CICIDS2017,7,KATS,1,0,1807,0.015506238729952252,0.17044825677919204
CICIDS2017,7,KATS,1,1,459,0.15025264158044818,0.6993464052287581
CICIDS2017,7,KATS,1,2,610,0.24863073983414352,0.7098360655737705
CICIDS2017,7,KATS,1,3,841,0.3541776663780976,0.8156956004756243
CICIDS2017,7,KATS,1,4,3845,0.47237602694525227,0.9903771131339402
CICIDS2017,7,KATS,1,5,1872,0.5312006149997477,0.9914529914529915
CICIDS2017,7,KATS,1,6,527,0.6449028480331244,0.9943074003795066
CICIDS2017,7,KATS,1,7,393,0.7466627327187784,1.0
CICIDS2017,7,KATS,1,8,348,0.8572294902374276,1.0
CICIDS2017,7,KATS,1,9,1298,0.9739772266786934,0.9992295839753467
CICIDS2017,7,KATS,2,0,9328,0.011212190001876985,0.0
CICIDS2017,7,KATS,2,1,515,0.14618505048932312,0.0
CICIDS2017,7,KATS,2,2,390,0.24843342294959822,0.002564102564102564
CICIDS2017,7,KATS,2,3,353,0.336861231747225,0.059490084985835696
CICIDS2017,7,KATS,2,4,235,0.4515266596583338,0.13617021276595745
CICIDS2017,7,KATS,2,5,305,0.5512144062633287,0.2754098360655738
CICIDS2017,7,KATS,2,6,217,0.645497427089085,0.2488479262672811
CICIDS2017,7,KATS,2,7,132,0.7515781226341834,0.19696969696969696
CICIDS2017,7,KATS,2,8,246,0.8519715655601227,0.5772357723577236
CICIDS2017,7,KATS,2,9,279,0.9674955486747834,0.4121863799283154
CICIDS2017,7,LightGBM,0,0,10427,0.00023037595922114986,0.0
CICIDS2017,7,LightGBM,0,1,6,0.1514458888720304,0.0
CICIDS2017,7,LightGBM,0,2,3,0.26409575197259616,0.0
CICIDS2017,7,LightGBM,0,3,1,0.30218161850162195,0.0
CICIDS2017,7,LightGBM,0,4,3,0.4200961514342369,0.0
CICIDS2017,7,LightGBM,0,5,0,,
CICIDS2017,7,LightGBM,0,6,1,0.6853603545992045,0.0
CICIDS2017,7,LightGBM,0,7,1,0.797494617204773,1.0
CICIDS2017,7,LightGBM,0,8,3,0.8615468596859536,0.3333333333333333
CICIDS2017,7,LightGBM,0,9,1555,0.9996946940210402,0.9961414790996784
CICIDS2017,7,LightGBM,1,0,2035,0.0002649192058963671,0.0063882063882063885
CICIDS2017,7,LightGBM,1,1,3,0.13838721161297338,0.6666666666666666
CICIDS2017,7,LightGBM,1,2,1,0.20240728329419067,0.0
CICIDS2017,7,LightGBM,1,3,1,0.3141157202387694,1.0
CICIDS2017,7,LightGBM,1,4,1,0.49738198473003903,0.0
CICIDS2017,7,LightGBM,1,5,3,0.5796389639089128,1.0
CICIDS2017,7,LightGBM,1,6,2,0.6587633276260941,0.5
CICIDS2017,7,LightGBM,1,7,3,0.73587875231498,1.0
CICIDS2017,7,LightGBM,1,8,6,0.8484127304930994,1.0
CICIDS2017,7,LightGBM,1,9,9945,0.9997527006342734,1.0
CICIDS2017,7,LightGBM,2,0,11518,6.723095207038041e-06,8.682062858135092e-05
CICIDS2017,7,LightGBM,2,1,0,,
CICIDS2017,7,LightGBM,2,2,0,,
CICIDS2017,7,LightGBM,2,3,1,0.3734207899316825,1.0
CICIDS2017,7,LightGBM,2,4,1,0.49442182249347433,1.0
CICIDS2017,7,LightGBM,2,5,0,,
CICIDS2017,7,LightGBM,2,6,0,,
CICIDS2017,7,LightGBM,2,7,0,,
CICIDS2017,7,LightGBM,2,8,0,,
CICIDS2017,7,LightGBM,2,9,480,0.999860566735034,0.9833333333333333
CICIDS2017,7,XGBoost,0,0,10435,0.0002701032208278775,0.0
CICIDS2017,7,XGBoost,0,1,4,0.14736048877239227,0.0
CICIDS2017,7,XGBoost,0,2,3,0.2467835396528244,0.3333333333333333
CICIDS2017,7,XGBoost,0,3,2,0.3332640528678894,0.5
CICIDS2017,7,XGBoost,0,4,4,0.46825921535491943,0.5
CICIDS2017,7,XGBoost,0,5,2,0.5524775981903076,0.0
CICIDS2017,7,XGBoost,0,6,1,0.6078172326087952,0.0
CICIDS2017,7,XGBoost,0,7,6,0.7334256172180176,0.8333333333333334
CICIDS2017,7,XGBoost,0,8,5,0.848893940448761,1.0
CICIDS2017,7,XGBoost,0,9,1538,0.9987335801124573,0.9993498049414824
CICIDS2017,7,XGBoost,1,0,2014,0.0017395891482010484,0.003972194637537239
CICIDS2017,7,XGBoost,1,1,10,0.13697770237922668,0.0
CICIDS2017,7,XGBoost,1,2,6,0.26420512795448303,0.16666666666666666
CICIDS2017,7,XGBoost,1,3,1,0.3918873369693756,1.0
CICIDS2017,7,XGBoost,1,4,3,0.45539069175720215,0.6666666666666666
CICIDS2017,7,XGBoost,1,5,4,0.5308178067207336,0.5
CICIDS2017,7,XGBoost,1,6,2,0.6659143567085266,0.5
CICIDS2017,7,XGBoost,1,7,3,0.7519572377204895,0.6666666666666666
CICIDS2017,7,XGBoost,1,8,4,0.8522400259971619,1.0
CICIDS2017,7,XGBoost,1,9,9953,0.9996768236160278,1.0
CICIDS2017,7,XGBoost,2,0,11518,5.027126462664455e-05,8.682062858135092e-05
CICIDS2017,7,XGBoost,2,1,0,,
CICIDS2017,7,XGBoost,2,2,0,,
CICIDS2017,7,XGBoost,2,3,0,,
CICIDS2017,7,XGBoost,2,4,0,,
CICIDS2017,7,XGBoost,2,5,1,0.5226255059242249,1.0
CICIDS2017,7,XGBoost,2,6,0,,
CICIDS2017,7,XGBoost,2,7,0,,
CICIDS2017,7,XGBoost,2,8,6,0.8789122700691223,1.0
CICIDS2017,7,XGBoost,2,9,475,0.9966471195220947,0.9831578947368421
CICIDS2017,7,RandomForest,0,0,10397,0.0012013080696354718,9.618159084351255e-05
CICIDS2017,7,RandomForest,0,1,36,0.14058478310238465,0.0
CICIDS2017,7,RandomForest,0,2,10,0.24399999999999994,0.2
CICIDS2017,7,RandomForest,0,3,10,0.354,0.5
CICIDS2017,7,RandomForest,0,4,4,0.44875,0.75
CICIDS2017,7,RandomForest,0,5,8,0.555625,0.75
CICIDS2017,7,RandomForest,0,6,4,0.6637500000000001,1.0
CICIDS2017,7,RandomForest,0,7,8,0.76625,1.0
CICIDS2017,7,RandomForest,0,8,14,0.8528571428571429,1.0
CICIDS2017,7,RandomForest,0,9,1509,0.9979841539311819,0.9993373094764745
CICIDS2017,7,RandomForest,1,0,1977,0.0018497277277928598,0.004046535154274153
CICIDS2017,7,RandomForest,1,1,21,0.1335714285714286,0.0
CICIDS2017,7,RandomForest,1,2,12,0.23291666666666666,0.0
CICIDS2017,7,RandomForest,1,3,3,0.34333333333333327,0.0
CICIDS2017,7,RandomForest,1,4,8,0.443125,0.25
CICIDS2017,7,RandomForest,1,5,7,0.5592857142857144,0.14285714285714285
CICIDS2017,7,RandomForest,1,6,11,0.6481818181818182,0.5454545454545454
CICIDS2017,7,RandomForest,1,7,10,0.753,0.8
CICIDS2017,7,RandomForest,1,8,39,0.8547166104695938,0.9743589743589743
CICIDS2017,7,RandomForest,1,9,9912,0.9985900928167879,0.9998991121872478
CICIDS2017,7,RandomForest,2,0,11514,0.00017500434253951713,0.00017370158068438424
CICIDS2017,7,RandomForest,2,1,3,0.12333333333333334,0.0
CICIDS2017,7,RandomForest,2,2,2,0.255,0.0
CICIDS2017,7,RandomForest,2,3,1,0.37,1.0
CICIDS2017,7,RandomForest,2,4,2,0.43,1.0
CICIDS2017,7,RandomForest,2,5,0,,
CICIDS2017,7,RandomForest,2,6,0,,
CICIDS2017,7,RandomForest,2,7,3,0.75,1.0
CICIDS2017,7,RandomForest,2,8,3,0.8633333333333333,1.0
CICIDS2017,7,RandomForest,2,9,472,0.997489406779661,0.9830508474576272
CICIDS2017,7,BalancedRF,0,0,9957,0.007291101737471125,0.0
CICIDS2017,7,BalancedRF,0,1,336,0.14129464285714285,0.0
CICIDS2017,7,BalancedRF,0,2,103,0.23660194174757285,0.038834951456310676
CICIDS2017,7,BalancedRF,0,3,20,0.34475,0.1
CICIDS2017,7,BalancedRF,0,4,24,0.4523958333333334,0.125
CICIDS2017,7,BalancedRF,0,5,14,0.5610714285714286,0.42857142857142855
CICIDS2017,7,BalancedRF,0,6,11,0.6586363636363636,0.7272727272727273
CICIDS2017,7,BalancedRF,0,7,17,0.7572058823529412,0.7058823529411765
CICIDS2017,7,BalancedRF,0,8,19,0.869736842105263,0.9473684210526315
CICIDS2017,7,BalancedRF,0,9,1499,0.9973582388258839,0.9993328885923949
CICIDS2017,7,BalancedRF,1,0,1977,0.001990389479008599,0.004046535154274153
CICIDS2017,7,BalancedRF,1,1,22,0.11886363636363638,0.045454545454545456
CICIDS2017,7,BalancedRF,1,2,18,0.24124999999999996,0.3333333333333333
CICIDS2017,7,BalancedRF,1,3,11,0.3336363636363636,0.2727272727272727
CICIDS2017,7,BalancedRF,1,4,17,0.44676470588235295,0.6470588235294118
CICIDS2017,7,BalancedRF,1,5,26,0.5485576923076922,0.8846153846153846
CICIDS2017,7,BalancedRF,1,6,39,0.660897435897436,0.8717948717948718
CICIDS2017,7,BalancedRF,1,7,134,0.7612686567164181,0.9850746268656716
CICIDS2017,7,BalancedRF,1,8,371,0.856078167115903,1.0
CICIDS2017,7,BalancedRF,1,9,9385,0.9912964837506659,1.0
CICIDS2017,7,BalancedRF,2,0,11455,0.0019938891313836756,8.729812309035356e-05
CICIDS2017,7,BalancedRF,2,1,51,0.13480392156862747,0.0
CICIDS2017,7,BalancedRF,2,2,10,0.23500000000000001,0.1
CICIDS2017,7,BalancedRF,2,3,1,0.34,0.0
CICIDS2017,7,BalancedRF,2,4,2,0.4475,0.0
CICIDS2017,7,BalancedRF,2,5,1,0.535,1.0
CICIDS2017,7,BalancedRF,2,6,0,,
CICIDS2017,7,BalancedRF,2,7,0,,
CICIDS2017,7,BalancedRF,2,8,1,0.86,1.0
CICIDS2017,7,BalancedRF,2,9,479,0.9988413361169101,0.9832985386221295
CICIDS2017,7,MLP,0,0,10260,0.0010973838470888135,0.0005847953216374269
CICIDS2017,7,MLP,0,1,100,0.14089535858701213,0.03
CICIDS2017,7,MLP,0,2,88,0.23976513558824203,0.2159090909090909
CICIDS2017,7,MLP,0,3,14,0.33841180370554547,0.6428571428571429
CICIDS2017,7,MLP,0,4,8,0.4454276735560947,0.75
CICIDS2017,7,MLP,0,5,13,0.5563885615286128,0.6153846153846154
CICIDS2017,7,MLP,0,6,18,0.6695329512814815,0.6111111111111112
CICIDS2017,7,MLP,0,7,47,0.7826324724953863,0.8936170212765957
CICIDS2017,7,MLP,0,8,24,0.8320065787589584,0.8333333333333334
CICIDS2017,7,MLP,0,9,1428,0.9993341520593173,0.9992997198879552
CICIDS2017,7,MLP,1,0,1899,0.0029156365119279407,0.004739336492890996
CICIDS2017,7,MLP,1,1,31,0.16551601669193444,0.16129032258064516
CICIDS2017,7,MLP,1,2,48,0.21702313845346644,0.125
CICIDS2017,7,MLP,1,3,20,0.32890617237786574,0.4
CICIDS2017,7,MLP,1,4,14,0.4410279915723568,0.35714285714285715
CICIDS2017,7,MLP,1,5,8,0.5537523834999479,0.25
CICIDS2017,7,MLP,1,6,17,0.6653266758439256,0.29411764705882354
CICIDS2017,7,MLP,1,7,88,0.7596337885200479,0.7954545454545454
CICIDS2017,7,MLP,1,8,102,0.859263079128555,0.9607843137254902
CICIDS2017,7,MLP,1,9,9773,0.9988621432080632,0.9992837409188581
CICIDS2017,7,MLP,2,0,11513,0.00010995069748621187,0.00026057500217145836
CICIDS2017,7,MLP,2,1,2,0.15656674365817003,0.5
CICIDS2017,7,MLP,2,2,1,0.24071775269787654,0.0
CICIDS2017,7,MLP,2,3,2,0.3031867327900004,1.0
CICIDS2017,7,MLP,2,4,0,,
CICIDS2017,7,MLP,2,5,2,0.5492290483338054,0.0
CICIDS2017,7,MLP,2,6,4,0.6635012858591948,0.25
CICIDS2017,7,MLP,2,7,0,,
CICIDS2017,7,MLP,2,8,16,0.8676434216209024,1.0
CICIDS2017,7,MLP,2,9,460,0.9916389624903867,0.9826086956521739
CICIDS2017,7,LogReg,0,0,8939,0.00705033735545148,0.0012305627027631727
CICIDS2017,7,LogReg,0,1,422,0.14899222868498116,0.016587677725118485
CICIDS2017,7,LogReg,0,2,230,0.24453269580333287,0.06521739130434782
CICIDS2017,7,LogReg,0,3,178,0.3625737417244622,0.056179775280898875
CICIDS2017,7,LogReg,0,4,419,0.45072028600192565,0.0954653937947494
CICIDS2017,7,LogReg,0,5,234,0.5520101797121185,0.042735042735042736
CICIDS2017,7,LogReg,0,6,88,0.6461146882248279,0.625
CICIDS2017,7,LogReg,0,7,143,0.7593899082951628,0.6223776223776224
CICIDS2017,7,LogReg,0,8,89,0.8616925094161711,0.9213483146067416
CICIDS2017,7,LogReg,0,9,1258,0.9933722985017828,0.9793322734499205
CICIDS2017,7,LogReg,1,0,1916,0.011824718780894476,0.1325678496868476
CICIDS2017,7,LogReg,1,1,140,0.13555491692337066,0.17142857142857143
CICIDS2017,7,LogReg,1,2,154,0.2407174564576574,0.4090909090909091
CICIDS2017,7,LogReg,1,3,371,0.34938046638296405,0.738544474393531
CICIDS2017,7,LogReg,1,4,304,0.43893232324579007,0.9177631578947368
CICIDS2017,7,LogReg,1,5,238,0.5568039698356073,0.9663865546218487
CICIDS2017,7,LogReg,1,6,185,0.641832454636379,1.0
CICIDS2017,7,LogReg,1,7,240,0.7575010369917091,0.9375
CICIDS2017,7,LogReg,1,8,568,0.8567396489543088,0.9876760563380281
CICIDS2017,7,LogReg,1,9,7884,0.989539342078679,0.9993658041603247
CICIDS2017,7,LogReg,2,0,10586,0.004611271731860124,0.0
CICIDS2017,7,LogReg,2,1,397,0.14850116187607323,0.027707808564231738
CICIDS2017,7,LogReg,2,2,232,0.23124206583303994,0.004310344827586207
CICIDS2017,7,LogReg,2,3,27,0.34223791196696884,0.037037037037037035
CICIDS2017,7,LogReg,2,4,25,0.4402082848104412,0.04
CICIDS2017,7,LogReg,2,5,13,0.5608326205558217,0.0
CICIDS2017,7,LogReg,2,6,4,0.6714623745231971,0.0
CICIDS2017,7,LogReg,2,7,12,0.7668121728795225,0.25
CICIDS2017,7,LogReg,2,8,50,0.8651646586930559,0.62
CICIDS2017,7,LogReg,2,9,654,0.9731200561299307,0.6529051987767585
CICIDS2017,7,NaiveBayes,0,0,9195,0.030051115859076417,0.029690048939641108
CICIDS2017,7,NaiveBayes,0,1,1206,0.10819672116906366,0.1044776119402985
CICIDS2017,7,NaiveBayes,0,2,40,0.24785168048730508,0.425
CICIDS2017,7,NaiveBayes,0,3,52,0.3510561980223441,0.38461538461538464
CICIDS2017,7,NaiveBayes,0,4,1507,0.48970362732584877,0.7398805573988055
CICIDS2017,7,NaiveBayes,0,5,0,,
CICIDS2017,7,NaiveBayes,0,6,0,,
CICIDS2017,7,NaiveBayes,0,7,0,,
CICIDS2017,7,NaiveBayes,0,8,0,,
CICIDS2017,7,NaiveBayes,0,9,0,,
CICIDS2017,7,NaiveBayes,1,0,0,,
CICIDS2017,7,NaiveBayes,1,1,0,,
CICIDS2017,7,NaiveBayes,1,2,0,,
CICIDS2017,7,NaiveBayes,1,3,0,,
CICIDS2017,7,NaiveBayes,1,4,0,,
CICIDS2017,7,NaiveBayes,1,5,1507,0.5102141057484765,0.2601194426011944
CICIDS2017,7,NaiveBayes,1,6,52,0.6488420119020216,0.6153846153846154
CICIDS2017,7,NaiveBayes,1,7,40,0.7520304885320895,0.575
CICIDS2017,7,NaiveBayes,1,8,7074,0.8777402535747846,0.8870511733107153
CICIDS2017,7,NaiveBayes,1,9,3327,0.9701163140574725,0.9774571686203787
CICIDS2017,7,NaiveBayes,2,0,12000,0.04646809965573449,0.03958333333333333
CICIDS2017,7,NaiveBayes,2,1,0,,
CICIDS2017,7,NaiveBayes,2,2,0,,
CICIDS2017,7,NaiveBayes,2,3,0,,
CICIDS2017,7,NaiveBayes,2,4,0,,
CICIDS2017,7,NaiveBayes,2,5,0,,
CICIDS2017,7,NaiveBayes,2,6,0,,
CICIDS2017,7,NaiveBayes,2,7,0,,
CICIDS2017,7,NaiveBayes,2,8,0,,
CICIDS2017,7,NaiveBayes,2,9,0,,
CICIDS2017,13,KATS,0,0,2221,0.03692591516470213,0.0027014858171994596
CICIDS2017,13,KATS,0,1,1222,0.13659364640447402,0.0008183306055646482
CICIDS2017,13,KATS,0,2,393,0.24339427663324106,0.015267175572519083
CICIDS2017,13,KATS,0,3,972,0.35962178251573185,0.0823045267489712
CICIDS2017,13,KATS,0,4,3819,0.4510308071223944,0.002618486514794449
CICIDS2017,13,KATS,0,5,1146,0.5314662363560293,0.008726003490401396
CICIDS2017,13,KATS,0,6,330,0.6421479601744228,0.12424242424242424
CICIDS2017,13,KATS,0,7,205,0.7534279588474315,0.14634146341463414
CICIDS2017,13,KATS,0,8,269,0.845195544733251,0.22676579925650558
CICIDS2017,13,KATS,0,9,1423,0.992686651465734,0.9177793394237527
CICIDS2017,13,KATS,1,0,1581,0.00928310105744722,0.12460468058191018
CICIDS2017,13,KATS,1,1,575,0.1542353963810445,0.5878260869565217
CICIDS2017,13,KATS,1,2,579,0.25276415332277713,0.7046632124352331
CICIDS2017,13,KATS,1,3,1088,0.3564606262375946,0.8253676470588235
CICIDS2017,13,KATS,1,4,4755,0.4574204144571515,0.9953732912723449
CICIDS2017,13,KATS,1,5,1027,0.5377321088338365,0.9863680623174295
CICIDS2017,13,KATS,1,6,573,0.6474538715283569,0.9912739965095986
CICIDS2017,13,KATS,1,7,254,0.744205258495311,0.9960629921259843
CICIDS2017,13,KATS,1,8,403,0.857261342142319,0.9975186104218362
CICIDS2017,13,KATS,1,9,1165,0.9857424650284419,0.9991416309012876
CICIDS2017,13,KATS,2,0,7867,0.017230486366810075,0.00012711325791280032
CICIDS2017,13,KATS,2,1,1628,0.14481509681169008,0.0
CICIDS2017,13,KATS,2,2,675,0.24986983637869772,0.0014814814814814814
CICIDS2017,13,KATS,2,3,506,0.3420197939198393,0.037549407114624504
CICIDS2017,13,KATS,2,4,399,0.4471289800301958,0.20802005012531327
CICIDS2017,13,KATS,2,5,263,0.5468887450383494,0.30798479087452474
CICIDS2017,13,KATS,2,6,221,0.6521833170177,0.24434389140271492
CICIDS2017,13,KATS,2,7,204,0.7470038921856833,0.6421568627450981
CICIDS2017,13,KATS,2,8,97,0.8347726726332575,0.38144329896907214
CICIDS2017,13,KATS,2,9,140,0.9751910392719192,0.4857142857142857
CICIDS2017,13,LightGBM,0,0,10435,0.00019264440781838324,0.00019166267369429804
CICIDS2017,13,LightGBM,0,1,5,0.1369630665308475,0.2
CICIDS2017,13,LightGBM,0,2,1,0.26644503987299983,1.0
CICIDS2017,13,LightGBM,0,3,2,0.3340994664988437,0.0
CICIDS2017,13,LightGBM,0,4,0,,
CICIDS2017,13,LightGBM,0,5,1,0.5936525596228619,0.0
CICIDS2017,13,LightGBM,0,6,1,0.6058583650748869,0.0
CICIDS2017,13,LightGBM,0,7,1,0.7435564116689133,0.0
CICIDS2017,13,LightGBM,0,8,1,0.8864045259958285,1.0
CICIDS2017,13,LightGBM,0,9,1553,0.9996502478975373,0.995492594977463
CICIDS2017,13,LightGBM,1,0,2029,0.00033270119533664814,0.0049285362247412515
CICIDS2017,13,LightGBM,1,1,2,0.13844370520328053,0.0
CICIDS2017,13,LightGBM,1,2,1,0.256397377120587,1.0
CICIDS2017,13,LightGBM,1,3,1,0.3935088724694312,1.0
CICIDS2017,13,LightGBM,1,4,1,0.40460041214171266,1.0
CICIDS2017,13,LightGBM,1,5,0,,
CICIDS2017,13,LightGBM,1,6,2,0.6653598803200538,1.0
CICIDS2017,13,LightGBM,1,7,1,0.7334659457305295,0.0
CICIDS2017,13,LightGBM,1,8,5,0.8628395005992667,0.8
CICIDS2017,13,LightGBM,1,9,9958,0.999788364714718,0.9996987346856798
CICIDS2017,13,LightGBM,2,0,11523,9.215281088821445e-06,0.00017356591165495098
CICIDS2017,13,LightGBM,2,1,0,,
CICIDS2017,13,LightGBM,2,2,0,,
CICIDS2017,13,LightGBM,2,3,0,,
CICIDS2017,13,LightGBM,2,4,0,,
CICIDS2017,13,LightGBM,2,5,0,,
CICIDS2017,13,LightGBM,2,6,0,,
CICIDS2017,13,LightGBM,2,7,0,,
CICIDS2017,13,LightGBM,2,8,1,0.8358749040733348,1.0
CICIDS2017,13,LightGBM,2,9,476,0.9997154685453499,0.9915966386554622
CICIDS2017,13,XGBoost,0,0,10440,0.00023242838506121188,0.0004789272030651341
CICIDS2017,13,XGBoost,0,1,1,0.10950813442468643,0.0
CICIDS2017,13,XGBoost,0,2,2,0.2706622779369354,0.0
CICIDS2017,13,XGBoost,0,3,4,0.34717291593551636,0.25
CICIDS2017,13,XGBoost,0,4,1,0.43645140528678894,0.0
CICIDS2017,13,XGBoost,0,5,2,0.5608569979667664,1.0
CICIDS2017,13,XGBoost,0,6,3,0.6515135765075684,0.6666666666666666
CICIDS2017,13,XGBoost,0,7,7,0.7492775321006775,0.5714285714285714
CICIDS2017,13,XGBoost,0,8,6,0.8512782454490662,1.0
CICIDS2017,13,XGBoost,0,9,1534,0.9986510276794434,0.9980443285528031
CICIDS2017,13,XGBoost,1,0,2004,0.002114939736202359,0.00249500998003992
CICIDS2017,13,XGBoost,1,1,14,0.1456994265317917,0.07142857142857142
CICIDS2017,13,XGBoost,1,2,6,0.2504214644432068,0.5
CICIDS2017,13,XGBoost,1,3,3,0.34821954369544983,0.3333333333333333
CICIDS2017,13,XGBoost,1,4,2,0.43241721391677856,0.0
CICIDS2017,13,XGBoost,1,5,1,0.5630627274513245,1.0
CICIDS2017,13,XGBoost,1,6,4,0.650823175907135,0.75
CICIDS2017,13,XGBoost,1,7,3,0.752181351184845,0.6666666666666666
CICIDS2017,13,XGBoost,1,8,1,0.8898324370384216,1.0
CICIDS2017,13,XGBoost,1,9,9962,0.9997345209121704,0.9994980927524594
CICIDS2017,13,XGBoost,2,0,11522,3.616057801991701e-05,8.679048776254123e-05
CICIDS2017,13,XGBoost,2,1,1,0.1781621128320694,1.0
CICIDS2017,13,XGBoost,2,2,0,,
CICIDS2017,13,XGBoost,2,3,0,,
CICIDS2017,13,XGBoost,2,4,0,,
CICIDS2017,13,XGBoost,2,5,0,,
CICIDS2017,13,XGBoost,2,6,0,,
CICIDS2017,13,XGBoost,2,7,0,,
CICIDS2017,13,XGBoost,2,8,7,0.8613731265068054,0.8571428571428571
CICIDS2017,13,XGBoost,2,9,470,0.9952241778373718,0.9936170212765958
CICIDS2017,13,RandomForest,0,0,10412,0.001157719087561383,0.000384172109104879
CICIDS2017,13,RandomForest,0,1,24,0.14354166666666665,0.041666666666666664
CICIDS2017,13,RandomForest,0,2,17,0.2503254925292193,0.5882352941176471
CICIDS2017,13,RandomForest,0,3,5,0.34500000000000003,0.4
CICIDS2017,13,RandomForest,0,4,4,0.4398317479771795,0.5
CICIDS2017,13,RandomForest,0,5,7,0.5720467131298169,0.7142857142857143
CICIDS2017,13,RandomForest,0,6,9,0.6477777777777778,1.0
CICIDS2017,13,RandomForest,0,7,11,0.7503933629007925,0.8181818181818182
CICIDS2017,13,RandomForest,0,8,14,0.8574999999999999,0.9285714285714286
CICIDS2017,13,RandomForest,0,9,1497,0.9978957915831663,0.9993319973279893
CICIDS2017,13,RandomForest,1,0,1960,0.0020994897959183676,0.002551020408163265
CICIDS2017,13,RandomForest,1,1,18,0.1361111111111111,0.05555555555555555
CICIDS2017,13,RandomForest,1,2,19,0.25924594779427795,0.05263157894736842
CICIDS2017,13,RandomForest,1,3,9,0.3611111111111111,0.0
CICIDS2017,13,RandomForest,1,4,8,0.43383412601141025,0.25
CICIDS2017,13,RandomForest,1,5,5,0.5741346016182562,0.4
CICIDS2017,13,RandomForest,1,6,5,0.655,0.6
CICIDS2017,13,RandomForest,1,7,20,0.7464733313501636,0.45
CICIDS2017,13,RandomForest,1,8,25,0.8566000000000001,0.96
CICIDS2017,13,RandomForest,1,9,9931,0.9986678913362511,0.9995972208236834
CICIDS2017,13,RandomForest,2,0,11519,0.0001731921173712996,8.681309141418526e-05
CICIDS2017,13,RandomForest,2,1,3,0.13666666666666666,0.3333333333333333
CICIDS2017,13,RandomForest,2,2,1,0.27,0.0
CICIDS2017,13,RandomForest,2,3,0,,
CICIDS2017,13,RandomForest,2,4,3,0.4366666666666667,1.0
CICIDS2017,13,RandomForest,2,5,0,,
CICIDS2017,13,RandomForest,2,6,4,0.65625,1.0
CICIDS2017,13,RandomForest,2,7,3,0.7600000000000001,1.0
CICIDS2017,13,RandomForest,2,8,4,0.8825,1.0
CICIDS2017,13,RandomForest,2,9,463,0.9976781857451403,0.9913606911447084
CICIDS2017,13,BalancedRF,0,0,10040,0.007132470119521913,9.960159362549801e-05
CICIDS2017,13,BalancedRF,0,1,278,0.13879496402877697,0.0035971223021582736
CICIDS2017,13,BalancedRF,0,2,77,0.23311688311688317,0.09090909090909091
CICIDS2017,13,BalancedRF,0,3,25,0.3346,0.2
CICIDS2017,13,BalancedRF,0,4,24,0.4482291666666667,0.125
CICIDS2017,13,BalancedRF,0,5,15,0.5479999999999999,0.4
CICIDS2017,13,BalancedRF,0,6,16,0.6568750000000001,0.5625
CICIDS2017,13,BalancedRF,0,7,15,0.762,0.8666666666666667
CICIDS2017,13,BalancedRF,0,8,24,0.8497916666666668,0.9166666666666666
CICIDS2017,13,BalancedRF,0,9,1486,0.9975504710632571,0.9986541049798116
CICIDS2017,13,BalancedRF,1,0,1956,0.0019120654396728018,0.003067484662576687
CICIDS2017,13,BalancedRF,1,1,28,0.14250000000000002,0.03571428571428571
CICIDS2017,13,BalancedRF,1,2,19,0.235,0.10526315789473684
CICIDS2017,13,BalancedRF,1,3,19,0.3447368421052632,0.47368421052631576
CICIDS2017,13,BalancedRF,1,4,14,0.455,0.6428571428571429
CICIDS2017,13,BalancedRF,1,5,28,0.5425892857142857,0.8571428571428571
CICIDS2017,13,BalancedRF,1,6,43,0.6659302325581395,0.8372093023255814
CICIDS2017,13,BalancedRF,1,7,92,0.7600000000000001,0.9565217391304348
CICIDS2017,13,BalancedRF,1,8,298,0.856476510067114,0.9966442953020134
CICIDS2017,13,BalancedRF,1,9,9503,0.9910770283068505,0.9998947700726086
CICIDS2017,13,BalancedRF,2,0,11475,0.002120697167755991,8.714596949891067e-05
CICIDS2017,13,BalancedRF,2,1,32,0.1234375,0.0
CICIDS2017,13,BalancedRF,2,2,11,0.23863636363636365,0.0
CICIDS2017,13,BalancedRF,2,3,2,0.3525,0.0
CICIDS2017,13,BalancedRF,2,4,3,0.4533333333333333,0.6666666666666666
CICIDS2017,13,BalancedRF,2,5,1,0.52,0.0
CICIDS2017,13,BalancedRF,2,6,0,,
CICIDS2017,13,BalancedRF,2,7,4,0.74875,1.0
CICIDS2017,13,BalancedRF,2,8,3,0.87,1.0
CICIDS2017,13,BalancedRF,2,9,469,0.9987633262260127,0.9914712153518124
CICIDS2017,13,MLP,0,0,10070,0.0018490406838351247,0.0013902681231380337
CICIDS2017,13,MLP,0,1,188,0.14652333621940447,0.10106382978723404
CICIDS2017,13,MLP,0,2,202,0.2433685201506114,0.10396039603960396
CICIDS2017,13,MLP,0,3,26,0.344257642781064,0.6153846153846154
CICIDS2017,13,MLP,0,4,35,0.46435347771603697,0.5714285714285714
CICIDS2017,13,MLP,0,5,51,0.5408253037734692,0.7450980392156863
CICIDS2017,13,MLP,0,6,18,0.6729249503309479,0.7222222222222222
CICIDS2017,13,MLP,0,7,20,0.7843136204233383,1.0
CICIDS2017,13,MLP,0,8,7,0.8722902368142655,1.0
CICIDS2017,13,MLP,0,9,1383,0.997971731682268,1.0
CICIDS2017,13,MLP,1,0,1838,0.002641514580460332,0.002720348204570185
CICIDS2017,13,MLP,1,1,22,0.16324522605851502,0.0
CICIDS2017,13,MLP,1,2,14,0.2389698892983612,0.0
CICIDS2017,13,MLP,1,3,26,0.33700824644644994,0.23076923076923078
CICIDS2017,13,MLP,1,4,55,0.455195170683859,0.2727272727272727
CICIDS2017,13,MLP,1,5,45,0.5402662280468794,0.4444444444444444
CICIDS2017,13,MLP,1,6,89,0.6595122033129028,0.6629213483146067
CICIDS2017,13,MLP,1,7,155,0.7430601239901906,0.9612903225806452
CICIDS2017,13,MLP,1,8,185,0.8508700202572491,0.8810810810810811
CICIDS2017,13,MLP,1,9,9571,0.9974264058109502,0.9985372479364748
CICIDS2017,13,MLP,2,0,11492,0.0015938268379988906,0.0003480682213713888
CICIDS2017,13,MLP,2,1,19,0.133166357422128,0.05263157894736842
CICIDS2017,13,MLP,2,2,5,0.25540107945329404,0.4
CICIDS2017,13,MLP,2,3,7,0.3536714523150061,0.2857142857142857
CICIDS2017,13,MLP,2,4,10,0.455593602740504,0.7
CICIDS2017,13,MLP,2,5,5,0.5793085089761963,0.4
CICIDS2017,13,MLP,2,6,2,0.6265239277011857,1.0
CICIDS2017,13,MLP,2,7,1,0.777674910307772,1.0
CICIDS2017,13,MLP,2,8,4,0.8626636782352897,1.0
CICIDS2017,13,MLP,2,9,455,0.9949523895289567,0.989010989010989
CICIDS2017,13,LogReg,0,0,9001,0.006531535456376045,0.0022219753360737697
CICIDS2017,13,LogReg,0,1,474,0.14249347691168876,0.006329113924050633
CICIDS2017,13,LogReg,0,2,218,0.24777617376862282,0.0871559633027523
CICIDS2017,13,LogReg,0,3,165,0.366149076296289,0.09090909090909091
CICIDS2017,13,LogReg,0,4,355,0.4601305610659169,0.10140845070422536
CICIDS2017,13,LogReg,0,5,210,0.5513446677391263,0.023809523809523808
CICIDS2017,13,LogReg,0,6,62,0.6552864129513077,0.6129032258064516
CICIDS2017,13,LogReg,0,7,99,0.7577032491564768,0.5454545454545454
CICIDS2017,13,LogReg,0,8,104,0.8425390165242675,0.8461538461538461
CICIDS2017,13,LogReg,0,9,1312,0.9925745048601633,0.9702743902439024
CICIDS2017,13,LogReg,1,0,1959,0.012400664003199526,0.12200102092904543
CICIDS2017,13,LogReg,1,1,146,0.1515767885253405,0.2602739726027397
CICIDS2017,13,LogReg,1,2,120,0.2446972617302731,0.5
CICIDS2017,13,LogReg,1,3,398,0.34389398107124725,0.7839195979899497
CICIDS2017,13,LogReg,1,4,235,0.4440260510846903,0.9957446808510638
CICIDS2017,13,LogReg,1,5,150,0.5517412098939618,0.9
CICIDS2017,13,LogReg,1,6,170,0.6341279558674329,1.0
CICIDS2017,13,LogReg,1,7,209,0.7510173879306709,0.9090909090909091
CICIDS2017,13,LogReg,1,8,659,0.8570559014524222,0.9954476479514416
CICIDS2017,13,LogReg,1,9,7954,0.9901492565376978,0.9982398793060095
CICIDS2017,13,LogReg,2,0,10594,0.004691205659773195,0.0
CICIDS2017,13,LogReg,2,1,384,0.14516083501156074,0.0078125
CICIDS2017,13,LogReg,2,2,250,0.22716945640326203,0.028
CICIDS2017,13,LogReg,2,3,20,0.34617378273548904,0.0
CICIDS2017,13,LogReg,2,4,23,0.4426053681248927,0.0
CICIDS2017,13,LogReg,2,5,14,0.5579477856424285,0.0
CICIDS2017,13,LogReg,2,6,12,0.6268243984461521,0.0
CICIDS2017,13,LogReg,2,7,21,0.742022075664206,0.23809523809523808
CICIDS2017,13,LogReg,2,8,41,0.8644209917155671,0.43902439024390244
CICIDS2017,13,LogReg,2,9,641,0.9733520670879781,0.6895475819032761
CICIDS2017,13,NaiveBayes,0,0,9110,0.02958034814438023,0.027552140504939628
CICIDS2017,13,NaiveBayes,0,1,1222,0.12368720066731641,0.09901800327332243
CICIDS2017,13,NaiveBayes,0,2,32,0.25554945818968067,0.625
CICIDS2017,13,NaiveBayes,0,3,69,0.34553586470971154,0.2898550724637681
CICIDS2017,13,NaiveBayes,0,4,1567,0.4892450323950168,0.7268666241225271
CICIDS2017,13,NaiveBayes,0,5,0,,
CICIDS2017,13,NaiveBayes,0,6,0,,
CICIDS2017,13,NaiveBayes,0,7,0,,
CICIDS2017,13,NaiveBayes,0,8,0,,
CICIDS2017,13,NaiveBayes,0,9,0,,
CICIDS2017,13,NaiveBayes,1,0,0,,
CICIDS2017,13,NaiveBayes,1,1,0,,
CICIDS2017,13,NaiveBayes,1,2,0,,
CICIDS2017,13,NaiveBayes,1,3,0,,
CICIDS2017,13,NaiveBayes,1,4,0,,
CICIDS2017,13,NaiveBayes,1,5,1567,0.5106993078970373,0.2731333758774729
CICIDS2017,13,NaiveBayes,1,6,69,0.6543984073861709,0.7101449275362319
CICIDS2017,13,NaiveBayes,1,7,32,0.7443821641829673,0.375
CICIDS2017,13,NaiveBayes,1,8,6523,0.8750615784195285,0.8856354438141959
CICIDS2017,13,NaiveBayes,1,9,3809,0.9609588358674521,0.9734838540299291
CICIDS2017,13,NaiveBayes,2,0,12000,0.04526269411761137,0.03958333333333333
CICIDS2017,13,NaiveBayes,2,1,0,,
CICIDS2017,13,NaiveBayes,2,2,0,,
CICIDS2017,13,NaiveBayes,2,3,0,,
CICIDS2017,13,NaiveBayes,2,4,0,,
CICIDS2017,13,NaiveBayes,2,5,0,,
CICIDS2017,13,NaiveBayes,2,6,0,,
CICIDS2017,13,NaiveBayes,2,7,0,,
CICIDS2017,13,NaiveBayes,2,8,0,,
CICIDS2017,13,NaiveBayes,2,9,0,,
CICIDS2017,99,KATS,0,0,3203,0.029517198471498616,0.002497658445207618
CICIDS2017,99,KATS,0,1,429,0.1463423986610728,0.0
CICIDS2017,99,KATS,0,2,325,0.25259609374799735,0.018461538461538463
CICIDS2017,99,KATS,0,3,639,0.3531324256402369,0.1298904538341158
CICIDS2017,99,KATS,0,4,3270,0.47177060965860257,0.0045871559633027525
CICIDS2017,99,KATS,0,5,1861,0.5175421784461928,0.008060182697474477
CICIDS2017,99,KATS,0,6,321,0.6466068438576158,0.07165109034267912
CICIDS2017,99,KATS,0,7,215,0.7478669618460257,0.15813953488372093
CICIDS2017,99,KATS,0,8,294,0.8452239181800419,0.16326530612244897
CICIDS2017,99,KATS,0,9,1443,0.9915093426323794,0.9140679140679141
CICIDS2017,99,KATS,1,0,1908,0.01635157786954831,0.18081761006289307
CICIDS2017,99,KATS,1,1,525,0.15353554430541488,0.780952380952381
CICIDS2017,99,KATS,1,2,492,0.25135660162426576,0.709349593495935
CICIDS2017,99,KATS,1,3,816,0.35390342443513706,0.8272058823529411
CICIDS2017,99,KATS,1,4,3674,0.4770206833762184,0.9899292324442025
CICIDS2017,99,KATS,1,5,1869,0.530815639352528,0.9925093632958801
CICIDS2017,99,KATS,1,6,432,0.6452034204087403,0.9745370370370371
CICIDS2017,99,KATS,1,7,397,0.746665641088547,1.0
CICIDS2017,99,KATS,1,8,390,0.8509109430793478,1.0
CICIDS2017,99,KATS,1,9,1497,0.976460556601308,0.9986639946559787
CICIDS2017,99,KATS,2,0,9468,0.008240232781374975,0.00021123785382340515
CICIDS2017,99,KATS,2,1,432,0.1446255526177318,0.0023148148148148147
CICIDS2017,99,KATS,2,2,391,0.2466455850755211,0.005115089514066497
CICIDS2017,99,KATS,2,3,329,0.33974413725156083,0.0486322188449848
CICIDS2017,99,KATS,2,4,212,0.4524321777740888,0.1320754716981132
CICIDS2017,99,KATS,2,5,253,0.5510743222355058,0.2648221343873518
CICIDS2017,99,KATS,2,6,213,0.6437177732124454,0.28169014084507044
CICIDS2017,99,KATS,2,7,155,0.7505911371525581,0.18064516129032257
CICIDS2017,99,KATS,2,8,195,0.8586209654722271,0.5230769230769231
CICIDS2017,99,KATS,2,9,352,0.9626941861899719,0.48011363636363635
CICIDS2017,99,LightGBM,0,0,10438,0.0001978965350302286,9.580379383023568e-05
CICIDS2017,99,LightGBM,0,1,2,0.12127910376015742,0.0
CICIDS2017,99,LightGBM,0,2,1,0.25409513455511423,1.0
CICIDS2017,99,LightGBM,0,3,4,0.3314072339635319,0.75
CICIDS2017,99,LightGBM,0,4,1,0.48376355736988474,0.0
CICIDS2017,99,LightGBM,0,5,0,,
CICIDS2017,99,LightGBM,0,6,2,0.6183279233894421,0.5
CICIDS2017,99,LightGBM,0,7,5,0.7561384404028777,0.4
CICIDS2017,99,LightGBM,0,8,1,0.8969586451543898,0.0
CICIDS2017,99,LightGBM,0,9,1546,0.9996988481857881,0.9980595084087969
CICIDS2017,99,LightGBM,1,0,2021,0.0003076579114461268,0.002474022761009401
CICIDS2017,99,LightGBM,1,1,1,0.10301892081857852,1.0
CICIDS2017,99,LightGBM,1,2,6,0.23911620175742476,0.5
CICIDS2017,99,LightGBM,1,3,2,0.3814156085320729,0.5
CICIDS2017,99,LightGBM,1,4,0,,
CICIDS2017,99,LightGBM,1,5,2,0.5523829454205935,0.5
CICIDS2017,99,LightGBM,1,6,4,0.6679901127659007,0.25
CICIDS2017,99,LightGBM,1,7,1,0.7458637019156527,0.0
CICIDS2017,99,LightGBM,1,8,2,0.8785271402497506,1.0
CICIDS2017,99,LightGBM,1,9,9961,0.9997788820744072,0.9998996084730448
CICIDS2017,99,LightGBM,2,0,11523,1.5855921716154928e-05,8.678295582747549e-05
CICIDS2017,99,LightGBM,2,1,0,,
CICIDS2017,99,LightGBM,2,2,0,,
CICIDS2017,99,LightGBM,2,3,0,,
CICIDS2017,99,LightGBM,2,4,1,0.40893018596768504,1.0
CICIDS2017,99,LightGBM,2,5,0,,
CICIDS2017,99,LightGBM,2,6,0,,
CICIDS2017,99,LightGBM,2,7,1,0.766724113390315,1.0
CICIDS2017,99,LightGBM,2,8,0,,
CICIDS2017,99,LightGBM,2,9,475,0.9996248619002837,0.9936842105263158
CICIDS2017,99,XGBoost,0,0,10440,0.0002302295179106295,0.00019157088122605365
CICIDS2017,99,XGBoost,0,1,3,0.1392716020345688,0.0
CICIDS2017,99,XGBoost,0,2,2,0.2751481831073761,0.5
CICIDS2017,99,XGBoost,0,3,7,0.33286169171333313,0.5714285714285714
CICIDS2017,99,XGBoost,0,4,1,0.4326864778995514,0.0
CICIDS2017,99,XGBoost,0,5,1,0.518080472946167,1.0
CICIDS2017,99,XGBoost,0,6,1,0.6184805035591125,1.0
CICIDS2017,99,XGBoost,0,7,10,0.7496333122253418,0.9
CICIDS2017,99,XGBoost,0,8,8,0.8485029935836792,0.875
CICIDS2017,99,XGBoost,0,9,1527,0.9988448619842529,0.9993451211525868
CICIDS2017,99,XGBoost,1,0,1996,0.0022739912383258343,0.001503006012024048
CICIDS2017,99,XGBoost,1,1,13,0.14568807184696198,0.07692307692307693
CICIDS2017,99,XGBoost,1,2,13,0.25407108664512634,0.07692307692307693
CICIDS2017,99,XGBoost,1,3,1,0.380437970161438,0.0
CICIDS2017,99,XGBoost,1,4,1,0.48095864057540894,0.0
CICIDS2017,99,XGBoost,1,5,2,0.5828392505645752,0.5
CICIDS2017,99,XGBoost,1,6,6,0.6766049265861511,0.5
CICIDS2017,99,XGBoost,1,7,3,0.7374802231788635,0.6666666666666666
CICIDS2017,99,XGBoost,1,8,3,0.856893002986908,1.0
CICIDS2017,99,XGBoost,1,9,9962,0.9997413158416748,0.9997992371009837
CICIDS2017,99,XGBoost,2,0,11522,4.0898623410612345e-05,8.679048776254123e-05
CICIDS2017,99,XGBoost,2,1,0,,
CICIDS2017,99,XGBoost,2,2,1,0.2341674566268921,0.0
CICIDS2017,99,XGBoost,2,3,0,,
CICIDS2017,99,XGBoost,2,4,0,,
CICIDS2017,99,XGBoost,2,5,0,,
CICIDS2017,99,XGBoost,2,6,0,,
CICIDS2017,99,XGBoost,2,7,3,0.730229377746582,1.0
CICIDS2017,99,XGBoost,2,8,6,0.8664448261260986,1.0
CICIDS2017,99,XGBoost,2,9,468,0.9937720894813538,0.9935897435897436
CICIDS2017,99,RandomForest,0,0,10408,0.0011356648731744813,0.0003843197540353574
CICIDS2017,99,RandomForest,0,1,34,0.13941176470588237,0.14705882352941177
CICIDS2017,99,RandomForest,0,2,15,0.24233333333333335,0.26666666666666666
CICIDS2017,99,RandomForest,0,3,8,0.36312500000000003,0.875
CICIDS2017,99,RandomForest,0,4,1,0.41,0.0
CICIDS2017,99,RandomForest,0,5,7,0.5414285714285715,0.8571428571428571
CICIDS2017,99,RandomForest,0,6,8,0.6675,0.875
CICIDS2017,99,RandomForest,0,7,4,0.7337499999999999,1.0
CICIDS2017,99,RandomForest,0,8,17,0.8552941176470588,0.9411764705882353
CICIDS2017,99,RandomForest,0,9,1498,0.9979005340453939,1.0
CICIDS2017,99,RandomForest,1,0,1962,0.002351754394656792,0.0015290519877675841
CICIDS2017,99,RandomForest,1,1,18,0.1359679469442241,0.0
CICIDS2017,99,RandomForest,1,2,11,0.2372727272727273,0.0
CICIDS2017,99,RandomForest,1,3,9,0.3344444444444445,0.1111111111111111
CICIDS2017,99,RandomForest,1,4,8,0.463125,0.125
CICIDS2017,99,RandomForest,1,5,2,0.58,0.5
CICIDS2017,99,RandomForest,1,6,11,0.635,0.18181818181818182
CICIDS2017,99,RandomForest,1,7,14,0.7546428571428571,0.7857142857142857
CICIDS2017,99,RandomForest,1,8,35,0.8558571428571428,0.8285714285714286
CICIDS2017,99,RandomForest,1,9,9930,0.9986666666666667,0.9995971802618329
CICIDS2017,99,RandomForest,2,0,11520,0.00017664930555555557,8.680555555555556e-05
CICIDS2017,99,RandomForest,2,1,2,0.1175,0.0
CICIDS2017,99,RandomForest,2,2,0,,
CICIDS2017,99,RandomForest,2,3,3,0.36000000000000004,0.6666666666666666
CICIDS2017,99,RandomForest,2,4,2,0.4425,1.0
CICIDS2017,99,RandomForest,2,5,1,0.57,1.0
CICIDS2017,99,RandomForest,2,6,1,0.7,1.0
CICIDS2017,99,RandomForest,2,7,5,0.784,1.0
CICIDS2017,99,RandomForest,2,8,4,0.8568942387509917,1.0
CICIDS2017,99,RandomForest,2,9,462,0.9964628958391415,0.9935064935064936
CICIDS2017,99,BalancedRF,0,0,9949,0.007508794853754147,0.0001005126143330988
CICIDS2017,99,BalancedRF,0,1,350,0.13602857142857142,0.011428571428571429
CICIDS2017,99,BalancedRF,0,2,102,0.24578431372549017,0.06862745098039216
CICIDS2017,99,BalancedRF,0,3,30,0.3401666666666666,0.2
CICIDS2017,99,BalancedRF,0,4,22,0.4493181818181819,0.13636363636363635
CICIDS2017,99,BalancedRF,0,5,9,0.5616666666666666,0.3333333333333333
CICIDS2017,99,BalancedRF,0,6,16,0.6571875,0.5625
CICIDS2017,99,BalancedRF,0,7,14,0.7503571428571428,0.7857142857142857
CICIDS2017,99,BalancedRF,0,8,23,0.8523913043478261,0.9565217391304348
CICIDS2017,99,BalancedRF,0,9,1485,0.9975892255892255,1.0
CICIDS2017,99,BalancedRF,1,0,1961,0.0019199388067312596,0.0015298317185109638
CICIDS2017,99,BalancedRF,1,1,21,0.13642857142857143,0.0
CICIDS2017,99,BalancedRF,1,2,16,0.24437499999999998,0.1875
CICIDS2017,99,BalancedRF,1,3,17,0.33588235294117647,0.47058823529411764
CICIDS2017,99,BalancedRF,1,4,9,0.43333333333333335,0.6666666666666666
CICIDS2017,99,BalancedRF,1,5,26,0.5492307692307693,0.8461538461538461
CICIDS2017,99,BalancedRF,1,6,56,0.6689285714285714,0.875
CICIDS2017,99,BalancedRF,1,7,124,0.7536290322580645,0.9354838709677419
CICIDS2017,99,BalancedRF,1,8,382,0.8598298429319371,0.9947643979057592
CICIDS2017,99,BalancedRF,1,9,9388,0.9906636131231358,0.999893481039625
CICIDS2017,99,BalancedRF,2,0,11452,0.0022148969612294797,8.732099196646873e-05
CICIDS2017,99,BalancedRF,2,1,56,0.12732142857142856,0.0
CICIDS2017,99,BalancedRF,2,2,13,0.24307692307692305,0.0
CICIDS2017,99,BalancedRF,2,3,1,0.36,1.0
CICIDS2017,99,BalancedRF,2,4,1,0.42,0.0
CICIDS2017,99,BalancedRF,2,5,2,0.5774999999999999,0.5
CICIDS2017,99,BalancedRF,2,6,1,0.67,1.0
CICIDS2017,99,BalancedRF,2,7,0,,
CICIDS2017,99,BalancedRF,2,8,2,0.86,1.0
CICIDS2017,99,BalancedRF,2,9,472,0.9985169491525423,0.9936440677966102
CICIDS2017,99,MLP,0,0,10201,0.0018606317419968352,0.0013724144691696892
CICIDS2017,99,MLP,0,1,109,0.15033495407936995,0.009174311926605505
CICIDS2017,99,MLP,0,2,56,0.23222200767231088,0.017857142857142856
CICIDS2017,99,MLP,0,3,83,0.34180517126209214,0.26506024096385544
CICIDS2017,99,MLP,0,4,18,0.4531773780765021,0.6666666666666666
CICIDS2017,99,MLP,0,5,86,0.555035512842315,0.7906976744186046
CICIDS2017,99,MLP,0,6,10,0.6296210174188815,0.4
CICIDS2017,99,MLP,0,7,6,0.7595547532481545,0.8333333333333334
CICIDS2017,99,MLP,0,8,23,0.8440904557355909,0.8695652173913043
CICIDS2017,99,MLP,0,9,1408,0.9991991852146973,0.9971590909090909
CICIDS2017,99,MLP,1,0,1727,0.0023846517275793472,0.006369426751592357
CICIDS2017,99,MLP,1,1,53,0.15026599131987348,0.18867924528301888
CICIDS2017,99,MLP,1,2,38,0.2518223727704173,0.2894736842105263
CICIDS2017,99,MLP,1,3,86,0.3611802764817478,0.4186046511627907
CICIDS2017,99,MLP,1,4,148,0.4371106828372478,0.28378378378378377
CICIDS2017,99,MLP,1,5,132,0.5615023156854201,0.6893939393939394
CICIDS2017,99,MLP,1,6,95,0.6522720724459258,0.7263157894736842
CICIDS2017,99,MLP,1,7,108,0.7488600623100123,0.9722222222222222
CICIDS2017,99,MLP,1,8,90,0.8590869434320941,0.9777777777777777
CICIDS2017,99,MLP,1,9,9523,0.9980754590658584,0.9987398928908957
CICIDS2017,99,MLP,2,0,11318,0.0008096490714775662,0.00026506449902809686
CICIDS2017,99,MLP,2,1,31,0.13647495438880086,0.0
CICIDS2017,99,MLP,2,2,17,0.23686142319751008,0.11764705882352941
CICIDS2017,99,MLP,2,3,21,0.3700107618736332,0.42857142857142855
CICIDS2017,99,MLP,2,4,100,0.44161445603928323,0.28
CICIDS2017,99,MLP,2,5,65,0.5620469134273927,0.6153846153846154
CICIDS2017,99,MLP,2,6,67,0.6400722498546343,0.5522388059701493
CICIDS2017,99,MLP,2,7,33,0.7456170547981438,0.6666666666666666
CICIDS2017,99,MLP,2,8,30,0.8541800488229879,0.7666666666666667
CICIDS2017,99,MLP,2,9,318,0.9901582269839997,0.9779874213836478
CICIDS2017,99,LogReg,0,0,9002,0.006417658770924854,0.002443901355254388
CICIDS2017,99,LogReg,0,1,382,0.14266881823473046,0.005235602094240838
CICIDS2017,99,LogReg,0,2,210,0.25251865864267853,0.0380952380952381
CICIDS2017,99,LogReg,0,3,137,0.35588151417546304,0.029197080291970802
CICIDS2017,99,LogReg,0,4,467,0.4379042702977342,0.11777301927194861
CICIDS2017,99,LogReg,0,5,215,0.5458968349549228,0.07441860465116279
CICIDS2017,99,LogReg,0,6,92,0.656378348119051,0.5652173913043478
CICIDS2017,99,LogReg,0,7,131,0.7621380079219584,0.5343511450381679
CICIDS2017,99,LogReg,0,8,82,0.8611132299145111,0.8902439024390244
CICIDS2017,99,LogReg,0,9,1282,0.9939090943895311,0.9742589703588144
CICIDS2017,99,LogReg,1,0,1950,0.011944456348324788,0.1276923076923077
CICIDS2017,99,LogReg,1,1,125,0.1368768785344491,0.28
CICIDS2017,99,LogReg,1,2,151,0.23999758082273442,0.5033112582781457
CICIDS2017,99,LogReg,1,3,359,0.3483886055516816,0.7103064066852368
CICIDS2017,99,LogReg,1,4,288,0.4417158977509975,0.9027777777777778
CICIDS2017,99,LogReg,1,5,282,0.558007276100109,0.9929078014184397
CICIDS2017,99,LogReg,1,6,190,0.6488993400247964,0.968421052631579
CICIDS2017,99,LogReg,1,7,184,0.753990065528695,0.9728260869565217
CICIDS2017,99,LogReg,1,8,519,0.8639881029797049,0.9961464354527938
CICIDS2017,99,LogReg,1,9,7952,0.989759542723612,0.9983651911468813
CICIDS2017,99,LogReg,2,0,10597,0.0047321192758086935,0.0
CICIDS2017,99,LogReg,2,1,298,0.14081418030607115,0.003355704697986577
CICIDS2017,99,LogReg,2,2,289,0.23134936427545152,0.02768166089965398
CICIDS2017,99,LogReg,2,3,42,0.34422125152157634,0.0
CICIDS2017,99,LogReg,2,4,35,0.4386674136148007,0.0
CICIDS2017,99,LogReg,2,5,14,0.5513010328181475,0.0
CICIDS2017,99,LogReg,2,6,5,0.6611575709499926,0.0
CICIDS2017,99,LogReg,2,7,11,0.7602172115988121,0.0
CICIDS2017,99,LogReg,2,8,53,0.8598373785161291,0.3584905660377358
CICIDS2017,99,LogReg,2,9,656,0.9725923810722924,0.6814024390243902
CICIDS2017,99,NaiveBayes,0,0,9213,0.029891734307513598,0.02832953435363074
CICIDS2017,99,NaiveBayes,0,1,1145,0.11155068515082239,0.10655021834061135
CICIDS2017,99,NaiveBayes,0,2,56,0.2595921215019817,0.42857142857142855
CICIDS2017,99,NaiveBayes,0,3,26,0.36626596056192,0.46153846153846156
CICIDS2017,99,NaiveBayes,0,4,1560,0.4932411472246696,0.7256410256410256
CICIDS2017,99,NaiveBayes,0,5,0,,
CICIDS2017,99,NaiveBayes,0,6,0,,
CICIDS2017,99,NaiveBayes,0,7,0,,
CICIDS2017,99,NaiveBayes,0,8,0,,
CICIDS2017,99,NaiveBayes,0,9,0,,
CICIDS2017,99,NaiveBayes,1,0,0,,
CICIDS2017,99,NaiveBayes,1,1,0,,
CICIDS2017,99,NaiveBayes,1,2,0,,
CICIDS2017,99,NaiveBayes,1,3,0,,
CICIDS2017,99,NaiveBayes,1,4,0,,
CICIDS2017,99,NaiveBayes,1,5,1560,0.5067033046933536,0.27371794871794874
CICIDS2017,99,NaiveBayes,1,6,26,0.6336652622528856,0.5384615384615384
CICIDS2017,99,NaiveBayes,1,7,56,0.7403354025029578,0.5714285714285714
CICIDS2017,99,NaiveBayes,1,8,6912,0.8769544387675808,0.8844039351851852
CICIDS2017,99,NaiveBayes,1,9,3446,0.9685808267248445,0.9831688914683692
CICIDS2017,99,NaiveBayes,2,0,12000,0.046311317461856336,0.03958333333333333
CICIDS2017,99,NaiveBayes,2,1,0,,
CICIDS2017,99,NaiveBayes,2,2,0,,
CICIDS2017,99,NaiveBayes,2,3,0,,
CICIDS2017,99,NaiveBayes,2,4,0,,
CICIDS2017,99,NaiveBayes,2,5,0,,
CICIDS2017,99,NaiveBayes,2,6,0,,
CICIDS2017,99,NaiveBayes,2,7,0,,
CICIDS2017,99,NaiveBayes,2,8,0,,
CICIDS2017,99,NaiveBayes,2,9,0,,
CICIDS2017,2026,KATS,0,0,2653,0.036642717103420985,0.0015077271013946476
CICIDS2017,2026,KATS,0,1,930,0.14321183688295316,0.002150537634408602
CICIDS2017,2026,KATS,0,2,383,0.24606761987461162,0.020887728459530026
CICIDS2017,2026,KATS,0,3,812,0.35513105530511063,0.11699507389162561
CICIDS2017,2026,KATS,0,4,3770,0.457505225332725,0.001856763925729443
CICIDS2017,2026,KATS,0,5,1170,0.5265736832532035,0.009401709401709401
CICIDS2017,2026,KATS,0,6,343,0.6439185458060304,0.08163265306122448
CICIDS2017,2026,KATS,0,7,267,0.7566844471876562,0.149812734082397
CICIDS2017,2026,KATS,0,8,224,0.8337003167028377,0.17410714285714285
CICIDS2017,2026,KATS,0,9,1448,0.9929863917760985,0.9095303867403315
CICIDS2017,2026,KATS,1,0,1681,0.01096437739808862,0.15288518738845924
CICIDS2017,2026,KATS,1,1,522,0.157475800815091,0.6168582375478927
CICIDS2017,2026,KATS,1,2,629,0.2506131182555724,0.724960254372019
CICIDS2017,2026,KATS,1,3,1071,0.355484899206175,0.8291316526610645
CICIDS2017,2026,KATS,1,4,4360,0.46157141116315437,0.9938073394495412
CICIDS2017,2026,KATS,1,5,1295,0.5318256083680504,0.9899613899613899
CICIDS2017,2026,KATS,1,6,513,0.6472810756284523,0.9902534113060428
CICIDS2017,2026,KATS,1,7,257,0.7416510410058723,1.0
CICIDS2017,2026,KATS,1,8,309,0.8469714361370911,0.9967637540453075
CICIDS2017,2026,KATS,1,9,1363,0.9824322248837885,1.0
CICIDS2017,2026,KATS,2,0,8259,0.015931002478048014,0.0
CICIDS2017,2026,KATS,2,1,1234,0.1378418426736658,0.0
CICIDS2017,2026,KATS,2,2,602,0.24731629861213877,0.0033222591362126247
CICIDS2017,2026,KATS,2,3,491,0.3395844627276606,0.06109979633401222
CICIDS2017,2026,KATS,2,4,390,0.45264250014787955,0.15897435897435896
CICIDS2017,2026,KATS,2,5,303,0.5439629427264424,0.2838283828382838
CICIDS2017,2026,KATS,2,6,181,0.6487165753392858,0.16022099447513813
CICIDS2017,2026,KATS,2,7,203,0.7492472728106607,0.5270935960591133
CICIDS2017,2026,KATS,2,8,165,0.8408091048182248,0.47878787878787876
CICIDS2017,2026,KATS,2,9,172,0.9775160834487902,0.46511627906976744
CICIDS2017,2026,LightGBM,0,0,10427,0.00022321067875866955,0.0
CICIDS2017,2026,LightGBM,0,1,6,0.1346027734316436,0.0
CICIDS2017,2026,LightGBM,0,2,3,0.22929043595588816,0.0
CICIDS2017,2026,LightGBM,0,3,0,,
CICIDS2017,2026,LightGBM,0,4,0,,
CICIDS2017,2026,LightGBM,0,5,2,0.5482577908171897,0.0
CICIDS2017,2026,LightGBM,0,6,1,0.6742906499811497,0.0
CICIDS2017,2026,LightGBM,0,7,1,0.744494300207896,1.0
CICIDS2017,2026,LightGBM,0,8,5,0.872000329513028,1.0
CICIDS2017,2026,LightGBM,0,9,1555,0.9996624458393937,0.9935691318327974
CICIDS2017,2026,LightGBM,1,0,2027,0.00037333300001826355,0.00493339911198816
CICIDS2017,2026,LightGBM,1,1,6,0.13714481556975677,0.0
CICIDS2017,2026,LightGBM,1,2,2,0.2426265817636648,0.5
CICIDS2017,2026,LightGBM,1,3,1,0.3256829533855403,1.0
CICIDS2017,2026,LightGBM,1,4,3,0.45283777535367015,0.6666666666666666
CICIDS2017,2026,LightGBM,1,5,1,0.5171107624949185,0.0
CICIDS2017,2026,LightGBM,1,6,0,,
CICIDS2017,2026,LightGBM,1,7,3,0.7706684482221915,1.0
CICIDS2017,2026,LightGBM,1,8,6,0.8652539502408084,1.0
CICIDS2017,2026,LightGBM,1,9,9951,0.9997568359852044,1.0
CICIDS2017,2026,LightGBM,2,0,11524,1.2331014829473544e-05,8.677542519958348e-05
CICIDS2017,2026,LightGBM,2,1,0,,
CICIDS2017,2026,LightGBM,2,2,0,,
CICIDS2017,2026,LightGBM,2,3,0,,
CICIDS2017,2026,LightGBM,2,4,1,0.4791546341817539,1.0
CICIDS2017,2026,LightGBM,2,5,1,0.516279270466315,1.0
CICIDS2017,2026,LightGBM,2,6,0,,
CICIDS2017,2026,LightGBM,2,7,1,0.7668636872310818,0.0
CICIDS2017,2026,LightGBM,2,8,1,0.8152296053678618,1.0
CICIDS2017,2026,LightGBM,2,9,472,0.9994853389990108,0.9978813559322034
CICIDS2017,2026,XGBoost,0,0,10433,0.00032898259814828634,9.584970765839164e-05
CICIDS2017,2026,XGBoost,0,1,3,0.1326398104429245,0.0
CICIDS2017,2026,XGBoost,0,2,0,,
CICIDS2017,2026,XGBoost,0,3,1,0.322673499584198,1.0
CICIDS2017,2026,XGBoost,0,4,6,0.42524683475494385,0.3333333333333333
CICIDS2017,2026,XGBoost,0,5,3,0.5191163420677185,0.6666666666666666
CICIDS2017,2026,XGBoost,0,6,7,0.661588191986084,0.42857142857142855
CICIDS2017,2026,XGBoost,0,7,8,0.7409787774085999,1.0
CICIDS2017,2026,XGBoost,0,8,7,0.8517246246337891,0.5714285714285714
CICIDS2017,2026,XGBoost,0,9,1532,0.9985193610191345,0.9986945169712794
CICIDS2017,2026,XGBoost,1,0,1998,0.0026240742299705744,0.0015015015015015015
CICIDS2017,2026,XGBoost,1,1,14,0.14698801934719086,0.21428571428571427
CICIDS2017,2026,XGBoost,1,2,8,0.25411856174468994,0.0
CICIDS2017,2026,XGBoost,1,3,10,0.33221811056137085,0.4
CICIDS2017,2026,XGBoost,1,4,3,0.4789421558380127,0.3333333333333333
CICIDS2017,2026,XGBoost,1,5,6,0.5737836956977844,0.6666666666666666
CICIDS2017,2026,XGBoost,1,6,1,0.6767376065254211,0.0
CICIDS2017,2026,XGBoost,1,7,0,,
CICIDS2017,2026,XGBoost,1,8,3,0.8667801022529602,1.0
CICIDS2017,2026,XGBoost,1,9,9957,0.9996334910392761,0.999899568143015
CICIDS2017,2026,XGBoost,2,0,11524,5.012952897232026e-05,8.677542519958348e-05
CICIDS2017,2026,XGBoost,2,1,0,,
CICIDS2017,2026,XGBoost,2,2,0,,
CICIDS2017,2026,XGBoost,2,3,0,,
CICIDS2017,2026,XGBoost,2,4,0,,
CICIDS2017,2026,XGBoost,2,5,0,,
CICIDS2017,2026,XGBoost,2,6,3,0.6784972548484802,1.0
CICIDS2017,2026,XGBoost,2,7,2,0.7932816743850708,1.0
CICIDS2017,2026,XGBoost,2,8,5,0.868923544883728,1.0
CICIDS2017,2026,XGBoost,2,9,466,0.9930870532989502,0.9957081545064378
CICIDS2017,2026,RandomForest,0,0,10387,0.0013131799364590354,0.0001925483777799172
CICIDS2017,2026,RandomForest,0,1,40,0.132375,0.025
CICIDS2017,2026,RandomForest,0,2,24,0.250625,0.375
CICIDS2017,2026,RandomForest,0,3,4,0.35375,0.25
CICIDS2017,2026,RandomForest,0,4,3,0.43333333333333335,0.6666666666666666
CICIDS2017,2026,RandomForest,0,5,6,0.54,1.0
CICIDS2017,2026,RandomForest,0,6,12,0.6470833333333333,0.75
CICIDS2017,2026,RandomForest,0,7,11,0.7490909090909091,0.9090909090909091
CICIDS2017,2026,RandomForest,0,8,14,0.8685714285714285,1.0
CICIDS2017,2026,RandomForest,0,9,1499,0.9975216811207472,0.9986657771847899
CICIDS2017,2026,RandomForest,1,0,1958,0.0027451481103166497,0.0010214504596527069
CICIDS2017,2026,RandomForest,1,1,18,0.1311111111111111,0.0
CICIDS2017,2026,RandomForest,1,2,17,0.25029411764705883,0.11764705882352941
CICIDS2017,2026,RandomForest,1,3,10,0.3625,0.2
CICIDS2017,2026,RandomForest,1,4,7,0.455,0.0
CICIDS2017,2026,RandomForest,1,5,8,0.55125,0.25
CICIDS2017,2026,RandomForest,1,6,10,0.6679999999999999,0.4
CICIDS2017,2026,RandomForest,1,7,21,0.7507142857142858,0.6666666666666666
CICIDS2017,2026,RandomForest,1,8,43,0.8637209302325581,0.9534883720930233
CICIDS2017,2026,RandomForest,1,9,9908,0.998489604360113,0.9998990714574082
CICIDS2017,2026,RandomForest,2,0,11522,0.00019397674014927962,8.679048776254123e-05
CICIDS2017,2026,RandomForest,2,1,2,0.1225,0.0
CICIDS2017,2026,RandomForest,2,2,1,0.26,1.0
CICIDS2017,2026,RandomForest,2,3,3,0.3466666666666667,1.0
CICIDS2017,2026,RandomForest,2,4,4,0.44375,0.75
CICIDS2017,2026,RandomForest,2,5,1,0.525,1.0
CICIDS2017,2026,RandomForest,2,6,0,,
CICIDS2017,2026,RandomForest,2,7,4,0.7737500000000002,1.0
CICIDS2017,2026,RandomForest,2,8,3,0.8433333333333333,1.0
CICIDS2017,2026,RandomForest,2,9,460,0.9958913043478261,0.9978260869565218
CICIDS2017,2026,BalancedRF,0,0,9949,0.007269574831641371,0.0001005126143330988
CICIDS2017,2026,BalancedRF,0,1,327,0.13622324159021407,0.0061162079510703364
CICIDS2017,2026,BalancedRF,0,2,85,0.24005882352941177,0.03529411764705882
CICIDS2017,2026,BalancedRF,0,3,43,0.34976744186046504,0.06976744186046512
CICIDS2017,2026,BalancedRF,0,4,33,0.4462121212121212,0.18181818181818182
CICIDS2017,2026,BalancedRF,0,5,16,0.5475,0.375
CICIDS2017,2026,BalancedRF,0,6,13,0.643076923076923,0.46153846153846156
CICIDS2017,2026,BalancedRF,0,7,31,0.7430645161290322,0.7741935483870968
CICIDS2017,2026,BalancedRF,0,8,14,0.8442857142857143,0.9285714285714286
CICIDS2017,2026,BalancedRF,0,9,1489,0.9973237071860308,0.9986568166554735
CICIDS2017,2026,BalancedRF,1,0,1959,0.002092904543134252,0.0015313935681470138
CICIDS2017,2026,BalancedRF,1,1,16,0.14750000000000002,0.0625
CICIDS2017,2026,BalancedRF,1,2,31,0.2509677419354838,0.22580645161290322
CICIDS2017,2026,BalancedRF,1,3,16,0.3521875,0.5
CICIDS2017,2026,BalancedRF,1,4,17,0.4438235294117647,0.6470588235294118
CICIDS2017,2026,BalancedRF,1,5,45,0.5517777777777777,0.7555555555555555
CICIDS2017,2026,BalancedRF,1,6,56,0.6604464285714285,0.9642857142857143
CICIDS2017,2026,BalancedRF,1,7,108,0.7577777777777777,0.9722222222222222
CICIDS2017,2026,BalancedRF,1,8,360,0.8591805555555557,0.9972222222222222
CICIDS2017,2026,BalancedRF,1,9,9392,0.9911760008517888,1.0
CICIDS2017,2026,BalancedRF,2,0,11450,0.001910480349344978,8.733624454148471e-05
CICIDS2017,2026,BalancedRF,2,1,60,0.13416666666666668,0.0
CICIDS2017,2026,BalancedRF,2,2,10,0.2265,0.0
CICIDS2017,2026,BalancedRF,2,3,0,,
CICIDS2017,2026,BalancedRF,2,4,7,0.43285714285714283,0.42857142857142855
CICIDS2017,2026,BalancedRF,2,5,1,0.555,1.0
CICIDS2017,2026,BalancedRF,2,6,1,0.645,1.0
CICIDS2017,2026,BalancedRF,2,7,0,,
CICIDS2017,2026,BalancedRF,2,8,2,0.865,1.0
CICIDS2017,2026,BalancedRF,2,9,469,0.998539445628998,0.9957356076759062
CICIDS2017,2026,MLP,0,0,10168,0.0018476075354302232,0.0010818253343823762
CICIDS2017,2026,MLP,0,1,77,0.14831830115567954,0.05194805194805195
CICIDS2017,2026,MLP,0,2,82,0.23297381026435204,0.036585365853658534
CICIDS2017,2026,MLP,0,3,79,0.36549036009024666,0.189873417721519
CICIDS2017,2026,MLP,0,4,40,0.42637673472626236,0.3
CICIDS2017,2026,MLP,0,5,25,0.5725048149442766,0.48
CICIDS2017,2026,MLP,0,6,32,0.6546863599354635,0.59375
CICIDS2017,2026,MLP,0,7,72,0.765129480515674,0.8333333333333334
CICIDS2017,2026,MLP,0,8,14,0.8609381107060052,0.9285714285714286
CICIDS2017,2026,MLP,0,9,1411,0.9989858746972887,0.9936215450035436
CICIDS2017,2026,MLP,1,0,1863,0.0027027413840574753,0.005904455179817499
CICIDS2017,2026,MLP,1,1,34,0.131746023809975,0.14705882352941177
CICIDS2017,2026,MLP,1,2,74,0.23444995759405832,0.1891891891891892
CICIDS2017,2026,MLP,1,3,32,0.34191694354928914,0.375
CICIDS2017,2026,MLP,1,4,31,0.4310211691006486,0.4838709677419355
CICIDS2017,2026,MLP,1,5,44,0.5722032291325373,0.7727272727272727
CICIDS2017,2026,MLP,1,6,73,0.6353931471993602,0.7808219178082192
CICIDS2017,2026,MLP,1,7,89,0.7587964596281668,0.9550561797752809
CICIDS2017,2026,MLP,1,8,77,0.8507520827734409,0.948051948051948
CICIDS2017,2026,MLP,1,9,9683,0.9980839894620633,0.9984508933181865
CICIDS2017,2026,MLP,2,0,11519,0.00039460323838792056,0.0006076916398992968
CICIDS2017,2026,MLP,2,1,2,0.14220470630387938,0.0
CICIDS2017,2026,MLP,2,2,2,0.25449407351703585,0.5
CICIDS2017,2026,MLP,2,3,0,,
CICIDS2017,2026,MLP,2,4,0,,
CICIDS2017,2026,MLP,2,5,4,0.539661041898971,0.75
CICIDS2017,2026,MLP,2,6,1,0.6127258208364353,0.0
CICIDS2017,2026,MLP,2,7,6,0.7419279583705616,0.0
CICIDS2017,2026,MLP,2,8,14,0.8329635673880702,1.0
CICIDS2017,2026,MLP,2,9,452,0.9919190565421434,0.995575221238938
CICIDS2017,2026,LogReg,0,0,8993,0.0065273028317775145,0.001890359168241966
CICIDS2017,2026,LogReg,0,1,431,0.14324043881165519,0.013921113689095127
CICIDS2017,2026,LogReg,0,2,178,0.25003246389507444,0.06741573033707865
CICIDS2017,2026,LogReg,0,3,157,0.36580747126126495,0.012738853503184714
CICIDS2017,2026,LogReg,0,4,380,0.4476229401677889,0.15789473684210525
CICIDS2017,2026,LogReg,0,5,267,0.5490228132263425,0.052434456928838954
CICIDS2017,2026,LogReg,0,6,90,0.6498918560519091,0.5222222222222223
CICIDS2017,2026,LogReg,0,7,123,0.7637640009345336,0.5934959349593496
CICIDS2017,2026,LogReg,0,8,74,0.8620509357035416,0.8108108108108109
CICIDS2017,2026,LogReg,0,9,1307,0.9937425656571942,0.9640397857689365
CICIDS2017,2026,LogReg,1,0,1941,0.01194122320037587,0.12776919113858837
CICIDS2017,2026,LogReg,1,1,120,0.13601388889598762,0.2833333333333333
CICIDS2017,2026,LogReg,1,2,135,0.23778176172495008,0.4222222222222222
CICIDS2017,2026,LogReg,1,3,388,0.36060437472839946,0.7345360824742269
CICIDS2017,2026,LogReg,1,4,341,0.4441535969638258,0.9149560117302052
CICIDS2017,2026,LogReg,1,5,195,0.5482045800631219,0.9435897435897436
CICIDS2017,2026,LogReg,1,6,160,0.636821280744081,0.99375
CICIDS2017,2026,LogReg,1,7,188,0.7497151845541962,0.9414893617021277
CICIDS2017,2026,LogReg,1,8,497,0.8634308574382645,0.9899396378269618
CICIDS2017,2026,LogReg,1,9,8035,0.989436588065955,0.9988799004355943
CICIDS2017,2026,LogReg,2,0,10642,0.004774840137522061,0.0
CICIDS2017,2026,LogReg,2,1,379,0.15026505557755745,0.0395778364116095
CICIDS2017,2026,LogReg,2,2,205,0.22559452146645437,0.00975609756097561
CICIDS2017,2026,LogReg,2,3,31,0.3446429766011483,0.0
CICIDS2017,2026,LogReg,2,4,28,0.46386136075842466,0.03571428571428571
CICIDS2017,2026,LogReg,2,5,16,0.567112744090629,0.0625
CICIDS2017,2026,LogReg,2,6,8,0.6276767705086925,0.0
CICIDS2017,2026,LogReg,2,7,19,0.7489091993668386,0.21052631578947367
CICIDS2017,2026,LogReg,2,8,49,0.8678205179047846,0.5102040816326531
CICIDS2017,2026,LogReg,2,9,623,0.9717586482170023,0.6853932584269663
CICIDS2017,2026,NaiveBayes,0,0,9066,0.030011299852305006,0.027244650341936908
CICIDS2017,2026,NaiveBayes,0,1,1304,0.10772507877547172,0.11196319018404909
CICIDS2017,2026,NaiveBayes,0,2,58,0.2542831847772618,0.25862068965517243
CICIDS2017,2026,NaiveBayes,0,3,19,0.3595175434048866,0.10526315789473684
CICIDS2017,2026,NaiveBayes,0,4,1553,0.4903978906465644,0.734707018673535
CICIDS2017,2026,NaiveBayes,0,5,0,,
CICIDS2017,2026,NaiveBayes,0,6,0,,
CICIDS2017,2026,NaiveBayes,0,7,0,,
CICIDS2017,2026,NaiveBayes,0,8,0,,
CICIDS2017,2026,NaiveBayes,0,9,0,,
CICIDS2017,2026,NaiveBayes,1,0,0,,
CICIDS2017,2026,NaiveBayes,1,1,0,,
CICIDS2017,2026,NaiveBayes,1,2,0,,
CICIDS2017,2026,NaiveBayes,1,3,0,,
CICIDS2017,2026,NaiveBayes,1,4,0,,
CICIDS2017,2026,NaiveBayes,1,5,1553,0.5095213886586801,0.2652929813264649
CICIDS2017,2026,NaiveBayes,1,6,19,0.6403817545084219,0.8947368421052632
CICIDS2017,2026,NaiveBayes,1,7,58,0.7456130604400696,0.7413793103448276
CICIDS2017,2026,NaiveBayes,1,8,6961,0.8774192169159392,0.8834937508978595
CICIDS2017,2026,NaiveBayes,1,9,3409,0.9676308951309611,0.9832795541214432
CICIDS2017,2026,NaiveBayes,2,0,12000,0.0459340377265407,0.03958333333333333
CICIDS2017,2026,NaiveBayes,2,1,0,,
CICIDS2017,2026,NaiveBayes,2,2,0,,
CICIDS2017,2026,NaiveBayes,2,3,0,,
CICIDS2017,2026,NaiveBayes,2,4,0,,
CICIDS2017,2026,NaiveBayes,2,5,0,,
CICIDS2017,2026,NaiveBayes,2,6,0,,
CICIDS2017,2026,NaiveBayes,2,7,0,,
CICIDS2017,2026,NaiveBayes,2,8,0,,
CICIDS2017,2026,NaiveBayes,2,9,0,,
